UNIQUD,NAME,Fold change (Stage1 DAM to Stage2 DAM),Z-value (Mann Whitney), -log10(p-value) Mann Whitney
0610005C13Rik,0610005C13Rik,0,,
0610007C21Rik,0610007C21Rik,-0.0998,-5.6875,7.8897
0610007L01Rik,0610007L01Rik,-0.0313,-3.2483,2.9352
0610007P08Rik,0610007P08Rik,0.0009,-1.3672,0.7655
0610007P14Rik,0610007P14Rik,-0.0353,-2.6116,2.0452
0610007P22Rik,0610007P22Rik,0.03,-0.7735,0.3573
0610008F07Rik,0610008F07Rik,0,,
0610009B14Rik,0610009B14Rik,0,,
0610009B22Rik,0610009B22Rik,-0.009,-2.5046,1.9115
0610009D07Rik,0610009D07Rik,0.0046,-3.3256,3.0545
0610009E02Rik,0610009E02Rik,-0.0026,-1.431,0.8169
0610009L18Rik,0610009L18Rik,0.0017,0.6927,0.3111
0610009O20Rik,0610009O20Rik,0.0201,-1.4311,0.817
0610010F05Rik,0610010F05Rik,0.0196,-0.2746,0.1059
0610010K14Rik,0610010K14Rik,0.1101,-0.5092,0.2142
0610010O12Rik,0610010O12Rik,-0.0222,-1.431,0.8169
0610011F06Rik,0610011F06Rik,-0.0177,-1.0557,0.5359
0610011L14Rik,0610011L14Rik,0.0157,-0.6511,0.2882
0610012D04Rik,0610012D04Rik,0,,
0610012G03Rik,0610012G03Rik,-0.1908,-4.3887,4.9429
0610012H03Rik,0610012H03Rik,0,,
0610025J13Rik,0610025J13Rik,0,,
0610030E20Rik,0610030E20Rik,0.0115,-1.1603,0.6092
0610031J06Rik,0610031J06Rik,-0.2358,-7.9279,14.6519
0610037L13Rik,0610037L13Rik,0.0171,-1.883,1.224
0610037P05Rik,0610037P05Rik,-0.031,-3.7875,3.8176
0610038L08Rik,0610038L08Rik,0,,
0610038P03Rik,0610038P03Rik,0,,
0610039K10Rik,0610039K10Rik,0,,
0610040B09Rik,0610040B09Rik,0,,
0610040B10Rik,0610040B10Rik,0,,
0610040F04Rik,0610040F04Rik,0,,
0610040J01Rik,0610040J01Rik,-0.0876,-3.52,3.3649
0610043K17Rik,0610043K17Rik,0.0083,0.6927,0.3111
0910001L09Rik,0910001L09Rik,-0.1314,-5.5864,7.6349
1010001B22Rik,1010001B22Rik,0,,
1010001N08Rik,1010001N08Rik,0,,
1100001G20Rik,1100001G20Rik,0,,
1110001A16Rik,1110001A16Rik,0.1022,-1.8106,1.1536
1110001J03Rik,1110001J03Rik,-0.0138,-3.1054,2.7211
1110002B05Rik,1110002B05Rik,0.0848,-1.762,1.1075
1110002E22Rik,1110002E22Rik,0,,
1110002J07Rik,1110002J07Rik,0,,
1110002L01Rik,1110002L01Rik,0,,
1110002N22Rik,1110002N22Rik,-0.0092,-1.0454,0.5289
1110003E01Rik,1110003E01Rik,-0.0629,-4.3522,4.8704
1110003O08Rik,1110003O08Rik,0.0007,-0.0216,0.0075
1110004E09Rik,1110004E09Rik,0.0339,-0.8916,0.4288
1110004F10Rik,1110004F10Rik,0.0147,-2.887,2.4101
1110005A03Rik,1110005A03Rik,0.0344,-0.8164,0.3827
1110006G14Rik,1110006G14Rik,0,,
1110007C09Rik,1110007C09Rik,-0.0008,-0.8262,0.3886
1110008E08Rik,1110008E08Rik,0,,
1110008F13Rik,1110008F13Rik,-0.0701,-4.3604,4.8867
1110008J03Rik,1110008J03Rik,-0.0049,-1.2979,0.7115
1110008L16Rik,1110008L16Rik,-0.012,-2.0286,1.3716
1110008P14Rik,1110008P14Rik,-0.0202,-2.5755,1.9996
1110012D08Rik,1110012D08Rik,0.0134,-0.8941,0.4303
1110012J17Rik,1110012J17Rik,-0.0017,-1.431,0.8169
1110012L19Rik,1110012L19Rik,-0.0133,-1.7696,1.1147
1110014N23Rik,1110014N23Rik,-0.0308,-2.1054,1.4527
1110017D15Rik,1110017D15Rik,0,,
1110017F19Rik,1110017F19Rik,0,,
1110018G07Rik,1110018G07Rik,0.0026,-2.7009,2.1602
1110018J18Rik,1110018J18Rik,-0.0155,-3.152,2.7901
1110018N20Rik,1110018N20Rik,0,,
1110019D14Rik,1110019D14Rik,0.0075,-0.0289,0.0101
1110020A21Rik,1110020A21Rik,-0.0009,-1.431,0.8169
1110020G09Rik,1110020G09Rik,0.0044,-0.7301,0.3322
1110021J02Rik,1110021J02Rik,0,-0.6523,0.2889
1110021L09Rik,1110021L09Rik,-0.0223,-2.825,2.3253
1110025L11Rik,1110025L11Rik,0,,
1110028C15Rik,1110028C15Rik,-0.0254,-2.2161,1.5738
1110028F11Rik,1110028F11Rik,0,,
1110031I02Rik,1110031I02Rik,-0.065,-5.2911,6.9151
1110032A03Rik,1110032A03Rik,-0.0342,-2.2062,1.5627
1110032A04Rik,1110032A04Rik,0,,
1110032F04Rik,1110032F04Rik,-0.0145,-1.431,0.8169
1110034A24Rik,1110034A24Rik,0.0131,-0.0221,0.0077
1110034B05Rik,1110034B05Rik,-0.0223,-1.8012,1.1447
1110034G24Rik,1110034G24Rik,-0.0278,-3.3787,3.1377
1110035H17Rik,1110035H17Rik,-0.0001,-0.5167,0.218
1110035M17Rik,1110035M17Rik,-0.0047,-1.5382,0.9065
1110036E04Rik,1110036E04Rik,0,,
1110037F02Rik,1110037F02Rik,-0.0069,-0.4927,0.2061
1110038B12Rik,1110038B12Rik,0.0309,-1.6187,0.9767
1110038D17Rik,1110038D17Rik,-0.046,-3.5095,3.3478
1110038F14Rik,1110038F14Rik,0.0135,-1.9456,1.2865
1110046J04Rik,1110046J04Rik,0,,
1110049F12Rik,1110049F12Rik,0.0169,-1.234,0.6631
1110050K14Rik,1110050K14Rik,0,,
1110051M20Rik,1110051M20Rik,0.0333,1.2329,0.6623
1110054M08Rik,1110054M08Rik,-0.0003,-0.0216,0.0075
1110054O05Rik,1110054O05Rik,-0.0301,-3.1036,2.7186
1110057K04Rik,1110057K04Rik,-0.0078,-2.1493,1.5002
1110057P08Rik,1110057P08Rik,0,,
1110058L19Rik,1110058L19Rik,0.0368,-1.6952,1.0456
1110059E24Rik,1110059E24Rik,-0.011,-1.4617,0.8422
1110059G10Rik,1110059G10Rik,0.0148,-1.8073,1.1504
1110059M19Rik,1110059M19Rik,0,,
1110065P20Rik,1110065P20Rik,0.0008,-0.8561,0.4068
1110067D22Rik,1110067D22Rik,-0.0138,-1.7815,1.126
1190002H23Rik,1190002H23Rik,-0.0005,-1.2501,0.6751
1190002N15Rik,1190002N15Rik,-0.0546,-4.301,4.7695
1190003J15Rik,1190003J15Rik,0,,
1190005F20Rik,1190005F20Rik,-0.0285,-1.7165,1.0651
1190005I06Rik,1190005I06Rik,0,,
1190007F08Rik,1190007F08Rik,0.0001,-1.7934,1.1372
1190007I07Rik,1190007I07Rik,-0.0142,-1.8953,1.2362
1200007C13Rik,1200007C13Rik,0,,
1200009I06Rik,1200009I06Rik,0,,
1200011I18Rik,1200011I18Rik,-0.0205,-2.3925,1.7763
1200011M11Rik,1200011M11Rik,0.0241,-1.0262,0.516
1200014J11Rik,1200014J11Rik,0.0054,-1.5165,0.8881
1200016B10Rik,1200016B10Rik,-0.0213,-2.6578,2.1043
1300001I01Rik,1300001I01Rik,-0.0038,-2.5556,1.9747
1300002E11Rik,1300002E11Rik,-0.0243,-3.3221,3.0489
1300002K09Rik,1300002K09Rik,-0.006,-2.0286,1.3716
1300010F03Rik,1300010F03Rik,0.0045,-1.1604,0.6093
1300014I06Rik,1300014I06Rik,-0.0678,-4.0581,4.3057
1300015D01Rik,1300015D01Rik,0,,
1300017J02Rik,1300017J02Rik,0,,
1300018I17Rik,1300018I17Rik,-0.029,-1.4146,0.8036
1300018J18Rik,1300018J18Rik,-0.0174,-2.0235,1.3663
1500001M20Rik,1500001M20Rik,-0.014,-2.1737,1.5269
1500002C15Rik,1500002C15Rik,0,,
1500002F19Rik,1500002F19Rik,0,,
1500002O10Rik,1500002O10Rik,0,,
1500002O20Rik,1500002O20Rik,0.0082,-2.2185,1.5764
1500003O03Rik,1500003O03Rik,0.0101,-1.6753,1.0274
1500009C09Rik,1500009C09Rik,0.0211,0.6927,0.3111
1500009L16Rik,1500009L16Rik,0,,
1500010J02Rik,1500010J02Rik,0.0962,-0.7499,0.3436
1500011H22Rik,1500011H22Rik,0.0012,-0.5167,0.218
1500011K16Rik,1500011K16Rik,-0.0095,-3.4753,3.2923
1500012F01Rik,1500012F01Rik,-0.0952,-5.3402,7.0322
1500012K07Rik,1500012K07Rik,0,,
1500015O10Rik,1500015O10Rik,0,,
1500016L03Rik,1500016L03Rik,0,,
1500017E21Rik,1500017E21Rik,-0.0111,-2.0286,1.3716
1500026H17Rik,1500026H17Rik,-0.0053,-1.2501,0.6751
1500031L02Rik,1500031L02Rik,0.0128,-0.7301,0.3323
1500032L24Rik,1500032L24Rik,-0.0071,-3.329,3.0598
1500035N22Rik,1500035N22Rik,0,,
1520401A03Rik,1520401A03Rik,0,,
1520402A15Rik,1520402A15Rik,0,,
1600002D24Rik,1600002D24Rik,0,,
1600002H07Rik,1600002H07Rik,-0.0039,-1.8116,1.1546
1600002K03Rik,1600002K03Rik,-0.0097,-3.0855,2.692
1600010F14Rik,1600010F14Rik,0,,
1600012F09Rik,1600012F09Rik,-0.0126,-1.3829,0.7781
1600012H06Rik,1600012H06Rik,-0.0892,-3.4581,3.2643
1600012P17Rik,1600012P17Rik,0,,
1600014C10Rik,1600014C10Rik,-0.0748,-3.461,3.269
1600014K23Rik,1600014K23Rik,0,,
1600015I10Rik,1600015I10Rik,0,,
1600016N20Rik,1600016N20Rik,0,,
1600020E01Rik,1600020E01Rik,-0.0105,-0.5787,0.2497
1600021P15Rik,1600021P15Rik,-0.0331,-3.5307,3.3826
1600025M17Rik,1600025M17Rik,0,,
1600027N09Rik,1600027N09Rik,0.0008,-2.5194,1.9297
1600029D21Rik,1600029D21Rik,0,,
1600029I14Rik,1600029I14Rik,0,,
1600029O15Rik,1600029O15Rik,0.0186,-1.2896,0.7051
1700001C02Rik,1700001C02Rik,0,,
1700001C19Rik,1700001C19Rik,-0.0026,-1.431,0.8169
1700001F09Rik,1700001F09Rik,0,,
1700001G01Rik,1700001G01Rik,0,,
1700001G11Rik,1700001G11Rik,0,,
1700001G17Rik,1700001G17Rik,0,,
1700001J04Rik,1700001J04Rik,0,,
1700001J11Rik,1700001J11Rik,0,,
1700001K19Rik,1700001K19Rik,0,,
1700001L05Rik,1700001L05Rik,0.0008,0.6927,0.3111
1700001L19Rik,1700001L19Rik,0,,
1700001O22Rik,1700001O22Rik,0,,
1700001P01Rik,1700001P01Rik,0,,
1700003D09Rik,1700003D09Rik,0,,
1700003E16Rik,1700003E16Rik,0,,
1700003E24Rik,1700003E24Rik,0,,
1700003F12Rik,1700003F12Rik,0.0105,-2.092,1.4384
1700003F17Rik,1700003F17Rik,0,,
1700003G13Rik,1700003G13Rik,0,,
1700003G18Rik,1700003G18Rik,0,,
1700003H04Rik,1700003H04Rik,0,,
1700003M02Rik,1700003M02Rik,0,,
1700003M07Rik,1700003M07Rik,0,,
1700006A11Rik,1700006A11Rik,0,,
1700006D18Rik,1700006D18Rik,0,,
1700006E09Rik,1700006E09Rik,0,,
1700006J14Rik,1700006J14Rik,0,,
1700006P19Rik,1700006P19Rik,0,,
1700007B14Rik,1700007B14Rik,0,,
1700007G11Rik,1700007G11Rik,0,,
1700007I08Rik,1700007I08Rik,0,,
1700007J10Rik,1700007J10Rik,0,,
1700007K09Rik,1700007K09Rik,0,,
1700007K13Rik,1700007K13Rik,0,,
1700007L15Rik,1700007L15Rik,0.0197,0.3286,0.1293
1700007M16Rik,1700007M16Rik,0,,
1700007P06Rik,1700007P06Rik,0,,
1700008A04Rik,1700008A04Rik,0,,
1700008F21Rik,1700008F21Rik,0,,
1700008I05Rik,1700008I05Rik,0,,
1700008O03Rik,1700008O03Rik,0,,
1700008P02Rik,1700008P02Rik,0,,
1700008P20Rik,1700008P20Rik,0,,
1700009N14Rik,1700009N14Rik,0,,
1700009P17Rik,1700009P17Rik,0.0022,-0.7321,0.3334
1700010B08Rik,1700010B08Rik,0,,
1700010D01Rik,1700010D01Rik,0,,
1700010H22Rik,1700010H22Rik,0,,
1700010I14Rik,1700010I14Rik,-0.0086,-2.0286,1.3716
1700010K10Rik,1700010K10Rik,0,,
1700010K24Rik,1700010K24Rik,0,,
1700010L04Rik,1700010L04Rik,0,,
1700010M22Rik,1700010M22Rik,0,,
1700011A15Rik,1700011A15Rik,0,,
1700011E24Rik,1700011E24Rik,0,,
1700011F03Rik,1700011F03Rik,0,,
1700011F14Rik,1700011F14Rik,0,,
1700011H14Rik,1700011H14Rik,0,,
1700011I03Rik,1700011I03Rik,0,,
1700011J10Rik,1700011J10Rik,-0.016,-2.8284,2.3299
1700011L22Rik,1700011L22Rik,0,,
1700011M02Rik,1700011M02Rik,0,,
1700012A03Rik,1700012A03Rik,0,,
1700012A16Rik,1700012A16Rik,0,,
1700012B07Rik,1700012B07Rik,0,,
1700012B09Rik,1700012B09Rik,0,,
1700012B15Rik,1700012B15Rik,-0.0093,-2.5186,1.9288
1700012C08Rik,1700012C08Rik,0,,
1700012C14Rik,1700012C14Rik,0,,
1700012L04Rik,1700012L04Rik,0,,
1700012P22Rik,1700012P22Rik,0,,
1700013D24Rik,1700013D24Rik,0,,
1700013F07Rik,1700013F07Rik,0,,
1700013G23Rik,1700013G23Rik,0,,
1700013G24Rik,1700013G24Rik,0,,
1700013H16Rik,1700013H16Rik,0,,
1700013N06Rik,1700013N06Rik,0,,
1700013N18Rik,1700013N18Rik,0,,
1700014D04Rik,1700014D04Rik,0,,
1700014N06Rik,1700014N06Rik,0,,
1700015E13Rik,1700015E13Rik,0,,
1700015F17Rik,1700015F17Rik,0,,
1700015O11Rik,1700015O11Rik,0,,
1700016C15Rik,1700016C15Rik,0,,
1700016D06Rik,1700016D06Rik,0,,
1700016G14Rik,1700016G14Rik,0,,
1700016H13Rik,1700016H13Rik,0,,
1700016K19Rik,1700016K19Rik,0,,
1700016M24Rik,1700016M24Rik,0,,
1700016P03Rik,1700016P03Rik,0,,
1700017B05Rik,1700017B05Rik,-0.0163,-2.235,1.5949
1700017D01Rik,1700017D01Rik,0,,
1700017G19Rik,1700017G19Rik,0,,
1700017J07Rik,1700017J07Rik,0,,
1700017N19Rik,1700017N19Rik,0,,
1700018A04Rik,1700018A04Rik,0,,
1700018A14Rik,1700018A14Rik,0,,
1700018B08Rik,1700018B08Rik,0,,
1700018B24Rik,1700018B24Rik,0,,
1700018C11Rik,1700018C11Rik,0,,
1700018F24Rik,1700018F24Rik,0,,
1700018L24Rik,1700018L24Rik,0,,
1700018M17Rik,1700018M17Rik,-0.0034,-1.431,0.8169
1700019A02Rik,1700019A02Rik,0,,
1700019B03Rik,1700019B03Rik,0,,
1700019B21Rik,1700019B21Rik,0,,
1700019D03Rik,1700019D03Rik,0.005,-0.5167,0.218
1700019E08Rik,1700019E08Rik,0,,
1700019E19Rik,1700019E19Rik,-0.0017,-1.431,0.8169
1700019G06Rik,1700019G06Rik,0,,
1700019G17Rik,1700019G17Rik,0,,
1700019G24Rik,1700019G24Rik,0,,
1700019L03Rik,1700019L03Rik,0,,
1700019M22Rik,1700019M22Rik,0,,
1700019N12Rik,1700019N12Rik,0,,
1700019N19Rik,1700019N19Rik,0,,
1700019O17Rik,1700019O17Rik,0,,
1700020A23Rik,1700020A23Rik,0,,
1700020C07Rik,1700020C07Rik,0,,
1700020I14Rik,1700020I14Rik,0.0801,-1.3619,0.7614
1700020L24Rik,1700020L24Rik,0,,
1700020N01Rik,1700020N01Rik,0,,
1700020N15Rik,1700020N15Rik,0,,
1700020O03Rik,1700020O03Rik,-0.0128,-2.8765,2.3957
1700021A07Rik,1700021A07Rik,0,,
1700021C14Rik,1700021C14Rik,-0.0011,-1.2942,0.7086
1700021F05Rik,1700021F05Rik,0.03,-0.6595,0.2928
1700021F07Rik,1700021F07Rik,0,,
1700021J08Rik,1700021J08Rik,0,,
1700021K19Rik,1700021K19Rik,0.0038,-1.2415,0.6688
1700021L23Rik,1700021L23Rik,0,,
1700021N21Rik,1700021N21Rik,0.0017,0.6927,0.3111
1700021O21Rik,1700021O21Rik,0,,
1700022A21Rik,1700022A21Rik,0,,
1700022I11Rik,1700022I11Rik,0,,
1700022K14Rik,1700022K14Rik,0,,
1700022N22Rik,1700022N22Rik,-0.0017,-1.431,0.8169
1700022P22Rik,1700022P22Rik,0,,
1700023A16Rik,1700023A16Rik,0,,
1700023C21Rik,1700023C21Rik,0,,
1700023E05Rik,1700023E05Rik,0,,
1700023F06Rik,1700023F06Rik,0,,
1700023H06Rik,1700023H06Rik,-0.0017,-1.431,0.8169
1700023I07Rik,1700023I07Rik,0,,
1700023L04Rik,1700023L04Rik,0,,
1700024B05Rik,1700024B05Rik,0,,
1700024G13Rik,1700024G13Rik,0,,
1700024J04Rik,1700024J04Rik,0,,
1700024N20Rik,1700024N20Rik,-0.0017,-1.431,0.8169
1700024P03Rik,1700024P03Rik,0,,
1700024P04Rik,1700024P04Rik,0,,
1700024P16Rik,1700024P16Rik,0,,
1700025C18Rik,1700025C18Rik,0,,
1700025D23Rik,1700025D23Rik,0,,
1700025E21Rik,1700025E21Rik,0,,
1700025F22Rik,1700025F22Rik,0,,
1700025G04Rik,1700025G04Rik,0.0063,-0.895,0.4309
1700025K23Rik,1700025K23Rik,-0.012,-2.4881,1.8914
1700025N21Rik,1700025N21Rik,0,,
1700025O08Rik,1700025O08Rik,0,,
1700026D08Rik,1700026D08Rik,-0.0162,-1.431,0.8169
1700026D11Rik,1700026D11Rik,0,,
1700026J04Rik,1700026J04Rik,0,,
1700026J12Rik,1700026J12Rik,0,,
1700026J14Rik,1700026J14Rik,0,,
1700026L06Rik,1700026L06Rik,0,,
1700027A07Rik,1700027A07Rik,0,,
1700027A23Rik,1700027A23Rik,0,,
1700027D21Rik,1700027D21Rik,0,,
1700027L20Rik,1700027L20Rik,0,,
1700028E10Rik,1700028E10Rik,0,,
1700028I16Rik,1700028I16Rik,0,,
1700028J19Rik,1700028J19Rik,0.0058,0.6927,0.3111
1700028K03Rik,1700028K03Rik,0,,
1700028N14Rik,1700028N14Rik,0,,
1700028P14Rik,1700028P14Rik,0,,
1700028P15Rik,1700028P15Rik,0,,
1700029F09Rik,1700029F09Rik,-0.0226,-2.6595,2.1065
1700029F12Rik,1700029F12Rik,0,,
1700029G01Rik,1700029G01Rik,0,,
1700029H14Rik,1700029H14Rik,0,,
1700029I01Rik,1700029I01Rik,-0.0069,-1.8054,1.1486
1700029I15Rik,1700029I15Rik,0,,
1700029J07Rik,1700029J07Rik,0,,
1700029J11Rik,1700029J11Rik,0.0004,0.6927,0.3111
1700029M20Rik,1700029M20Rik,0,,
1700029P11Rik,1700029P11Rik,0,,
1700030A11Rik,1700030A11Rik,0,,
1700030C10Rik,1700030C10Rik,0,,
1700030C12Rik,1700030C12Rik,0,,
1700030C14Rik,1700030C14Rik,0,,
1700030F18Rik,1700030F18Rik,0,,
1700030G06Rik,1700030G06Rik,0,,
1700030J22Rik,1700030J22Rik,0,,
1700030K09Rik,1700030K09Rik,0.0354,0.1676,0.062
1700031A10Rik,1700031A10Rik,0,,
1700031F05Rik,1700031F05Rik,0,,
1700031F10Rik,1700031F10Rik,0,,
1700034E13Rik,1700034E13Rik,0,,
1700034F02Rik,1700034F02Rik,0,,
1700034H14Rik,1700034H14Rik,-0.0106,-0.233,0.0884
1700034H15Rik,1700034H15Rik,0,,
1700034I23Rik,1700034I23Rik,0,,
1700034J04Rik,1700034J04Rik,0,,
1700034J05Rik,1700034J05Rik,0,,
1700034O15Rik,1700034O15Rik,0,,
1700034P13Rik,1700034P13Rik,0,,
1700036A12Rik,1700036A12Rik,0,,
1700036O09Rik,1700036O09Rik,0,,
1700037C06Rik,1700037C06Rik,0,,
1700037C18Rik,1700037C18Rik,0.0191,1.3906,0.7843
1700037F24Rik,1700037F24Rik,0,,
1700037H04Rik,1700037H04Rik,0.0267,-1.1432,0.597
1700039E15Rik,1700039E15Rik,0,,
1700039E22Rik,1700039E22Rik,0,,
1700039M10Rik,1700039M10Rik,0,,
1700040D17Rik,1700040D17Rik,0,,
1700040I03Rik,1700040I03Rik,-0.0226,-3.0008,2.5698
1700040L02Rik,1700040L02Rik,0,,
1700040N02Rik,1700040N02Rik,0,,
1700041G16Rik,1700041G16Rik,-0.0069,-1.431,0.8169
1700041M05Rik,1700041M05Rik,0,,
1700042B14Rik,1700042B14Rik,0,,
1700042G07Rik,1700042G07Rik,0,,
1700042G15Rik,1700042G15Rik,0,,
1700042O10Rik,1700042O10Rik,0,,
1700045H11Rik,1700045H11Rik,0,,
1700045I11Rik,1700045I11Rik,0,,
1700045I19Rik,1700045I19Rik,0,,
1700046C09Rik,1700046C09Rik,0,,
1700047A11Rik,1700047A11Rik,0,,
1700047F07Rik,1700047F07Rik,0,,
1700047G07Rik,1700047G07Rik,0,,
1700047I17Rik2,1700047I17Rik2,0.0103,-0.0168,0.0059
1700047K16Rik,1700047K16Rik,0,,
1700048O20Rik,1700048O20Rik,0,,
1700049E15Rik,1700049E15Rik,0,,
1700049E17Rik1,1700049E17Rik1,0,,
1700049E17Rik2,1700049E17Rik2,0,,
1700049G17Rik,1700049G17Rik,0.0033,0.9835,0.4876
1700049J03Rik,1700049J03Rik,0,,
1700049L16Rik,1700049L16Rik,0,,
1700051A21Rik,1700051A21Rik,0,,
1700052N19Rik,1700052N19Rik,-0.0063,-1.0424,0.5269
1700054M17Rik,1700054M17Rik,0,,
1700054N08Rik,1700054N08Rik,0,,
1700054O13Rik,1700054O13Rik,0,,
1700054O19Rik,1700054O19Rik,0,,
1700055D18Rik,1700055D18Rik,0,,
1700055N04Rik,1700055N04Rik,0,,
1700056E22Rik,1700056E22Rik,0,,
1700056N10Rik,1700056N10Rik,0,,
1700057G04Rik,1700057G04Rik,0,,
1700057H15Rik,1700057H15Rik,0,,
1700057H21Rik,1700057H21Rik,0,,
1700057K13Rik,1700057K13Rik,0,,
1700058G18Rik,1700058G18Rik,0,,
1700058P15Rik,1700058P15Rik,0,,
1700060C16Rik,1700060C16Rik,0,,
1700060C20Rik,1700060C20Rik,0,,
1700060J05Rik,1700060J05Rik,0,,
1700061E18Rik,1700061E18Rik,0,,
1700061F12Rik,1700061F12Rik,0,,
1700061G19Rik,1700061G19Rik,0,,
1700061H18Rik,1700061H18Rik,0,,
1700061I17Rik,1700061I17Rik,0,,
1700061J05Rik,1700061J05Rik,0,,
1700061J23Rik,1700061J23Rik,0,,
1700062I23Rik,1700062I23Rik,0,,
1700063H04Rik,1700063H04Rik,0,,
1700064E03Rik,1700064E03Rik,0,,
1700064H15Rik,1700064H15Rik,0,,
1700065D16Rik,1700065D16Rik,0,,
1700065I17Rik,1700065I17Rik,0,,
1700066B19Rik,1700066B19Rik,0,,
1700066J03Rik,1700066J03Rik,0,,
1700066J24Rik,1700066J24Rik,0,,
1700066M21Rik,1700066M21Rik,0.0292,-1.2942,0.7086
1700066O22Rik,1700066O22Rik,0,,
1700067G03Rik,1700067G03Rik,0,,
1700067K01Rik,1700067K01Rik,0.0112,0.6927,0.3111
1700067P10Rik,1700067P10Rik,0,,
1700069B07Rik,1700069B07Rik,0,,
1700069L16Rik,1700069L16Rik,0,,
1700071G01Rik,1700071G01Rik,0,,
1700071K01Rik,1700071K01Rik,0,,
1700071M16Rik,1700071M16Rik,0,,
1700072E05Rik,1700072E05Rik,0,,
1700073E17Rik,1700073E17Rik,0,,
1700074P13Rik,1700074P13Rik,0,,
1700080E11Rik,1700080E11Rik,0,,
1700080G11Rik,1700080G11Rik,0,,
1700080N15Rik,1700080N15Rik,0,,
1700080O16Rik,1700080O16Rik,0,,
1700081H22Rik,1700081H22Rik,0,,
1700081L11Rik,1700081L11Rik,-0.0256,-3.2308,2.9085
1700082M22Rik,1700082M22Rik,0,,
1700084C01Rik,1700084C01Rik,0,,
1700084C06Rik,1700084C06Rik,0,,
1700084E18Rik,1700084E18Rik,0,,
1700084J12Rik,1700084J12Rik,0,,
1700084M14Rik,1700084M14Rik,0,,
1700085B03Rik,1700085B03Rik,0,,
1700086D15Rik,1700086D15Rik,0,,
1700086L19Rik,1700086L19Rik,0,,
1700086O06Rik,1700086O06Rik,-0.0026,-1.431,0.8169
1700086P04Rik,1700086P04Rik,0,,
1700087M22Rik,1700087M22Rik,0,,
1700088E04Rik,1700088E04Rik,0,,
1700090G07Rik,1700090G07Rik,0,,
1700091E21Rik,1700091E21Rik,0,,
1700091H14Rik,1700091H14Rik,0,,
1700092C02Rik,1700092C02Rik,0,,
1700092C10Rik,1700092C10Rik,0,,
1700092C17Rik,1700092C17Rik,0,,
1700092E19Rik,1700092E19Rik,0,,
1700092K14Rik,1700092K14Rik,0,,
1700092M07Rik,1700092M07Rik,0,,
1700093J21Rik,1700093J21Rik,0,,
1700093K21Rik,1700093K21Rik,0,,
1700094C10Rik,1700094C10Rik,0,,
1700094D03Rik,1700094D03Rik,-0.003,-1.1697,0.616
1700095A21Rik,1700095A21Rik,0,,
1700095B22Rik,1700095B22Rik,0,,
1700095J03Rik,1700095J03Rik,0,,
1700095J07Rik,1700095J07Rik,0,,
1700095J12Rik,1700095J12Rik,0,,
1700099I09Rik,1700099I09Rik,0,,
1700101E01Rik,1700101E01Rik,0,,
1700101G07Rik,1700101G07Rik,0.0037,0.6927,0.3111
1700101I11Rik,1700101I11Rik,0,,
1700101I19Rik,1700101I19Rik,0,,
1700102P08Rik,1700102P08Rik,0,,
1700104A03Rik,1700104A03Rik,0,,
1700104B16Rik,1700104B16Rik,0,,
1700106J16Rik,1700106J16Rik,0,,
1700106N22Rik,1700106N22Rik,0,,
1700108M19Rik,1700108M19Rik,0,,
1700108N11Rik,1700108N11Rik,0,,
1700109F18Rik,1700109F18Rik,0,,
1700109G15Rik,1700109G15Rik,0,,
1700109H08Rik,1700109H08Rik,0,-0.5167,0.218
1700109K24Rik,1700109K24Rik,0,,
1700110I01Rik,1700110I01Rik,0,,
1700110K17Rik,1700110K17Rik,0,,
1700110M21Rik,1700110M21Rik,0,,
1700111E14Rik,1700111E14Rik,0,,
1700112D23Rik,1700112D23Rik,0.0129,0.6927,0.3111
1700112E06Rik,1700112E06Rik,-0.0221,-1.8097,1.1528
1700112J05Rik,1700112J05Rik,0,,
1700112J16Rik,1700112J16Rik,0.0075,0.6927,0.3111
1700112K13Rik,1700112K13Rik,0,,
1700112M01Rik,1700112M01Rik,0,,
1700113A16Rik,1700113A16Rik,0.005,0.6927,0.3111
1700113H08Rik,1700113H08Rik,0,,
1700119I11Rik,1700119I11Rik,0,,
1700120B22Rik,1700120B22Rik,0,,
1700120E14Rik,1700120E14Rik,0,,
1700120G11Rik,1700120G11Rik,0,,
1700121C08Rik,1700121C08Rik,0,,
1700121F15Rik,1700121F15Rik,0,,
1700121N20Rik,1700121N20Rik,0,,
1700122E12Rik,1700122E12Rik,0,,
1700123I01Rik,1700123I01Rik,0,,
1700123K08Rik,1700123K08Rik,0,,
1700123L14Rik,1700123L14Rik,0,,
1700123M08Rik,1700123M08Rik,0.0313,0.6927,0.3111
1700123O12Rik,1700123O12Rik,0,,
1700123O20Rik,1700123O20Rik,-0.023,-1.3809,0.7765
1700125D06Rik,1700125D06Rik,0.0062,0.6927,0.3111
1700125G02Rik,1700125G02Rik,0,,
1700125G22Rik,1700125G22Rik,0.0013,0.6927,0.3111
1700125H03Rik,1700125H03Rik,0,,
1700125H20Rik,1700125H20Rik,0,,
1700128E19Rik,1700128E19Rik,0,,
1700128F08Rik,1700128F08Rik,0,,
1700129C05Rik,1700129C05Rik,0,,
1810006K21Rik,1810006K21Rik,0.0441,-2.0356,1.379
1810007I06Rik,1810007I06Rik,0,,
1810008A18Rik,1810008A18Rik,-0.0183,-3.0973,2.7093
1810008B01Rik,1810008B01Rik,0,,
1810009A15Rik,1810009A15Rik,0.043,-2.0312,1.3743
1810009J06Rik,1810009J06Rik,0,,
1810009N23Rik,1810009N23Rik,0,,
1810010H24Rik,1810010H24Rik,0,,
1810010K12Rik,1810010K12Rik,0,,
1810011H11Rik,1810011H11Rik,0.0053,-1.2439,0.6705
1810011O10Rik,1810011O10Rik,-0.022,-3.1089,2.7263
1810012K08Rik,1810012K08Rik,0,,
1810012P15Rik,1810012P15Rik,0.0066,0.3328,0.1312
1810013D10Rik,1810013D10Rik,-0.0741,-4.0919,4.3687
1810013D15Rik,1810013D15Rik,0,,
1810013L24Rik,1810013L24Rik,-0.0206,-2.2464,1.6077
1810014B01Rik,1810014B01Rik,0,,
1810014F10Rik,1810014F10Rik,0.0132,-0.7301,0.3322
1810019D21Rik,1810019D21Rik,0,,
1810019J16Rik,1810019J16Rik,0,,
1810019N24Rik,1810019N24Rik,0,,
1810020D17Rik,1810020D17Rik,0.0308,0.1711,0.0634
1810020O05Rik,1810020O05Rik,0,,
1810021B22Rik,1810021B22Rik,-0.0167,-1.3147,0.7244
1810022K09Rik,1810022K09Rik,0.0017,-1.834,1.1762
1810024B03Rik,1810024B03Rik,0.0063,-1.8012,1.1447
1810026J23Rik,1810026J23Rik,-0.0208,-1.7954,1.1391
1810027O10Rik,1810027O10Rik,0.0655,-3.8009,3.8411
1810029B16Rik,1810029B16Rik,-0.0018,-0.0264,0.0092
1810030J14Rik,1810030J14Rik,0,,
1810030N24Rik,1810030N24Rik,0.0346,-0.5711,0.2457
1810030O07Rik,1810030O07Rik,0.0344,-1.0543,0.535
1810031K17Rik,1810031K17Rik,-0.0343,-4.2438,4.658
1810032O08Rik,1810032O08Rik,0.0012,-1.0424,0.5269
1810033B17Rik,1810033B17Rik,-0.0026,-1.431,0.8169
1810034E14Rik,1810034E14Rik,0.0008,0.6927,0.3111
1810035I16Rik,1810035I16Rik,0,,
1810035L17Rik,1810035L17Rik,0.0025,-2.9645,2.5183
1810037I17Rik,1810037I17Rik,0.0065,-3.6338,3.5539
1810041L15Rik,1810041L15Rik,-0.0043,-1.431,0.8169
1810043G02Rik,1810043G02Rik,0.0092,-1.994,1.3358
1810043H04Rik,1810043H04Rik,0.0318,-0.6224,0.2727
1810046J19Rik,1810046J19Rik,0.0319,-3.2536,2.9433
1810046K07Rik,1810046K07Rik,0,,
1810048J11Rik,1810048J11Rik,0.0312,0.6108,0.2665
1810049H13Rik,1810049H13Rik,-0.0011,-1.2942,0.7086
1810055G02Rik,1810055G02Rik,0.0079,0.9835,0.4876
1810058I24Rik,1810058I24Rik,-0.068,-4.3387,4.8437
1810058N05Rik,1810058N05Rik,0,,
1810059C17Rik,1810059C17Rik,0,,
1810059H22Rik,1810059H22Rik,0,,
1810062G17Rik,1810062G17Rik,0,,
1810062O18Rik,1810062O18Rik,-0.0196,-1.431,0.8169
1810063B05Rik,1810063B05Rik,-0.0532,-4.6204,5.4167
1810063B07Rik,1810063B07Rik,-0.0851,-4.5195,5.2077
1810063I02Rik,1810063I02Rik,0,,
1810064F22Rik,1810064F22Rik,0,,
1810065E05Rik,1810065E05Rik,0,,
1810074P20Rik,1810074P20Rik,-0.0024,-1.6959,1.0462
2010001A14Rik,2010001A14Rik,0.0062,-0.0168,0.0059
2010001E11Rik,2010001E11Rik,0,,
2010001K21Rik,2010001K21Rik,0,,
2010001M06Rik,2010001M06Rik,-0.0103,-2.4881,1.8914
2010001M09Rik,2010001M09Rik,0.0096,0.6927,0.3111
2010002M12Rik,2010002M12Rik,0,,
2010002N04Rik,2010002N04Rik,-0.0769,-3.9945,4.1883
2010003K11Rik,2010003K11Rik,0,,
2010003O02Rik,2010003O02Rik,-0.0068,-3.3942,3.1622
2010005H15Rik,2010005H15Rik,0,,
2010007H06Rik,2010007H06Rik,0,,
2010007H12Rik,2010007H12Rik,-0.0099,-2.2607,1.6238
2010011I20Rik,2010011I20Rik,-0.001,-1.78,1.1245
2010012O05Rik,2010012O05Rik,-0.0249,-2.4346,1.8265
2010012P19Rik,2010012P19Rik,-0.0026,-1.431,0.8169
2010013B24Rik,2010013B24Rik,0.0112,-0.5167,0.218
2010015L04Rik,2010015L04Rik,0.0022,-1.2942,0.7086
2010015M23Rik,2010015M23Rik,-0.0162,-1.431,0.8169
2010016I18Rik,2010016I18Rik,0,,
2010106E10Rik,2010106E10Rik,0,,
2010106G01Rik,2010106G01Rik,-0.0089,-3.8923,4.0031
2010107E04Rik,2010107E04Rik,0.2685,-2.1413,1.4915
2010107G12Rik,2010107G12Rik,-0.0034,-1.431,0.8169
2010107G23Rik,2010107G23Rik,0,,
2010107H07Rik,2010107H07Rik,0.0134,-1.7596,1.1053
2010109A12Rik,2010109A12Rik,-0.0034,-1.431,0.8169
2010109I03Rik,2010109I03Rik,0,,
2010109K11Rik,2010109K11Rik,-0.011,-0.7678,0.354
2010110K18Rik,2010110K18Rik,0,,
2010110P09Rik,2010110P09Rik,0,,
2010111I01Rik,2010111I01Rik,-0.0025,-2.6476,2.0912
2010204K13Rik,2010204K13Rik,0.0339,0.6089,0.2655
2010300C02Rik,2010300C02Rik,0,,
2010300F17Rik,2010300F17Rik,0,,
2010305A19Rik,2010305A19Rik,0.011,-1.2942,0.7086
2010317E24Rik,2010317E24Rik,0,,
2010320O07Rik,2010320O07Rik,0,,
2010321M09Rik,2010321M09Rik,-0.012,-1.9866,1.3282
2200002D01Rik,2200002D01Rik,0,,
2200002J24Rik,2200002J24Rik,0,,
2200002K05Rik,2200002K05Rik,0,,
2210008F06Rik,2210008F06Rik,0,,
2210009G21Rik,2210009G21Rik,-0.0339,-2.8765,2.3957
2210010C04Rik,2210010C04Rik,0,,
2210010C17Rik,2210010C17Rik,0,,
2210011C24Rik,2210011C24Rik,0,,
2210012G02Rik,2210012G02Rik,-0.0456,-2.9726,2.5297
2210013O21Rik,2210013O21Rik,0.027,-1.0657,0.5428
2210015D19Rik,2210015D19Rik,0.0259,-1.3439,0.7472
2210016F16Rik,2210016F16Rik,-0.0274,-3.4007,3.1725
2210016L21Rik,2210016L21Rik,-0.0059,-2.3175,1.6888
2210018M11Rik,2210018M11Rik,-0.0227,-1.7832,1.1276
2210019I11Rik,2210019I11Rik,0,,
2210020M01Rik,2210020M01Rik,0,,
2210021J22Rik,2210021J22Rik,0.0328,-0.7143,0.3232
2210403K04Rik,2210403K04Rik,0.0006,-1.7679,1.1131
2210404J11Rik,2210404J11Rik,-0.0014,-0.7342,0.3346
2210404O07Rik,2210404O07Rik,0.001,-1.2998,0.7129
2210404O09Rik,2210404O09Rik,0,,
2210406O10Rik,2210406O10Rik,0,,
2210407C18Rik,2210407C18Rik,0,,
2210408F21Rik,2210408F21Rik,-0.0195,-2.5077,1.9153
2210408I21Rik,2210408I21Rik,0,,
2210409E12Rik,2210409E12Rik,0,,
2210411K11Rik,2210411K11Rik,0.0133,1.2069,0.6431
2210411M09Rik,2210411M09Rik,0,,
2210414B05Rik,2210414B05Rik,0,,
2210415F13Rik,2210415F13Rik,0,,
2210416O15Rik,2210416O15Rik,0,,
2210417A02Rik,2210417A02Rik,0,,
2210417K05Rik,2210417K05Rik,0,,
2210418O10Rik,2210418O10Rik,-0.0026,-1.431,0.8169
2300002M23Rik,2300002M23Rik,0,,
2300003K06Rik,2300003K06Rik,0,,
2300005B03Rik,2300005B03Rik,0,,
2300009A05Rik,2300009A05Rik,-0.0112,-1.1628,0.611
2310001A20Rik,2310001A20Rik,-0.0615,-2.5934,2.0221
2310001H17Rik,2310001H17Rik,-0.0034,-1.431,0.8169
2310001H18Rik,2310001H18Rik,0,,
2310001K24Rik,2310001K24Rik,0,,
2310002F09Rik,2310002F09Rik,0,,
2310002J15Rik,2310002J15Rik,0,,
2310002L09Rik,2310002L09Rik,0,,
2310002L13Rik,2310002L13Rik,0,,
2310003C23Rik,2310003C23Rik,-0.0171,-3.3403,3.0773
2310003F16Rik,2310003F16Rik,0.0922,-0.7064,0.3188
2310003H01Rik,2310003H01Rik,0.0019,-2.808,2.3024
2310003L06Rik,2310003L06Rik,0,,
2310003L22Rik,2310003L22Rik,-0.0064,-2.1856,1.5399
2310004I24Rik,2310004I24Rik,0.0134,-1.3719,0.7693
2310004N24Rik,2310004N24Rik,0.0609,-2.693,2.1499
2310005A03Rik,2310005A03Rik,0,,
2310005G13Rik,2310005G13Rik,0,,
2310006M14Rik,2310006M14Rik,0,,
2310007B03Rik,2310007B03Rik,0,,
2310007L24Rik,2310007L24Rik,0,,
2310008H04Rik,2310008H04Rik,-0.0081,-1.8406,1.1825
2310008H09Rik,2310008H09Rik,-0.0387,-3.9988,4.196
2310009B15Rik,2310009B15Rik,0.0412,-0.0098,0.0034
2310010G23Rik,2310010G23Rik,0,,
2310010J17Rik,2310010J17Rik,-0.0194,-2.5167,1.9264
2310010M20Rik,2310010M20Rik,0,,
2310011J03Rik,2310011J03Rik,0.0273,0.5606,0.2403
2310014F06Rik,2310014F06Rik,0,,
2310014H01Rik,2310014H01Rik,0.1963,-0.424,0.1729
2310014L17Rik,2310014L17Rik,0,,
2310015A10Rik,2310015A10Rik,0.0019,-0.7301,0.3322
2310015B20Rik,2310015B20Rik,0,,
2310016C08Rik,2310016C08Rik,-0.0138,-2.5632,1.9841
2310016D23Rik,2310016D23Rik,0,,
2310016G11Rik,2310016G11Rik,0,,
2310016M24Rik,2310016M24Rik,0.0214,-1.7412,1.0881
2310021P13Rik,2310021P13Rik,-0.0052,-2.2825,1.6486
2310022A10Rik,2310022A10Rik,-0.0171,-2.5647,1.986
2310022B05Rik,2310022B05Rik,-0.0768,-5.2297,6.7701
2310026I22Rik,2310026I22Rik,0,,
2310026L22Rik,2310026L22Rik,0,,
2310028H24Rik,2310028H24Rik,-0.0023,-3.3538,3.0985
2310028O11Rik,2310028O11Rik,0.0625,-2.5044,1.9113
2310030G06Rik,2310030G06Rik,0,,
2310030N02Rik,2310030N02Rik,-0.0154,-2.4881,1.8914
2310031A07Rik,2310031A07Rik,0,,
2310033E01Rik,2310033E01Rik,0,,
2310033P09Rik,2310033P09Rik,0.0157,-1.6097,0.9688
2310034C09Rik,2310034C09Rik,0,,
2310035C23Rik,2310035C23Rik,-0.0328,-2.9052,2.4354
2310035K24Rik,2310035K24Rik,-0.0382,-3.3939,3.1617
2310036O22Rik,2310036O22Rik,0.0154,-2.8409,2.347
2310037I24Rik,2310037I24Rik,-0.0369,-2.6595,2.1065
2310039H08Rik,2310039H08Rik,-0.018,-3.1031,2.7179
2310040G07Rik,2310040G07Rik,-0.0026,-1.431,0.8169
2310042D19Rik,2310042D19Rik,0,,
2310042E22Rik,2310042E22Rik,0,,
2310043D23Rik,2310043D23Rik,0,,
2310043J07Rik,2310043J07Rik,0,,
2310043M15Rik,2310043M15Rik,0,,
2310044G17Rik,2310044G17Rik,-0.0179,-2.4881,1.8914
2310044H10Rik,2310044H10Rik,0.0355,-4.2896,4.7472
2310044K18Rik,2310044K18Rik,0,,
2310045N01Rik,2310045N01Rik,-0.0407,-3.5811,3.4658
2310046A06Rik,2310046A06Rik,0,,
2310046K01Rik,2310046K01Rik,0,,
2310046O06Rik,2310046O06Rik,-0.0021,-2.2463,1.6076
2310047B19Rik,2310047B19Rik,-0.006,-1.8095,1.1526
2310047M10Rik,2310047M10Rik,0.0017,-1.6969,1.0472
2310050B05Rik,2310050B05Rik,0,,
2310050C09Rik,2310050C09Rik,0,,
2310057J18Rik,2310057J18Rik,0,,
2310057M21Rik,2310057M21Rik,0.0071,0.3245,0.1275
2310057N15Rik,2310057N15Rik,0,,
2310058D17Rik,2310058D17Rik,0,,
2310061C15Rik,2310061C15Rik,0.0304,-1.0439,0.5279
2310061I04Rik,2310061I04Rik,0.0388,-1.8953,1.2362
2310061N02Rik,2310061N02Rik,0,,
2310065F04Rik,2310065F04Rik,0,,
2310067B10Rik,2310067B10Rik,-0.0014,-0.3482,0.1381
2310069G16Rik,2310069G16Rik,0,,
2310075C17Rik,2310075C17Rik,0,,
2310079F23Rik,2310079F23Rik,-0.0082,-1.7747,1.1195
2310079G19Rik,2310079G19Rik,0,,
2310081O03Rik,2310081O03Rik,0,,
2400001E08Rik,2400001E08Rik,0.0821,-2.6764,2.1283
2400003C14Rik,2400003C14Rik,-0.0447,-3.5298,3.3811
2400009B08Rik,2400009B08Rik,0,,
2410001C21Rik,2410001C21Rik,0.1196,-1.4387,0.8232
2410002F23Rik,2410002F23Rik,0.0074,-1.5281,0.8979
2410002I01Rik,2410002I01Rik,0.0026,-1.2501,0.6751
2410002O22Rik,2410002O22Rik,-0.0624,-3.1703,2.8173
2410003K15Rik,2410003K15Rik,-0.0678,-4.0348,4.2624
2410003L11Rik,2410003L11Rik,0,,
2410004A20Rik,2410004A20Rik,0,,
2410004B18Rik,2410004B18Rik,-0.0134,-3.321,3.0472
2410004I01Rik,2410004I01Rik,0,,
2410004N09Rik,2410004N09Rik,0.0728,-0.664,0.2953
2410004P03Rik,2410004P03Rik,0,,
2410006H16Rik,2410006H16Rik,0.0353,-1.9151,1.2559
2410012M07Rik,2410012M07Rik,0,,
2410015M20Rik,2410015M20Rik,0.0018,-3.1611,2.8037
2410016O06Rik,2410016O06Rik,-0.0213,-2.6579,2.1044
2410017I17Rik,2410017I17Rik,0,,
2410017P09Rik,2410017P09Rik,0.0015,-1.9097,1.2505
2410018L13Rik,2410018L13Rik,-0.0043,-1.431,0.8169
2410018M08Rik,2410018M08Rik,0.0031,-1.7798,1.1244
2410019O14Rik,2410019O14Rik,-0.0009,-1.431,0.8169
2410022L05Rik,2410022L05Rik,0.0039,-1.0321,0.5199
2410024N13Rik,2410024N13Rik,0,,
2410042D21Rik,2410042D21Rik,0.004,-0.7301,0.3322
2410057H14Rik,2410057H14Rik,0,,
2410066E13Rik,2410066E13Rik,-0.0054,-1.2501,0.6751
2410075B13Rik,2410075B13Rik,-0.0005,-0.5167,0.218
2410076I21Rik,2410076I21Rik,0,,
2410080I02Rik,2410080I02Rik,0,,
2410089E03Rik,2410089E03Rik,-0.011,-2.1779,1.5314
2410091C18Rik,2410091C18Rik,-0.0164,-2.0732,1.4184
2410114N07Rik,2410114N07Rik,0,,
2410124H12Rik,2410124H12Rik,0,,
2410127L17Rik,2410127L17Rik,-0.0031,-0.5226,0.2209
2410131K14Rik,2410131K14Rik,-0.0244,-2.8941,2.4199
2410133F24Rik,2410133F24Rik,0,,
2410137F16Rik,2410137F16Rik,0,,
2410137M14Rik,2410137M14Rik,0,,
2410141K09Rik,2410141K09Rik,0,,
2410152P15Rik,2410152P15Rik,0,,
2500002B13Rik,2500002B13Rik,0,,
2500003M10Rik,2500003M10Rik,0.0332,-1.8799,1.2209
2500004C02Rik,2500004C02Rik,0.0091,0.9835,0.4876
2510002D24Rik,2510002D24Rik,-0.0016,-1.8353,1.1774
2510003D18Rik,2510003D18Rik,-0.0009,-1.431,0.8169
2510003E04Rik,2510003E04Rik,0.0687,-0.6762,0.302
2510006D16Rik,2510006D16Rik,-0.0562,-4.9333,6.0923
2510009E07Rik,2510009E07Rik,-0.0259,-2.506,1.9133
2510012J08Rik,2510012J08Rik,-0.023,-3.8176,3.8705
2510039O18Rik,2510039O18Rik,0.0155,-1.8191,1.1618
2510046G10Rik,2510046G10Rik,0.0025,0.6927,0.3111
2510049J12Rik,2510049J12Rik,0,,
2600006K01Rik,2600006K01Rik,-0.0051,-2.0286,1.3716
2610001J05Rik,2610001J05Rik,0.0362,-1.3498,0.7518
2610002D18Rik,2610002D18Rik,0.0091,0.6927,0.3111
2610002I17Rik,2610002I17Rik,0.0089,-0.8967,0.432
2610002J02Rik,2610002J02Rik,0.0654,-1.9318,1.2726
2610002M06Rik,2610002M06Rik,0.0102,0.6089,0.2655
2610005L07Rik,2610005L07Rik,-0.0256,-3.2114,2.8791
2610008E11Rik,2610008E11Rik,-0.0129,-1.311,0.7215
2610015P09Rik,2610015P09Rik,0.0042,0.2365,0.0899
2610017I09Rik,2610017I09Rik,0,,
2610018G03Rik,2610018G03Rik,-0.0133,-2.2625,1.6259
2610019F03Rik,2610019F03Rik,0,,
2610020C07Rik,2610020C07Rik,0,,
2610020F03Rik,2610020F03Rik,0,,
2610020H08Rik,2610020H08Rik,-0.0014,-1.8012,1.1447
2610021A01Rik,2610021A01Rik,-0.023,-2.4881,1.8914
2610021K21Rik,2610021K21Rik,0,,
2610024D14Rik,2610024D14Rik,0,,
2610024G14Rik,2610024G14Rik,0.0004,-1.8965,1.2374
2610027K06Rik,2610027K06Rik,0,,
2610027L16Rik,2610027L16Rik,-0.0287,-2.516,1.9255
2610028E06Rik,2610028E06Rik,0,,
2610028H24Rik,2610028H24Rik,0,,
2610029G23Rik,2610029G23Rik,0.0249,-2.2831,1.6493
2610029I01Rik,2610029I01Rik,-0.0167,-0.3538,0.1406
2610034B18Rik,2610034B18Rik,-0.0009,-1.431,0.8169
2610034M16Rik,2610034M16Rik,0,,
2610035D17Rik,2610035D17Rik,-0.0056,-0.5226,0.2209
2610035F20Rik,2610035F20Rik,0,,
2610036A22Rik,2610036A22Rik,-0.0061,-2.1353,1.485
2610037D02Rik,2610037D02Rik,0,,
2610039C10Rik,2610039C10Rik,0.0285,-0.0153,0.0053
2610042L04Rik,2610042L04Rik,0,,
2610044O15Rik,2610044O15Rik,0,,
2610101N10Rik,2610101N10Rik,-0.0217,-2.2258,1.5845
2610109H07Rik,2610109H07Rik,0,,
2610203C20Rik,2610203C20Rik,0,,
2610203C22Rik,2610203C22Rik,0.0238,-1.3517,0.7533
2610204G07Rik,2610204G07Rik,0,,
2610204G22Rik,2610204G22Rik,0.0017,0.6927,0.3111
2610206C17Rik,2610206C17Rik,0,,
2610301B20Rik,2610301B20Rik,-0.0642,-3.9034,4.023
2610301G19Rik,2610301G19Rik,0,,
2610303G11Rik,2610303G11Rik,0,,
2610305D13Rik,2610305D13Rik,0,,
2610307P16Rik,2610307P16Rik,0,,
2610316D01Rik,2610316D01Rik,0,,
2610318N02Rik,2610318N02Rik,0,,
2610507B11Rik,2610507B11Rik,0.0169,-2.6328,2.0722
2610507I01Rik,2610507I01Rik,-0.0043,-1.7713,1.1163
2610524H06Rik,2610524H06Rik,-0.0133,-2.6561,2.1022
2610528B01Rik,2610528B01Rik,0,,
2610528E23Rik,2610528E23Rik,0.0029,-0.5167,0.218
2610528J11Rik,2610528J11Rik,0,,
2700007P21Rik,2700007P21Rik,0.0136,-1.6157,0.9741
2700012I20Rik,2700012I20Rik,-0.006,-1.431,0.8169
2700016F22Rik,2700016F22Rik,0,,
2700023E23Rik,2700023E23Rik,-0.006,-2.4881,1.8914
2700029M09Rik,2700029M09Rik,-0.0643,-4.7508,5.6933
2700033N17Rik,2700033N17Rik,0,,
2700038G22Rik,2700038G22Rik,-0.0009,-1.431,0.8169
2700046A07Rik,2700046A07Rik,0,,
2700046G09Rik,2700046G09Rik,-0.0171,-1.431,0.8169
2700049A03Rik,2700049A03Rik,0.0143,-0.3371,0.1331
2700050L05Rik,2700050L05Rik,-0.024,-1.8102,1.1532
2700060E02Rik,2700060E02Rik,0.1114,-2.8903,2.4147
2700062C07Rik,2700062C07Rik,0.0259,-0.6511,0.2882
2700068H02Rik,2700068H02Rik,0,,
2700069I18Rik,2700069I18Rik,0,,
2700073G19Rik,2700073G19Rik,-0.0002,-1.2942,0.7086
2700078E11Rik,2700078E11Rik,-0.0463,-2.9077,2.4388
2700081L22Rik,2700081L22Rik,0,,
2700081O15Rik,2700081O15Rik,-0.0069,-2.2625,1.6259
2700086A05Rik,2700086A05Rik,0,,
2700089E24Rik,2700089E24Rik,-0.0156,-2.8146,2.3112
2700094K13Rik,2700094K13Rik,0.0415,-0.7519,0.3448
2700097O09Rik,2700097O09Rik,0.0025,-1.4561,0.8375
2810001G20Rik,2810001G20Rik,0.0071,0.9835,0.4876
2810002D19Rik,2810002D19Rik,-0.0095,-1.2573,0.6806
2810002N01Rik,2810002N01Rik,-0.012,-3.1721,2.8201
2810004N23Rik,2810004N23Rik,0.0429,-2.1565,1.508
2810006K23Rik,2810006K23Rik,0.0187,-1.1432,0.597
2810007J24Rik,2810007J24Rik,0,,
2810008D09Rik,2810008D09Rik,-0.0099,-1.2549,0.6788
2810008M24Rik,2810008M24Rik,0.0196,-2.3681,1.7477
2810011L19Rik,2810011L19Rik,0,,
2810021B07Rik,2810021B07Rik,0.0274,-0.2731,0.1053
2810021J22Rik,2810021J22Rik,0.0244,1.2069,0.6431
2810025M15Rik,2810025M15Rik,0.0096,-2.0774,1.423
2810029C07Rik,2810029C07Rik,-0.006,-1.431,0.8169
2810030E01Rik,2810030E01Rik,0,,
2810032G03Rik,2810032G03Rik,0,,
2810046L04Rik,2810046L04Rik,-0.0245,-2.5222,1.9332
2810055F11Rik,2810055F11Rik,-0.0128,-2.4881,1.8914
2810055G20Rik,2810055G20Rik,0.0039,-0.7342,0.3346
2810403A07Rik,2810403A07Rik,-0.0021,-2.2115,1.5686
2810403D21Rik,2810403D21Rik,-0.0111,-2.0286,1.3716
2810404F17Rik,2810404F17Rik,0,,
2810405K02Rik,2810405K02Rik,0.0207,-1.6729,1.0253
2810407A14Rik,2810407A14Rik,0,,
2810407C02Rik,2810407C02Rik,0.1548,-1.0791,0.552
2810408A11Rik,2810408A11Rik,-0.0034,-1.431,0.8169
2810408I11Rik,2810408I11Rik,0,,
2810408M09Rik,2810408M09Rik,-0.0155,-1.7747,1.1195
2810410L24Rik,2810410L24Rik,0,,
2810417H13Rik,2810417H13Rik,0.021,0.6126,0.2675
2810422J05Rik,2810422J05Rik,0.217,0.069,0.0246
2810422O20Rik,2810422O20Rik,0.007,-0.5167,0.218
2810425M01Rik,2810425M01Rik,0,,
2810428I15Rik,2810428I15Rik,0.0748,0.1294,0.0472
2810429I04Rik,2810429I04Rik,0,,
2810430I11Rik,2810430I11Rik,0,,
2810432D09Rik,2810432D09Rik,-0.048,-3.8468,3.9219
2810432L12Rik,2810432L12Rik,0,,
2810433D01Rik,2810433D01Rik,0,,
2810442I21Rik,2810442I21Rik,0,,
2810442N19Rik,2810442N19Rik,-0.0017,-1.431,0.8169
2810453I06Rik,2810453I06Rik,-0.0125,-3.1464,2.7817
2810455O05Rik,2810455O05Rik,0,,
2810459M11Rik,2810459M11Rik,0,,
2810468N07Rik,2810468N07Rik,-0.0026,-1.431,0.8169
2810471M01Rik,2810471M01Rik,0,,
2810474O19Rik,2810474O19Rik,0.0081,-1.0188,0.511
2810488G03Rik,2810488G03Rik,-0.0026,-1.431,0.8169
2900002K06Rik,2900002K06Rik,0,,
2900005J15Rik,2900005J15Rik,0,,
2900006K08Rik,2900006K08Rik,0,,
2900008C10Rik,2900008C10Rik,0.0104,-1.3735,0.7706
2900010M23Rik,2900010M23Rik,0.07,-3.9017,4.0199
2900011O08Rik,2900011O08Rik,0.0042,0.6927,0.3111
2900026A02Rik,2900026A02Rik,0.0067,-1.6861,1.0373
2900041M22Rik,2900041M22Rik,0,,
2900052L18Rik,2900052L18Rik,0,,
2900053A13Rik,2900053A13Rik,0.1215,-2.383,1.7652
2900053O20Rik,2900053O20Rik,0,,
2900055J20Rik,2900055J20Rik,0,,
2900056M20Rik,2900056M20Rik,0,,
2900060B14Rik,2900060B14Rik,-0.0043,-1.431,0.8169
2900064A13Rik,2900064A13Rik,-0.109,-5.1281,6.5335
2900072N19Rik,2900072N19Rik,0,,
2900073G15Rik,2900073G15Rik,0.1637,-0.3752,0.1503
2900076A07Rik,2900076A07Rik,-0.023,-2.0286,1.3716
2900079G21Rik,2900079G21Rik,0,,
2900089D17Rik,2900089D17Rik,-0.0185,-2.6476,2.0912
2900092C05Rik,2900092C05Rik,0,,
2900092E17Rik,2900092E17Rik,-0.0419,-3.3746,3.1311
2900093L17Rik,2900093L17Rik,0,,
2900097C17Rik,2900097C17Rik,0,,
3000002C10Rik,3000002C10Rik,-0.0069,-2.4881,1.8914
3010001F23Rik,3010001F23Rik,0,,
3010003L10Rik,3010003L10Rik,0,,
3010003L21Rik,3010003L21Rik,0.0021,0.6927,0.3111
3010026O09Rik,3010026O09Rik,0.0269,1.2069,0.6431
3010027C24Rik,3010027C24Rik,0,,
3100002H09Rik,3100002H09Rik,-0.0086,-2.4881,1.8914
3100003L05Rik,3100003L05Rik,0,,
3110001D03Rik,3110001D03Rik,0.0064,-1.2979,0.7115
3110001I22Rik,3110001I22Rik,0.0004,-0.0192,0.0067
3110002H16Rik,3110002H16Rik,-0.0027,-2.5127,1.9216
3110003A17Rik,3110003A17Rik,-0.0341,-3.8819,3.9845
3110004A20Rik,3110004A20Rik,0,,
3110007F17Rik,3110007F17Rik,0,,
3110009E18Rik,3110009E18Rik,-0.0044,-0.5226,0.2209
3110018I06Rik,3110018I06Rik,0,,
3110021A11Rik,3110021A11Rik,-0.0069,-1.431,0.8169
3110035E14Rik,3110035E14Rik,0,,
3110039M20Rik,3110039M20Rik,0,,
3110040N11Rik,3110040N11Rik,0.0015,-1.2501,0.6751
3110043A19Rik,3110043A19Rik,0,,
3110043O21Rik,3110043O21Rik,-0.0134,-2.9397,2.4835
3110045C21Rik,3110045C21Rik,0,,
3110047P20Rik,3110047P20Rik,0,,
3110052M02Rik,3110052M02Rik,0.0029,0.6927,0.3111
3110053B16Rik,3110053B16Rik,0,,
3110056K07Rik,3110056K07Rik,-0.0026,-1.431,0.8169
3110056O03Rik,3110056O03Rik,-0.0369,-3.1552,2.7948
3110057O12Rik,3110057O12Rik,-0.0049,-2.2551,1.6175
3110062M04Rik,3110062M04Rik,-0.0247,-3.2197,2.8916
3110067C02Rik,3110067C02Rik,0,,
3110070M22Rik,3110070M22Rik,-0.0043,-1.431,0.8169
3110079O15Rik,3110079O15Rik,0,,
3110082D06Rik,3110082D06Rik,0,,
3110082I17Rik,3110082I17Rik,-0.0236,-3.3635,3.1137
3110082J24Rik,3110082J24Rik,0,,
3110083C13Rik,3110083C13Rik,0,,
3110099E03Rik,3110099E03Rik,0,,
3200002M19Rik,3200002M19Rik,-0.0148,-2.1851,1.5393
3222401L13Rik,3222401L13Rik,0.0036,-0.0192,0.0067
3230401D17Rik,3230401D17Rik,0.0025,-2.1808,1.5347
3300002A11Rik,3300002A11Rik,0,,
3300002I08Rik,3300002I08Rik,-0.0009,-1.431,0.8169
3425401B19Rik,3425401B19Rik,0,,
3632451O06Rik,3632451O06Rik,0,,
3632454L22Rik,3632454L22Rik,0,,
3830403N18Rik,3830403N18Rik,-0.0319,-2.8465,2.3545
3830406C13Rik,3830406C13Rik,0.031,-0.3872,0.1558
3830408C21Rik,3830408C21Rik,0,,
3830417A13Rik,3830417A13Rik,0,,
3830431G21Rik,3830431G21Rik,0,,
3930402G23Rik,3930402G23Rik,0,,
4430402I18Rik,4430402I18Rik,0.0046,0.9835,0.4876
4631405J19Rik,4631405J19Rik,0,,
4631405K08Rik,4631405K08Rik,0,,
4632404H12Rik,4632404H12Rik,-0.0017,-1.8012,1.1447
4632411B12Rik,4632411B12Rik,-0.0287,-2.8326,2.3356
4632411P08Rik,4632411P08Rik,0,,
4632415K11Rik,4632415K11Rik,0.0008,0.6927,0.3111
4632415L05Rik,4632415L05Rik,-0.0094,-2.0286,1.3716
4632419I22Rik,4632419I22Rik,-0.0098,-1.8416,1.1835
4632427E13Rik,4632427E13Rik,-0.0022,-0.5226,0.2209
4632428C04Rik,4632428C04Rik,-0.0103,-2.0286,1.3716
4632428N05Rik,4632428N05Rik,-0.1444,-3.9652,4.1348
4632433K11Rik,4632433K11Rik,0,,
4632434I11Rik,4632434I11Rik,0.0071,0.6927,0.3111
4731417B20Rik,4731417B20Rik,0,,
4731419I09Rik,4731419I09Rik,0,,
4732414G09Rik,4732414G09Rik,0,,
4732415M23Rik,4732415M23Rik,0,,
4732418A04Rik,4732418A04Rik,0,,
4732418C07Rik,4732418C07Rik,0.0531,-2.4813,1.883
4732419C18Rik,4732419C18Rik,0,,
4732440D04Rik,4732440D04Rik,0,,
4732444A12Rik,4732444A12Rik,0,,
4732447D17Rik,4732447D17Rik,0,,
4732456N10Rik,4732456N10Rik,0,,
4732463B04Rik,4732463B04Rik,0,,
4732465J04Rik,4732465J04Rik,0,,
4732471D19Rik,4732471D19Rik,-0.018,-0.5226,0.2209
4732471J01Rik,4732471J01Rik,0,,
4732487G21Rik,4732487G21Rik,0,,
4732490B19Rik,4732490B19Rik,0,,
4732491K20Rik,4732491K20Rik,-0.0043,-1.431,0.8169
4831426I19Rik,4831426I19Rik,0,,
4831440E17Rik,4831440E17Rik,-0.0017,-1.431,0.8169
4832428D23Rik,4832428D23Rik,0,,
4833403I15Rik,4833403I15Rik,0,,
4833407H14Rik,4833407H14Rik,0,,
4833412C05Rik,4833412C05Rik,0,,
4833413E03Rik,4833413E03Rik,0,,
4833417C18Rik,4833417C18Rik,0,,
4833418N02Rik,4833418N02Rik,0,,
4833418N17Rik,4833418N17Rik,0,,
4833420G17Rik,4833420G17Rik,0.0086,-0.895,0.4309
4833422C13Rik,4833422C13Rik,0,,
4833422F24Rik,4833422F24Rik,0,,
4833422M21Rik,4833422M21Rik,0,,
4833423E24Rik,4833423E24Rik,0,,
4833424O15Rik,4833424O15Rik,-0.0017,-1.431,0.8169
4833427F10Rik,4833427F10Rik,0,,
4833427G06Rik,4833427G06Rik,0,,
4833428L15Rik,4833428L15Rik,0,,
4833439L19Rik,4833439L19Rik,-0.0205,-3.5511,3.4161
4833442J19Rik,4833442J19Rik,-0.0188,-2.4881,1.8914
4921501E09Rik,4921501E09Rik,0,,
4921504A21Rik,4921504A21Rik,0,,
4921504E06Rik,4921504E06Rik,0,,
4921507G05Rik,4921507G05Rik,0,,
4921507L20Rik,4921507L20Rik,0,,
4921507P07Rik,4921507P07Rik,0,,
4921508A21Rik,4921508A21Rik,0,,
4921508D12Rik,4921508D12Rik,0,,
4921508M14Rik,4921508M14Rik,0,,
4921509A06Rik,4921509A06Rik,0,,
4921509C19Rik,4921509C19Rik,0,,
4921510H08Rik,4921510H08Rik,0,,
4921511C20Rik,4921511C20Rik,0,,
4921511H03Rik,4921511H03Rik,0,,
4921511M17Rik,4921511M17Rik,0,,
4921513D11Rik,4921513D11Rik,0,,
4921513D23Rik,4921513D23Rik,-0.0125,-1.7764,1.1211
4921513I03Rik,4921513I03Rik,0,,
4921514A10Rik,4921514A10Rik,0,,
4921515J06Rik,4921515J06Rik,0,,
4921517D21Rik,4921517D21Rik,0,,
4921517D22Rik,4921517D22Rik,0,,
4921517L17Rik,4921517L17Rik,0.0008,0.6927,0.3111
4921518J05Rik,4921518J05Rik,0,,
4921518K17Rik,4921518K17Rik,0,,
4921522H14Rik,4921522H14Rik,0,,
4921522P10Rik,4921522P10Rik,0,,
4921523A10Rik,4921523A10Rik,0,,
4921524J17Rik,4921524J17Rik,0.0311,0.2413,0.0919
4921524L21Rik,4921524L21Rik,0,,
4921525B02Rik,4921525B02Rik,0,,
4921528I01Rik,4921528I01Rik,0,,
4921528I07Rik,4921528I07Rik,0,,
4921528O07Rik,4921528O07Rik,0,,
4921530D09Rik,4921530D09Rik,0,,
4921530L18Rik,4921530L18Rik,0.0042,0.9835,0.4876
4921530L21Rik,4921530L21Rik,0,,
4921531C22Rik,4921531C22Rik,-0.0077,-2.0286,1.3716
4921534H16Rik,4921534H16Rik,0,,
4921536K21Rik,4921536K21Rik,0,,
4921539E11Rik,4921539E11Rik,0,,
4922501C03Rik,4922501C03Rik,-0.0108,-2.5233,1.9346
4922501L14Rik,4922501L14Rik,0,,
4922502B01Rik,4922502B01Rik,0,,
4922502D21Rik,4922502D21Rik,0,,
4922505E12Rik,4922505E12Rik,0,,
4922505G16Rik,4922505G16Rik,0,,
4930401G09Rik,4930401G09Rik,0,,
4930401O10Rik,4930401O10Rik,0,,
4930401O12Rik,4930401O12Rik,0,,
4930402F06Rik,4930402F06Rik,0,,
4930402H24Rik,4930402H24Rik,-0.0039,-2.1966,1.5521
4930402K13Rik,4930402K13Rik,0,,
4930403D09Rik,4930403D09Rik,0,,
4930403L05Rik,4930403L05Rik,0,,
4930403N07Rik,4930403N07Rik,0,,
4930403O15Rik,4930403O15Rik,0.0021,0.6927,0.3111
4930404A10Rik,4930404A10Rik,0,,
4930404H21Rik,4930404H21Rik,0,,
4930404H24Rik,4930404H24Rik,0,,
4930404I05Rik,4930404I05Rik,0,,
4930404N11Rik,4930404N11Rik,0,,
4930405A21Rik,4930405A21Rik,0,,
4930405D11Rik,4930405D11Rik,0,,
4930405H06Rik,4930405H06Rik,0,,
4930405O22Rik,4930405O22Rik,0,,
4930405P13Rik,4930405P13Rik,0,,
4930406D18Rik,4930406D18Rik,0,,
4930407G08Rik,4930407G08Rik,0,,
4930407I10Rik,4930407I10Rik,0,,
4930408F14Rik,4930408F14Rik,0,,
4930408O17Rik,4930408O17Rik,0,,
4930412B13Rik,4930412B13Rik,0,,
4930412C18Rik,4930412C18Rik,0,,
4930412D23Rik,4930412D23Rik,0,,
4930412F09Rik,4930412F09Rik,0,,
4930412F15Rik,4930412F15Rik,0.0191,0.9835,0.4876
4930412L05Rik,4930412L05Rik,0,,
4930412M03Rik,4930412M03Rik,0,,
4930412O13Rik,4930412O13Rik,0,,
4930415F15Rik,4930415F15Rik,0,,
4930415H17Rik,4930415H17Rik,0,,
4930415L06Rik,4930415L06Rik,0,,
4930415O20Rik,4930415O20Rik,0,,
4930417G10Rik,4930417G10Rik,0,,
4930417H01Rik,4930417H01Rik,0,,
4930417O22Rik,4930417O22Rik,0,,
4930418C01Rik,4930418C01Rik,0,,
4930419G24Rik,4930419G24Rik,0,,
4930420K17Rik,4930420K17Rik,-0.1191,-5.602,7.6739
4930421P07Rik,4930421P07Rik,0,,
4930422G04Rik,4930422G04Rik,0,,
4930423M02Rik,4930423M02Rik,0,,
4930423O20Rik,4930423O20Rik,0,,
4930425F17Rik,4930425F17Rik,0,,
4930426D05Rik,4930426D05Rik,0,,
4930426I24Rik,4930426I24Rik,0,,
4930426L09Rik,4930426L09Rik,-0.0017,-1.431,0.8169
4930427A07Rik,4930427A07Rik,0,,
4930428D18Rik,4930428D18Rik,0,,
4930428E23Rik,4930428E23Rik,0,,
4930428N03Rik,4930428N03Rik,0,,
4930429B21Rik,4930429B21Rik,0,,
4930429F24Rik,4930429F24Rik,0,,
4930430A15Rik,4930430A15Rik,0,,
4930430D24Rik,4930430D24Rik,0,,
4930430E12Rik,4930430E12Rik,0,,
4930430F08Rik,4930430F08Rik,0.0088,-1.7679,1.1131
4930430J20Rik,4930430J20Rik,0,,
4930430O22Rik,4930430O22Rik,0,,
4930431F12Rik,4930431F12Rik,0,,
4930431P03Rik,4930431P03Rik,0,,
4930432B10Rik,4930432B10Rik,0,,
4930432E11Rik,4930432E11Rik,0,,
4930432K09Rik,4930432K09Rik,0,,
4930432K21Rik,4930432K21Rik,0,,
4930432L08Rik,4930432L08Rik,0,,
4930432M17Rik,4930432M17Rik,0,,
4930433I11Rik,4930433I11Rik,0,,
4930433N12Rik,4930433N12Rik,0,,
4930435E12Rik,4930435E12Rik,0,,
4930435H24Rik,4930435H24Rik,0,,
4930438A08Rik,4930438A08Rik,0,,
4930439A04Rik,4930439A04Rik,0,,
4930440I19Rik,4930440I19Rik,0,,
4930441J16Rik,4930441J16Rik,0,,
4930441O14Rik,4930441O14Rik,0.0008,0.6927,0.3111
4930442H23Rik,4930442H23Rik,0,,
4930442J19Rik,4930442J19Rik,0,,
4930442L01Rik,4930442L01Rik,0,,
4930443B20Rik,4930443B20Rik,0.0025,0.6927,0.3111
4930443G12Rik,4930443G12Rik,0,,
4930443O20Rik,4930443O20Rik,0,,
4930444A02Rik,4930444A02Rik,-0.0103,-3.2197,2.8916
4930444E06Rik,4930444E06Rik,0,,
4930444G20Rik,4930444G20Rik,0,,
4930444M15Rik,4930444M15Rik,0,,
4930444P10Rik,4930444P10Rik,0,,
4930445B16Rik,4930445B16Rik,0,,
4930445N08Rik,4930445N08Rik,0,,
4930447A16Rik,4930447A16Rik,0,,
4930447C04Rik,4930447C04Rik,0,,
4930447F04Rik,4930447F04Rik,0,,
4930447M23Rik,4930447M23Rik,0,,
4930448D08Rik,4930448D08Rik,0,,
4930448E22Rik,4930448E22Rik,0,,
4930448H16Rik,4930448H16Rik,0,,
4930448K12Rik,4930448K12Rik,0.0029,0.6927,0.3111
4930448K20Rik,4930448K20Rik,0,,
4930448N21Rik,4930448N21Rik,0,,
4930449A18Rik,4930449A18Rik,0,,
4930449E01Rik,4930449E01Rik,0,,
4930449I24Rik,4930449I24Rik,0,,
4930451C15Rik,4930451C15Rik,0,,
4930451E10Rik,4930451E10Rik,0,,
4930451G09Rik,4930451G09Rik,0,,
4930451I11Rik,4930451I11Rik,0,,
4930452B06Rik,4930452B06Rik,0,,
4930452L02Rik,4930452L02Rik,0,,
4930453H23Rik,4930453H23Rik,0,,
4930453N24Rik,4930453N24Rik,0.0381,-0.3448,0.1365
4930453O03Rik,4930453O03Rik,0,,
4930455B14Rik,4930455B14Rik,0,,
4930455C21Rik,4930455C21Rik,0.0078,-0.8916,0.4288
4930455D15Rik,4930455D15Rik,0,,
4930455F23Rik,4930455F23Rik,0.0038,-0.0255,0.0089
4930455G09Rik,4930455G09Rik,-0.0051,-2.0286,1.3716
4930455H04Rik,4930455H04Rik,0,,
4930456L15Rik,4930456L15Rik,0,,
4930457A20Rik,4930457A20Rik,0,,
4930458D05Rik,4930458D05Rik,0,,
4930458L03Rik,4930458L03Rik,-0.0017,-1.431,0.8169
4930461C15Rik,4930461C15Rik,0,,
4930461G14Rik,4930461G14Rik,0,,
4930463O16Rik,4930463O16Rik,0,,
4930465A12Rik,4930465A12Rik,0,,
4930465K10Rik,4930465K10Rik,0,,
4930465M20Rik,4930465M20Rik,0,,
4930466I24Rik,4930466I24Rik,0,,
4930467D21Rik,4930467D21Rik,0,,
4930467E23Rik,4930467E23Rik,0,,
4930467K11Rik,4930467K11Rik,0,,
4930468A15Rik,4930468A15Rik,0,,
4930469B13Rik,4930469B13Rik,0,,
4930469G21Rik,4930469G21Rik,0.0067,0.6927,0.3111
4930469K13Rik,4930469K13Rik,0,,
4930470G03Rik,4930470G03Rik,0,,
4930470P17Rik,4930470P17Rik,0,,
4930471C04Rik,4930471C04Rik,0,,
4930471C06Rik,4930471C06Rik,0,,
4930471I20Rik,4930471I20Rik,0,,
4930471M09Rik,4930471M09Rik,0,,
4930471M23Rik,4930471M23Rik,-0.0743,-5.2075,6.7181
4930473A02Rik,4930473A02Rik,0,,
4930473A06Rik,4930473A06Rik,-0.0103,-1.431,0.8169
4930473D10Rik,4930473D10Rik,0,,
4930474H06Rik,4930474H06Rik,0,,
4930474N05Rik,4930474N05Rik,0,,
4930477E14Rik,4930477E14Rik,0,,
4930478K11Rik,4930478K11Rik,0,,
4930479D17Rik,4930479D17Rik,0,,
4930479M11Rik,4930479M11Rik,0,,
4930480E11Rik,4930480E11Rik,0.0025,0.6927,0.3111
4930480G23Rik,4930480G23Rik,0,,
4930480K15Rik,4930480K15Rik,0,,
4930480K23Rik,4930480K23Rik,0,,
4930481A15Rik,4930481A15Rik,0.0004,-0.0192,0.0067
4930481B07Rik,4930481B07Rik,0,,
4930483C13Rik,4930483C13Rik,0,,
4930483J18Rik,4930483J18Rik,0,,
4930483K19Rik,4930483K19Rik,0,,
4930485B16Rik,4930485B16Rik,0,,
4930486F22Rik,4930486F22Rik,0,,
4930486I03Rik,4930486I03Rik,0,,
4930486L24Rik,4930486L24Rik,-0.0057,-1.4668,0.8464
4930488B22Rik,4930488B22Rik,0,,
4930500F10Rik,4930500F10Rik,0,,
4930500J02Rik,4930500J02Rik,0,,
4930500M09Rik,4930500M09Rik,0,,
4930502E09Rik,4930502E09Rik,0,,
4930502E18Rik,4930502E18Rik,0,,
4930503B20Rik,4930503B20Rik,0,,
4930503E14Rik,4930503E14Rik,0,,
4930503H13Rik,4930503H13Rik,0,,
4930503L19Rik,4930503L19Rik,-0.0222,-1.8116,1.1546
4930504O13Rik,4930504O13Rik,0,,
4930505A04Rik,4930505A04Rik,0,,
4930505H01Rik,4930505H01Rik,0,,
4930505K14Rik,4930505K14Rik,0,,
4930505N22Rik,4930505N22Rik,0,,
4930505O20Rik,4930505O20Rik,0,,
4930506C21Rik,4930506C21Rik,0,,
4930506M07Rik,4930506M07Rik,0.0046,0.9835,0.4876
4930507D10Rik,4930507D10Rik,0,,
4930509E16Rik,4930509E16Rik,0,,
4930509G22Rik,4930509G22Rik,0,,
4930509K18Rik,4930509K18Rik,0,,
4930510E17Rik,4930510E17Rik,0,,
4930511A02Rik,4930511A02Rik,0,,
4930511F01Rik,4930511F01Rik,0,,
4930511I11Rik,4930511I11Rik,0,,
4930511M06Rik,4930511M06Rik,0,,
4930511M11Rik,4930511M11Rik,0,,
4930511O05Rik,4930511O05Rik,0,,
4930512B01Rik,4930512B01Rik,0,,
4930512H18Rik,4930512H18Rik,0,,
4930512M02Rik,4930512M02Rik,0,,
4930513N10Rik,4930513N10Rik,-0.0034,-1.431,0.8169
4930513O06Rik,4930513O06Rik,0,,
4930515B02Rik,4930515B02Rik,0,,
4930515G01Rik,4930515G01Rik,-0.0103,-2.0286,1.3716
4930515G13Rik,4930515G13Rik,0,,
4930515L19Rik,4930515L19Rik,0,,
4930516K23Rik,4930516K23Rik,0,,
4930517E11Rik,4930517E11Rik,0,,
4930517O19Rik,4930517O19Rik,0.0075,0.6927,0.3111
4930518I15Rik,4930518I15Rik,0,,
4930519A11Rik,4930519A11Rik,0,,
4930519D14Rik,4930519D14Rik,0,,
4930519F09Rik,4930519F09Rik,0,,
4930519F16Rik,4930519F16Rik,0,,
4930519G04Rik,4930519G04Rik,0,,
4930520K10Rik,4930520K10Rik,0,,
4930520O04Rik,4930520O04Rik,0,,
4930521A18Rik,4930521A18Rik,0,,
4930521C21Rik,4930521C21Rik,0,,
4930522H14Rik,4930522H14Rik,0,,
4930522L14Rik,4930522L14Rik,0,,
4930522N08Rik,4930522N08Rik,0,,
4930522O17Rik,4930522O17Rik,0,,
4930523C07Rik,4930523C07Rik,-0.0034,-1.431,0.8169
4930524B15Rik,4930524B15Rik,0,,
4930524E20Rik,4930524E20Rik,0,,
4930524J08Rik,4930524J08Rik,-0.0112,-0.7425,0.3394
4930524L23Rik,4930524L23Rik,0,,
4930524N10Rik,4930524N10Rik,0,,
4930524O07Rik,4930524O07Rik,0.0017,0.6927,0.3111
4930525F21Rik,4930525F21Rik,0,,
4930525G20Rik,4930525G20Rik,0,,
4930525M21Rik,4930525M21Rik,0,,
4930526A20Rik,4930526A20Rik,-0.0044,-1.2942,0.7086
4930526D03Rik,4930526D03Rik,0,,
4930526F13Rik,4930526F13Rik,0,,
4930526L06Rik,4930526L06Rik,0,,
4930527A07Rik,4930527A07Rik,0,,
4930527B05Rik,4930527B05Rik,0,,
4930527E20Rik,4930527E20Rik,0,,
4930527J03Rik,4930527J03Rik,0,,
4930528D03Rik,4930528D03Rik,0,,
4930528F23Rik,4930528F23Rik,0,,
4930528G23Rik,4930528G23Rik,0,,
4930528P14Rik,4930528P14Rik,0,,
4930529C04Rik,4930529C04Rik,0,,
4930529F22Rik,4930529F22Rik,0,,
4930529I22Rik,4930529I22Rik,0,,
4930529M08Rik,4930529M08Rik,0,,
4930532G15Rik,4930532G15Rik,0,,
4930533B01Rik,4930533B01Rik,0,,
4930533K18Rik,4930533K18Rik,0,,
4930533L02Rik,4930533L02Rik,0,,
4930534B04Rik,4930534B04Rik,-0.0066,-1.7815,1.126
4930534D22Rik,4930534D22Rik,0,,
4930535C22Rik,4930535C22Rik,0,,
4930538E20Rik,4930538E20Rik,0,,
4930538K18Rik,4930538K18Rik,0,,
4930539E08Rik,4930539E08Rik,0,,
4930539J05Rik,4930539J05Rik,-0.0069,-1.431,0.8169
4930540M05Rik,4930540M05Rik,0,,
4930542C12Rik,4930542C12Rik,0.0083,0.9835,0.4876
4930542C16Rik,4930542C16Rik,0,,
4930542H20Rik,4930542H20Rik,0,,
4930542N07Rik,4930542N07Rik,0,,
4930544D05Rik,4930544D05Rik,0,,
4930544G11Rik,4930544G11Rik,0,,
4930544I03Rik,4930544I03Rik,0,,
4930544L04Rik,4930544L04Rik,0,,
4930544M13Rik,4930544M13Rik,0,,
4930544O15Rik,4930544O15Rik,0,,
4930545L23Rik,4930545L23Rik,0,,
4930546C10Rik,4930546C10Rik,0,,
4930546G22Rik,4930546G22Rik,0,,
4930547C10Rik,4930547C10Rik,0,,
4930547E08Rik,4930547E08Rik,0,,
4930547M16Rik,4930547M16Rik,0,,
4930547N16Rik,4930547N16Rik,0,,
4930548G14Rik,4930548G14Rik,0,,
4930548H24Rik,4930548H24Rik,0,,
4930548K13Rik,4930548K13Rik,0,,
4930549C01Rik,4930549C01Rik,0,,
4930550C14Rik,4930550C14Rik,0,,
4930550C17Rik,4930550C17Rik,0,,
4930550G17Rik,4930550G17Rik,0,,
4930550L24Rik,4930550L24Rik,0,,
4930551L18Rik,4930551L18Rik,0,,
4930551O13Rik,4930551O13Rik,0.0013,0.6927,0.3111
4930552N02Rik,4930552N02Rik,0,,
4930552P12Rik,4930552P12Rik,0,,
4930553M12Rik,4930553M12Rik,0,,
4930554G24Rik,4930554G24Rik,0,,
4930554H23Rik,4930554H23Rik,0,,
4930555B11Rik,4930555B11Rik,0,,
4930555B12Rik,4930555B12Rik,0,,
4930555F03Rik,4930555F03Rik,0,,
4930555G01Rik,4930555G01Rik,0,,
4930555I21Rik,4930555I21Rik,0,,
4930555J06Rik,4930555J06Rik,-0.0017,-1.431,0.8169
4930555K19Rik,4930555K19Rik,0,,
4930555O08Rik,4930555O08Rik,0,,
4930556G01Rik,4930556G01Rik,0,,
4930556I23Rik,4930556I23Rik,0,,
4930556J24Rik,4930556J24Rik,0,,
4930556L07Rik,4930556L07Rik,0,,
4930556M19Rik,4930556M19Rik,-0.0086,-2.0286,1.3716
4930556N08Rik,4930556N08Rik,0,,
4930557A04Rik,4930557A04Rik,0,,
4930557C09Rik,4930557C09Rik,0,,
4930557F10Rik,4930557F10Rik,0,,
4930558G05Rik,4930558G05Rik,0,,
4930558J18Rik,4930558J18Rik,0,,
4930558J22Rik,4930558J22Rik,0,,
4930558K02Rik,4930558K02Rik,0,,
4930562A09Rik,4930562A09Rik,0,,
4930562C15Rik,4930562C15Rik,-0.0043,-1.431,0.8169
4930562D21Rik,4930562D21Rik,0,,
4930562F07Rik,4930562F07Rik,0,,
4930563D23Rik,4930563D23Rik,0.0145,0.9835,0.4876
4930563E18Rik,4930563E18Rik,0,,
4930563E22Rik,4930563E22Rik,-0.0069,-1.431,0.8169
4930563I02Rik,4930563I02Rik,0,,
4930564B18Rik,4930564B18Rik,0,,
4930564D02Rik,4930564D02Rik,0,,
4930564G21Rik,4930564G21Rik,0,,
4930564K09Rik,4930564K09Rik,0,,
4930565N06Rik,4930565N06Rik,0,,
4930566F21Rik,4930566F21Rik,0,,
4930566N20Rik,4930566N20Rik,0,,
4930567H17Rik,4930567H17Rik,0,,
4930568D16Rik,4930568D16Rik,0,,
4930568K20Rik,4930568K20Rik,0,,
4930569F06Rik,4930569F06Rik,0,,
4930570D08Rik,4930570D08Rik,0,,
4930570G19Rik,4930570G19Rik,0,,
4930570N18Rik,4930570N18Rik,0.0037,0.6927,0.3111
4930570N19Rik,4930570N19Rik,0,,
4930571K23Rik,4930571K23Rik,0,,
4930571N24Rik,4930571N24Rik,0,,
4930572J05Rik,4930572J05Rik,-0.0051,-2.0286,1.3716
4930572O03Rik,4930572O03Rik,0,,
4930577H14Rik,4930577H14Rik,0,,
4930577N17Rik,4930577N17Rik,0,,
4930578C19Rik,4930578C19Rik,0,,
4930578G10Rik,4930578G10Rik,0,,
4930578I06Rik,4930578I06Rik,0,,
4930578I07Rik,4930578I07Rik,0,,
4930578M01Rik,4930578M01Rik,-0.0167,-3.3251,3.0536
4930578N16Rik,4930578N16Rik,-0.0171,-2.4881,1.8914
4930579C12Rik,4930579C12Rik,0,,
4930579C15Rik,4930579C15Rik,0,,
4930579D09Rik,4930579D09Rik,0,,
4930579F01Rik,4930579F01Rik,0,,
4930579G18Rik,4930579G18Rik,0,,
4930579G22Rik,4930579G22Rik,0,,
4930579G24Rik,4930579G24Rik,0.0016,-0.5167,0.218
4930579J09Rik,4930579J09Rik,0,,
4930579K19Rik,4930579K19Rik,0,,
4930579M01Rik,4930579M01Rik,0,,
4930579O11Rik,4930579O11Rik,0,,
4930580A09Rik,4930580A09Rik,0,,
4930581F22Rik,4930581F22Rik,0,,
4930583H14Rik,4930583H14Rik,0,,
4930583I09Rik,4930583I09Rik,0,,
4930583K01Rik,4930583K01Rik,0.0008,0.6927,0.3111
4930583P06Rik,4930583P06Rik,0,,
4930584F24Rik,4930584F24Rik,0,,
4930586N03Rik,4930586N03Rik,0,,
4930587A21Rik,4930587A21Rik,0,,
4930588K23Rik,4930588K23Rik,0,,
4930588N13Rik,4930588N13Rik,0.0037,0.6927,0.3111
4930589L23Rik,4930589L23Rik,0,,
4930589P08Rik,4930589P08Rik,0,,
4930590J08Rik,4930590J08Rik,0,,
4930591A17Rik,4930591A17Rik,0,,
4930593A02Rik,4930593A02Rik,0,,
4930593C16Rik,4930593C16Rik,0,,
4930594C11Rik,4930594C11Rik,0,,
4930594M22Rik,4930594M22Rik,0,,
4930594O21Rik,4930594O21Rik,0,,
4930595D18Rik,4930595D18Rik,0,,
4930595M18Rik,4930595M18Rik,0,,
4930596D02Rik,4930596D02Rik,0,,
4930596I21Rik,4930596I21Rik,0,,
4930596M17Rik,4930596M17Rik,0,,
4930597A21Rik,4930597A21Rik,0,,
4930597O21Rik,4930597O21Rik,0,,
4930598A11Rik,4930598A11Rik,0,,
4930599N23Rik,4930599N23Rik,-0.0138,-2.195,1.5503
4931400O07Rik,4931400O07Rik,0,,
4931403G20Rik,4931403G20Rik,0,,
4931403M11Rik,4931403M11Rik,0,,
4931406B18Rik,4931406B18Rik,0,,
4931406C07Rik,4931406C07Rik,0.0415,-0.4785,0.1991
4931406G06Rik,4931406G06Rik,0,,
4931406P16Rik,4931406P16Rik,-0.0474,-3.4885,3.3135
4931407G18Rik,4931407G18Rik,0,,
4931408A02Rik,4931408A02Rik,0,,
4931408C20Rik,4931408C20Rik,0,,
4931409K22Rik,4931409K22Rik,0,,
4931413I07Rik,4931413I07Rik,0,,
4931413K12Rik,4931413K12Rik,0,,
4931414P19Rik,4931414P19Rik,-0.0033,-1.7679,1.1131
4931415C17Rik,4931415C17Rik,0,,
4931417E11Rik,4931417E11Rik,0,,
4931417G12Rik,4931417G12Rik,0,,
4931422A03Rik,4931422A03Rik,0,,
4931423N10Rik,4931423N10Rik,0,,
4931428F04Rik,4931428F04Rik,-0.0147,-0.7384,0.337
4931428L18Rik,4931428L18Rik,0,,
4931429I11Rik,4931429I11Rik,0,,
4931429L15Rik,4931429L15Rik,0,,
4931429P17Rik,4931429P17Rik,0,,
4931431C16Rik,4931431C16Rik,0,,
4931431F19Rik,4931431F19Rik,0,,
4931440F15Rik,4931440F15Rik,0,,
4931440J10Rik,4931440J10Rik,0,,
4931440L10Rik,4931440L10Rik,0,,
4931440P22Rik,4931440P22Rik,-0.0086,-0.5226,0.2209
4932411E22Rik,4932411E22Rik,0,,
4932411G14Rik,4932411G14Rik,0,,
4932411N23Rik,4932411N23Rik,0,,
4932412D23Rik,4932412D23Rik,0,,
4932412H11Rik,4932412H11Rik,-0.0026,-1.431,0.8169
4932414J04Rik,4932414J04Rik,0,,
4932414N04Rik,4932414N04Rik,0,,
4932415D10Rik,4932415D10Rik,0,,
4932415G12Rik,4932415G12Rik,0.0129,1.2069,0.6431
4932415M13Rik,4932415M13Rik,0,,
4932416K20Rik,4932416K20Rik,0,,
4932418E24Rik,4932418E24Rik,0,,
4932425I24Rik,4932425I24Rik,0,,
4932429P05Rik,4932429P05Rik,0,,
4932430I15Rik,4932430I15Rik,0,,
4932431P20Rik,4932431P20Rik,0,,
4932435O22Rik,4932435O22Rik,0,,
4932438A13Rik,4932438A13Rik,-0.0047,-1.6205,0.9783
4932438H23Rik,4932438H23Rik,0,,
4932441B19Rik,4932441B19Rik,0,,
4932441J04Rik,4932441J04Rik,0,,
4932442E05Rik,4932442E05Rik,0,,
4932442L08Rik,4932442L08Rik,0,,
4932443I19Rik,4932443I19Rik,0,,
4932443L11Rik,4932443L11Rik,0,,
4932702P03Rik,4932702P03Rik,0,,
4933400A11Rik,4933400A11Rik,0,,
4933400C05Rik,4933400C05Rik,0,,
4933400F03Rik,4933400F03Rik,0,,
4933401B06Rik,4933401B06Rik,0,,
4933401P06Rik,4933401P06Rik,0,,
4933402D24Rik,4933402D24Rik,0,,
4933402E13Rik,4933402E13Rik,0,,
4933402J07Rik,4933402J07Rik,0,,
4933402N03Rik,4933402N03Rik,0,,
4933402N22Rik,4933402N22Rik,0,,
4933402P03Rik,4933402P03Rik,0,,
4933403F05Rik,4933403F05Rik,0.01,-1.2364,0.6649
4933403G14Rik,4933403G14Rik,0.0029,0.6927,0.3111
4933403O03Rik,4933403O03Rik,0,,
4933403O08Rik,4933403O08Rik,0,,
4933404K08Rik,4933404K08Rik,0,,
4933404M02Rik,4933404M02Rik,0,,
4933404O12Rik,4933404O12Rik,0.0033,0.6927,0.3111
4933405D12Rik,4933405D12Rik,-0.001,-0.5167,0.218
4933405E24Rik,4933405E24Rik,0,,
4933405L10Rik,4933405L10Rik,0,,
4933405O20Rik,4933405O20Rik,0,,
4933406C10Rik,4933406C10Rik,0,,
4933406D12Rik,4933406D12Rik,0,,
4933406F09Rik,4933406F09Rik,0,,
4933406G16Rik,4933406G16Rik,0,,
4933406I18Rik,4933406I18Rik,0,,
4933406J08Rik,4933406J08Rik,0,,
4933406J10Rik,4933406J10Rik,0,,
4933406K04Rik,4933406K04Rik,0,,
4933406M09Rik,4933406M09Rik,0,,
4933406P04Rik,4933406P04Rik,-0.0348,-2.0286,1.3716
4933407C03Rik,4933407C03Rik,-0.0021,-2.5773,2.0019
4933407E24Rik,4933407E24Rik,0,,
4933407H18Rik,4933407H18Rik,-0.0094,-0.5756,0.248
4933407I08Rik,4933407I08Rik,0,,
4933407K13Rik,4933407K13Rik,-0.0086,-0.5226,0.2209
4933407L21Rik,4933407L21Rik,0,,
4933407P14Rik,4933407P14Rik,0,,
4933408B17Rik,4933408B17Rik,0,,
4933408J17Rik,4933408J17Rik,0,,
4933408N05Rik,4933408N05Rik,0,,
4933409G03Rik,4933409G03Rik,0,,
4933409K07Rik,4933409K07Rik,0,,
4933411G06Rik,4933411G06Rik,0,,
4933411G11Rik,4933411G11Rik,0,,
4933411K16Rik,4933411K16Rik,0,,
4933411K20Rik,4933411K20Rik,-0.0085,-0.5002,0.2097
4933411O13Rik,4933411O13Rik,0,,
4933412A08Rik,4933412A08Rik,0,,
4933412E24Rik,4933412E24Rik,0,,
4933413C19Rik,4933413C19Rik,0,,
4933413G19Rik,4933413G19Rik,0,,
4933413J09Rik,4933413J09Rik,0,,
4933413L06Rik,4933413L06Rik,0,,
4933414I15Rik,4933414I15Rik,0,,
4933415A04Rik,4933415A04Rik,0,,
4933415D12Rik,4933415D12Rik,0,,
4933415F23Rik,4933415F23Rik,0,,
4933416C03Rik,4933416C03Rik,0,,
4933416E03Rik,4933416E03Rik,0,,
4933416E14Rik,4933416E14Rik,0,,
4933416I08Rik,4933416I08Rik,0,,
4933416M07Rik,4933416M07Rik,0,,
4933417A18Rik,4933417A18Rik,0,,
4933417D19Rik,4933417D19Rik,0,,
4933421A08Rik,4933421A08Rik,0.0013,0.6927,0.3111
4933421E11Rik,4933421E11Rik,-0.0336,-3.1132,2.7327
4933421I07Rik,4933421I07Rik,0,,
4933421O10Rik,4933421O10Rik,0.0133,-0.0237,0.0083
4933422H20Rik,4933422H20Rik,0,,
4933423P22Rik,4933423P22Rik,0,,
4933424B01Rik,4933424B01Rik,-0.008,-1.038,0.5239
4933424L21Rik,4933424L21Rik,0,,
4933424M12Rik,4933424M12Rik,0.0025,0.9835,0.4876
4933425H06Rik,4933425H06Rik,0,,
4933425L06Rik,4933425L06Rik,0,,
4933425O20Rik,4933425O20Rik,0,,
4933426D04Rik,4933426D04Rik,0,,
4933426K07Rik,4933426K07Rik,0,,
4933426M11Rik,4933426M11Rik,-0.073,-5.2192,6.7455
4933427D06Rik,4933427D06Rik,0,,
4933427D14Rik,4933427D14Rik,-0.0339,-2.0286,1.3716
4933427E11Rik,4933427E11Rik,0,,
4933427E13Rik,4933427E13Rik,0,,
4933427G17Rik,4933427G17Rik,0,,
4933427G23Rik,4933427G23Rik,0,,
4933427I04Rik,4933427I04Rik,0,,
4933427I22Rik,4933427I22Rik,0,,
4933427J07Rik,4933427J07Rik,0,,
4933428C19Rik,4933428C19Rik,0,,
4933428G20Rik,4933428G20Rik,0,,
4933428M09Rik,4933428M09Rik,0,,
4933430H15Rik,4933430H15Rik,0,,
4933430I17Rik,4933430I17Rik,-0.0017,-1.431,0.8169
4933430M04Rik,4933430M04Rik,0,,
4933431E20Rik,4933431E20Rik,0,,
4933431K23Rik,4933431K23Rik,0,,
4933432B09Rik,4933432B09Rik,0.005,0.9835,0.4876
4933433C11Rik,4933433C11Rik,0,,
4933433G15Rik,4933433G15Rik,0.0067,0.6927,0.3111
4933433P14Rik,4933433P14Rik,0.0458,-0.9406,0.4598
4933433P16Rik,4933433P16Rik,0,,
4933434E20Rik,4933434E20Rik,-0.0102,-3.4802,3.3001
4933434I20Rik,4933434I20Rik,0,,
4933434M16Rik,4933434M16Rik,0,,
4933435F18Rik,4933435F18Rik,0,,
4933436C20Rik,4933436C20Rik,0,,
4933436I01Rik,4933436I01Rik,0,,
4933437F05Rik,4933437F05Rik,0.0062,-0.5167,0.218
4933437N03Rik,4933437N03Rik,0,,
4933438A12Rik,4933438A12Rik,0,,
4933439C10Rik,4933439C10Rik,-0.0128,-2.8765,2.3957
4933439F18Rik,4933439F18Rik,-0.004,-1.4722,0.8509
4933439K11Rik,4933439K11Rik,0.0004,0.6927,0.3111
4933440J02Rik,4933440J02Rik,0,,
4933440M02Rik,4933440M02Rik,0,,
4933440N22Rik,4933440N22Rik,0,,
5031410I06Rik,5031410I06Rik,0,,
5031414D18Rik,5031414D18Rik,-0.023,-2.8765,2.3957
5031425E22Rik,5031425E22Rik,-0.0045,-2.2551,1.6175
5031425F14Rik,5031425F14Rik,-0.007,-0.0264,0.0092
5031434C07Rik,5031434C07Rik,0,,
5031434O11Rik,5031434O11Rik,0,,
5031439G07Rik,5031439G07Rik,0.0603,-1.209,0.6446
5033403F01Rik,5033403F01Rik,0,,
5033411D12Rik,5033411D12Rik,0,,
5033414D02Rik,5033414D02Rik,0.0309,-2.9871,2.5503
5033417F24Rik,5033417F24Rik,0,,
5033423K11Rik,5033423K11Rik,0,,
5033428I22Rik,5033428I22Rik,0,,
5033430I15Rik,5033430I15Rik,0,,
5133400J02Rik,5133400J02Rik,0,,
5133401N09Rik,5133401N09Rik,-0.008,-3.5698,3.447
5330411J11Rik,5330411J11Rik,0,,
5330413P13Rik,5330413P13Rik,0,,
5330416C01Rik,5330416C01Rik,0,,
5330417C22Rik,5330417C22Rik,0,,
5330417H12Rik,5330417H12Rik,0,,
5330426P16Rik,5330426P16Rik,-0.0161,-2.8044,2.2974
5330429C05Rik,5330429C05Rik,0,,
5330430P22Rik,5330430P22Rik,0.017,1.2069,0.6431
5330434G04Rik,5330434G04Rik,0,,
5330437I02Rik,5330437I02Rik,0,,
5330438D12Rik,5330438D12Rik,0.0218,-0.5167,0.218
5330438I03Rik,5330438I03Rik,0,,
5330439A09Rik,5330439A09Rik,0,,
5330439B14Rik,5330439B14Rik,0,,
5330439K02Rik,5330439K02Rik,0.0058,0.6927,0.3111
5430400D12Rik,5430400D12Rik,0,,
5430401F13Rik,5430401F13Rik,-0.0017,-1.431,0.8169
5430402E10Rik,5430402E10Rik,0,,
5430402O13Rik,5430402O13Rik,-0.0043,-1.431,0.8169
5430403G16Rik,5430403G16Rik,0.0123,-0.0255,0.0089
5430405G05Rik,5430405G05Rik,0,,
5430405H02Rik,5430405H02Rik,0.0065,-0.5167,0.218
5430407P10Rik,5430407P10Rik,0,,
5430411K18Rik,5430411K18Rik,-0.0245,-2.5283,1.9407
5430416N02Rik,5430416N02Rik,0.001,-0.7301,0.3322
5430416O09Rik,5430416O09Rik,0,,
5430417L22Rik,5430417L22Rik,-0.0395,-2.3476,1.7236
5430419D17Rik,5430419D17Rik,0,,
5430421N21Rik,5430421N21Rik,-0.0034,-1.431,0.8169
5430425J12Rik,5430425J12Rik,0,,
5430427M07Rik,5430427M07Rik,0,,
5430427O19Rik,5430427O19Rik,0.0398,-2.806,2.2996
5430435G22Rik,5430435G22Rik,-0.2679,-10.2139,23.765
5430437P03Rik,5430437P03Rik,0.0641,-0.4232,0.1725
5530400C23Rik,5530400C23Rik,0,,
5530401A14Rik,5530401A14Rik,0,,
5530401N12Rik,5530401N12Rik,0.0029,0.6927,0.3111
5530601H04Rik,5530601H04Rik,-0.0036,-1.2961,0.7101
5730403B10Rik,5730403B10Rik,0.0061,-4.2175,4.6073
5730405O15Rik,5730405O15Rik,0,,
5730409E04Rik,5730409E04Rik,0.0043,-0.2513,0.0961
5730412P04Rik,5730412P04Rik,0,,
5730416F02Rik,5730416F02Rik,0,,
5730419I09Rik,5730419I09Rik,0.0087,0.9835,0.4876
5730420D15Rik,5730420D15Rik,-0.0009,-1.431,0.8169
5730422E09Rik,5730422E09Rik,0,,
5730435O14Rik,5730435O14Rik,0,,
5730437C11Rik,5730437C11Rik,0,,
5730437N04Rik,5730437N04Rik,0.0387,-2.0619,1.4065
5730446D14Rik,5730446D14Rik,0,,
5730455O13Rik,5730455O13Rik,0.0164,-1.445,0.8284
5730455P16Rik,5730455P16Rik,-0.0195,-1.2877,0.7037
5730457N03Rik,5730457N03Rik,0,,
5730460C07Rik,5730460C07Rik,0,,
5730469M10Rik,5730469M10Rik,0.0104,-2.9259,2.4641
5730494M16Rik,5730494M16Rik,0.0502,-0.1931,0.0722
5730494N06Rik,5730494N06Rik,0.0329,-2.501,1.9071
5730507C01Rik,5730507C01Rik,0,,
5730508B09Rik,5730508B09Rik,-0.0039,-0.5226,0.2209
5730522E02Rik,5730522E02Rik,0,,
5730528L13Rik,5730528L13Rik,0.0083,0.6927,0.3111
5730559C18Rik,5730559C18Rik,0,,
5730577I03Rik,5730577I03Rik,0,,
5730588L14Rik,5730588L14Rik,0,,
5730590G19Rik,5730590G19Rik,0,,
5730596B20Rik,5730596B20Rik,0,,
5830403L16Rik,5830403L16Rik,0,,
5830403M04Rik,5830403M04Rik,0,,
5830405N20Rik,5830405N20Rik,0,,
5830411N06Rik,5830411N06Rik,0,,
5830415F09Rik,5830415F09Rik,-0.0049,-0.7384,0.337
5830416P10Rik,5830416P10Rik,-0.0047,-0.5226,0.2209
5830417I10Rik,5830417I10Rik,0.0087,-1.1575,0.6072
5830418K08Rik,5830418K08Rik,0.005,-0.8916,0.4288
5830418P13Rik,5830418P13Rik,0,,
5830428H23Rik,5830428H23Rik,-0.0103,-1.8033,1.1467
5830432E09Rik,5830432E09Rik,0.0107,-0.3426,0.1356
5830433M19Rik,5830433M19Rik,-0.0019,-0.9001,0.4341
5830444B04Rik,5830444B04Rik,0.012,0.3328,0.1312
5830454E08Rik,5830454E08Rik,0,,
5830462I19Rik,5830462I19Rik,0,,
5830472F04Rik,5830472F04Rik,0,,
5830473C10Rik,5830473C10Rik,0,,
5930403N24Rik,5930403N24Rik,0,,
5930412G12Rik,5930412G12Rik,0,,
5930416I19Rik,5930416I19Rik,-0.0035,-0.9407,0.4599
5930422O12Rik,5930422O12Rik,0,,
5930434B04Rik,5930434B04Rik,-0.0287,-2.5234,1.9347
5S_rRNA,5S_rRNA,-0.0018,-0.5167,0.218
5_8S_rRNA,5_8S_rRNA,0,,
6030405A18Rik,6030405A18Rik,0,,
6030408B16Rik,6030408B16Rik,0,,
6030419C18Rik,6030419C18Rik,0,,
6030422M02Rik,6030422M02Rik,-0.0009,-1.431,0.8169
6030429G01Rik,6030429G01Rik,-0.0063,-1.7713,1.1163
6030442K20Rik,6030442K20Rik,0,,
6030445D17Rik,6030445D17Rik,0,,
6030446N20Rik,6030446N20Rik,0.0071,-0.5598,0.2399
6030452D12Rik,6030452D12Rik,0,,
6030455H03Rik,6030455H03Rik,0,,
6030458C11Rik,6030458C11Rik,0.041,-1.4464,0.8295
6030468B19Rik,6030468B19Rik,0.0012,-0.5167,0.218
6030469F06Rik,6030469F06Rik,0,,
6030471H07Rik,6030471H07Rik,0,,
6030498E09Rik,6030498E09Rik,0,,
6230400D17Rik,6230400D17Rik,0.0083,0.9835,0.4876
6230409E13Rik,6230409E13Rik,0,,
6230427J02Rik,6230427J02Rik,-0.0538,-3.6252,3.5395
6330403A02Rik,6330403A02Rik,0,,
6330403K07Rik,6330403K07Rik,0.0096,0.6927,0.3111
6330403L08Rik,6330403L08Rik,0.0112,-0.9018,0.4352
6330403N20Rik,6330403N20Rik,0,,
6330406I15Rik,6330406I15Rik,0,,
6330407J23Rik,6330407J23Rik,0.0029,0.6927,0.3111
6330408A02Rik,6330408A02Rik,0.0058,0.9835,0.4876
6330409D20Rik,6330409D20Rik,0,,
6330409N04Rik,6330409N04Rik,0.0106,-2.1061,1.4536
6330416G13Rik,6330416G13Rik,-0.0286,-3.368,3.1208
6330418K02Rik,6330418K02Rik,-0.0244,-2.8885,2.4122
6330439K17Rik,6330439K17Rik,-0.0162,-1.431,0.8169
6330444E15Rik,6330444E15Rik,0,,
6330503K22Rik,6330503K22Rik,0.0217,0.2476,0.0945
6330512M04Rik,6330512M04Rik,-0.1307,-6.4663,9.998
6330527O06Rik,6330527O06Rik,0,,
6330545A04Rik,6330545A04Rik,0,,
6330549D23Rik,6330549D23Rik,0,,
6330578E17Rik,6330578E17Rik,0.0526,-1.9508,1.2917
6430503K07Rik,6430503K07Rik,0,,
6430527G18Rik,6430527G18Rik,-0.1375,-5.7986,8.1748
6430531B16Rik,6430531B16Rik,-0.0034,-1.431,0.8169
6430548M08Rik,6430548M08Rik,-0.0216,-1.7252,1.0732
6430550D23Rik,6430550D23Rik,0,,
6430562O15Rik,6430562O15Rik,0,,
6430571L13Rik,6430571L13Rik,0,,
6430573F11Rik,6430573F11Rik,0,,
6430590A07Rik,6430590A07Rik,0,,
6430598A04Rik,6430598A04Rik,0.0004,0.6927,0.3111
6430628N08Rik,6430628N08Rik,0,,
6430704M03Rik,6430704M03Rik,-0.012,-1.431,0.8169
6430710C18Rik,6430710C18Rik,0,,
6530401F13Rik,6530401F13Rik,0,,
6530401N04Rik,6530401N04Rik,0.0055,-0.5661,0.2431
6530402F18Rik,6530402F18Rik,0.0246,-0.3371,0.1331
6530403G13Rik,6530403G13Rik,0,,
6530409C15Rik,6530409C15Rik,0,,
6530411M01Rik,6530411M01Rik,0,,
6530418L21Rik,6530418L21Rik,-0.0017,-1.431,0.8169
6720401G13Rik,6720401G13Rik,0.0003,-0.5167,0.218
6720416L17Rik,6720416L17Rik,0,,
6720456B07Rik,6720456B07Rik,0.1145,-1.7906,1.1345
6720456H20Rik,6720456H20Rik,0.023,-0.4616,0.1908
6720463M24Rik,6720463M24Rik,0,,
6720483E21Rik,6720483E21Rik,0,,
6720489N17Rik,6720489N17Rik,0,,
6820408C15Rik,6820408C15Rik,0,,
6820431F20Rik,6820431F20Rik,0.0082,-0.7301,0.3322
7330404K18Rik,7330404K18Rik,0,,
7420426K07Rik,7420426K07Rik,0,,
7420461P10Rik,7420461P10Rik,0,,
7530420F21Rik,7530420F21Rik,0,,
7530422B04Rik,7530422B04Rik,0,,
7SK,7SK,0.0153,-1.6991,1.0492
8030411F24Rik,8030411F24Rik,0,,
8030423F21Rik,8030423F21Rik,0.0075,0.6927,0.3111
8030423J24Rik,8030423J24Rik,0,,
8030443G20Rik,8030443G20Rik,0,,
8030451A03Rik,8030451A03Rik,0,,
8030453O22Rik,8030453O22Rik,-0.0094,-2.0286,1.3716
8030462N17Rik,8030462N17Rik,-0.0051,-2.0286,1.3716
8030474K03Rik,8030474K03Rik,0,,
8430403D17Rik,8430403D17Rik,0,,
8430406I07Rik,8430406I07Rik,-0.0295,-2.3206,1.6923
8430408G22Rik,8430408G22Rik,0,,
8430410A17Rik,8430410A17Rik,0.0053,-0.3389,0.1339
8430410K20Rik,8430410K20Rik,-0.0407,-2.2125,1.5697
8430419K02Rik,8430419K02Rik,0,,
8430419L09Rik,8430419L09Rik,0.0702,0.8389,0.3963
8430423G03Rik,8430423G03Rik,0,,
8430427H17Rik,8430427H17Rik,0.0003,-0.6511,0.2882
8430429K09Rik,8430429K09Rik,0.0029,0.6927,0.3111
8430432A02Rik,8430432A02Rik,-0.0043,-1.431,0.8169
8430436N08Rik,8430436N08Rik,0,,
8430437L04Rik,8430437L04Rik,0,,
9030025P20Rik,9030025P20Rik,-0.0009,-1.431,0.8169
9030204H09Rik,9030204H09Rik,0,,
9030224M15Rik,9030224M15Rik,0,,
9030407P20Rik,9030407P20Rik,0,,
9030418K01Rik,9030418K01Rik,-0.0169,-1.874,1.2151
9030425E11Rik,9030425E11Rik,0,,
9030612E09Rik,9030612E09Rik,0,,
9030617O03Rik,9030617O03Rik,0.0483,-0.6567,0.2913
9030619P08Rik,9030619P08Rik,0,,
9030622O22Rik,9030622O22Rik,0,,
9030624G23Rik,9030624G23Rik,0,,
9030624J02Rik,9030624J02Rik,0.0282,-3.2024,2.8656
9030625A04Rik,9030625A04Rik,0.0725,-1.843,1.1849
9130008F23Rik,9130008F23Rik,0,,
9130011E15Rik,9130011E15Rik,0.0004,-1.2501,0.6751
9130011J15Rik,9130011J15Rik,0.0275,-1.482,0.859
9130014G24Rik,9130014G24Rik,0,,
9130015L21Rik,9130015L21Rik,0,,
9130017K11Rik,9130017K11Rik,0,,
9130017N09Rik,9130017N09Rik,0,,
9130019O22Rik,9130019O22Rik,0.0029,-0.5167,0.218
9130019P16Rik,9130019P16Rik,0,,
9130020K20Rik,9130020K20Rik,0,,
9130023H24Rik,9130023H24Rik,-0.0252,-2.5646,1.986
9130024F11Rik,9130024F11Rik,0,,
9130204K15Rik,9130204K15Rik,0,,
9130204L05Rik,9130204L05Rik,0,,
9130206I24Rik,9130206I24Rik,0,-0.5167,0.218
9130208D14Rik,9130208D14Rik,0,,
9130213A22Rik,9130213A22Rik,0,,
9130219A07Rik,9130219A07Rik,0,,
9130221H12Rik,9130221H12Rik,-0.0109,-0.3482,0.1381
9130230L23Rik,9130230L23Rik,0,,
9130401M01Rik,9130401M01Rik,0.0053,-1.1422,0.5962
9130404H23Rik,9130404H23Rik,0,,
9130409I23Rik,9130409I23Rik,0,,
9130409J20Rik,9130409J20Rik,0,,
9130410C08Rik,9130410C08Rik,0,,
9230009I02Rik,9230009I02Rik,0,,
9230019H11Rik,9230019H11Rik,0,,
9230020A06Rik,9230020A06Rik,0,,
9230102O04Rik,9230102O04Rik,0,,
9230104L09Rik,9230104L09Rik,-0.0069,-2.0286,1.3716
9230105E05Rik,9230105E05Rik,0,,
9230106D20Rik,9230106D20Rik,0,,
9230107M04Rik,9230107M04Rik,0,,
9230109A22Rik,9230109A22Rik,0,,
9230110C19Rik,9230110C19Rik,0,,
9230110F15Rik,9230110F15Rik,0,,
9230111E07Rik,9230111E07Rik,0,,
9230112D13Rik,9230112D13Rik,0,,
9230112E08Rik,9230112E08Rik,0.0057,-0.5167,0.218
9230113P08Rik,9230113P08Rik,0,,
9230114K14Rik,9230114K14Rik,-0.0086,-2.0286,1.3716
9230115E21Rik,9230115E21Rik,0,,
9230116N13Rik,9230116N13Rik,0.0087,0.6927,0.3111
9230117E06Rik,9230117E06Rik,0,,
9330020H09Rik,9330020H09Rik,-0.0077,-1.431,0.8169
9330101J02Rik,9330101J02Rik,0,,
9330104G04Rik,9330104G04Rik,0,,
9330111N05Rik,9330111N05Rik,0,,
9330132A10Rik,9330132A10Rik,0,,
9330133O14Rik,9330133O14Rik,-0.0033,-1.8012,1.1447
9330136K24Rik,9330136K24Rik,0,,
9330151L19Rik,9330151L19Rik,-0.0043,-1.431,0.8169
9330154J02Rik,9330154J02Rik,0,,
9330154K18Rik,9330154K18Rik,0,,
9330158H04Rik,9330158H04Rik,0,,
9330159F19Rik,9330159F19Rik,0,,
9330159M07Rik,9330159M07Rik,-0.0051,-1.431,0.8169
9330160F10Rik,9330160F10Rik,0.0054,0.9835,0.4876
9330161L09Rik,9330161L09Rik,-0.0017,-1.431,0.8169
9330162012Rik,9330162012Rik,0,,
9330171B17Rik,9330171B17Rik,0,,
9330175E14Rik,9330175E14Rik,0,,
9330179D12Rik,9330179D12Rik,0,,
9330182L06Rik,9330182L06Rik,0,,
9330185C12Rik,9330185C12Rik,0,,
9330188P03Rik,9330188P03Rik,0,,
9330198N18Rik,9330198N18Rik,0,,
9430002A10Rik,9430002A10Rik,-0.0009,-1.431,0.8169
9430007A20Rik,9430007A20Rik,0,,
9430008C03Rik,9430008C03Rik,-0.0226,-1.3165,0.7259
9430015G10Rik,9430015G10Rik,0.0086,0.3286,0.1293
9430016H08Rik,9430016H08Rik,-0.0102,-0.9194,0.4462
9430020K01Rik,9430020K01Rik,0,,
9430021M05Rik,9430021M05Rik,0,,
9430023L20Rik,9430023L20Rik,-0.0147,-2.5113,1.9198
9430024E24Rik,9430024E24Rik,0,,
9430025C20Rik,9430025C20Rik,0,,
9430029A11Rik,9430029A11Rik,0,,
9430031J16Rik,9430031J16Rik,0,,
9430037G07Rik,9430037G07Rik,0,,
9430038I01Rik,9430038I01Rik,-0.0018,-1.47,0.8491
9430041J12Rik,9430041J12Rik,0,,
9430065F17Rik,9430065F17Rik,0,,
9430070O13Rik,9430070O13Rik,0,,
9430073C21Rik,9430073C21Rik,0,,
9430076C15Rik,9430076C15Rik,0,,
9430076G02Rik,9430076G02Rik,0,,
9430091E24Rik,9430091E24Rik,0,,
9430093N23Rik,9430093N23Rik,0,,
9430097D07Rik,9430097D07Rik,0,,
9530002B09Rik,9530002B09Rik,0,,
9530003J23Rik,9530003J23Rik,-0.0017,-1.431,0.8169
9530008L14Rik,9530008L14Rik,0,,
9530026F06Rik,9530026F06Rik,0,,
9530026P05Rik,9530026P05Rik,0,,
9530027J09Rik,9530027J09Rik,0,,
9530034E10Rik,9530034E10Rik,0,,
9530036M11Rik,9530036M11Rik,0,,
9530036O11Rik,9530036O11Rik,0,,
9530046B11Rik,9530046B11Rik,0,,
9530048J24Rik,9530048J24Rik,0,,
9530051G07Rik,9530051G07Rik,0,,
9530052C20Rik,9530052C20Rik,0.0025,0.6927,0.3111
9530052E02Rik,9530052E02Rik,0,,
9530053A07Rik,9530053A07Rik,0,,
9530056K15Rik,9530056K15Rik,0,,
9530059O14Rik,9530059O14Rik,0.0013,0.6927,0.3111
9530068E07Rik,9530068E07Rik,-0.0783,-5.0013,6.2446
9530072K05Rik,9530072K05Rik,0,,
9530077C05Rik,9530077C05Rik,0,,
9530080O11Rik,9530080O11Rik,0,,
9530082P21Rik,9530082P21Rik,0.0082,-1.2501,0.6751
9530085L02Rik,9530085L02Rik,0,,
9630001P10Rik,9630001P10Rik,0,,
9630013D21Rik,9630013D21Rik,0,,
9630013K17Rik,9630013K17Rik,0,,
9630014M24Rik,9630014M24Rik,0,,
9630028B13Rik,9630028B13Rik,0,,
9630028H03Rik,9630028H03Rik,0,,
9630033F20Rik,9630033F20Rik,-0.0116,-3.6103,3.5145
9630041A04Rik,9630041A04Rik,0,,
9830001H06Rik,9830001H06Rik,-0.0071,-1.102,0.5679
9830107B12Rik,9830107B12Rik,0,,
9830144P21Rik,9830144P21Rik,0,,
9830147E19Rik,9830147E19Rik,0.005,-0.5167,0.218
9930005F22Rik,9930005F22Rik,0,,
9930012K11Rik,9930012K11Rik,0,,
9930013L23Rik,9930013L23Rik,0,,
9930014A18Rik,9930014A18Rik,0.0054,0.6927,0.3111
9930021D14Rik,9930021D14Rik,0,,
9930021J03Rik,9930021J03Rik,0.0458,-1.0243,0.5147
9930022D16Rik,9930022D16Rik,-0.0043,-1.431,0.8169
9930023K05Rik,9930023K05Rik,0,,
9930038B18Rik,9930038B18Rik,0,,
9930038K12Rik,9930038K12Rik,0,,
9930104L06Rik,9930104L06Rik,0.0131,0.3286,0.1293
9930111J21Rik1,9930111J21Rik1,-0.0026,-1.431,0.8169
9930111J21Rik2,9930111J21Rik2,-0.1091,-5.8072,8.1972
A030003K02Rik,A030003K02Rik,0,,
A030009H04Rik,A030009H04Rik,0.0379,1.2069,0.6431
A130006I12Rik,A130006I12Rik,0,,
A130010J15Rik,A130010J15Rik,-0.0069,-2.0286,1.3716
A130022J15Rik,A130022J15Rik,-0.0252,-2.5617,1.9823
A130023I24Rik,A130023I24Rik,0,,
A130030D18Rik,A130030D18Rik,0,,
A130049A11Rik,A130049A11Rik,-0.0051,-1.431,0.8169
A130050O07Rik,A130050O07Rik,0,,
A130066N16Rik,A130066N16Rik,0,,
A1bg,A1bg,0,,
A1cf,A1cf,0,,
A230004M16Rik,A230004M16Rik,0,,
A230005M16Rik,A230005M16Rik,0,,
A230006K03Rik,A230006K03Rik,0,,
A230009B12Rik,A230009B12Rik,0,,
A230028O05Rik,A230028O05Rik,0,,
A230046K03Rik,A230046K03Rik,-0.0257,-3.7793,3.8033
A230050P20Rik,A230050P20Rik,0.0036,-1.2942,0.7086
A230051G13Rik,A230051G13Rik,0.0011,0.3203,0.1257
A230052G05Rik,A230052G05Rik,0,,
A230056P14Rik,A230056P14Rik,0.0008,0.6927,0.3111
A230059L01Rik,A230059L01Rik,0.0108,0.9835,0.4876
A230065H16Rik,A230065H16Rik,0,,
A230065N10Rik,A230065N10Rik,0,,
A230071N21Rik,A230071N21Rik,0,,
A230072C01Rik,A230072C01Rik,0,,
A230072I06Rik,A230072I06Rik,0,,
A230083G16Rik,A230083G16Rik,0,,
A230083N12Rik,A230083N12Rik,0,,
A230087F16Rik,A230087F16Rik,0,,
A230103J11Rik,A230103J11Rik,0,,
A230107N01Rik,A230107N01Rik,0,,
A230108P19Rik,A230108P19Rik,0,,
A2ld1,A2ld1,0.0443,-2.2068,1.5634
A2m,A2m,0,,
A330008L17Rik,A330008L17Rik,0,,
A330009N23Rik,A330009N23Rik,0,,
A330017A19Rik,A330017A19Rik,0.0062,0.9835,0.4876
A330021E22Rik,A330021E22Rik,0,,
A330023F24Rik,A330023F24Rik,0,,
A330032B11Rik,A330032B11Rik,0,,
A330033J07Rik,A330033J07Rik,0,,
A330035P11Rik,A330035P11Rik,0,,
A330040F15Rik,A330040F15Rik,0.0025,0.6927,0.3111
A330041J22Rik,A330041J22Rik,0.0017,0.6927,0.3111
A330043C09Rik,A330043C09Rik,0,,
A330048O09Rik,A330048O09Rik,0,,
A330049M08Rik,A330049M08Rik,-0.0017,-1.431,0.8169
A330050B17Rik,A330050B17Rik,0,,
A330050F15Rik,A330050F15Rik,0,,
A330069E16Rik,A330069E16Rik,0.0017,0.6927,0.3111
A330070K13Rik,A330070K13Rik,0,,
A330076H08Rik,A330076H08Rik,0,,
A330094K24Rik,A330094K24Rik,0,,
A330102I10Rik,A330102I10Rik,0,,
A3galt2,A3galt2,0,,
A430005L14Rik,A430005L14Rik,0.0238,-1.8304,1.1727
A430010J10Rik,A430010J10Rik,0,,
A430018G15Rik,A430018G15Rik,0.0109,0.6015,0.2616
A430033K04Rik,A430033K04Rik,-0.0112,-1.2549,0.6788
A430046D13Rik,A430046D13Rik,-0.0117,-1.3016,0.7144
A430048G15Rik,A430048G15Rik,0,,
A430057M04Rik,A430057M04Rik,-0.0009,-1.431,0.8169
A430060F13Rik,A430060F13Rik,0,,
A430071A18Rik,A430071A18Rik,0.0025,0.6927,0.3111
A430072P03Rik,A430072P03Rik,0,,
A430078G23Rik,A430078G23Rik,0,,
A430078I02Rik,A430078I02Rik,0,,
A430084P05Rik,A430084P05Rik,0.0053,0.3286,0.1293
A430092G05Rik,A430092G05Rik,0,,
A430093F15Rik,A430093F15Rik,-0.0179,-2.8765,2.3957
A430104N18Rik,A430104N18Rik,0.0086,-0.7343,0.3347
A430105I19Rik,A430105I19Rik,0,,
A430105J06Rik,A430105J06Rik,0,,
A430107O13Rik,A430107O13Rik,-0.0094,-2.8765,2.3957
A430108G06Rik,A430108G06Rik,0.0058,0.6927,0.3111
A430110L20Rik,A430110L20Rik,0.0065,-0.0216,0.0075
A430110N23Rik,A430110N23Rik,0,,
A4galt,A4galt,0,,
A4gnt,A4gnt,0,,
A530006G24Rik,A530006G24Rik,0,,
A530010F05Rik,A530010F05Rik,0,,
A530013C23Rik,A530013C23Rik,0.0158,0.6927,0.3111
A530016L24Rik,A530016L24Rik,0,,
A530017D24Rik,A530017D24Rik,-0.0039,-1.8012,1.1447
A530020G20Rik,A530020G20Rik,0,,
A530021J07Rik,A530021J07Rik,0,,
A530032D15Rik,A530032D15Rik,0.0013,0.6927,0.3111
A530040E14Rik,A530040E14Rik,0,,
A530053G22Rik,A530053G22Rik,0,,
A530054K11Rik,A530054K11Rik,0.0008,-1.8796,1.2206
A530058N18Rik,A530058N18Rik,0,,
A530064D06Rik,A530064D06Rik,0.0133,0.6927,0.3111
A530072M11Rik,A530072M11Rik,0.0037,0.6927,0.3111
A530076I17Rik,A530076I17Rik,-0.0009,-1.431,0.8169
A530083I20Rik,A530083I20Rik,0,,
A530084C06Rik,A530084C06Rik,0,,
A530088E08Rik,A530088E08Rik,0,,
A530095I07Rik,A530095I07Rik,0,,
A530098C11Rik,A530098C11Rik,0,,
A530099J19Rik,A530099J19Rik,0,,
A630001G21Rik,A630001G21Rik,0.0175,-0.1734,0.0643
A630007B06Rik,A630007B06Rik,0.0221,-1.1302,0.5877
A630010A05Rik,A630010A05Rik,0,,
A630012P03Rik,A630012P03Rik,0,,
A630014C17Rik,A630014C17Rik,0,,
A630023P12Rik,A630023P12Rik,0,,
A630031M04Rik,A630031M04Rik,0,,
A630033H20Rik,A630033H20Rik,0.0099,-0.337,0.1331
A630050E04Rik,A630050E04Rik,0,,
A630052C17Rik,A630052C17Rik,-0.0179,-1.431,0.8169
A630055G03Rik,A630055G03Rik,0,,
A630071L07Rik,A630071L07Rik,0,,
A630072L19Rik,A630072L19Rik,0,,
A630073D07Rik,A630073D07Rik,0,,
A630075F10Rik,A630075F10Rik,0,,
A630077J23Rik,A630077J23Rik,0,,
A630091E08Rik,A630091E08Rik,0,,
A630095E13Rik,A630095E13Rik,0,,
A730011C13Rik,A730011C13Rik,0,,
A730011L01Rik,A730011L01Rik,0.0095,0.8474,0.4014
A730013G03Rik,A730013G03Rik,0,,
A730015C16Rik,A730015C16Rik,0,,
A730017C20Rik,A730017C20Rik,0,,
A730017L22Rik,A730017L22Rik,-0.0034,-1.431,0.8169
A730018C14Rik,A730018C14Rik,0,,
A730020E08Rik,A730020E08Rik,-0.006,-1.431,0.8169
A730020M07Rik,A730020M07Rik,0,,
A730032A03Rik,A730032A03Rik,0,,
A730035I17Rik,A730035I17Rik,0,,
A730036I17Rik,A730036I17Rik,0,,
A730037C10Rik,A730037C10Rik,0,,
A730045E13Rik,A730045E13Rik,0,,
A730046J19Rik,A730046J19Rik,0,,
A730049H05Rik,A730049H05Rik,0,,
A730056A06Rik,A730056A06Rik,0,,
A730061H03Rik,A730061H03Rik,0,,
A730068I03Rik,A730068I03Rik,0,,
A730081D07Rik,A730081D07Rik,0,,
A730085A09Rik,A730085A09Rik,0,,
A730090H04Rik,A730090H04Rik,0,,
A730090N16Rik,A730090N16Rik,0,,
A730099G02Rik,A730099G02Rik,-0.0009,-1.431,0.8169
A830005F24Rik,A830005F24Rik,0,,
A830007P12Rik,A830007P12Rik,-0.0288,-2.41,1.7972
A830009L08Rik,A830009L08Rik,0,,
A830010M20Rik,A830010M20Rik,0,,
A830011K09Rik,A830011K09Rik,0,,
A830012C17Rik,A830012C17Rik,0,,
A830018L16Rik,A830018L16Rik,0,,
A830031A19Rik,A830031A19Rik,0,,
A830035A12Rik,A830035A12Rik,0,,
A830036E02Rik,A830036E02Rik,0,,
A830039N20Rik,A830039N20Rik,0.0031,-1.2501,0.6751
A830052D11Rik,A830052D11Rik,-0.0017,-1.431,0.8169
A830073O21Rik,A830073O21Rik,0,,
A830080D01Rik,A830080D01Rik,0.0202,0.8474,0.4014
A830082K12Rik,A830082K12Rik,0,,
A830092H15Rik,A830092H15Rik,0,,
A830093I24Rik,A830093I24Rik,0,,
A930001C03Rik,A930001C03Rik,0,,
A930001N09Rik,A930001N09Rik,-0.0536,-4.4712,5.1092
A930002H24Rik,A930002H24Rik,0,,
A930002I21Rik,A930002I21Rik,0,,
A930003A15Rik,A930003A15Rik,0,,
A930004D18Rik,A930004D18Rik,0,,
A930005H10Rik,A930005H10Rik,0.0033,0.6927,0.3111
A930005I04Rik,A930005I04Rik,0,,
A930006I01Rik,A930006I01Rik,0,,
A930006K02Rik,A930006K02Rik,-0.0255,-2.8765,2.3957
A930007I19Rik,A930007I19Rik,-0.0273,-3.8849,3.9898
A930011G23Rik,A930011G23Rik,0.0013,0.6927,0.3111
A930011O12Rik,A930011O12Rik,0,,
A930012L18Rik,A930012L18Rik,0,,
A930012O16Rik,A930012O16Rik,0,,
A930013B10Rik,A930013B10Rik,0,,
A930015D03Rik,A930015D03Rik,0,,
A930016O22Rik,A930016O22Rik,0,,
A930017K11Rik,A930017K11Rik,-0.0017,-1.431,0.8169
A930017M01Rik,A930017M01Rik,0,,
A930018M24Rik,A930018M24Rik,0,,
A930018P22Rik,A930018P22Rik,0,,
A930019D19Rik,A930019D19Rik,0,,
A930024E05Rik,A930024E05Rik,0.0048,-0.0216,0.0075
A930024N18Rik,A930024N18Rik,0,,
A930028C08Rik,A930028C08Rik,0,,
A930029G22Rik,A930029G22Rik,-0.0026,-1.431,0.8169
A930031H19Rik,A930031H19Rik,0,,
A930033H14Rik,A930033H14Rik,0,,
A930035D04Rik,A930035D04Rik,0,,
A930038B10Rik,A930038B10Rik,0,,
A930038C07Rik,A930038C07Rik,0,,
A930039A15Rik,A930039A15Rik,0,,
A930041C12Rik,A930041C12Rik,0,,
A930104D05Rik,A930104D05Rik,0,,
AA386476,AA386476,0,,
AA387200,AA387200,0,,
AA413626,AA413626,0,,
AA414768,AA414768,-0.0069,-1.431,0.8169
AA415398,AA415398,0,,
AA467197,AA467197,0,,
AA474408,AA474408,0,,
AA543186,AA543186,0,,
AA543401,AA543401,0,,
AA623943,AA623943,0,,
AA645442,AA645442,0,,
AA672651,AA672651,0,,
AA792892,AA792892,0,,
AA960436,AA960436,-0.015,-0.7425,0.3394
AA986860,AA986860,0.0075,0.6927,0.3111
AA987161,AA987161,-0.0587,-2.2487,1.6103
AB041803,AB041803,0,,
AB041806,AB041806,0,,
AB069917,AB069917,0,,
AB124611,AB124611,-0.0088,-2.8913,2.4161
AC015535.1,AC015535.1,0,,
AC020968.1,AC020968.1,0,,
AC022236.1,AC022236.1,0,,
AC024607.1,AC024607.1,0,,
AC026231.1,AC026231.1,0,,
AC027184.1,AC027184.1,-0.0001,-0.5167,0.218
AC027654.1,AC027654.1,0,,
AC044807.1,AC044807.1,0,,
AC044864.1,AC044864.1,0,,
AC044864.2,AC044864.2,0,,
AC048362.1,AC048362.1,0,,
AC069308.1,AC069308.1,0,,
AC073553.1,AC073553.1,0,,
AC073553.2,AC073553.2,0,,
AC073553.3,AC073553.3,0,,
AC073947.1,AC073947.1,0,,
AC079245.1,AC079245.1,0,,
AC083946.1,AC083946.1,0,,
AC084162.1,AC084162.1,0,,
AC084287.1,AC084287.1,0,,
AC084389.1,AC084389.1,0,,
AC084822.1,AC084822.1,0,,
AC084822.2,AC084822.2,0,,
AC087117.1,AC087117.1,0,,
AC087117.2,AC087117.2,-0.0069,-1.431,0.8169
AC087117.3,AC087117.3,0,,
AC087183.1,AC087183.1,0,,
AC087556.1,AC087556.1,0,,
AC087801.1,AC087801.1,0,,
AC087898.1,AC087898.1,0,,
AC090443.1,AC090443.1,0,,
AC090489.1,AC090489.1,0,,
AC090489.2,AC090489.2,0,,
AC090648.1,AC090648.1,0,,
AC091260.1,AC091260.1,0,,
AC091333.1,AC091333.1,0,,
AC091333.2,AC091333.2,0,,
AC091333.3,AC091333.3,0,,
AC091333.4,AC091333.4,0,,
AC091333.5,AC091333.5,0,,
AC091333.6,AC091333.6,0,,
AC091522.1,AC091522.1,0,,
AC091763.1,AC091763.1,0,,
AC093346.1,AC093346.1,0,,
AC093451.1,AC093451.1,0,,
AC093451.2,AC093451.2,0,,
AC098726.1,AC098726.1,0,,
AC098732.1,AC098732.1,0,,
AC098743.1,AC098743.1,0,,
AC098884.1,AC098884.1,0,,
AC099576.1,AC099576.1,0,,
AC099599.1,AC099599.1,0,,
AC099601.1,AC099601.1,0,,
AC099728.1,AC099728.1,0,,
AC099934.1,AC099934.1,0.0326,2.1054,1.4528
AC100386.1,AC100386.1,0,,
AC100600.1,AC100600.1,0,,
AC100729.1,AC100729.1,0,,
AC101659.1,AC101659.1,0,,
AC101777.1,AC101777.1,0,,
AC101833.1,AC101833.1,0,,
AC101886.1,AC101886.1,0,,
AC101970.1,AC101970.1,0,,
AC102038.1,AC102038.1,0,,
AC102205.1,AC102205.1,0,,
AC102227.1,AC102227.1,0,,
AC102240.1,AC102240.1,0,,
AC102240.2,AC102240.2,0,,
AC102287.1,AC102287.1,0,,
AC102320.1,AC102320.1,0,,
AC102435.1,AC102435.1,0,,
AC102463.1,AC102463.1,0,,
AC102463.2,AC102463.2,0,,
AC102477.1,AC102477.1,0,,
AC102525.1,AC102525.1,0,,
AC102528.1,AC102528.1,0,,
AC102561.1,AC102561.1,0,,
AC102570.1,AC102570.1,-0.0054,-1.7895,1.1335
AC102572.1,AC102572.1,0,,
AC102604.1,AC102604.1,0,,
AC102618.1,AC102618.1,0,,
AC102628.1,AC102628.1,0,,
AC102689.1,AC102689.1,0,,
AC102703.1,AC102703.1,0,,
AC102761.1,AC102761.1,0,,
AC102815.1,AC102815.1,0,,
AC102862.1,AC102862.1,0,,
AC103351.1,AC103351.1,0,,
AC103359.1,AC103359.1,0,,
AC103368.1,AC103368.1,0,,
AC103388.1,AC103388.1,0,,
AC103598.1,AC103598.1,0,,
AC103663.1,AC103663.1,0,,
AC103664.1,AC103664.1,0,,
AC104196.1,AC104196.1,0,,
AC104324.1,AC104324.1,0,,
AC104325.1,AC104325.1,0,,
AC105256.1,AC105256.1,0,,
AC105256.2,AC105256.2,-0.0043,-1.431,0.8169
AC105995.1,AC105995.1,0,,
AC106841.1,AC106841.1,0,,
AC107454.1,AC107454.1,0,,
AC107456.1,AC107456.1,0,,
AC107641.1,AC107641.1,0,,
AC107641.2,AC107641.2,0,,
AC107641.3,AC107641.3,0,,
AC107678.1,AC107678.1,0,,
AC107711.1,AC107711.1,0,,
AC107711.2,AC107711.2,0,,
AC107756.1,AC107756.1,0,,
AC107770.1,AC107770.1,0,,
AC108409.1,AC108409.1,0,,
AC108410.1,AC108410.1,0,,
AC108410.2,AC108410.2,0,,
AC108434.1,AC108434.1,0,,
AC108942.1,AC108942.1,0,,
AC109138.1,AC109138.1,0,,
AC109145.1,AC109145.1,0,,
AC109196.1,AC109196.1,0,,
AC109201.1,AC109201.1,-0.0009,-1.431,0.8169
AC109245.1,AC109245.1,0,,
AC109299.1,AC109299.1,0,,
AC110195.1,AC110195.1,0,,
AC110211.1,AC110211.1,0,,
AC110235.1,AC110235.1,0,,
AC110374.1,AC110374.1,0,,
AC110520.1,AC110520.1,0,,
AC110817.1,AC110817.1,0,,
AC110903.1,AC110903.1,0,,
AC110909.1,AC110909.1,0,,
AC111029.1,AC111029.1,0,,
AC111029.2,AC111029.2,0,,
AC111074.1,AC111074.1,0,,
AC111115.1,AC111115.1,0,,
AC111132.1,AC111132.1,0,,
AC111135.1,AC111135.1,0,,
AC112520.1,AC112520.1,0,,
AC112681.1,AC112681.1,0,,
AC112688.1,AC112688.1,0,,
AC112790.1,AC112790.1,0,,
AC112941.1,AC112941.1,0,,
AC113092.1,AC113092.1,0,,
AC113104.1,AC113104.1,0,,
AC113124.1,AC113124.1,0,,
AC113178.1,AC113178.1,0,,
AC113244.1,AC113244.1,0,,
AC113276.1,AC113276.1,0,,
AC113291.1,AC113291.1,0,,
AC113316.1,AC113316.1,1.2957,8.7906,17.8276
AC113329.1,AC113329.1,0.0112,-0.5167,0.218
AC113593.1,AC113593.1,0,,
AC113598.1,AC113598.1,0,,
AC114404.1,AC114404.1,0,,
AC114406.1,AC114406.1,0,,
AC114558.1,AC114558.1,0,,
AC114657.1,AC114657.1,0,,
AC114668.1,AC114668.1,0,,
AC114819.1,AC114819.1,0,,
AC114825.1,AC114825.1,0,,
AC114901.1,AC114901.1,0,,
AC114917.1,AC114917.1,0,,
AC115005.1,AC115005.1,0,,
AC115121.1,AC115121.1,0,,
AC115121.2,AC115121.2,0,,
AC115293.1,AC115293.1,0,,
AC115697.1,AC115697.1,0.3185,1.5351,0.9039
AC115706.1,AC115706.1,0,,
AC115767.1,AC115767.1,0,,
AC115798.1,AC115798.1,0,,
AC115802.1,AC115802.1,0,,
AC115823.1,AC115823.1,0,,
AC115933.1,AC115933.1,0,,
AC116121.1,AC116121.1,0,,
AC116151.1,AC116151.1,0,,
AC116595.1,AC116595.1,0,,
AC116712.1,AC116712.1,0,,
AC116729.1,AC116729.1,0,,
AC117577.1,AC117577.1,0,,
AC117577.2,AC117577.2,0,,
AC117578.1,AC117578.1,0,,
AC117610.1,AC117610.1,0,,
AC117644.1,AC117644.1,0,,
AC117644.2,AC117644.2,0,,
AC117644.3,AC117644.3,0,,
AC117644.4,AC117644.4,0,,
AC117644.5,AC117644.5,0,,
AC117657.1,AC117657.1,0,,
AC117662.1,AC117662.1,0,,
AC117663.1,AC117663.1,0,,
AC117684.1,AC117684.1,0,,
AC117684.2,AC117684.2,0,,
AC117688.1,AC117688.1,0,,
AC117806.1,AC117806.1,0,,
AC117949.1,AC117949.1,0,,
AC118193.1,AC118193.1,0,,
AC118240.1,AC118240.1,0,,
AC118255.1,AC118255.1,0.0631,-0.6397,0.282
AC118561.1,AC118561.1,0,,
AC118603.1,AC118603.1,0,,
AC118632.1,AC118632.1,0,,
AC118696.1,AC118696.1,0,,
AC119211.1,AC119211.1,0.2308,-0.9562,0.4698
AC119249.1,AC119249.1,0,,
AC119249.2,AC119249.2,0,,
AC119249.3,AC119249.3,0,,
AC119249.4,AC119249.4,0,,
AC119249.5,AC119249.5,0,,
AC119249.6,AC119249.6,0,,
AC119801.1,AC119801.1,0,,
AC119813.1,AC119813.1,0,,
AC119834.1,AC119834.1,0,,
AC119939.1,AC119939.1,0,,
AC120002.1,AC120002.1,0,,
AC120136.1,AC120136.1,0,,
AC120136.2,AC120136.2,0,,
AC120136.3,AC120136.3,0,,
AC120367.1,AC120367.1,0,,
AC120540.1,AC120540.1,0,,
AC121540.1,AC121540.1,0,,
AC121599.1,AC121599.1,0,,
AC121600.1,AC121600.1,0,,
AC121604.1,AC121604.1,0,,
AC121784.1,AC121784.1,0,,
AC121784.2,AC121784.2,0,,
AC121784.3,AC121784.3,0,,
AC121784.4,AC121784.4,0,,
AC121784.5,AC121784.5,0,,
AC121802.1,AC121802.1,0.0104,0.6927,0.3111
AC121814.1,AC121814.1,0,,
AC121874.1,AC121874.1,0,,
AC121892.1,AC121892.1,0,,
AC121953.1,AC121953.1,0,,
AC121954.1,AC121954.1,0,,
AC121967.1,AC121967.1,0,,
AC122043.1,AC122043.1,0,,
AC122057.1,AC122057.1,0,,
AC122119.1,AC122119.1,0,,
AC122183.1,AC122183.1,0,,
AC122184.1,AC122184.1,0,,
AC122189.1,AC122189.1,0,,
AC122194.1,AC122194.1,0,,
AC122199.1,AC122199.1,0,,
AC122209.1,AC122209.1,0,,
AC122210.1,AC122210.1,0,,
AC122218.1,AC122218.1,0,,
AC122246.1,AC122246.1,0,,
AC122247.1,AC122247.1,0,,
AC122252.1,AC122252.1,0,,
AC122266.1,AC122266.1,0,,
AC122270.1,AC122270.1,0,,
AC122304.1,AC122304.1,0,,
AC122313.1,AC122313.1,0,,
AC122313.2,AC122313.2,0,,
AC122323.1,AC122323.1,0,,
AC122327.1,AC122327.1,0,,
AC122337.1,AC122337.1,0,,
AC122357.1,AC122357.1,0,,
AC122359.1,AC122359.1,0,,
AC122362.1,AC122362.1,0,,
AC122372.1,AC122372.1,0,,
AC122376.1,AC122376.1,0,,
AC122386.1,AC122386.1,0,,
AC122386.2,AC122386.2,0,,
AC122402.1,AC122402.1,0,,
AC122417.1,AC122417.1,0,,
AC122448.1,AC122448.1,0,,
AC122454.1,AC122454.1,0,,
AC122459.1,AC122459.1,-0.012,-2.0286,1.3716
AC122463.1,AC122463.1,0,,
AC122490.1,AC122490.1,0,,
AC122520.1,AC122520.1,0,,
AC122520.2,AC122520.2,0,,
AC122525.1,AC122525.1,0,,
AC122537.1,AC122537.1,0,,
AC122546.1,AC122546.1,0,,
AC122546.2,AC122546.2,0,,
AC122735.1,AC122735.1,0,,
AC122775.1,AC122775.1,0,,
AC122782.1,AC122782.1,0,,
AC122806.1,AC122806.1,0,,
AC122806.2,AC122806.2,0,,
AC122821.1,AC122821.1,0,,
AC122824.1,AC122824.1,0,,
AC122826.1,AC122826.1,0,,
AC122860.1,AC122860.1,0,,
AC122925.1,AC122925.1,0,,
AC123043.1,AC123043.1,0,,
AC123045.1,AC123045.1,0,,
AC123057.1,AC123057.1,0,,
AC123530.1,AC123530.1,0,,
AC123610.1,AC123610.1,0,,
AC123616.1,AC123616.1,0,,
AC123619.1,AC123619.1,0,,
AC123662.1,AC123662.1,0,,
AC123803.1,AC123803.1,0,,
AC123823.1,AC123823.1,0,,
AC123824.1,AC123824.1,0,,
AC123830.1,AC123830.1,0,,
AC123838.1,AC123838.1,0,,
AC123853.1,AC123853.1,0,,
AC123853.2,AC123853.2,-0.0137,-2.4881,1.8914
AC123859.1,AC123859.1,0,,
AC123882.1,AC123882.1,0,,
AC123985.1,AC123985.1,0,,
AC124005.1,AC124005.1,0,,
AC124080.1,AC124080.1,0,,
AC124115.1,AC124115.1,0,,
AC124134.1,AC124134.1,0,,
AC124180.1,AC124180.1,0,,
AC124193.1,AC124193.1,0,,
AC124226.1,AC124226.1,0,,
AC124367.1,AC124367.1,0,,
AC124394.1,AC124394.1,0,,
AC124398.1,AC124398.1,0,,
AC124406.1,AC124406.1,0,,
AC124426.1,AC124426.1,0,,
AC124426.2,AC124426.2,0,,
AC124466.1,AC124466.1,0,,
AC124472.1,AC124472.1,0,,
AC124480.1,AC124480.1,0,,
AC124481.1,AC124481.1,0,,
AC124489.1,AC124489.1,0.0338,0.9835,0.4876
AC124506.1,AC124506.1,0,,
AC124515.1,AC124515.1,0,,
AC124526.1,AC124526.1,0,,
AC124566.1,AC124566.1,0,,
AC124576.1,AC124576.1,0,,
AC124576.2,AC124576.2,0,,
AC124584.1,AC124584.1,0,,
AC124613.1,AC124613.1,0,,
AC124681.1,AC124681.1,0,,
AC124717.1,AC124717.1,0,,
AC124732.1,AC124732.1,0,,
AC124745.1,AC124745.1,0,,
AC124746.1,AC124746.1,0,,
AC124807.1,AC124807.1,0,,
AC124987.1,AC124987.1,0,,
AC124992.1,AC124992.1,0,,
AC125010.1,AC125010.1,0,,
AC125028.1,AC125028.1,0,,
AC125040.1,AC125040.1,0,,
AC125110.1,AC125110.1,0,,
AC125115.1,AC125115.1,0,,
AC125134.1,AC125134.1,0,,
AC125186.1,AC125186.1,0,,
AC125186.2,AC125186.2,0,,
AC125201.1,AC125201.1,0,,
AC125204.1,AC125204.1,0,,
AC125372.1,AC125372.1,0,,
AC125484.1,AC125484.1,0.1073,-1.4373,0.8221
AC125540.1,AC125540.1,0,,
AC125541.1,AC125541.1,0,,
AC126023.1,AC126023.1,0,,
AC126033.1,AC126033.1,0,,
AC126045.1,AC126045.1,0,,
AC126428.1,AC126428.1,0,,
AC126435.1,AC126435.1,0,,
AC126443.1,AC126443.1,0,,
AC126447.1,AC126447.1,0,,
AC126547.1,AC126547.1,0,,
AC126679.1,AC126679.1,0,,
AC126690.1,AC126690.1,0,,
AC126690.2,AC126690.2,0,,
AC126798.1,AC126798.1,0,,
AC126942.1,AC126942.1,0.0013,0.6927,0.3111
AC127028.1,AC127028.1,0,,
AC127086.1,AC127086.1,0,,
AC127258.1,AC127258.1,0,,
AC127294.1,AC127294.1,0,,
AC127299.1,AC127299.1,0,,
AC127313.1,AC127313.1,0,,
AC127323.1,AC127323.1,0,,
AC127354.1,AC127354.1,0,,
AC127366.1,AC127366.1,0,,
AC127419.1,AC127419.1,0,,
AC127431.1,AC127431.1,0,,
AC127546.1,AC127546.1,0,,
AC127575.1,AC127575.1,0,,
AC127677.1,AC127677.1,0,,
AC127694.1,AC127694.1,0,,
AC128668.1,AC128668.1,0,,
AC129021.1,AC129021.1,0,,
AC129217.1,AC129217.1,0,,
AC129309.1,AC129309.1,0,,
AC129563.1,AC129563.1,0,,
AC129776.1,AC129776.1,0,,
AC130216.1,AC130216.1,0,,
AC130474.1,AC130474.1,0,,
AC130536.1,AC130536.1,0,,
AC130680.1,AC130680.1,0,,
AC130723.1,AC130723.1,0,,
AC130827.1,AC130827.1,0,,
AC131111.1,AC131111.1,0,,
AC131120.1,AC131120.1,0.0215,0.6927,0.3111
AC131316.1,AC131316.1,0,,
AC131332.1,AC131332.1,0,,
AC131591.1,AC131591.1,0,,
AC131596.1,AC131596.1,0,,
AC131665.1,AC131665.1,0,,
AC131692.1,AC131692.1,0.0048,-0.2488,0.095
AC131713.1,AC131713.1,0,,
AC131766.1,AC131766.1,0,,
AC131777.1,AC131777.1,0,,
AC131793.1,AC131793.1,0,,
AC132082.1,AC132082.1,0.0616,-0.4229,0.1724
AC132118.1,AC132118.1,0,,
AC132253.1,AC132253.1,0,,
AC132253.2,AC132253.2,0,,
AC132266.1,AC132266.1,0,,
AC132270.1,AC132270.1,0,,
AC132271.1,AC132271.1,0,,
AC132284.1,AC132284.1,0,,
AC132310.1,AC132310.1,0,,
AC132327.1,AC132327.1,0,,
AC132338.1,AC132338.1,0,,
AC132354.1,AC132354.1,0,,
AC132367.1,AC132367.1,0,,
AC132380.1,AC132380.1,0,,
AC132439.1,AC132439.1,0,,
AC132452.1,AC132452.1,0,,
AC132471.1,AC132471.1,0,,
AC132575.1,AC132575.1,-0.0009,-1.431,0.8169
AC132606.1,AC132606.1,0,,
AC132957.1,AC132957.1,0,,
AC133085.1,AC133085.1,0,,
AC133174.1,AC133174.1,0,,
AC133195.1,AC133195.1,0,,
AC133201.1,AC133201.1,0,,
AC133502.1,AC133502.1,0,,
AC133509.1,AC133509.1,-0.0034,-1.431,0.8169
AC133509.2,AC133509.2,0,,
AC133514.1,AC133514.1,0,,
AC133523.1,AC133523.1,0,,
AC133597.1,AC133597.1,0.0087,0.6927,0.3111
AC133646.1,AC133646.1,0.0004,0.6927,0.3111
AC133891.1,AC133891.1,0,,
AC134254.1,AC134254.1,0,,
AC134325.1,AC134325.1,-0.0099,-1.7832,1.1276
AC134382.1,AC134382.1,0,,
AC134426.1,AC134426.1,0,,
AC134443.1,AC134443.1,0,,
AC134445.1,AC134445.1,0,,
AC134447.1,AC134447.1,0,,
AC134452.1,AC134452.1,0.0017,0.6927,0.3111
AC134453.1,AC134453.1,0,,
AC134455.1,AC134455.1,0,,
AC134475.1,AC134475.1,0,,
AC134552.1,AC134552.1,0,,
AC134560.1,AC134560.1,0,,
AC134576.1,AC134576.1,-0.0009,-1.431,0.8169
AC134596.1,AC134596.1,0,,
AC134855.1,AC134855.1,0,,
AC134897.1,AC134897.1,0,,
AC134898.1,AC134898.1,0,,
AC134903.1,AC134903.1,0,,
AC134908.1,AC134908.1,0,,
AC134910.1,AC134910.1,0,,
AC134912.1,AC134912.1,0,,
AC134918.1,AC134918.1,0,,
AC135118.1,AC135118.1,0,,
AC135289.1,AC135289.1,0,,
AC135292.1,AC135292.1,0,,
AC136021.1,AC136021.1,-0.0026,-1.431,0.8169
AC136741.1,AC136741.1,0,,
AC136976.1,AC136976.1,0,,
AC137107.1,AC137107.1,0,,
AC137692.1,AC137692.1,0,,
AC137708.1,AC137708.1,0,,
AC137969.1,AC137969.1,0,,
AC137969.2,AC137969.2,0,,
AC138118.1,AC138118.1,0,,
AC138200.1,AC138200.1,0,,
AC138299.1,AC138299.1,0,,
AC138311.1,AC138311.1,0,,
AC138311.2,AC138311.2,0,,
AC138317.1,AC138317.1,0,,
AC138376.1,AC138376.1,0,,
AC138604.1,AC138604.1,0,,
AC138722.1,AC138722.1,0,,
AC138790.1,AC138790.1,0,,
AC139241.1,AC139241.1,0,,
AC139317.1,AC139317.1,0,,
AC139323.1,AC139323.1,0,,
AC139348.1,AC139348.1,0,,
AC139378.1,AC139378.1,0,,
AC139568.1,AC139568.1,0,,
AC139759.1,AC139759.1,-0.0107,-1.2573,0.6806
AC140192.1,AC140192.1,0,,
AC140313.1,AC140313.1,0,,
AC140318.1,AC140318.1,0,,
AC140327.1,AC140327.1,0,,
AC140340.1,AC140340.1,0,,
AC140381.1,AC140381.1,0,,
AC140457.1,AC140457.1,0,,
AC140486.1,AC140486.1,0,,
AC140983.1,AC140983.1,0,,
AC141438.1,AC141438.1,0,,
AC141469.1,AC141469.1,0,,
AC141469.5,AC141469.5,-0.03,-2.1647,1.517
AC141471.1,AC141471.1,0,,
AC141566.1,AC141566.1,0,,
AC141869.1,AC141869.1,0,,
AC141876.1,AC141876.1,0,,
AC141881.1,AC141881.1,0,,
AC141881.2,AC141881.2,0,,
AC141881.3,AC141881.3,0,,
AC141881.4,AC141881.4,0,,
AC141881.5,AC141881.5,0,,
AC141881.6,AC141881.6,0,,
AC141881.7,AC141881.7,0,,
AC141881.8,AC141881.8,0,,
AC141881.9,AC141881.9,0,,
AC142099.1,AC142099.1,0,,
AC142100.1,AC142100.1,0,,
AC142112.1,AC142112.1,0,,
AC142212.1,AC142212.1,0,,
AC142474.1,AC142474.1,0,,
AC143329.1,AC143329.1,0,,
AC144543.1,AC144543.1,0,,
AC144621.1,AC144621.1,0,,
AC144778.1,AC144778.1,0,,
AC144794.1,AC144794.1,0,,
AC144905.1,AC144905.1,0,,
AC146595.1,AC146595.1,0,,
AC147047.1,AC147047.1,0,,
AC147101.1,AC147101.1,0,,
AC147162.1,AC147162.1,0,,
AC147251.1,AC147251.1,0,,
AC148019.1,AC148019.1,0,,
AC148768.1,AC148768.1,0,,
AC148990.1,AC148990.1,0,,
AC149058.1,AC149058.1,0,,
AC149222.1,AC149222.1,0,,
AC149277.1,AC149277.1,0,,
AC149277.2,AC149277.2,0,,
AC149593.1,AC149593.1,0,,
AC149599.1,AC149599.1,0.0123,0.8406,0.3973
AC150277.1,AC150277.1,0,,
AC150660.1,AC150660.1,0,,
AC150681.1,AC150681.1,0,,
AC150744.1,AC150744.1,0,,
AC151406.1,AC151406.1,0,,
AC151412.1,AC151412.1,0,,
AC151572.1,AC151572.1,0,,
AC151577.1,AC151577.1,0,,
AC151601.1,AC151601.1,0,,
AC151602.1,AC151602.1,0.4124,3.9438,4.0958
AC151974.1,AC151974.1,0,,
AC151983.1,AC151983.1,0,,
AC152058.1,AC152058.1,0,,
AC152062.1,AC152062.1,0,,
AC152063.1,AC152063.1,0,,
AC152063.2,AC152063.2,0,,
AC152063.3,AC152063.3,0,,
AC152164.1,AC152164.1,-0.0086,-2.0286,1.3716
AC152394.1,AC152394.1,0,,
AC152453.1,AC152453.1,-0.0024,-2.5528,1.9712
AC152826.1,AC152826.1,0,,
AC152946.1,AC152946.1,0,,
AC152987.1,AC152987.1,0,,
AC153136.1,AC153136.1,0,,
AC153147.1,AC153147.1,0,,
AC153489.1,AC153489.1,0,,
AC153556.1,AC153556.1,0,,
AC153564.1,AC153564.1,0,,
AC153589.1,AC153589.1,0,,
AC153624.1,AC153624.1,0,,
AC153658.1,AC153658.1,0,,
AC153790.1,AC153790.1,0,,
AC153815.1,AC153815.1,0,,
AC153877.1,AC153877.1,0,,
AC153902.1,AC153902.1,0,,
AC153909.1,AC153909.1,0,,
AC153910.1,AC153910.1,0,,
AC153918.1,AC153918.1,0,,
AC153950.1,AC153950.1,0,,
AC153972.1,AC153972.1,0,,
AC153974.1,AC153974.1,0.0013,0.6927,0.3111
AC153982.1,AC153982.1,0,,
AC154006.1,AC154006.1,0,,
AC154106.1,AC154106.1,0,,
AC154124.1,AC154124.1,0.0075,0.9835,0.4876
AC154187.1,AC154187.1,0,,
AC154226.1,AC154226.1,0,,
AC154247.1,AC154247.1,0,,
AC154309.1,AC154309.1,0,,
AC154311.1,AC154311.1,0,,
AC154322.1,AC154322.1,0,,
AC154327.1,AC154327.1,0,,
AC154353.1,AC154353.1,0,,
AC154368.1,AC154368.1,0,,
AC154375.1,AC154375.1,0,,
AC154424.1,AC154424.1,0,,
AC154455.1,AC154455.1,0,,
AC154460.1,AC154460.1,0,,
AC154473.1,AC154473.1,0,,
AC154485.1,AC154485.1,0,,
AC154495.1,AC154495.1,0,,
AC154646.1,AC154646.1,-0.0009,-0.5167,0.218
AC154650.1,AC154650.1,0.0078,-1.9435,1.2844
AC154654.1,AC154654.1,0,,
AC154660.1,AC154660.1,0,,
AC154660.2,AC154660.2,0,,
AC154683.1,AC154683.1,0,,
AC154701.1,AC154701.1,0,,
AC154784.1,AC154784.1,0,,
AC154816.1,AC154816.1,0,,
AC154824.1,AC154824.1,0,,
AC154848.1,AC154848.1,0,,
AC154909.1,AC154909.1,0,,
AC155074.1,AC155074.1,0,,
AC155162.1,AC155162.1,0,,
AC155256.1,AC155256.1,0,,
AC155261.1,AC155261.1,-0.0039,-0.5226,0.2209
AC155262.1,AC155262.1,0,,
AC155315.1,AC155315.1,0,,
AC155640.1,AC155640.1,0,,
AC155640.2,AC155640.2,0,,
AC155810.1,AC155810.1,0,,
AC155833.1,AC155833.1,0,,
AC155932.1,AC155932.1,0,,
AC155932.2,AC155932.2,0,,
AC155948.1,AC155948.1,0,,
AC156022.1,AC156022.1,0,,
AC156026.1,AC156026.1,0,,
AC156032.1,AC156032.1,0,,
AC156273.1,AC156273.1,0,,
AC156551.1,AC156551.1,0,,
AC156561.1,AC156561.1,0,,
AC156572.1,AC156572.1,-0.0026,-1.431,0.8169
AC156953.1,AC156953.1,0.0247,1.1921,0.6322
AC156988.1,AC156988.1,0,,
AC157101.1,AC157101.1,0,,
AC157352.1,AC157352.1,0,,
AC157475.1,AC157475.1,0,,
AC157553.1,AC157553.1,0,,
AC157561.1,AC157561.1,0,,
AC157798.1,AC157798.1,0,,
AC157822.1,AC157822.1,0.079,0.3692,0.1475
AC157912.1,AC157912.1,0,,
AC157986.1,AC157986.1,0,,
AC157995.1,AC157995.1,0,,
AC158132.1,AC158132.1,0,,
AC158296.1,AC158296.1,0,,
AC158299.1,AC158299.1,0,,
AC158354.1,AC158354.1,0,,
AC158379.1,AC158379.1,0,,
AC158384.1,AC158384.1,0,,
AC158626.1,AC158626.1,0,,
AC158662.1,AC158662.1,0,,
AC158665.1,AC158665.1,0,,
AC158667.1,AC158667.1,0,,
AC158671.1,AC158671.1,0,,
AC158749.1,AC158749.1,0,,
AC158898.1,AC158898.1,0,,
AC158898.2,AC158898.2,0,,
AC158909.1,AC158909.1,0,,
AC158995.1,AC158995.1,0,,
AC159137.1,AC159137.1,0,,
AC159140.1,AC159140.1,0,,
AC159204.1,AC159204.1,0,,
AC159205.1,AC159205.1,0,,
AC159243.1,AC159243.1,0,,
AC159245.1,AC159245.1,0,,
AC159266.1,AC159266.1,0,,
AC159277.1,AC159277.1,0.0075,0.6927,0.3111
AC159288.1,AC159288.1,0,,
AC159290.1,AC159290.1,0,,
AC159290.2,AC159290.2,0,,
AC159323.1,AC159323.1,0,,
AC159324.1,AC159324.1,0,,
AC159335.1,AC159335.1,0,,
AC159378.1,AC159378.1,0,,
AC159379.1,AC159379.1,0.0104,0.6927,0.3111
AC159474.1,AC159474.1,0,,
AC159624.1,AC159624.1,0,,
AC159639.1,AC159639.1,0,,
AC159649.1,AC159649.1,0,,
AC159715.1,AC159715.1,0,,
AC159815.1,AC159815.1,0,,
AC159897.1,AC159897.1,0,,
AC160109.1,AC160109.1,0,,
AC160118.1,AC160118.1,0,,
AC160138.1,AC160138.1,0.0062,-0.5167,0.218
AC160471.1,AC160471.1,0,,
AC160528.1,AC160528.1,0,,
AC160534.1,AC160534.1,0,,
AC160540.1,AC160540.1,0,,
AC160543.1,AC160543.1,0,,
AC160633.1,AC160633.1,0,,
AC160635.1,AC160635.1,0,,
AC160757.1,AC160757.1,0,,
AC160932.1,AC160932.1,0,,
AC160978.1,AC160978.1,0,,
AC160992.1,AC160992.1,0,,
AC161049.1,AC161049.1,0,,
AC161111.1,AC161111.1,0,,
AC161167.1,AC161167.1,0,,
AC161183.1,AC161183.1,0,,
AC161197.1,AC161197.1,0,,
AC161198.1,AC161198.1,0,,
AC161218.1,AC161218.1,0,,
AC161246.1,AC161246.1,0,,
AC161253.1,AC161253.1,0,,
AC161253.2,AC161253.2,0,,
AC161265.1,AC161265.1,0,,
AC161265.2,AC161265.2,0,,
AC161342.1,AC161342.1,0,,
AC161342.2,AC161342.2,0,,
AC161364.1,AC161364.1,0,,
AC161366.1,AC161366.1,0,,
AC161426.1,AC161426.1,0,,
AC161513.1,AC161513.1,0,,
AC161570.1,AC161570.1,0,,
AC161763.1,AC161763.1,0,,
AC161765.1,AC161765.1,0,,
AC161805.1,AC161805.1,0.0124,-0.895,0.4309
AC161816.1,AC161816.1,0,,
AC161829.1,AC161829.1,0,,
AC162038.1,AC162038.1,0,,
AC162447.1,AC162447.1,0,,
AC162464.1,AC162464.1,0,,
AC162467.1,AC162467.1,0,,
AC162799.1,AC162799.1,0,,
AC162877.1,AC162877.1,0,,
AC162893.1,AC162893.1,0,,
AC162893.2,AC162893.2,0,,
AC162934.1,AC162934.1,0,,
AC162941.1,AC162941.1,0,,
AC163023.1,AC163023.1,0,,
AC163028.1,AC163028.1,0,,
AC163033.1,AC163033.1,0,,
AC163215.1,AC163215.1,0,,
AC163282.1,AC163282.1,0,,
AC163349.1,AC163349.1,0,,
AC163389.1,AC163389.1,0.0957,1.5245,0.8949
AC163625.1,AC163625.1,0,,
AC163629.1,AC163629.1,0,,
AC163659.1,AC163659.1,0,,
AC163659.2,AC163659.2,0,,
AC163663.1,AC163663.1,0,,
AC163694.1,AC163694.1,0,,
AC163703.1,AC163703.1,0,,
AC163724.1,AC163724.1,0,,
AC164075.1,AC164075.1,0,,
AC164093.1,AC164093.1,0,,
AC164156.1,AC164156.1,0,,
AC164303.1,AC164303.1,0,,
AC164408.1,AC164408.1,0,,
AC164603.1,AC164603.1,0,,
AC164703.1,AC164703.1,0,,
AC164983.1,AC164983.1,0,,
AC165092.1,AC165092.1,0,,
AC165159.1,AC165159.1,0,,
AC165162.1,AC165162.1,0,,
AC165239.1,AC165239.1,0,,
AC165248.1,AC165248.1,0,,
AC165250.1,AC165250.1,0,,
AC165279.1,AC165279.1,0,,
AC165289.1,AC165289.1,0,,
AC165333.1,AC165333.1,0,,
AC165361.1,AC165361.1,0,,
AC165441.1,AC165441.1,0,,
AC165951.1,AC165951.1,0,,
AC166064.1,AC166064.1,0,,
AC166162.1,AC166162.1,0,,
AC166172.1,AC166172.1,0,,
AC166251.1,AC166251.1,0,,
AC166252.1,AC166252.1,0,,
AC166252.2,AC166252.2,0,,
AC166290.1,AC166290.1,0,,
AC166574.1,AC166574.1,0,,
AC166574.2,AC166574.2,0,,
AC166781.1,AC166781.1,0,,
AC166903.1,AC166903.1,0,,
AC166933.1,AC166933.1,0,,
AC166991.1,AC166991.1,0,,
AC167016.1,AC167016.1,0,,
AC167020.1,AC167020.1,0,,
AC167122.1,AC167122.1,0,,
AC167132.1,AC167132.1,0,,
AC167197.1,AC167197.1,0,,
AC167229.1,AC167229.1,0,,
AC167229.2,AC167229.2,0,,
AC167242.1,AC167242.1,0,,
AC167245.1,AC167245.1,0,,
AC167419.1,AC167419.1,0,,
AC167419.2,AC167419.2,0,,
AC167724.1,AC167724.1,0,,
AC168054.1,AC168054.1,0,,
AC168268.1,AC168268.1,0,,
AC169127.1,AC169127.1,0,,
AC170189.1,AC170189.1,0,,
AC170864.1,AC170864.1,0,,
AC171202.1,AC171202.1,0,,
AC171241.1,AC171241.1,0,,
AC171332.1,AC171332.1,0,,
AC171500.1,AC171500.1,0,,
AC171917.1,AC171917.1,0,,
AC173478.1,AC173478.1,0,,
AC174081.1,AC174081.1,0,,
AC182412.1,AC182412.1,0,,
AC188608.1,AC188608.1,0,,
AC190403.1,AC190403.1,0,,
AC191865.1,AC191865.1,0,,
AC191865.2,AC191865.2,0,,
ACA64,ACA64,0,,
AF064781,AF064781,0,,
AF085738,AF085738,0.039,-0.0182,0.0063
AF251705,AF251705,0.1331,-1.7733,1.1182
AF357341,AF357341,0,,
AF357355,AF357355,0,,
AF357428,AF357428,0,,
AF366264,AF366264,0,,
AF529169,AF529169,-0.0252,-2.2625,1.6259
AI115009,AI115009,0,,
AI118078,AI118078,0,,
AI182371,AI182371,0,,
AI314180,AI314180,0.0302,-2.6942,2.1515
AI314831,AI314831,0,,
AI314976,AI314976,-0.0109,-2.0735,1.4188
AI316807,AI316807,0.0472,-1.4738,0.8522
AI317395,AI317395,0,,
AI324046,AI324046,0,,
AI413582,AI413582,-0.0039,-2.4014,1.7869
AI427809,AI427809,0,,
AI428936,AI428936,0.0017,0.6927,0.3111
AI429214,AI429214,0,,
AI462493,AI462493,0.0282,-2.8215,2.3206
AI464131,AI464131,0,,
AI467606,AI467606,-0.0423,-3.6151,3.5225
AI480526,AI480526,-0.0069,-2.0286,1.3716
AI480653,AI480653,-0.0197,-1.3128,0.723
AI481877,AI481877,0,,
AI504432,AI504432,0.0081,-0.0216,0.0075
AI507597,AI507597,0,,
AI593442,AI593442,0,,
AI597468,AI597468,0.0029,-1.8844,1.2254
AI597479,AI597479,0.0018,-1.0394,0.5249
AI606181,AI606181,-0.0077,-2.4881,1.8914
AI607873,AI607873,-0.0617,-3.8749,3.9719
AI646023,AI646023,0.0021,0.6927,0.3111
AI646519,AI646519,0,,
AI661453,AI661453,0.0008,-0.5167,0.218
AI662270,AI662270,-0.0045,-1.2942,0.7086
AI747448,AI747448,0,,
AI836003,AI836003,0,,
AI837181,AI837181,-0.0141,-2.8506,2.3601
AI838599,AI838599,0,,
AI846148,AI846148,0.0062,0.9835,0.4876
AI847159,AI847159,0,,
AI848100,AI848100,-0.0218,-1.3839,0.7789
AI854517,AI854517,0,,
AI854703,AI854703,0,,
AI987944,AI987944,0.0255,0.3328,0.1312
AK129341,AK129341,0,,
AK157302,AK157302,-0.0005,-0.5167,0.218
AL450399.1,AL450399.1,0,,
AL512346.1,AL512346.1,0,,
AL512647.1,AL512647.1,0,,
AL583883.1,AL583883.1,0,,
AL583889.1,AL583889.1,0,,
AL589651.1,AL589651.1,0,,
AL589670.1,AL589670.1,0,,
AL589767.1,AL589767.1,0,,
AL589870.1,AL589870.1,0,,
AL589878.1,AL589878.1,0,,
AL589902.1,AL589902.1,0,,
AL590614.1,AL590614.1,0.0007,-0.5167,0.218
AL590633.1,AL590633.1,0,,
AL590969.1,AL590969.1,0.0078,-0.0168,0.0059
AL590988.1,AL590988.1,0,,
AL590992.1,AL590992.1,0,,
AL591070.1,AL591070.1,0,,
AL591146.1,AL591146.1,0,,
AL591205.1,AL591205.1,0,,
AL591209.1,AL591209.1,0,,
AL591376.1,AL591376.1,0,,
AL591496.1,AL591496.1,0,,
AL591544.1,AL591544.1,0,,
AL591584.1,AL591584.1,0,,
AL591611.1,AL591611.1,0,,
AL591712.1,AL591712.1,0,,
AL591905.1,AL591905.1,0,,
AL592465.1,AL592465.1,0,,
AL592465.2,AL592465.2,0,,
AL593843.1,AL593843.1,0,,
AL596108.1,AL596108.1,0,,
AL596111.1,AL596111.1,0,,
AL596117.1,AL596117.1,0.0007,-0.0357,0.0126
AL596123.1,AL596123.1,0,,
AL596130.1,AL596130.1,0,,
AL596212.1,AL596212.1,0,,
AL596215.1,AL596215.1,0,,
AL596246.1,AL596246.1,0,,
AL596258.1,AL596258.1,0,,
AL596324.1,AL596324.1,0,,
AL603664.1,AL603664.1,0,,
AL603664.2,AL603664.2,0,,
AL603706.1,AL603706.1,0,,
AL603708.1,AL603708.1,0,,
AL603804.1,AL603804.1,0,,
AL603804.2,AL603804.2,0,,
AL603828.1,AL603828.1,0,,
AL603836.1,AL603836.1,0,,
AL606479.1,AL606479.1,0,,
AL606479.2,AL606479.2,0,,
AL606704.1,AL606704.1,0,,
AL606904.1,AL606904.1,0,,
AL606907.1,AL606907.1,0,,
AL606908.1,AL606908.1,0,,
AL606976.1,AL606976.1,0,,
AL606976.2,AL606976.2,-0.0017,-1.431,0.8169
AL607123.1,AL607123.1,0,,
AL607145.1,AL607145.1,0,,
AL626775.1,AL626775.1,0,,
AL626784.1,AL626784.1,0,,
AL627124.1,AL627124.1,0,,
AL627182.1,AL627182.1,0,,
AL627204.1,AL627204.1,0,,
AL627205.1,AL627205.1,0,,
AL627312.1,AL627312.1,0,,
AL627403.1,AL627403.1,0,,
AL645470.1,AL645470.1,0,,
AL645484.1,AL645484.1,0,,
AL645531.1,AL645531.1,0,,
AL645623.1,AL645623.1,0,,
AL645683.1,AL645683.1,0,,
AL645683.2,AL645683.2,0,,
AL645902.1,AL645902.1,0,,
AL645948.1,AL645948.1,-0.0004,0.2223,0.084
AL645950.1,AL645950.1,0,,
AL645963.1,AL645963.1,0,,
AL645971.1,AL645971.1,0,,
AL646020.1,AL646020.1,0,,
AL646096.1,AL646096.1,0,,
AL646096.2,AL646096.2,0,,
AL662785.1,AL662785.1,0,,
AL662835.1,AL662835.1,0.0058,0.6927,0.3111
AL662894.1,AL662894.1,0,,
AL662901.1,AL662901.1,0,,
AL662925.1,AL662925.1,0,,
AL663027.1,AL663027.1,0.3436,2.9953,2.562
AL663045.1,AL663045.1,0,,
AL663049.1,AL663049.1,0,,
AL663067.1,AL663067.1,0,,
AL663077.1,AL663077.1,0,,
AL663080.1,AL663080.1,0,,
AL663091.1,AL663091.1,0,,
AL669828.1,AL669828.1,0,,
AL669855.1,AL669855.1,0,,
AL669920.1,AL669920.1,0,,
AL669940.1,AL669940.1,0,,
AL669944.1,AL669944.1,0,,
AL669947.1,AL669947.1,0,,
AL669982.1,AL669982.1,0,,
AL670236.1,AL670236.1,0,,
AL670236.2,AL670236.2,0,,
AL670285.1,AL670285.1,0,,
AL670720.1,AL670720.1,0,,
AL671011.1,AL671011.1,0,,
AL671011.2,AL671011.2,0,,
AL671117.1,AL671117.1,0,,
AL671140.1,AL671140.1,0,,
AL671173.1,AL671173.1,0,,
AL671211.1,AL671211.1,0,,
AL671229.1,AL671229.1,0,,
AL671520.1,AL671520.1,0,,
AL671848.1,AL671848.1,0,,
AL671866.1,AL671866.1,0,,
AL671866.2,AL671866.2,0,,
AL671882.1,AL671882.1,0,,
AL671885.1,AL671885.1,0,,
AL671889.1,AL671889.1,0,,
AL671906.1,AL671906.1,0,,
AL671913.1,AL671913.1,0,,
AL671914.1,AL671914.1,0,,
AL671915.1,AL671915.1,0,,
AL671963.1,AL671963.1,0,,
AL671982.1,AL671982.1,0,,
AL671993.1,AL671993.1,0,,
AL672002.1,AL672002.1,0,,
AL672070.1,AL672070.1,0,,
AL672076.1,AL672076.1,0.0149,-0.8483,0.402
AL672094.1,AL672094.1,0,,
AL672099.1,AL672099.1,0,,
AL672100.1,AL672100.1,0,,
AL672141.1,AL672141.1,0,,
AL672160.1,AL672160.1,0,,
AL672228.1,AL672228.1,0,,
AL672234.1,AL672234.1,0,,
AL672246.1,AL672246.1,0,,
AL672259.1,AL672259.1,0,,
AL672269.1,AL672269.1,0,,
AL672284.1,AL672284.1,0,,
AL672290.1,AL672290.1,0,,
AL683804.1,AL683804.1,0,,
AL683818.1,AL683818.1,0,,
AL683823.1,AL683823.1,0,,
AL683847.1,AL683847.1,0,,
AL683878.1,AL683878.1,0,,
AL683882.1,AL683882.1,0,,
AL691457.1,AL691457.1,0,,
AL691478.1,AL691478.1,0,,
AL713967.1,AL713967.1,0,,
AL713978.1,AL713978.1,0,,
AL714021.1,AL714021.1,0,,
AL731552.1,AL731552.1,0,,
AL731688.1,AL731688.1,0,,
AL731707.1,AL731707.1,0,,
AL731851.1,AL731851.1,0,,
AL731851.2,AL731851.2,0,,
AL731857.1,AL731857.1,0,,
AL732357.1,AL732357.1,0,,
AL732400.1,AL732400.1,0,,
AL732460.1,AL732460.1,0,,
AL732470.1,AL732470.1,0,,
AL732472.1,AL732472.1,0,,
AL732525.1,AL732525.1,0,,
AL732525.2,AL732525.2,0,,
AL732528.1,AL732528.1,0,,
AL732539.1,AL732539.1,0,,
AL732564.1,AL732564.1,0,,
AL732585.1,AL732585.1,0,,
AL732617.1,AL732617.1,0,,
AL732624.1,AL732624.1,0,,
AL732626.1,AL732626.1,0,,
AL732626.2,AL732626.2,0,,
AL772159.1,AL772159.1,0,,
AL772167.1,AL772167.1,0,,
AL772185.1,AL772185.1,0,,
AL772216.1,AL772216.1,0,,
AL772216.10,AL772216.10,0,,
AL772216.11,AL772216.11,0,,
AL772216.12,AL772216.12,0,,
AL772216.13,AL772216.13,0,,
AL772216.14,AL772216.14,0,,
AL772216.15,AL772216.15,0,,
AL772216.16,AL772216.16,0,,
AL772216.17,AL772216.17,0,,
AL772216.18,AL772216.18,0,,
AL772216.19,AL772216.19,0,,
AL772216.2,AL772216.2,0,,
AL772216.20,AL772216.20,0,,
AL772216.21,AL772216.21,0,,
AL772216.22,AL772216.22,0,,
AL772216.23,AL772216.23,0,,
AL772216.24,AL772216.24,0,,
AL772216.25,AL772216.25,0,,
AL772216.26,AL772216.26,0,,
AL772216.27,AL772216.27,0,,
AL772216.28,AL772216.28,0,,
AL772216.29,AL772216.29,0,,
AL772216.3,AL772216.3,0,,
AL772216.30,AL772216.30,0,,
AL772216.31,AL772216.31,0,,
AL772216.32,AL772216.32,0,,
AL772216.33,AL772216.33,0,,
AL772216.34,AL772216.34,0,,
AL772216.35,AL772216.35,0,,
AL772216.36,AL772216.36,0,,
AL772216.37,AL772216.37,0,,
AL772216.38,AL772216.38,0,,
AL772216.39,AL772216.39,0,,
AL772216.4,AL772216.4,0,,
AL772216.40,AL772216.40,0,,
AL772216.41,AL772216.41,0,,
AL772216.42,AL772216.42,0,,
AL772216.43,AL772216.43,0,,
AL772216.44,AL772216.44,0,,
AL772216.45,AL772216.45,0,,
AL772216.46,AL772216.46,0,,
AL772216.5,AL772216.5,0,,
AL772216.6,AL772216.6,0,,
AL772216.7,AL772216.7,0,,
AL772216.8,AL772216.8,0,,
AL772216.9,AL772216.9,0,,
AL772258.1,AL772258.1,0,,
AL772271.1,AL772271.1,0,,
AL772271.2,AL772271.2,0,,
AL772271.3,AL772271.3,0,,
AL772271.4,AL772271.4,0,,
AL772271.5,AL772271.5,0,,
AL772272.1,AL772272.1,0,,
AL772302.1,AL772302.1,0,,
AL772319.1,AL772319.1,0,,
AL772326.1,AL772326.1,0,,
AL772336.1,AL772336.1,0,,
AL772349.1,AL772349.1,0,,
AL772376.1,AL772376.1,0,,
AL772376.2,AL772376.2,0,,
AL772393.1,AL772393.1,0,,
AL772404.1,AL772404.1,0,,
AL773548.1,AL773548.1,0,,
AL773580.1,AL773580.1,0,,
AL805896.1,AL805896.1,0,,
AL805898.1,AL805898.1,0,,
AL805935.1,AL805935.1,0,,
AL805952.1,AL805952.1,0,,
AL805972.1,AL805972.1,0,,
AL806517.1,AL806517.1,0,,
AL806518.1,AL806518.1,0,,
AL806523.1,AL806523.1,0,,
AL807379.1,AL807379.1,0,,
AL807401.1,AL807401.1,0,,
AL807748.1,AL807748.1,0,,
AL807764.1,AL807764.1,0,,
AL807771.1,AL807771.1,0,,
AL807778.1,AL807778.1,0,,
AL807811.1,AL807811.1,0,,
AL807811.2,AL807811.2,0,,
AL807822.1,AL807822.1,0,,
AL807824.1,AL807824.1,0,,
AL807825.1,AL807825.1,0,,
AL808014.1,AL808014.1,0,,
AL808020.1,AL808020.1,0,,
AL808021.1,AL808021.1,0.0223,1.2225,0.6546
AL808023.1,AL808023.1,0,,
AL808027.1,AL808027.1,0,,
AL808027.2,AL808027.2,0,,
AL808027.3,AL808027.3,0,,
AL808028.1,AL808028.1,0,,
AL808119.1,AL808119.1,0,,
AL808131.1,AL808131.1,0,,
AL808133.1,AL808133.1,0,,
AL824704.1,AL824704.1,0,,
AL831731.1,AL831731.1,0,,
AL831753.1,AL831753.1,0,,
AL831766.1,AL831766.1,0,,
AL833773.1,AL833773.1,0,,
AL833775.1,AL833775.1,0,,
AL833775.2,AL833775.2,0,,
AL833775.3,AL833775.3,0,,
AL833780.1,AL833780.1,0,,
AL837521.1,AL837521.1,0,,
AL844147.1,AL844147.1,0,,
AL844480.1,AL844480.1,0,,
AL844481.1,AL844481.1,0,,
AL844840.1,AL844840.1,0,,
AL844840.2,AL844840.2,0,,
AL844842.1,AL844842.1,0,,
AL844869.1,AL844869.1,0,,
AL844871.1,AL844871.1,0,,
AL844882.1,AL844882.1,0,,
AL844901.1,AL844901.1,0,,
AL845174.1,AL845174.1,0,,
AL845277.1,AL845277.1,0,,
AL845291.1,AL845291.1,0,,
AL845355.1,AL845355.1,0,,
AL845455.1,AL845455.1,0,,
AL845457.1,AL845457.1,0,,
AL845460.1,AL845460.1,0,,
AL845466.1,AL845466.1,0,,
AL845495.1,AL845495.1,0,,
AL928542.1,AL928542.1,0,,
AL928544.1,AL928544.1,-0.006,-2.6322,2.0715
AL928544.2,AL928544.2,0,,
AL928551.1,AL928551.1,0,,
AL928557.1,AL928557.1,0,,
AL928581.1,AL928581.1,0,,
AL928590.1,AL928590.1,0,,
AL928593.1,AL928593.1,0,,
AL928693.1,AL928693.1,0,,
AL928832.1,AL928832.1,0,,
AL928889.1,AL928889.1,0,,
AL928905.1,AL928905.1,0,,
AL928935.1,AL928935.1,0.2098,-0.9873,0.4901
AL929011.1,AL929011.1,0,,
AL929120.1,AL929120.1,-0.0028,-1.2501,0.6751
AL929160.1,AL929160.1,0,,
AL929170.1,AL929170.1,0,,
AL929371.1,AL929371.1,0,,
AL929371.2,AL929371.2,0,,
AL929404.1,AL929404.1,0.0014,-0.7427,0.3394
AL929433.1,AL929433.1,0,,
AL929465.1,AL929465.1,0,,
AL929466.1,AL929466.1,0,,
AL929540.1,AL929540.1,0,,
AL935155.1,AL935155.1,0,,
AL935159.1,AL935159.1,0,,
AL935177.1,AL935177.1,0,,
AL935177.2,AL935177.2,0,,
AL954388.1,AL954388.1,0,,
AL954388.2,AL954388.2,0,,
AL954675.1,AL954675.1,0,,
AL954710.1,AL954710.1,0,,
AU015228,AU015228,0,,
AU015336,AU015336,0,,
AU015836,AU015836,0,,
AU016765,AU016765,0,,
AU018091,AU018091,0,,
AU019823,AU019823,-0.0403,-0.7735,0.3573
AU019990,AU019990,0,,
AU021034,AU021034,0,,
AU021092,AU021092,0,,
AU022252,AU022252,-0.0411,-4.1447,4.4682
AU022751,AU022751,0,,
AU022754,AU022754,0,,
AU023871,AU023871,0,,
AU040320,AU040320,0.0266,0.3673,0.1467
AU040972,AU040972,0,,
AU041133,AU041133,-0.0205,-0.5226,0.2209
AV039307,AV039307,0,,
AV064505,AV064505,0,,
AV099323,AV099323,0,,
AV320801,AV320801,0,,
AW011738,AW011738,0.0017,0.9835,0.4876
AW047730,AW047730,0,,
AW112010,AW112010,0.0015,-3.6893,3.6481
AW121686,AW121686,0,,
AW146020,AW146020,-0.0057,-1.8012,1.1447
AW146154,AW146154,0.0114,-0.0255,0.0089
AW209491,AW209491,0.0154,-0.0238,0.0083
AW495222,AW495222,0,,
AW549877,AW549877,-0.0541,-4.8214,5.846
AW551984,AW551984,0,,
AW554918,AW554918,0.0066,0.3286,0.1293
AW555464,AW555464,-0.0086,-2.0286,1.3716
AW822252,AW822252,0,,
AY026312,AY026312,0,,
AY036118,AY036118,-0.0026,-1.431,0.8169
AY074887,AY074887,0,,
AY358078,AY358078,0,,
AY512915,AY512915,0,,
AY512931,AY512931,0,,
AY702102,AY702102,0,,
AY702103,AY702103,0,,
AY761184,AY761184,0,,
AY761185,AY761185,0,,
Aaas,Aaas,-0.0092,0.1747,0.0648
Aacs,Aacs,-0.0357,-3.214,2.8831
Aadac,Aadac,0,,
Aadacl2,Aadacl2,0,,
Aadacl3,Aadacl3,0,,
Aadat,Aadat,0,,
Aagab,Aagab,0.1334,0.4363,0.1788
Aak1,Aak1,0.0096,0.9835,0.4876
Aamp,Aamp,0.0747,-2.5918,2.0202
Aanat,Aanat,0,,
Aard,Aard,0,,
Aars,Aars,0.0644,-1.0994,0.5661
Aars2,Aars2,0.012,-0.5167,0.218
Aarsd1,Aarsd1,-0.0375,-3.3395,3.076
Aasdh,Aasdh,-0.009,-1.8095,1.1526
Aasdhppt,Aasdhppt,0.0087,-1.5318,0.9011
Aass,Aass,0,,
Aatf,Aatf,0.0245,-0.2835,0.1097
Aatk,Aatk,-0.0034,-1.431,0.8169
Abat,Abat,-0.0018,-1.2501,0.6751
Abca1,Abca1,0.099,-0.8119,0.38
Abca12,Abca12,0,,
Abca13,Abca13,0,,
Abca14,Abca14,0,,
Abca15,Abca15,-0.0034,-2.0286,1.3716
Abca16,Abca16,0,,
Abca17,Abca17,0,,
Abca2,Abca2,-0.0378,-3.4159,3.1968
Abca3,Abca3,-0.0435,-4.0858,4.3573
Abca4,Abca4,-0.0009,-1.431,0.8169
Abca5,Abca5,-0.0103,-2.2625,1.6259
Abca6,Abca6,0,,
Abca7,Abca7,-0.0285,-3.3541,3.0989
Abca8a,Abca8a,0.0004,-0.5167,0.218
Abca8b,Abca8b,0,,
Abca9,Abca9,0.0995,-0.384,0.1543
Abcb10,Abcb10,-0.004,-0.574,0.2472
Abcb11,Abcb11,0,,
Abcb1a,Abcb1a,0,,
Abcb1b,Abcb1b,-0.0472,-5.1775,6.648
Abcb4,Abcb4,0.0514,-1.0251,0.5153
Abcb5,Abcb5,0,,
Abcb6,Abcb6,-0.0143,-1.7747,1.1195
Abcb7,Abcb7,0.0536,-1.5248,0.8952
Abcb8,Abcb8,-0.0188,-2.8098,2.3047
Abcb9,Abcb9,0.0021,0.6927,0.3111
Abcc1,Abcc1,-0.0132,-2.186,1.5404
Abcc10,Abcc10,-0.006,-2.0286,1.3716
Abcc12,Abcc12,0,,
Abcc2,Abcc2,0,,
Abcc3,Abcc3,0.0265,-2.763,2.2421
Abcc4,Abcc4,0.0009,-1.7679,1.1131
Abcc5,Abcc5,-0.0083,-1.1984,0.6368
Abcc6,Abcc6,0,,
Abcc8,Abcc8,0,,
Abcc9,Abcc9,0.0054,0.6927,0.3111
Abcd1,Abcd1,-0.0563,-3.2193,2.8911
Abcd2,Abcd2,-0.1027,-6.2669,9.4338
Abcd3,Abcd3,-0.0008,-2.2744,1.6393
Abcd4,Abcd4,-0.0015,-1.3814,0.7768
Abce1,Abce1,0.1055,0.5058,0.2126
Abcf1,Abcf1,0.0609,-2.793,2.2821
Abcf2,Abcf2,-0.0056,-3.336,3.0707
Abcf3,Abcf3,-0.0175,-1.3723,0.7696
Abcg1,Abcg1,0.0956,-1.2287,0.6592
Abcg2,Abcg2,-0.0263,-2.0855,1.4315
Abcg3,Abcg3,0.0087,-0.0192,0.0067
Abcg4,Abcg4,0,,
Abcg5,Abcg5,0,,
Abcg8,Abcg8,0,,
Abhd1,Abhd1,-0.0008,-0.8984,0.433
Abhd10,Abhd10,0.0043,-0.5167,0.218
Abhd11,Abhd11,-0.0155,-0.9156,0.4438
Abhd12,Abhd12,-0.5079,-8.3214,16.0607
Abhd12b,Abhd12b,0,,
Abhd13,Abhd13,-0.0187,-3.0926,2.7024
Abhd14a,Abhd14a,0.0318,0.3536,0.1405
Abhd14b,Abhd14b,0.0356,-0.0218,0.0076
Abhd15,Abhd15,-0.0015,-0.024,0.0084
Abhd16a,Abhd16a,0.0021,-2.4144,1.8024
Abhd16b,Abhd16b,0,,
Abhd2,Abhd2,0.0609,-2.5634,1.9844
Abhd3,Abhd3,0.0108,0.3328,0.1312
Abhd4,Abhd4,-0.0094,-2.6304,2.0691
Abhd5,Abhd5,0.0017,-1.0318,0.5198
Abhd6,Abhd6,-0.056,-2.8394,2.3449
Abhd8,Abhd8,-0.011,-0.7552,0.3467
Abi1,Abi1,-0.0009,-2.8266,2.3275
Abi2,Abi2,0.0331,-1.8138,1.1567
Abi3,Abi3,-0.2138,-6.2461,9.3758
Abi3bp,Abi3bp,-0.0017,-2.0286,1.3716
Abl1,Abl1,-0.0023,-2.2515,1.6134
Abl2,Abl2,0.0748,-1.386,0.7805
Ablim1,Ablim1,-0.0087,-2.1751,1.5284
Ablim2,Ablim2,0,,
Ablim3,Ablim3,0,,
Abo,Abo,0,,
Abp1,Abp1,0,,
Abpa,Abpa,0,,
Abpb,Abpb,0,,
Abpd,Abpd,0,,
Abpe,Abpe,0,,
Abpg,Abpg,0,,
Abph,Abph,0,,
Abpz,Abpz,0,,
Abr,Abr,-0.004,-2.1014,1.4485
Abra,Abra,0,,
Abt1,Abt1,-0.019,-0.5819,0.2513
Abtb1,Abtb1,-0.0059,-1.958,1.299
Abtb2,Abtb2,0,,
Acaa1a,Acaa1a,-0.0809,-4.2827,4.7337
Acaa1b,Acaa1b,0.0107,0.3286,0.1293
Acaa2,Acaa2,-0.0107,-1.1657,0.6131
Acaca,Acaca,-0.1438,-7.3304,12.6394
Acacb,Acacb,0,,
Acad10,Acad10,0.0002,-1.2998,0.7129
Acad11,Acad11,0.0507,-0.2055,0.0772
Acad12,Acad12,0.002,-0.5167,0.218
Acad8,Acad8,0.0076,-2.2398,1.6002
Acad9,Acad9,-0.005,-1.2692,0.6896
Acadl,Acadl,0.0211,-2.464,1.8621
Acadm,Acadm,0.1224,-0.5898,0.2554
Acads,Acads,0.005,-0.8794,0.4211
Acadsb,Acadsb,0.1193,-1.1173,0.5786
Acadvl,Acadvl,0.0086,-0.643,0.2838
Acan,Acan,0,,
Acap1,Acap1,0,,
Acap2,Acap2,0.014,-2.6703,2.1204
Acap3,Acap3,-0.0235,-0.9222,0.4481
Acat1,Acat1,0.0901,-0.552,0.2359
Acat2,Acat2,0.012,1.3956,0.7883
Acat3,Acat3,0,,
Acbd3,Acbd3,-0.006,-2.8739,2.3921
Acbd4,Acbd4,-0.0026,-1.431,0.8169
Acbd5,Acbd5,-0.0168,-2.7612,2.2396
Acbd6,Acbd6,0.0328,-1.9534,1.2944
Acbd7,Acbd7,0,,
Accn1,Accn1,0,,
Accn2,Accn2,0,,
Accn3,Accn3,0,,
Accn4,Accn4,0,,
Accn5,Accn5,0,,
Accs,Accs,-0.0576,-2.5609,1.9813
Accsl,Accsl,0,,
Acd,Acd,-0.0225,-2.5465,1.9633
Ace,Ace,-0.0051,-2.4881,1.8914
Ace2,Ace2,0,,
Ace3,Ace3,0,,
Acer1,Acer1,0,,
Acer2,Acer2,0,,
Acer3,Acer3,-0.0776,-4.3239,4.8144
Ache,Ache,-0.044,-4.0261,4.2463
Acin1,Acin1,-0.042,-1.5156,0.8873
Acly,Acly,-0.0443,-2.3115,1.6818
Acmsd,Acmsd,0,,
Acn9,Acn9,0.007,-0.5167,0.218
Acnat1,Acnat1,0,,
Acnat2,Acnat2,0,,
Aco1,Aco1,-0.0184,-3.4115,3.1897
Aco2,Aco2,0.049,-2.291,1.6583
Acot1,Acot1,0.0041,-0.5167,0.218
Acot10,Acot10,0,-0.0216,0.0075
Acot11,Acot11,-0.0022,-0.5226,0.2209
Acot12,Acot12,0,,
Acot13,Acot13,0.0127,-3.3667,3.1188
Acot2,Acot2,0.0113,-1.4491,0.8318
Acot3,Acot3,0,,
Acot4,Acot4,0,,
Acot5,Acot5,0,,
Acot6,Acot6,-0.0018,-1.2501,0.6751
Acot7,Acot7,0.013,-0.7301,0.3322
Acot8,Acot8,0.0203,0.2051,0.077
Acot9,Acot9,0.0023,-1.686,1.0372
Acox1,Acox1,0.0781,-0.917,0.4447
Acox2,Acox2,0,,
Acox3,Acox3,-0.0748,-4.3223,4.8114
Acoxl,Acoxl,0,,
Acp1,Acp1,-0.0358,-2.7165,2.1806
Acp2,Acp2,0.1407,-2.1994,1.5552
Acp5,Acp5,0,,
Acp6,Acp6,-0.0423,-2.2302,1.5895
Acpl2,Acpl2,0.0033,0.6927,0.3111
Acpp,Acpp,0,,
Acpt,Acpt,0,,
Acr,Acr,0,,
Acrbp,Acrbp,-0.0051,-2.0286,1.3716
Acrv1,Acrv1,0,,
Acsbg1,Acsbg1,0.0033,0.6927,0.3111
Acsbg2,Acsbg2,0,,
Acsf2,Acsf2,0.004,-1.2501,0.6751
Acsf3,Acsf3,0.0236,-1.445,0.8284
Acsl1,Acsl1,0.0445,-0.0163,0.0057
Acsl3,Acsl3,-0.0398,-3.004,2.5743
Acsl4,Acsl4,0.0234,-2.1403,1.4904
Acsl5,Acsl5,-0.0092,-4.1247,4.4304
Acsl6,Acsl6,0,,
Acsm1,Acsm1,0,,
Acsm2,Acsm2,0,,
Acsm3,Acsm3,0.0075,0.6927,0.3111
Acsm4,Acsm4,0,,
Acsm5,Acsm5,0,,
Acss1,Acss1,-0.016,-1.5878,0.9495
Acss2,Acss2,-0.0077,-1.8095,1.1526
Acss3,Acss3,0,,
Acta1,Acta1,0.0137,0.9835,0.4876
Acta2,Acta2,-0.0145,-2.0286,1.3716
Actb,Actb,0.7037,9.2766,19.7569
Actbl2,Actbl2,0,,
Actc1,Actc1,0,,
Actg-ps1,Actg-ps1,0,,
Actg1,Actg1,0.0973,0.9862,0.4894
Actg2,Actg2,0,,
Actl6a,Actl6a,-0.0286,-2.5474,1.9645
Actl6b,Actl6b,0.0013,0.6927,0.3111
Actl7a,Actl7a,0,,
Actl7b,Actl7b,0,,
Actl9,Actl9,0,,
Actn1,Actn1,0.0338,-0.0133,0.0046
Actn2,Actn2,0,,
Actn3,Actn3,0,,
Actn4,Actn4,0.1038,-1.1234,0.5829
Actr10,Actr10,-0.0272,-3.7403,3.7356
Actr1a,Actr1a,-0.0355,-3.7816,3.8073
Actr1b,Actr1b,0.0063,-2.5033,1.9099
Actr2,Actr2,0.2086,-1.0937,0.5621
Actr3,Actr3,-0.0139,-3.6584,3.5955
Actr3b,Actr3b,-0.0295,-3.1155,2.736
Actr5,Actr5,0.0057,0.3307,0.1303
Actr6,Actr6,-0.008,-1.8472,1.189
Actr8,Actr8,-0.0382,-3.37,3.124
Actrt1,Actrt1,0,,
Actrt2,Actrt2,0,,
Acvr1,Acvr1,0.0545,-1.6435,0.9988
Acvr1b,Acvr1b,0,,
Acvr1c,Acvr1c,0,,
Acvr2a,Acvr2a,-0.018,-0.5226,0.2209
Acvr2b,Acvr2b,0.012,0.9835,0.4876
Acvrl1,Acvrl1,0.0103,-2.876,2.395
Acy1,Acy1,-0.0128,-1.8137,1.1566
Acy3,Acy3,0,,
Acyp1,Acyp1,-0.0119,-1.1763,0.6208
Acyp2,Acyp2,-0.004,-0.7384,0.337
Ada,Ada,0,,
Adad1,Adad1,0,,
Adad2,Adad2,0,,
Adal,Adal,0.0199,-1.0335,0.5209
Adam10,Adam10,0.0249,-3.4344,3.2264
Adam11,Adam11,0,,
Adam12,Adam12,0,,
Adam15,Adam15,-0.0369,-3.6302,3.5479
Adam17,Adam17,-0.0455,-4.7578,5.7083
Adam18,Adam18,0,,
Adam19,Adam19,0,,
Adam1a,Adam1a,0,,
Adam1b,Adam1b,0,,
Adam2,Adam2,0,,
Adam21,Adam21,0,,
Adam22,Adam22,-0.0026,-1.431,0.8169
Adam23,Adam23,0,,
Adam24,Adam24,0,,
Adam25,Adam25,0,,
Adam26a,Adam26a,0,,
Adam26b,Adam26b,0,,
Adam28,Adam28,0,,
Adam29,Adam29,0,,
Adam3,Adam3,0.012,0.3328,0.1312
Adam30,Adam30,0,,
Adam32,Adam32,-0.0048,-1.2525,0.6769
Adam33,Adam33,0,,
Adam34,Adam34,0,,
Adam39,Adam39,0,,
Adam4,Adam4,0,,
Adam5,Adam5,0,,
Adam6a,Adam6a,0,,
Adam6b,Adam6b,0,,
Adam7,Adam7,0,,
Adam8,Adam8,-0.0268,-2.1966,1.5521
Adam9,Adam9,-0.0691,-4.5495,5.2693
Adamdec1,Adamdec1,0,,
Adamts1,Adamts1,-0.2749,-4.6679,5.5166
Adamts10,Adamts10,-0.0013,-1.2501,0.6751
Adamts12,Adamts12,0,,
Adamts13,Adamts13,0,,
Adamts14,Adamts14,0,,
Adamts15,Adamts15,0,,
Adamts16,Adamts16,-0.0049,-1.0487,0.5312
Adamts17,Adamts17,0,,
Adamts18,Adamts18,0,,
Adamts19,Adamts19,0,,
Adamts2,Adamts2,0,,
Adamts20,Adamts20,0,,
Adamts3,Adamts3,0,,
Adamts4,Adamts4,0,,
Adamts5,Adamts5,0,,
Adamts6,Adamts6,-0.0026,-1.431,0.8169
Adamts7,Adamts7,0,,
Adamts8,Adamts8,0,,
Adamts9,Adamts9,0,,
Adamtsl1,Adamtsl1,0,,
Adamtsl2,Adamtsl2,0.0066,-0.5167,0.218
Adamtsl3,Adamtsl3,0,,
Adamtsl4,Adamtsl4,0,,
Adamtsl5,Adamtsl5,-0.012,-1.431,0.8169
Adap1,Adap1,-0.0455,-3.1986,2.8599
Adap2,Adap2,0.03,-1.4089,0.799
Adar,Adar,-0.0855,-4.0928,4.3704
Adarb1,Adarb1,-0.0598,-4.8943,6.0058
Adarb2,Adarb2,0,,
Adat1,Adat1,-0.0043,-1.431,0.8169
Adat2,Adat2,-0.0018,-1.2501,0.6751
Adat3,Adat3,0,,
Adc,Adc,0,,
Adck1,Adck1,-0.0054,-2.1808,1.5347
Adck2,Adck2,0.0052,-2.7978,2.2886
Adck3,Adck3,0.0125,1.3956,0.7883
Adck4,Adck4,0.0113,-0.337,0.1331
Adck5,Adck5,-0.0045,-1.8856,1.2266
Adcy1,Adcy1,0.0025,0.6927,0.3111
Adcy10,Adcy10,0,,
Adcy2,Adcy2,0,,
Adcy3,Adcy3,-0.0783,-3.3966,3.166
Adcy4,Adcy4,-0.0034,-2.0286,1.3716
Adcy5,Adcy5,0,,
Adcy6,Adcy6,-0.0091,-2.184,1.5382
Adcy7,Adcy7,-0.0215,-4.4309,5.0276
Adcy8,Adcy8,0.0083,1.2069,0.6431
Adcy9,Adcy9,0.0191,0.9835,0.4876
Adcyap1,Adcyap1,0,,
Adcyap1r1,Adcyap1r1,0,,
Add1,Add1,0.0353,-3.5202,3.3654
Add2,Add2,0,,
Add3,Add3,-0.0654,-3.1477,2.7836
Adh1,Adh1,0,,
Adh4,Adh4,0,,
Adh5,Adh5,0.0084,-4.5141,5.1967
Adh6-ps1,Adh6-ps1,0,,
Adh6a,Adh6a,0,,
Adh6b,Adh6b,0,,
Adh7,Adh7,0,,
Adhfe1,Adhfe1,0,,
Adi1,Adi1,0.116,-1.8502,1.1919
Adig,Adig,0,,
Adipoq,Adipoq,0,,
Adipor1,Adipor1,-0.0088,-4.1684,4.5132
Adipor2,Adipor2,-0.0247,-3.2919,3.0021
Adk,Adk,-0.0109,-1.7781,1.1227
Adm,Adm,0,,
Adm2,Adm2,0,,
Adnp,Adnp,0.0199,-1.9251,1.2659
Adnp2,Adnp2,0.0162,0.6927,0.3111
Ado,Ado,-0.0604,-4.6536,5.4865
Adora1,Adora1,-0.0365,-4.3377,4.8416
Adora2a,Adora2a,0,,
Adora2b,Adora2b,0,,
Adora3,Adora3,0.0396,-1.4752,0.8534
Adpgk,Adpgk,-0.034,-2.5379,1.9526
Adprh,Adprh,-0.0643,-3.3115,3.0324
Adprhl1,Adprhl1,0,,
Adprhl2,Adprhl2,-0.0214,-3.0872,2.6945
Adra1a,Adra1a,0,,
Adra1b,Adra1b,0,,
Adra1d,Adra1d,0,,
Adra2a,Adra2a,0.0037,0.6927,0.3111
Adra2b,Adra2b,0,,
Adra2c,Adra2c,0,,
Adrb1,Adrb1,-0.0423,-4.1434,4.4658
Adrb2,Adrb2,-0.0048,-1.7679,1.1131
Adrb3,Adrb3,0,,
Adrbk1,Adrbk1,0.0914,0.224,0.0847
Adrbk2,Adrbk2,0.0395,-0.4109,0.1667
Adrm1,Adrm1,0.0074,-1.961,1.302
Adsl,Adsl,-0.0288,-2.4063,1.7928
Adss,Adss,-0.0124,-1.6422,0.9976
Adssl1,Adssl1,-0.2371,-8.4329,16.4719
Aebp1,Aebp1,0,,
Aebp2,Aebp2,-0.0062,-1.7679,1.1131
Aen,Aen,-0.0014,-1.2501,0.6751
Aes,Aes,0.1428,-0.8747,0.4183
Afap1,Afap1,-0.0073,-1.8075,1.1506
Afap1l1,Afap1l1,-0.0192,-1.9681,1.3093
Afap1l2,Afap1l2,0,,
Aff1,Aff1,-0.0063,-1.812,1.155
Aff2,Aff2,0,,
Aff3,Aff3,0,,
Aff4,Aff4,-0.0026,-3.781,3.8063
Afg3l1,Afg3l1,-0.0601,-4.4233,5.0123
Afg3l2,Afg3l2,0.064,-0.501,0.2102
Afm,Afm,0,,
Afmid,Afmid,0.0014,-0.7301,0.3322
Afp,Afp,0.0388,0.8746,0.4182
Aftph,Aftph,-0.0686,-4.2888,4.7457
Aga,Aga,-0.0149,-3.2036,2.8673
Agap1,Agap1,-0.0494,-3.5593,3.4296
Agap2,Agap2,0.0015,-1.8012,1.1447
Agap3,Agap3,-0.0131,-3.8232,3.8804
Agbl1,Agbl1,0,,
Agbl2,Agbl2,0,,
Agbl3,Agbl3,0.0016,0.3286,0.1293
Agbl4,Agbl4,0,,
Agbl5,Agbl5,0.0142,0.2413,0.0919
Ager,Ager,0,,
Agfg1,Agfg1,-0.0297,-3.0765,2.6789
Agfg2,Agfg2,-0.0336,-2.9039,2.4335
Aggf1,Aggf1,0.1178,-0.0175,0.0061
Agk,Agk,-0.0207,-2.1737,1.5269
Agl,Agl,0.0178,-1.0358,0.5224
Agmat,Agmat,0,,
Agmo,Agmo,0.035,0.2607,0.1
Agpat1,Agpat1,-0.0328,-3.0375,2.6225
Agpat2,Agpat2,-0.0976,-4.0253,4.2449
Agpat3,Agpat3,-0.0438,-3.9186,4.0503
Agpat4,Agpat4,-0.0069,-2.6476,2.0912
Agpat5,Agpat5,-0.0343,-3.4491,3.2499
Agpat6,Agpat6,0.0015,-1.6307,0.9873
Agpat9,Agpat9,0,,
Agphd1,Agphd1,0.0099,-0.0168,0.0059
Agps,Agps,0.0446,0.0862,0.0309
Agr2,Agr2,0,,
Agr3,Agr3,0,,
Agrn,Agrn,0.0371,0.2444,0.0932
Agrp,Agrp,0,,
Agt,Agt,0,,
Agtpbp1,Agtpbp1,0.0073,-1.6893,1.0402
Agtr1a,Agtr1a,0,,
Agtr1b,Agtr1b,0,,
Agtr2,Agtr2,0,,
Agtrap,Agtrap,-0.0475,-3.2226,2.8961
Agxt,Agxt,0,,
Agxt2,Agxt2,0,,
Agxt2l1,Agxt2l1,0.0003,-0.5167,0.218
Agxt2l2,Agxt2l2,-0.003,-1.2573,0.6806
Ahctf1,Ahctf1,-0.0131,-1.1776,0.6217
Ahcy,Ahcy,0.0222,0.3307,0.1303
Ahcyl1,Ahcyl1,0.0099,-3.8932,4.0047
Ahcyl2,Ahcyl2,-0.0363,-3.6075,3.5098
Ahdc1,Ahdc1,-0.0214,-1.8072,1.1504
Ahi1,Ahi1,0.0095,0.6089,0.2655
Ahnak,Ahnak,0.0043,0.6015,0.2616
Ahnak2,Ahnak2,-0.0086,-2.0286,1.3716
Ahr,Ahr,0.0033,0.6927,0.3111
Ahrr,Ahrr,0,,
Ahsa1,Ahsa1,0.0143,-3.2277,2.9039
Ahsa2,Ahsa2,-0.0243,-2.0149,1.3574
Ahsg,Ahsg,0,,
Aicda,Aicda,0,,
Aif1,Aif1,0.5004,1.9732,1.3145
Aif1l,Aif1l,0,,
Aifm1,Aifm1,0.0124,-0.7306,0.3325
Aifm2,Aifm2,-0.0154,-0.0264,0.0092
Aifm3,Aifm3,0,,
Aig1,Aig1,-0.0404,-5.1264,6.5297
Aim1,Aim1,0,,
Aim1l,Aim1l,0,,
Aim2,Aim2,0.0092,-2.6288,2.0671
Aimp1,Aimp1,0.1777,-0.6337,0.2788
Aimp2,Aimp2,-0.0064,-2.8132,2.3094
Aip,Aip,0.0634,-0.1738,0.0645
Aipl1,Aipl1,0,,
Aire,Aire,0,,
Airn,Airn,0,,
Ajap1,Ajap1,0,,
Ak1,Ak1,-0.0905,-4.4068,4.9792
Ak2,Ak2,0.0081,-2.2975,1.6657
Ak3,Ak3,-0.0211,-2.7681,2.2488
Ak3l2-ps,Ak3l2-ps,0,,
Ak4,Ak4,-0.0086,-1.8054,1.1486
Ak5,Ak5,0.0033,0.6927,0.3111
Ak7,Ak7,0,,
Ak8,Ak8,-0.0026,-1.431,0.8169
Akap1,Akap1,0.005,-2.8364,2.3407
Akap10,Akap10,-0.0001,-2.2592,1.6221
Akap11,Akap11,-0.0004,-1.6526,1.0069
Akap12,Akap12,0,,
Akap13,Akap13,0.2531,-0.508,0.2136
Akap14,Akap14,0,,
Akap17b,Akap17b,0.0031,-0.5708,0.2456
Akap2,Akap2,-0.0086,-2.0286,1.3716
Akap3,Akap3,0,,
Akap4,Akap4,0,,
Akap5,Akap5,-0.0163,-2.6476,2.0912
Akap6,Akap6,0,,
Akap7,Akap7,-0.0015,-0.4411,0.181
Akap8,Akap8,-0.0962,-2.2107,1.5677
Akap8l,Akap8l,-0.0128,-2.1791,1.5327
Akap9,Akap9,-0.0241,-2.3342,1.7081
Akd1,Akd1,0,,
Akirin1,Akirin1,-0.0287,-3.3205,3.0465
Akirin2,Akirin2,0.0525,-2.0741,1.4194
Akna,Akna,-0.0327,-2.6252,2.0625
Aknad1,Aknad1,0,,
Akp3,Akp3,0,,
Akr1a4,Akr1a4,0.0574,-1.9933,1.3351
Akr1b10,Akr1b10,0.1115,-2.3533,1.7303
Akr1b3,Akr1b3,0.0414,-0.0054,0.0019
Akr1b7,Akr1b7,0,,
Akr1b8,Akr1b8,-0.0034,-1.431,0.8169
Akr1c12,Akr1c12,0,,
Akr1c13,Akr1c13,0,,
Akr1c14,Akr1c14,0,,
Akr1c18,Akr1c18,0,,
Akr1c19,Akr1c19,0,,
Akr1c20,Akr1c20,0,,
Akr1c21,Akr1c21,0,,
Akr1c6,Akr1c6,0,,
Akr1cl,Akr1cl,0,,
Akr1d1,Akr1d1,0,,
Akr1e1,Akr1e1,-0.0326,-1.7121,1.0611
Akr7a5,Akr7a5,-0.0193,-4.1639,4.5047
Akt1,Akt1,0.0756,-1.1416,0.5958
Akt1s1,Akt1s1,-0.0373,-2.5691,1.9915
Akt2,Akt2,0.0117,-0.3227,0.1267
Akt2-ps,Akt2-ps,0.0025,0.6927,0.3111
Akt3,Akt3,0.0299,-1.8758,1.2169
Aktip,Aktip,0.046,0.1433,0.0526
Alad,Alad,-0.0106,-3.0986,2.7113
Alas1,Alas1,-0.051,-5.3063,6.9514
Alas2,Alas2,0,,
Alb,Alb,0,,
Alcam,Alcam,-0.0624,-6.2618,9.4196
Aldh16a1,Aldh16a1,-0.0203,-2.8747,2.3932
Aldh18a1,Aldh18a1,-0.0176,-1.0527,0.5339
Aldh1a1,Aldh1a1,0.0048,-0.7301,0.3322
Aldh1a2,Aldh1a2,-0.006,-2.0286,1.3716
Aldh1a3,Aldh1a3,0,,
Aldh1a7,Aldh1a7,0,,
Aldh1b1,Aldh1b1,-0.0043,-1.431,0.8169
Aldh1l1,Aldh1l1,-0.0035,-1.8012,1.1447
Aldh1l2,Aldh1l2,0.0555,0.6108,0.2665
Aldh2,Aldh2,-0.1454,-6.0527,8.8465
Aldh3a1,Aldh3a1,0,,
Aldh3a2,Aldh3a2,0.0503,-2.9505,2.4986
Aldh3b1,Aldh3b1,-0.0114,-2.694,2.1512
Aldh3b2,Aldh3b2,0,,
Aldh4a1,Aldh4a1,0.0137,-2.1975,1.5531
Aldh5a1,Aldh5a1,-0.0005,-0.0216,0.0075
Aldh6a1,Aldh6a1,-0.0077,-2.2691,1.6334
Aldh7a1,Aldh7a1,0.0792,1.0069,0.5031
Aldh8a1,Aldh8a1,0,,
Aldh9a1,Aldh9a1,0.0429,-1.2205,0.6531
Aldoa,Aldoa,-0.3476,-6.973,11.5082
Aldoart1,Aldoart1,0,,
Aldoart2,Aldoart2,0,,
Aldob,Aldob,0,,
Aldoc,Aldoc,0.0194,-1.1538,0.6045
Alg1,Alg1,-0.0367,-2.6113,2.0448
Alg10b,Alg10b,0.004,-0.5167,0.218
Alg11,Alg11,-0.0154,-3.5745,3.4549
Alg12,Alg12,-0.0009,-1.2501,0.6751
Alg13,Alg13,0.0153,1.2069,0.6431
Alg14,Alg14,0.0045,-1.5388,0.9071
Alg2,Alg2,-0.0136,-2.5126,1.9214
Alg3,Alg3,-0.0262,-2.5395,1.9547
Alg5,Alg5,-0.04,-4.332,4.8305
Alg6,Alg6,-0.0045,-0.7497,0.3435
Alg8,Alg8,-0.0307,-1.905,1.2458
Alg9,Alg9,0.0418,-1.9433,1.2842
Alk,Alk,0,,
Alkbh1,Alkbh1,-0.005,-1.7713,1.1163
Alkbh2,Alkbh2,-0.0658,-5.666,7.8351
Alkbh3,Alkbh3,-0.0207,-2.8402,2.3459
Alkbh4,Alkbh4,-0.0173,-2.1871,1.5416
Alkbh5,Alkbh5,-0.1507,-5.8808,8.3891
Alkbh6,Alkbh6,0.0184,-0.026,0.0091
Alkbh7,Alkbh7,-0.0205,-3.3711,3.1257
Alkbh8,Alkbh8,0.0028,0.3286,0.1293
Allc,Allc,0,,
Alms1,Alms1,0,,
Alms1-ps1,Alms1-ps1,0,,
Alms1-ps2,Alms1-ps2,0,,
Alox12,Alox12,0,,
Alox12b,Alox12b,0,,
Alox12e,Alox12e,0,,
Alox15,Alox15,-0.0043,-2.0286,1.3716
Alox5,Alox5,-0.0497,-4.5378,5.2453
Alox5ap,Alox5ap,0.3089,1.4618,0.8423
Alox8,Alox8,0,,
Aloxe3,Aloxe3,0,,
Alpi,Alpi,0,,
Alpk1,Alpk1,0,,
Alpk2,Alpk2,0,,
Alpk3,Alpk3,0,,
Alpl,Alpl,0,,
Alppl2,Alppl2,0,,
Als2,Als2,-0.0255,-2.3786,1.7599
Als2cl,Als2cl,-0.0043,-1.431,0.8169
Als2cr11,Als2cr11,0,,
Als2cr12,Als2cr12,0,,
Als2cr4,Als2cr4,0.0184,-0.884,0.424
Alx1,Alx1,0,,
Alx3,Alx3,0,,
Alx4,Alx4,0,,
Amac1,Amac1,0,,
Amacr,Amacr,-0.0176,-2.9039,2.4335
Ambn,Ambn,0,,
Ambp,Ambp,0,,
Ambra1,Ambra1,0.01,-2.2161,1.5738
Amd-ps1,Amd-ps1,0,,
Amd-ps3,Amd-ps3,0,,
Amd-ps4,Amd-ps4,0,,
Amd1,Amd1,-0.012,-2.9977,2.5653
Amd2,Amd2,-0.0142,-2.2756,1.6408
Amdhd1,Amdhd1,0,,
Amdhd2,Amdhd2,-0.0134,-2.583,2.0091
Amelx,Amelx,0,,
Amfr,Amfr,-0.0042,-2.8565,2.3683
Amh,Amh,0,,
Amhr2,Amhr2,0,,
Amica1,Amica1,0,,
Amigo1,Amigo1,-0.0112,-1.2549,0.6788
Amigo2,Amigo2,0,,
Amigo3,Amigo3,0.0004,0.6927,0.3111
Ammecr1,Ammecr1,-0.0247,-2.2045,1.5608
Ammecr1l,Ammecr1l,0.0137,-1.8339,1.1761
Amn,Amn,0,,
Amn1,Amn1,0.001,-1.8445,1.1864
Amot,Amot,0.0013,0.6927,0.3111
Amotl1,Amotl1,0.0105,-1.1446,0.5979
Amotl2,Amotl2,0.0033,0.6927,0.3111
Ampd1,Ampd1,0,,
Ampd2,Ampd2,0.0229,-0.7483,0.3427
Ampd3,Ampd3,0.0195,1.2069,0.6431
Amph,Amph,0,,
Amt,Amt,0,,
Amtn,Amtn,0,,
Amy1,Amy1,0,,
Amy2-ps1,Amy2-ps1,0,,
Amy2a1,Amy2a1,0,,
Amy2a2,Amy2a2,0,,
Amy2a3,Amy2a3,0,,
Amy2a4,Amy2a4,0,,
Amy2a5,Amy2a5,0,,
Amy2b,Amy2b,0,,
Amz1,Amz1,-0.1324,-5.2775,6.8828
Amz2,Amz2,0.0424,-1.2201,0.6528
Anapc1,Anapc1,-0.0046,-3.442,3.2386
Anapc10,Anapc10,0.004,-2.2615,1.6247
Anapc11,Anapc11,0.0914,-1.438,0.8226
Anapc13,Anapc13,0.0669,-3.8232,3.8804
Anapc16,Anapc16,-0.0191,-2.2182,1.5761
Anapc2,Anapc2,-0.0185,-1.8695,1.2107
Anapc4,Anapc4,-0.0399,-3.1039,2.719
Anapc5,Anapc5,-0.0731,-3.426,3.2128
Anapc7,Anapc7,-0.0081,-3.3803,3.1402
Ang,Ang,-0.2216,-6.7668,10.8804
Ang-ps1,Ang-ps1,0,,
Ang-ps2,Ang-ps2,0,,
Ang-ps3,Ang-ps3,0,,
Ang2,Ang2,0,,
Ang4,Ang4,0,,
Ang5,Ang5,0,,
Ang6,Ang6,0,,
Angel1,Angel1,-0.0029,-1.3703,0.768
Angel2,Angel2,-0.0294,-2.8042,2.2972
Angpt1,Angpt1,0,,
Angpt2,Angpt2,0,,
Angpt4,Angpt4,0,,
Angptl1,Angptl1,0,,
Angptl2,Angptl2,0,,
Angptl3,Angptl3,0.0054,0.6927,0.3111
Angptl4,Angptl4,0,,
Angptl6,Angptl6,0,,
Angptl7,Angptl7,0.0102,0.6089,0.2655
Ank,Ank,-1.1777,-14.713,48.2739
Ank1,Ank1,0,,
Ank2,Ank2,-0.0302,-0.0432,0.0152
Ank3,Ank3,0,,
Ankar,Ankar,0,,
Ankdd1a,Ankdd1a,0,,
Ankdd1b,Ankdd1b,0,,
Ankfn1,Ankfn1,0,,
Ankfy1,Ankfy1,-0.0051,-2.3455,1.7212
Ankhd1,Ankhd1,-0.011,-2.2892,1.6562
Ankib1,Ankib1,-0.0171,-2.189,1.5437
Ankk1,Ankk1,0,,
Ankle1,Ankle1,0.0046,0.9835,0.4876
Ankle2,Ankle2,-0.095,-4.1187,4.419
Ankmy1,Ankmy1,0,,
Ankmy2,Ankmy2,-0.0102,-2.5154,1.9248
Ankra2,Ankra2,0.0275,-0.9793,0.4849
Ankrd1,Ankrd1,0,,
Ankrd10,Ankrd10,-0.0165,-2.8132,2.3094
Ankrd11,Ankrd11,0.1124,-0.8535,0.4052
Ankrd12,Ankrd12,0.1207,-0.801,0.3735
Ankrd13a,Ankrd13a,-0.041,-4.1936,4.5613
Ankrd13b,Ankrd13b,-0.0017,-0.5226,0.2209
Ankrd13c,Ankrd13c,0.0594,-0.0237,0.0083
Ankrd13d,Ankrd13d,0.0114,-0.0221,0.0077
Ankrd16,Ankrd16,-0.0303,-1.8028,1.1462
Ankrd17,Ankrd17,-0.0657,-3.0061,2.5774
Ankrd2,Ankrd2,0,,
Ankrd22,Ankrd22,0.0071,0.6927,0.3111
Ankrd23,Ankrd23,0,,
Ankrd24,Ankrd24,0.0062,0.6927,0.3111
Ankrd26,Ankrd26,-0.0095,-1.8054,1.1486
Ankrd27,Ankrd27,0.0493,-1.6665,1.0195
Ankrd28,Ankrd28,0.0005,-0.9018,0.4352
Ankrd29,Ankrd29,-0.0026,-1.431,0.8169
Ankrd32,Ankrd32,-0.0052,-1.3054,0.7172
Ankrd33,Ankrd33,0,,
Ankrd33b,Ankrd33b,0,,
Ankrd34a,Ankrd34a,0,,
Ankrd34b,Ankrd34b,0,,
Ankrd34c,Ankrd34c,0,,
Ankrd35,Ankrd35,0,,
Ankrd36,Ankrd36,0,,
Ankrd37,Ankrd37,-0.0108,-1.4631,0.8433
Ankrd39,Ankrd39,-0.0179,-2.8765,2.3957
Ankrd40,Ankrd40,-0.0233,-2.2965,1.6646
Ankrd42,Ankrd42,0,,
Ankrd43,Ankrd43,-0.0026,-1.431,0.8169
Ankrd44,Ankrd44,-0.0411,-2.5493,1.9668
Ankrd45,Ankrd45,0,,
Ankrd46,Ankrd46,-0.0189,-2.2899,1.6571
Ankrd49,Ankrd49,0.0094,-0.9001,0.4341
Ankrd5,Ankrd5,0.0071,0.6927,0.3111
Ankrd50,Ankrd50,-0.0099,-1.1644,0.6122
Ankrd52,Ankrd52,0,,
Ankrd53,Ankrd53,0,,
Ankrd54,Ankrd54,-0.0252,-2.9025,2.4315
Ankrd55,Ankrd55,0,,
Ankrd56,Ankrd56,0,,
Ankrd57,Ankrd57,-0.1055,-6.5777,10.3207
Ankrd58,Ankrd58,0,,
Ankrd6,Ankrd6,0.0062,0.6927,0.3111
Ankrd60,Ankrd60,0,,
Ankrd61,Ankrd61,0,,
Ankrd7,Ankrd7,0,,
Ankrd9,Ankrd9,0,,
Anks1,Anks1,-0.0213,-2.9233,2.4605
Anks1b,Anks1b,-0.0017,-1.431,0.8169
Anks3,Anks3,0.0068,-0.7301,0.3322
Anks4b,Anks4b,0,,
Anks6,Anks6,-0.0061,-0.574,0.2472
Ankzf1,Ankzf1,-0.0456,-3.2246,2.8992
Anln,Anln,0.0075,0.6927,0.3111
Ano1,Ano1,0,,
Ano10,Ano10,-0.02,-2.0815,1.4273
Ano2,Ano2,0,,
Ano3,Ano3,0,,
Ano4,Ano4,0,,
Ano5,Ano5,0,,
Ano6,Ano6,-0.0161,-2.5795,2.0046
Ano7,Ano7,0,,
Ano8,Ano8,-0.0061,-2.2551,1.6175
Ano9,Ano9,0,,
Anp32-ps,Anp32-ps,0.0054,-0.5167,0.218
Anp32a,Anp32a,0.0986,-1.4243,0.8115
Anp32b,Anp32b,0.083,-1.782,1.1264
Anp32b-ps1,Anp32b-ps1,-0.0193,-2.5326,1.9461
Anp32e,Anp32e,0.1266,0.0916,0.0329
Anpep,Anpep,-0.0069,-1.431,0.8169
Antxr1,Antxr1,0,,
Antxr2,Antxr2,-0.0052,-2.5258,1.9377
Antxrl,Antxrl,0,,
Anubl1,Anubl1,-0.0034,-1.431,0.8169
Anxa1,Anxa1,-0.0137,-2.4881,1.8914
Anxa10,Anxa10,0,,
Anxa11,Anxa11,0,,
Anxa13,Anxa13,0,,
Anxa2,Anxa2,-0.0684,-5.9158,8.4812
Anxa3,Anxa3,-0.2653,-6.8434,11.1118
Anxa4,Anxa4,-0.0233,-1.8055,1.1488
Anxa5,Anxa5,-0.1626,-6.2346,9.3439
Anxa6,Anxa6,0.1316,1.4086,0.7987
Anxa7,Anxa7,-0.0183,-4.5221,5.2131
Anxa8,Anxa8,0,,
Anxa9,Anxa9,0.0037,0.6927,0.3111
Aoah,Aoah,0.0058,0.9835,0.4876
Aoc2,Aoc2,0.0029,0.6927,0.3111
Aoc3,Aoc3,0,,
Aox1,Aox1,0,,
Aox3,Aox3,0,,
Aox3l1,Aox3l1,-0.0051,-1.431,0.8169
Aox4,Aox4,0,,
Ap1ar,Ap1ar,-0.0007,-1.2998,0.7129
Ap1b1,Ap1b1,0.1022,-0.2591,0.0993
Ap1g1,Ap1g1,0.0051,-2.7327,2.2019
Ap1g2,Ap1g2,0.0174,1.3956,0.7883
Ap1m1,Ap1m1,0.0657,-0.725,0.3293
Ap1m2,Ap1m2,0,,
Ap1s1,Ap1s1,0.0109,-2.0807,1.4264
Ap1s2,Ap1s2,0.1186,1.039,0.5246
Ap1s3,Ap1s3,0,,
Ap2a1,Ap2a1,-0.0067,-2.509,1.917
Ap2a2,Ap2a2,0.0733,-1.1214,0.5815
Ap2b1,Ap2b1,0.0239,-1.41,0.7999
Ap2m1,Ap2m1,-0.0212,-2.8718,2.3892
Ap2s1,Ap2s1,-0.0434,-4.5264,5.222
Ap3b1,Ap3b1,0.0397,-1.1054,0.5703
Ap3b2,Ap3b2,-0.0017,-1.431,0.8169
Ap3d1,Ap3d1,0.0966,-3.7476,3.7483
Ap3m1,Ap3m1,-0.0002,-1.9217,1.2625
Ap3m2,Ap3m2,0.0331,0.5979,0.2597
Ap3s1,Ap3s1,0.0293,-0.4717,0.1957
Ap3s1-ps1,Ap3s1-ps1,0,,
Ap3s1-ps2,Ap3s1-ps2,-0.012,-2.4881,1.8914
Ap3s2,Ap3s2,0.0035,-1.9434,1.2843
Ap4b1,Ap4b1,-0.0209,-2.9977,2.5653
Ap4e1,Ap4e1,0.0144,0.2381,0.0906
Ap4m1,Ap4m1,-0.0128,-1.8137,1.1566
Ap4s1,Ap4s1,-0.018,-0.8966,0.4319
Apaf1,Apaf1,0.0258,-0.025,0.0087
Apba1,Apba1,-0.0303,-3.1031,2.7179
Apba2,Apba2,0,,
Apba3,Apba3,0.0141,0.8474,0.4014
Apbb1,Apbb1,0.0019,-0.5582,0.2391
Apbb1ip,Apbb1ip,-0.0927,-3.9868,4.174
Apbb2,Apbb2,-0.3665,-9.7856,21.8866
Apbb3,Apbb3,-0.0084,-0.3482,0.1381
Apc,Apc,0.0743,-1.3106,0.7213
Apc-ps1,Apc-ps1,0,,
Apc2,Apc2,0,,
Apcdd1,Apcdd1,0,,
Apcs,Apcs,0,,
Apeh,Apeh,-0.0427,-2.8468,2.355
Apex1,Apex1,-0.0352,-2.3891,1.7724
Apex2,Apex2,0.01,0.9835,0.4876
Aph1a,Aph1a,0.047,0.1736,0.0644
Aph1b,Aph1b,-0.0017,-1.431,0.8169
Aph1c,Aph1c,-0.0613,-3.015,2.5901
Api5,Api5,0.0255,-2.129,1.4782
Apip,Apip,-0.0046,-2.7829,2.2686
Apitd1,Apitd1,0.017,0.9835,0.4876
Aplf,Aplf,0.0086,-0.0168,0.0059
Apln,Apln,0,,
Aplnr,Aplnr,0,,
Aplp1,Aplp1,-0.0094,-2.8765,2.3957
Aplp2,Aplp2,-0.656,-11.4862,29.8104
Apoa1,Apoa1,0,,
Apoa1bp,Apoa1bp,0.031,-2.4013,1.7868
Apoa2,Apoa2,0,,
Apoa4,Apoa4,0,,
Apoa5,Apoa5,0,,
Apob,Apob,0,,
Apobec1,Apobec1,0.0401,-2.6784,2.1309
Apobec2,Apobec2,0.01,0.6927,0.3111
Apobec3,Apobec3,0.0024,-2.0979,1.4448
Apobec4,Apobec4,0,,
Apobr,Apobr,-0.0375,-4.3971,4.9597
Apoc1,Apoc1,-0.0208,-0.8871,0.426
Apoc2,Apoc2,-0.0286,-2.8439,2.3511
Apoc3,Apoc3,0,,
Apoc4,Apoc4,-0.1254,-4.2957,4.7591
Apod,Apod,-0.0058,-0.7384,0.337
Apoe,Apoe,-0.6037,-7.4672,13.0866
Apof,Apof,0,,
Apoh,Apoh,0,,
Apol10a,Apol10a,0,,
Apol10b,Apol10b,0,,
Apol11a,Apol11a,0,,
Apol11b,Apol11b,0,,
Apol6,Apol6,0,,
Apol7a,Apol7a,0,,
Apol7b,Apol7b,0,,
Apol7c,Apol7c,0,,
Apol7d,Apol7d,0,,
Apol7e,Apol7e,0,,
Apol8,Apol8,0,,
Apol9a,Apol9a,0,,
Apol9b,Apol9b,0,,
Apold1,Apold1,0.0096,1.2069,0.6431
Apom,Apom,0,,
Apon,Apon,0,,
Apoo,Apoo,0.0152,-0.337,0.1331
Apoo-ps,Apoo-ps,0.0004,-0.5167,0.218
Apool,Apool,0.0361,-2.1808,1.5347
App,App,0.034,-4.3811,4.9278
Appbp2,Appbp2,0.0079,-1.3336,0.7391
Appl1,Appl1,0.0337,-0.959,0.4717
Appl2,Appl2,-0.0297,-3.4146,3.1946
Aprt,Aprt,-0.0814,-4.2281,4.6278
Aptx,Aptx,0.0041,-2.1734,1.5265
Aqp1,Aqp1,0,,
Aqp11,Aqp11,0,,
Aqp12,Aqp12,0,,
Aqp2,Aqp2,0,,
Aqp3,Aqp3,0,,
Aqp4,Aqp4,0.0062,0.6927,0.3111
Aqp5,Aqp5,0,,
Aqp6,Aqp6,0,,
Aqp7,Aqp7,0,,
Aqp8,Aqp8,0,,
Aqp9,Aqp9,0,,
Aqr,Aqr,0.0127,-1.0995,0.5662
Ar,Ar,0,,
Araf,Araf,-0.0374,-2.4271,1.8176
Arap1,Arap1,0.0906,-1.489,0.8649
Arap2,Arap2,-0.1338,-6.1911,9.2237
Arap3,Arap3,0.0306,-1.5287,0.8984
Arc,Arc,0.0013,0.6927,0.3111
Arcn1,Arcn1,0.0401,-3.2853,2.9919
Areg,Areg,0,,
Arf1,Arf1,-0.0025,-3.7345,3.7256
Arf2,Arf2,0.0522,0.7707,0.3557
Arf3,Arf3,-0.0246,-4.483,5.133
Arf4,Arf4,-0.1396,-5.896,8.429
Arf5,Arf5,-0.0871,-5.2965,6.928
Arf6,Arf6,-0.0049,-3.6086,3.5117
Arfgap1,Arfgap1,-0.0263,-4.8988,6.0158
Arfgap2,Arfgap2,-0.0322,-4.1899,4.5544
Arfgap3,Arfgap3,-0.0018,-2.5233,1.9346
Arfgef1,Arfgef1,0.0664,-1.9613,1.3024
Arfgef2,Arfgef2,0.0225,-1.9318,1.2726
Arfip1,Arfip1,-0.0045,-2.4372,1.8297
Arfip2,Arfip2,-0.034,-3.4266,3.2139
Arfrp1,Arfrp1,-0.0539,-3.1283,2.755
Arg1,Arg1,0,,
Arg2,Arg2,0,,
Arglu1,Arglu1,0.0572,-0.9368,0.4574
Arhgap1,Arhgap1,0.0168,-2.5271,1.9392
Arhgap10,Arhgap10,-0.0128,-2.0286,1.3716
Arhgap11a,Arhgap11a,0.0459,0.5211,0.2202
Arhgap12,Arhgap12,0.0134,-2.8016,2.2937
Arhgap15,Arhgap15,0.0088,-0.7399,0.3378
Arhgap17,Arhgap17,-0.0915,-5.0841,6.4326
Arhgap18,Arhgap18,0.0059,-1.7514,1.0976
Arhgap19,Arhgap19,0.0242,-1.1204,0.5808
Arhgap20,Arhgap20,0.0054,0.6927,0.3111
Arhgap21,Arhgap21,-0.0262,-0.758,0.3483
Arhgap22,Arhgap22,0.0272,-2.1075,1.455
Arhgap23,Arhgap23,-0.0175,-2.6544,2.1
Arhgap24,Arhgap24,-0.0897,-4.227,4.6256
Arhgap25,Arhgap25,-0.1244,-5.6123,7.6996
Arhgap26,Arhgap26,-0.0514,-4.0237,4.242
Arhgap27,Arhgap27,0.0608,-1.4575,0.8387
Arhgap28,Arhgap28,0,,
Arhgap29,Arhgap29,-0.0109,-0.9069,0.4384
Arhgap30,Arhgap30,0.3173,1.5187,0.89
Arhgap31,Arhgap31,-0.0269,-3.7811,3.8065
Arhgap32,Arhgap32,0.0145,0.9835,0.4876
Arhgap33,Arhgap33,0,,
Arhgap36,Arhgap36,0,,
Arhgap39,Arhgap39,-0.0049,-4.2053,4.5839
Arhgap4,Arhgap4,0.0812,1.5006,0.8747
Arhgap40,Arhgap40,0,,
Arhgap42,Arhgap42,0,,
Arhgap44,Arhgap44,0,,
Arhgap5,Arhgap5,0.0702,-1.6403,0.9959
Arhgap6,Arhgap6,0,,
Arhgap8,Arhgap8,0,,
Arhgap9,Arhgap9,0.0108,-0.8574,0.4075
Arhgdia,Arhgdia,0.2834,-0.2504,0.0957
Arhgdib,Arhgdib,0.2987,-0.716,0.3242
Arhgdig,Arhgdig,0.0348,-0.5167,0.218
Arhgef1,Arhgef1,-0.0372,-3.9292,4.0694
Arhgef10,Arhgef10,0,,
Arhgef10l,Arhgef10l,-0.0001,-0.5167,0.218
Arhgef11,Arhgef11,0.0437,-0.1538,0.0566
Arhgef12,Arhgef12,0.0123,-2.05,1.394
Arhgef15,Arhgef15,0.0037,0.6927,0.3111
Arhgef16,Arhgef16,0,,
Arhgef17,Arhgef17,0,,
Arhgef18,Arhgef18,-0.0076,-3.1955,2.8552
Arhgef19,Arhgef19,0,,
Arhgef2,Arhgef2,-0.0726,-4.2127,4.5981
Arhgef25,Arhgef25,0.026,1.3956,0.7883
Arhgef26,Arhgef26,0,,
Arhgef3,Arhgef3,-0.0208,-2.3915,1.7753
Arhgef33,Arhgef33,0,,
Arhgef37,Arhgef37,0,,
Arhgef4,Arhgef4,-0.0016,-2.1734,1.5265
Arhgef40,Arhgef40,0.0495,-2.6337,2.0734
Arhgef5,Arhgef5,-0.0034,-2.0286,1.3716
Arhgef6,Arhgef6,0.1043,-1.2809,0.6985
Arhgef7,Arhgef7,-0.0645,-4.9737,6.1824
Arhgef9,Arhgef9,0.038,-0.5167,0.218
Arid1a,Arid1a,-0.0427,-3.0839,2.6897
Arid1b,Arid1b,-0.0282,-3.5652,3.4394
Arid2,Arid2,-0.0632,-3.8355,3.902
Arid3a,Arid3a,0.0346,-0.0163,0.0057
Arid3b,Arid3b,0.0029,-0.7301,0.3322
Arid3c,Arid3c,0,,
Arid4a,Arid4a,-0.0198,-0.5609,0.2404
Arid4b,Arid4b,-0.0114,-0.7091,0.3203
Arid5a,Arid5a,-0.0116,-1.4805,0.8578
Arid5b,Arid5b,-0.0591,-1.9748,1.3162
Arih1,Arih1,0.0487,-2.5559,1.9751
Arih2,Arih2,0.0139,-0.8358,0.3944
Arl1,Arl1,0.0181,-3.7833,3.8103
Arl10,Arl10,-0.0086,-2.2644,1.628
Arl11,Arl11,-0.0583,-4.8059,5.8124
Arl13a,Arl13a,0,,
Arl13b,Arl13b,0.0151,-0.7385,0.337
Arl14,Arl14,0,,
Arl15,Arl15,0.0024,-0.0192,0.0067
Arl16,Arl16,0.0101,-0.2732,0.1053
Arl2,Arl2,-0.002,-0.9494,0.4655
Arl2bp,Arl2bp,-0.0303,-2.8725,2.3901
Arl3,Arl3,0.0554,-0.1156,0.0419
Arl4a,Arl4a,-0.0092,-1.0572,0.537
Arl4c,Arl4c,-0.1298,-6.4192,9.8634
Arl4d,Arl4d,0,,
Arl5a,Arl5a,0.0019,-2.3437,1.7191
Arl5b,Arl5b,-0.0415,-2.6578,2.1043
Arl5c,Arl5c,0.0184,-1.6176,0.9758
Arl6,Arl6,-0.0298,-1.3908,0.7844
Arl6ip1,Arl6ip1,0.0352,-3.2026,2.8659
Arl6ip4,Arl6ip4,0.0293,-1.9937,1.3355
Arl6ip5,Arl6ip5,-0.0113,-0.399,0.1612
Arl6ip6,Arl6ip6,-0.0028,-1.3703,0.768
Arl8a,Arl8a,0.0221,-1.5511,0.9177
Arl8b,Arl8b,0.0316,-2.0987,1.4456
Arl9,Arl9,0,,
Armc1,Armc1,-0.0476,-3.1582,2.7992
Armc10,Armc10,-0.0248,-3.3247,3.053
Armc2,Armc2,-0.0196,-2.4881,1.8914
Armc3,Armc3,-0.0071,-0.0425,0.015
Armc4,Armc4,0,,
Armc5,Armc5,-0.0032,-4.0188,4.2329
Armc6,Armc6,-0.0061,-1.7815,1.126
Armc7,Armc7,-0.0074,-1.8012,1.1447
Armc8,Armc8,-0.0126,-1.905,1.2458
Armc9,Armc9,-0.0069,-1.431,0.8169
Armcx1,Armcx1,0,,
Armcx2,Armcx2,0.0129,-0.4737,0.1967
Armcx3,Armcx3,-0.005,-1.7013,1.0511
Armcx4,Armcx4,0,,
Armcx5,Armcx5,0.0162,-1.0439,0.5279
Armcx6,Armcx6,-0.0247,-1.431,0.8169
Arnt,Arnt,-0.025,-2.1439,1.4943
Arnt2,Arnt2,-0.0411,-2.8515,2.3614
Arntl,Arntl,0.0125,-0.337,0.1331
Arntl2,Arntl2,0,,
Arpc1a,Arpc1a,0.019,-3.0702,2.6697
Arpc1b,Arpc1b,-0.1305,-5.1851,6.6657
Arpc2,Arpc2,0.3662,0.2254,0.0853
Arpc3,Arpc3,0.0367,-2.7977,2.2884
Arpc4,Arpc4,0.0264,-0.9405,0.4597
Arpc5,Arpc5,0.0929,-2.2583,1.6212
Arpc5l,Arpc5l,-0.0235,-3.1984,2.8595
Arpm1,Arpm1,0,,
Arpp19,Arpp19,0.0958,-2.4736,1.8736
Arpp21,Arpp21,0,,
Arr3,Arr3,0,,
Arrb1,Arrb1,0.0606,-2.0199,1.3626
Arrb2,Arrb2,0.0657,-1.4165,0.8051
Arrdc1,Arrdc1,-0.051,-3.6734,3.621
Arrdc2,Arrdc2,0.0052,-0.337,0.1331
Arrdc3,Arrdc3,-0.0282,-1.8072,1.1504
Arrdc4,Arrdc4,-0.1636,-6.4649,9.9941
Arrdc5,Arrdc5,0,,
Arsa,Arsa,-0.0566,-3.7159,3.6937
Arsb,Arsb,-0.1431,-4.6881,5.5595
Arsg,Arsg,0.0337,-0.7061,0.3186
Arsi,Arsi,0,,
Arsj,Arsj,0,,
Arsk,Arsk,0.0245,-2.3173,1.6885
Art1,Art1,0,,
Art2a-ps,Art2a-ps,0,,
Art2b,Art2b,0,,
Art3,Art3,0,,
Art4,Art4,0,,
Art5,Art5,0,,
Artn,Artn,0,,
Arv1,Arv1,0,,
Arvcf,Arvcf,0.0105,-1.6155,0.9739
Arx,Arx,0,,
Arxes1,Arxes1,0,,
Arxes2,Arxes2,0,,
As3mt,As3mt,-0.0181,-3.1418,2.7749
Asah1,Asah1,-0.2078,-6.8918,11.259
Asah2,Asah2,-0.0041,-2.1709,1.5238
Asap1,Asap1,-0.0307,-4.1551,4.4879
Asap2,Asap2,0,,
Asap3,Asap3,0.0043,-1.3719,0.7693
Asb1,Asb1,-0.0009,-1.038,0.5239
Asb10,Asb10,-0.1822,-6.9265,11.3653
Asb11,Asb11,-0.0188,-2.0286,1.3716
Asb12,Asb12,0,,
Asb13,Asb13,-0.0191,-1.6179,0.976
Asb14,Asb14,0,,
Asb15,Asb15,0,,
Asb16,Asb16,0,,
Asb17,Asb17,0,,
Asb18,Asb18,0,,
Asb2,Asb2,0.0454,1.363,0.7622
Asb3,Asb3,-0.0206,-1.8057,1.149
Asb4,Asb4,0,,
Asb5,Asb5,0,,
Asb6,Asb6,0.0032,-2.1759,1.5293
Asb7,Asb7,0.0009,-2.0003,1.3423
Asb8,Asb8,-0.039,-3.415,3.1953
Asb9,Asb9,0,,
Ascc1,Ascc1,0.0292,-0.9332,0.455
Ascc2,Ascc2,0.0089,-0.7497,0.3435
Ascc3,Ascc3,0.0048,-0.7971,0.3712
Ascl1,Ascl1,0,,
Ascl2,Ascl2,0,,
Ascl3,Ascl3,0,,
Ascl4,Ascl4,-0.0047,-1.8116,1.1546
Asf1a,Asf1a,0.041,-0.013,0.0045
Asf1b,Asf1b,-0.0017,-1.431,0.8169
Asgr1,Asgr1,0,,
Asgr2,Asgr2,0,,
Ash1l,Ash1l,0.0283,-2.0665,1.4113
Ash2l,Ash2l,-0.0169,-2.1241,1.4728
Asl,Asl,0.0057,-0.9491,0.4652
Asna1,Asna1,-0.0364,-4.7975,5.7941
Asns,Asns,0.0311,1.2284,0.659
Asnsd1,Asnsd1,0.0673,0.4036,0.1634
Aspa,Aspa,0.0091,0.6927,0.3111
Aspdh,Aspdh,0,,
Aspg,Aspg,0,,
Asph,Asph,-0.0999,-5.6086,7.6904
Asphd1,Asphd1,0,,
Asphd2,Asphd2,0,,
Aspm,Aspm,0,,
Aspn,Aspn,0,,
Asprv1,Asprv1,0,,
Aspscr1,Aspscr1,-0.0038,-2.1307,1.48
Asrgl1,Asrgl1,0.0009,-1.2998,0.7129
Ass1,Ass1,-0.0238,-3.2197,2.8916
Aste1,Aste1,0,,
Astl,Astl,0,,
Astn1,Astn1,0,,
Astn2,Astn2,0,,
Astx1a,Astx1a,0,,
Astx1b,Astx1b,0,,
Astx1c,Astx1c,0,,
Astx2,Astx2,0,,
Astx3,Astx3,0,,
Astx4a,Astx4a,0,,
Astx4b,Astx4b,0,,
Astx4c,Astx4c,0,,
Astx4d,Astx4d,0,,
Astx5,Astx5,0,,
Astx6,Astx6,0,,
Asxl1,Asxl1,-0.0493,-3.348,3.0894
Asxl2,Asxl2,-0.0195,-2.6689,2.1186
Asxl3,Asxl3,-0.0034,-1.431,0.8169
Asz1,Asz1,0,,
Atad1,Atad1,-0.022,-4.1147,4.4116
Atad2,Atad2,-0.0292,-1.64,0.9956
Atad2b,Atad2b,-0.0062,-1.633,0.9894
Atad3a,Atad3a,0.0336,-0.9081,0.4391
Atad5,Atad5,0.0048,-0.2894,0.1122
Atat1,Atat1,0.026,-0.2043,0.0767
Atcay,Atcay,0,,
Ate1,Ate1,0.0464,-1.6991,1.0492
Atf1,Atf1,0.0638,-0.7212,0.3272
Atf2,Atf2,-0.0156,-1.9535,1.2945
Atf3,Atf3,-0.3718,-4.8847,5.9847
Atf4,Atf4,-0.1215,-5.1106,6.4933
Atf5,Atf5,0.0209,0.8457,0.4004
Atf6,Atf6,0.0099,-2.2434,1.6043
Atf6b,Atf6b,-0.0069,-2.1265,1.4755
Atf7,Atf7,0.0231,-0.9618,0.4735
Atf7ip,Atf7ip,0.0153,-1.068,0.5444
Atf7ip2,Atf7ip2,0,,
Atg10,Atg10,-0.0036,-1.8856,1.2266
Atg12,Atg12,-0.074,-4.4362,5.0384
Atg13,Atg13,-0.0465,-5.2697,6.8644
Atg14,Atg14,-0.0193,-2.8927,2.418
Atg16l1,Atg16l1,-0.0176,-2.8983,2.4257
Atg16l2,Atg16l2,0.0011,-0.5167,0.218
Atg2a,Atg2a,-0.0153,-0.5068,0.213
Atg2b,Atg2b,-0.0419,-3.6948,3.6575
Atg3,Atg3,0.0089,-1.2744,0.6935
Atg4a,Atg4a,-0.0083,-0.9069,0.4384
Atg4a-ps,Atg4a-ps,0,,
Atg4b,Atg4b,0.0218,-0.5863,0.2536
Atg4c,Atg4c,0.0244,-0.5189,0.2191
Atg4d,Atg4d,-0.0105,-2.5499,1.9675
Atg5,Atg5,0.0414,-1.9739,1.3152
Atg7,Atg7,-0.0571,-4.9937,6.2273
Atg9a,Atg9a,-0.0203,-2.5528,1.9711
Atg9b,Atg9b,-0.0171,-1.431,0.8169
Athl1,Athl1,0.0226,-1.0262,0.516
Atic,Atic,-0.0019,-1.8469,1.1887
Atl1,Atl1,-0.0056,-0.5226,0.2209
Atl2,Atl2,-0.0768,-4.5176,5.2038
Atl3,Atl3,-0.0391,-4.0431,4.2778
Atm,Atm,0.0082,-1.1578,0.6074
Atmin,Atmin,-0.0117,-1.1583,0.6077
Atn1,Atn1,0.0758,-1.4567,0.838
Atoh1,Atoh1,0,,
Atoh7,Atoh7,0,,
Atoh8,Atoh8,0,,
Atox1,Atox1,-0.0001,-3.3225,3.0496
Atp10a,Atp10a,-0.0139,-2.184,1.5382
Atp10b,Atp10b,0,,
Atp10d,Atp10d,-0.0023,-1.8012,1.1447
Atp11a,Atp11a,-0.0018,-1.547,0.9141
Atp11b,Atp11b,-0.0032,-1.2917,0.7068
Atp11c,Atp11c,-0.0276,-2.8315,2.3342
Atp12a,Atp12a,0,,
Atp13a1,Atp13a1,-0.0324,-4.2296,4.6306
Atp13a2,Atp13a2,-0.0673,-5.0636,6.3858
Atp13a3,Atp13a3,0.0332,-1.6326,0.989
Atp13a4,Atp13a4,0,,
Atp13a5,Atp13a5,0,,
Atp1a1,Atp1a1,-0.1157,-5.4446,7.2847
Atp1a2,Atp1a2,-0.0105,-2.5194,1.9297
Atp1a3,Atp1a3,-0.1188,-6.7043,10.694
Atp1a4,Atp1a4,0,,
Atp1b1,Atp1b1,-0.0205,-1.431,0.8169
Atp1b2,Atp1b2,-0.0017,-1.431,0.8169
Atp1b3,Atp1b3,-0.7142,-10.0501,23.0373
Atp1b4,Atp1b4,-0.0145,-1.431,0.8169
Atp2a1,Atp2a1,-0.0128,-2.8765,2.3957
Atp2a2,Atp2a2,-0.1354,-6.2276,9.3246
Atp2a3,Atp2a3,0.0008,0.6927,0.3111
Atp2b1,Atp2b1,-0.0966,-5.1356,6.5508
Atp2b2,Atp2b2,0,,
Atp2b3,Atp2b3,0,,
Atp2b4,Atp2b4,0,,
Atp2c1,Atp2c1,-0.1135,-5.6094,7.6925
Atp2c2,Atp2c2,0,,
Atp4a,Atp4a,0,,
Atp4b,Atp4b,0,,
Atp5a1,Atp5a1,-0.0447,-3.7246,3.7085
Atp5b,Atp5b,0.0927,-2.6869,2.142
Atp5c1,Atp5c1,-0.0028,-3.1954,2.8551
Atp5d,Atp5d,0.1425,-4.2002,4.5741
Atp5e,Atp5e,0.239,-1.3554,0.7563
Atp5f1,Atp5f1,0.1206,-2.788,2.2754
Atp5g1,Atp5g1,0.1432,1.5233,0.8939
Atp5g2,Atp5g2,-0.0021,-1.3766,0.7731
Atp5g3,Atp5g3,0.009,-3.8998,4.0165
Atp5h,Atp5h,0.0061,-3.8551,3.9368
Atp5j,Atp5j,0.0138,-3.3126,3.0342
Atp5j2,Atp5j2,0.103,-3.6668,3.6097
Atp5k,Atp5k,-0.086,-4.9097,6.04
Atp5l,Atp5l,0.014,-1.7355,1.0827
Atp5l-ps1,Atp5l-ps1,-0.0019,-1.2501,0.6751
Atp5l2,Atp5l2,0.0169,-1.056,0.5362
Atp5o,Atp5o,0.1409,-2.0433,1.387
Atp5s,Atp5s,-0.0059,-2.1911,1.546
Atp5sl,Atp5sl,-0.0033,-2.3135,1.6841
Atp6ap1,Atp6ap1,-0.1064,-5.2692,6.8633
Atp6ap1l,Atp6ap1l,0,,
Atp6ap2,Atp6ap2,-0.1039,-6.614,10.427
Atp6v0a1,Atp6v0a1,-0.0461,-5.0006,6.2431
Atp6v0a2,Atp6v0a2,0.0367,-2.115,1.4631
Atp6v0a4,Atp6v0a4,0,,
Atp6v0b,Atp6v0b,-0.1724,-6.3561,9.684
Atp6v0c,Atp6v0c,-0.1125,-6.5681,10.2928
Atp6v0d1,Atp6v0d1,-0.0119,-4.4181,5.0019
Atp6v0d2,Atp6v0d2,-0.0994,-4.8534,5.916
Atp6v0e,Atp6v0e,0.1174,-1.8837,1.2247
Atp6v0e2,Atp6v0e2,-0.0077,-2.0286,1.3716
Atp6v1a,Atp6v1a,-0.2181,-7.4753,13.1133
Atp6v1b1,Atp6v1b1,0,,
Atp6v1b2,Atp6v1b2,-0.1196,-6.2719,9.4479
Atp6v1c1,Atp6v1c1,-0.0423,-4.102,4.3876
Atp6v1c2,Atp6v1c2,0,,
Atp6v1d,Atp6v1d,-0.1019,-4.3561,4.8782
Atp6v1e1,Atp6v1e1,0.1237,-2.6148,2.0492
Atp6v1e2,Atp6v1e2,0,,
Atp6v1f,Atp6v1f,0.0628,-3.3568,3.1032
Atp6v1g1,Atp6v1g1,0.1883,-2.3974,1.7822
Atp6v1g2,Atp6v1g2,-0.0066,-0.5196,0.2194
Atp6v1g3,Atp6v1g3,0,,
Atp6v1h,Atp6v1h,0.0433,-2.4664,1.8649
Atp7a,Atp7a,0.0011,-2.2716,1.6361
Atp7b,Atp7b,0,,
Atp8a1,Atp8a1,-0.0437,-3.6285,3.5451
Atp8a2,Atp8a2,0.0213,-0.2369,0.09
Atp8b1,Atp8b1,0.0042,0.6927,0.3111
Atp8b2,Atp8b2,0.0011,-0.3408,0.1347
Atp8b3,Atp8b3,0,,
Atp8b4,Atp8b4,0,,
Atp8b5,Atp8b5,0,,
Atp9a,Atp9a,0,,
Atp9b,Atp9b,0.032,-2.0281,1.3711
Atpaf1,Atpaf1,-0.0219,-2.9977,2.5653
Atpaf2,Atpaf2,0.011,-0.5895,0.2553
Atpbd4,Atpbd4,-0.0111,-2.5101,1.9183
Atpif1,Atpif1,0.104,-3.3742,3.1306
Atr,Atr,0.0209,-0.7538,0.3459
Atrip,Atrip,-0.0669,-4.7617,5.7168
Atrn,Atrn,0.045,-1.1499,0.6017
Atrnl1,Atrnl1,0.0096,0.6927,0.3111
Atrx,Atrx,0.2335,-0.4883,0.2039
Atxn1,Atxn1,-0.0154,-2.0286,1.3716
Atxn10,Atxn10,-0.1254,-4.7209,5.6293
Atxn1l,Atxn1l,-0.0118,-1.9038,1.2446
Atxn2,Atxn2,0.0357,-1.0905,0.5599
Atxn2l,Atxn2l,0.0034,-2.8022,2.2945
Atxn3,Atxn3,0.0568,-0.3409,0.1348
Atxn7,Atxn7,-0.0518,-3.9239,4.0598
Atxn7l1,Atxn7l1,-0.011,-2.2917,1.6591
Atxn7l2,Atxn7l2,-0.0034,-2.0286,1.3716
Atxn7l3,Atxn7l3,0.0166,-1.3944,0.7873
Atxn7l3b,Atxn7l3b,0.0005,-4.8555,5.9206
Auh,Auh,0.0185,-2.8494,2.3584
Aup1,Aup1,-0.0591,-4.2926,4.753
Aurka,Aurka,0,,
Aurkaip1,Aurkaip1,0.0314,-1.9856,1.3272
Aurkb,Aurkb,-0.0026,-1.431,0.8169
Aurkc,Aurkc,0,,
Auts2,Auts2,0,,
Aven,Aven,0.0046,-1.5382,0.9065
Avil,Avil,0,,
Avl9,Avl9,-0.0067,-3.0646,2.6616
Avp,Avp,0,,
Avpi1,Avpi1,-0.002,-1.3016,0.7144
Avpr1a,Avpr1a,0,,
Avpr1b,Avpr1b,0,,
Avpr2,Avpr2,0,,
Awat1,Awat1,0,,
Awat2,Awat2,0,,
Axin1,Axin1,0.0087,-1.6731,1.0254
Axin2,Axin2,0,,
Axl,Axl,-0.9955,-13.4027,40.2342
Aym1,Aym1,0,,
Azgp1,Azgp1,0,,
Azi1,Azi1,-0.0155,-2.651,2.0956
Azi2,Azi2,-0.0378,-2.9092,2.4408
Azin1,Azin1,-0.0651,-3.4095,3.1865
B020004J07Rik,B020004J07Rik,0,,
B020018G12Rik,B020018G12Rik,0.0071,0.468,0.194
B130006D01Rik,B130006D01Rik,0,,
B130011K05Rik,B130011K05Rik,0,,
B130024G19Rik,B130024G19Rik,0,,
B130046B21Rik,B130046B21Rik,0,,
B130055M24Rik,B130055M24Rik,0,,
B230104C08Rik,B230104C08Rik,0,,
B230112J18Rik,B230112J18Rik,0,,
B230118H07Rik,B230118H07Rik,0.0084,-1.4673,0.8468
B230119M05Rik,B230119M05Rik,0,,
B230120H23Rik,B230120H23Rik,0.0192,-1.363,0.7622
B230206F22Rik,B230206F22Rik,0,,
B230206H07Rik,B230206H07Rik,0,,
B230206L02Rik,B230206L02Rik,-0.0034,-1.431,0.8169
B230208H11Rik,B230208H11Rik,0,,
B230208H17Rik,B230208H17Rik,0.0059,-3.011,2.5844
B230209K01Rik,B230209K01Rik,0,,
B230216G23Rik,B230216G23Rik,0,,
B230216N24Rik,B230216N24Rik,0,,
B230217C12Rik,B230217C12Rik,-0.012,-2.8765,2.3957
B230217O12Rik,B230217O12Rik,0,,
B230219D22Rik,B230219D22Rik,0.0088,-2.893,2.4184
B230307C23Rik,B230307C23Rik,0.0037,-0.5167,0.218
B230312A22Rik,B230312A22Rik,0.0151,-1.5341,0.9031
B230312C02Rik,B230312C02Rik,0,,
B230314M03Rik,B230314M03Rik,0,,
B230317F23Rik,B230317F23Rik,0.0004,0.6927,0.3111
B230319C09Rik,B230319C09Rik,0,,
B230323A14Rik,B230323A14Rik,-0.0356,-1.431,0.8169
B230325K18Rik,B230325K18Rik,-0.012,-1.2597,0.6824
B230344G16Rik,B230344G16Rik,0,,
B230354K17Rik,B230354K17Rik,0.0024,-1.8353,1.1774
B230359F08Rik,B230359F08Rik,0,,
B230364G03Rik,B230364G03Rik,0,,
B230369F24Rik,B230369F24Rik,0,,
B230378P21Rik,B230378P21Rik,0.058,0.5922,0.2567
B230398E01Rik,B230398E01Rik,0.026,0.9835,0.4876
B2m,B2m,-0.1841,-3.6393,3.5633
B330016D10Rik,B330016D10Rik,-0.0026,-0.5226,0.2209
B3galnt1,B3galnt1,-0.006,-1.2086,0.6443
B3galnt2,B3galnt2,-0.0077,-2.8765,2.3957
B3galt1,B3galt1,0,,
B3galt2,B3galt2,0,,
B3galt4,B3galt4,0.0042,0.9835,0.4876
B3galt5,B3galt5,0.0173,-0.8552,0.4062
B3galt6,B3galt6,-0.0336,-1.8631,1.2044
B3galtl,B3galtl,-0.0208,-3.3732,3.129
B3gat1,B3gat1,0.0054,0.6927,0.3111
B3gat2,B3gat2,-0.0017,-1.431,0.8169
B3gat3,B3gat3,-0.029,-2.8026,2.2951
B3gnt1,B3gnt1,-0.0423,-3.6176,3.5268
B3gnt2,B3gnt2,-0.0351,-4.8386,5.8835
B3gnt3,B3gnt3,0,,
B3gnt4,B3gnt4,0,,
B3gnt5,B3gnt5,0,,
B3gnt6,B3gnt6,0,,
B3gnt7,B3gnt7,0.005,0.235,0.0892
B3gnt8,B3gnt8,-0.0051,-2.0286,1.3716
B3gnt9-ps,B3gnt9-ps,0,,
B3gntl1,B3gntl1,0,,
B430010I23Rik,B430010I23Rik,0.0008,0.6927,0.3111
B430119L08Rik,B430119L08Rik,0,,
B430203G13Rik,B430203G13Rik,0,,
B430212C06Rik,B430212C06Rik,0,,
B430219N15Rik,B430219N15Rik,0,,
B430305J03Rik,B430305J03Rik,0,,
B430306N03Rik,B430306N03Rik,0.0242,-0.0153,0.0053
B430319F04Rik,B430319F04Rik,0,,
B430319H21Rik,B430319H21Rik,0,,
B4galnt1,B4galnt1,-0.0686,-2.8937,2.4193
B4galnt2,B4galnt2,0,,
B4galnt3,B4galnt3,0,,
B4galnt4,B4galnt4,0,,
B4galt1,B4galt1,-0.0221,-3.3797,3.1393
B4galt2,B4galt2,0,,
B4galt3,B4galt3,-0.0403,-2.0405,1.384
B4galt4,B4galt4,-0.0104,-1.6077,0.967
B4galt5,B4galt5,0.0027,-1.2323,0.6619
B4galt6,B4galt6,-0.0165,-3.6435,3.5702
B4galt7,B4galt7,0.0069,-0.7926,0.3686
B530045E10Rik,B530045E10Rik,0.0013,0.6927,0.3111
B630005N14Rik,B630005N14Rik,-0.0366,-3.7946,3.8301
B630019A10Rik,B630019A10Rik,0,,
B630019K06Rik,B630019K06Rik,0,,
B930007M17Rik,B930007M17Rik,0,,
B930036N10Rik,B930036N10Rik,0,,
B930041F14Rik,B930041F14Rik,-0.0205,-3.2197,2.8916
B930082K07Rik,B930082K07Rik,0,,
B930086A06Rik,B930086A06Rik,0,,
B930094E09Rik,B930094E09Rik,0,,
B930095G15Rik,B930095G15Rik,0,,
B9d1,B9d1,0.0061,-0.5167,0.218
B9d2,B9d2,0.0008,-1.9888,1.3304
BB014433,BB014433,0,,
BB031773,BB031773,0,,
BB114351,BB114351,0,,
BB218582,BB218582,0,,
BB287469,BB287469,0,,
BB557941,BB557941,0,,
BC002059,BC002059,0.0035,-1.2942,0.7086
BC002163,BC002163,0.0225,0.7052,0.3181
BC002230,BC002230,-0.0016,-0.2894,0.1122
BC003266,BC003266,-0.0336,-2.7122,2.175
BC003331,BC003331,0.0003,-2.2737,1.6386
BC003965,BC003965,-0.092,-3.5972,3.4926
BC004004,BC004004,-0.0703,-4.9387,6.1044
BC005537,BC005537,0.104,-2.0585,1.403
BC005561,BC005561,-0.0247,-4.0854,4.3566
BC005624,BC005624,0.0259,-1.6152,0.9736
BC005764,BC005764,0,,
BC006779,BC006779,-0.007,-0.3538,0.1406
BC006965,BC006965,0,,
BC007180,BC007180,0,,
BC013529,BC013529,-0.0379,-3.5746,3.4551
BC013712,BC013712,0.0356,-1.6241,0.9815
BC016201,BC016201,0,,
BC016423,BC016423,-0.0135,-1.3814,0.7768
BC016495,BC016495,-0.0022,-0.5196,0.2194
BC016548,BC016548,0,,
BC016579,BC016579,0,,
BC017158,BC017158,-0.0258,-2.2981,1.6664
BC017612,BC017612,-0.0052,-1.8012,1.1447
BC017643,BC017643,-0.0366,-4.0044,4.2065
BC017647,BC017647,0.0176,1.0486,0.5311
BC018242,BC018242,-0.0043,-1.431,0.8169
BC018473,BC018473,0,,
BC018507,BC018507,0.0178,-0.6775,0.3027
BC019943,BC019943,0.0054,-0.282,0.1091
BC020535,BC020535,0,,
BC021614,BC021614,0,,
BC021767,BC021767,-0.0026,-1.431,0.8169
BC021785,BC021785,0,,
BC021891,BC021891,0,,
BC022687,BC022687,-0.0034,-1.431,0.8169
BC022960,BC022960,0,,
BC023105,BC023105,0,,
BC023719,BC023719,-0.0009,-1.431,0.8169
BC023829,BC023829,-0.0403,-1.6705,1.0231
BC024139,BC024139,0,,
BC024479,BC024479,-0.009,-0.574,0.2472
BC024582,BC024582,-0.0107,-1.5457,0.913
BC024659,BC024659,-0.0737,-4.0385,4.2692
BC024978,BC024978,0.0023,-0.0216,0.0075
BC025446,BC025446,0,,
BC025920,BC025920,-0.0137,-1.431,0.8169
BC026585,BC026585,-0.0185,-1.3665,0.765
BC026590,BC026590,-0.021,-2.8983,2.4257
BC027072,BC027072,0,,
BC027231,BC027231,-0.0294,-2.1998,1.5556
BC027582,BC027582,0.0309,1.2069,0.6431
BC028471,BC028471,0,,
BC028528,BC028528,-0.073,-4.2835,4.7353
BC028777,BC028777,0,,
BC029214,BC029214,0.0032,-0.7301,0.3322
BC029722,BC029722,-0.0776,-3.4455,3.2441
BC030307,BC030307,0,,
BC030336,BC030336,-0.0252,-3.4231,3.2083
BC030476,BC030476,0,,
BC030499,BC030499,-0.0017,-1.431,0.8169
BC030500,BC030500,0,,
BC030867,BC030867,0.0004,0.6927,0.3111
BC030870,BC030870,0,,
BC031181,BC031181,-0.0716,-4.6293,5.4355
BC031353,BC031353,-0.0516,-4.1183,4.4182
BC031781,BC031781,-0.0076,-0.7265,0.3302
BC032203,BC032203,0.0404,-1.243,0.6699
BC033916,BC033916,-0.0043,-1.431,0.8169
BC034090,BC034090,0,,
BC034902,BC034902,0,,
BC035044,BC035044,0.0456,1.4921,0.8675
BC035947,BC035947,0,,
BC037032,BC037032,0,,
BC037034,BC037034,-0.0538,-4.5962,5.3662
BC039771,BC039771,0,,
BC039966,BC039966,0,,
BC042782,BC042782,0,,
BC043934,BC043934,-0.0065,-2.2588,1.6217
BC046251,BC046251,0,,
BC046331,BC046331,-0.0026,-1.0477,0.5305
BC046401,BC046401,0,,
BC046404,BC046404,-0.0084,-1.2538,0.678
BC048355,BC048355,0.0083,0.6927,0.3111
BC048403,BC048403,0.0026,-0.9018,0.4352
BC048502,BC048502,0,,
BC048507,BC048507,0,,
BC048546,BC048546,-0.0026,-1.431,0.8169
BC048562,BC048562,0,,
BC048594,BC048594,0,,
BC048609,BC048609,0,,
BC048644,BC048644,0,,
BC048671,BC048671,0,,
BC048679,BC048679,0,,
BC048943,BC048943,0,,
BC049352,BC049352,0.0016,-1.2501,0.6751
BC049635,BC049635,0,,
BC049702,BC049702,0,,
BC049715,BC049715,0,,
BC049730,BC049730,0,,
BC049762,BC049762,0,,
BC050972,BC050972,0,,
BC051019,BC051019,0,,
BC051070,BC051070,0,,
BC051076,BC051076,0,,
BC051077,BC051077,0,,
BC051142,BC051142,-0.0034,-1.431,0.8169
BC051226,BC051226,0,,
BC051628,BC051628,0,,
BC051665,BC051665,0,,
BC052040,BC052040,0.0323,-0.0238,0.0083
BC052486,BC052486,0,,
BC053393,BC053393,0,,
BC053749,BC053749,0,,
BC055004,BC055004,0,,
BC055111,BC055111,0,,
BC055324,BC055324,-0.0051,-2.0286,1.3716
BC056474,BC056474,-0.0294,-3.5034,3.3378
BC057022,BC057022,-0.0069,-2.0286,1.3716
BC057079,BC057079,0.0021,-0.7455,0.341
BC060267,BC060267,0,,
BC061194,BC061194,0,,
BC061195,BC061195,0,,
BC061212,BC061212,0,,
BC061237,BC061237,0,,
BC064078,BC064078,-0.0034,-1.431,0.8169
BC065397,BC065397,0.0071,0.6927,0.3111
BC065403,BC065403,0,,
BC066135,BC066135,0,,
BC067068,BC067068,0.0326,-1.8012,1.1447
BC067074,BC067074,0,,
BC068157,BC068157,0,,
BC068281,BC068281,-0.0034,-1.431,0.8169
BC080695,BC080695,0,,
BC088983,BC088983,-0.0269,-2.5676,1.9897
BC089491,BC089491,0,,
BC089597,BC089597,0,,
BC094916,BC094916,-0.0108,-1.7815,1.126
BC096441,BC096441,-0.0077,-2.0286,1.3716
BC100451,BC100451,-0.0009,-1.431,0.8169
BC100530,BC100530,0,,
BC106179,BC106179,-0.0043,-0.3445,0.1364
BC107364,BC107364,0,,
BC125332,BC125332,0,,
BX000454.1,BX000454.1,0,,
BX000694.1,BX000694.1,0,,
BX005039.1,BX005039.1,0,,
BX005053.1,BX005053.1,0,,
BX005219.1,BX005219.1,0,,
BX005219.2,BX005219.2,0,,
BX005219.3,BX005219.3,0,,
BX119956.1,BX119956.1,0,,
BX255277.1,BX255277.1,0,,
BX255946.1,BX255946.1,0,,
BX323066.1,BX323066.1,0,,
BX470216.1,BX470216.1,0,,
BX470220.1,BX470220.1,0,,
BX530725.1,BX530725.1,0,,
BX537299.1,BX537299.1,0,,
BX537327.1,BX537327.1,0,,
BX545905.1,BX545905.1,0,,
BX571729.1,BX571729.1,0,,
BX571795.1,BX571795.1,0,,
BX649381.1,BX649381.1,0,,
BX649539.1,BX649539.1,0,,
BX813309.1,BX813309.1,0,,
BY080835,BY080835,0,,
Baalc,Baalc,0,,
Baat,Baat,0,,
Baat1,Baat1,-0.0052,-2.2869,1.6536
Bace1,Bace1,0.0223,0.6927,0.3111
Bace2,Bace2,0,,
Bach1,Bach1,0.0249,-2.7615,2.24
Bach2,Bach2,-0.0151,-3.6103,3.5145
Bad,Bad,0.0053,-1.1771,0.6213
Bag1,Bag1,0.2083,-0.035,0.0123
Bag2,Bag2,0,,
Bag3,Bag3,0.0046,-1.9245,1.2653
Bag4,Bag4,-0.0232,-2.2037,1.5599
Bag5,Bag5,0.0001,-2.5101,1.9183
Bag6,Bag6,-0.0306,-4.2095,4.5919
Bahcc1,Bahcc1,0.0037,0.9835,0.4876
Bahd1,Bahd1,-0.0203,-1.3978,0.79
Bai1,Bai1,0,,
Bai2,Bai2,0.0037,0.6927,0.3111
Bai3,Bai3,0,,
Baiap2,Baiap2,-0.0017,-2.0286,1.3716
Baiap2l1,Baiap2l1,-0.0043,-1.431,0.8169
Baiap2l2,Baiap2l2,-0.3063,-10.5052,25.0874
Baiap3,Baiap3,0,,
Bak1,Bak1,0.0015,-1.7078,1.0571
Bambi,Bambi,-0.039,-4.4185,5.0026
Bambi-ps1,Bambi-ps1,0,,
Banf1,Banf1,0.037,-2.7507,2.2257
Banf2,Banf2,0,,
Bank1,Bank1,0.054,2.1054,1.4528
Banp,Banp,0.0033,-1.7998,1.1434
Bap1,Bap1,-0.0202,-2.787,2.2741
Bard1,Bard1,0,,
Barhl1,Barhl1,0,,
Barhl2,Barhl2,0,,
Barx1,Barx1,0,,
Barx2,Barx2,0,,
Basp1,Basp1,0.2916,0.2593,0.0994
Batf,Batf,-0.0058,-1.7969,1.1405
Batf2,Batf2,0,,
Batf3,Batf3,0.0106,-0.0231,0.0081
Bax,Bax,-0.0134,-2.8102,2.3053
Baz1a,Baz1a,-0.0146,-3.3868,3.1506
Baz1b,Baz1b,-0.0139,-4.0735,4.3342
Baz2a,Baz2a,-0.0063,-2.8308,2.3332
Baz2b,Baz2b,0.0544,-0.6969,0.3135
Bbc3,Bbc3,-0.0023,-0.7342,0.3346
Bbip1,Bbip1,-0.0747,-2.4078,1.7946
Bbox1,Bbox1,0,,
Bbs1,Bbs1,0.005,0.6927,0.3111
Bbs10,Bbs10,0.0086,-1.2501,0.6751
Bbs12,Bbs12,-0.012,-2.4881,1.8914
Bbs2,Bbs2,-0.0402,-3.0071,2.5788
Bbs4,Bbs4,-0.0138,-2.1887,1.5434
Bbs5,Bbs5,-0.0124,-1.8116,1.1546
Bbs7,Bbs7,-0.0023,-1.2998,0.7129
Bbs9,Bbs9,0.0386,-0.7953,0.3701
Bbx,Bbx,0.0803,-0.5525,0.2361
Bcam,Bcam,0,,
Bcan,Bcan,0,,
Bcap29,Bcap29,0.0477,-1.7748,1.1196
Bcap31,Bcap31,-0.03,-4.4019,4.9695
Bcar1,Bcar1,-0.0086,-1.431,0.8169
Bcar3,Bcar3,-0.0156,-2.2313,1.5907
Bcas1,Bcas1,-0.015,-0.7342,0.3346
Bcas2,Bcas2,0.0747,0.27,0.1039
Bcas3,Bcas3,0.0265,-0.8251,0.388
Bcat1,Bcat1,-0.0137,-1.431,0.8169
Bcat2,Bcat2,0.006,-0.8916,0.4288
Bccip,Bccip,0.0057,-2.558,1.9777
Bcdin3d,Bcdin3d,-0.0273,-2.2551,1.6175
Bche,Bche,0,,
Bckdha,Bckdha,0.0217,-0.5637,0.2419
Bckdhb,Bckdhb,-0.0105,-2.1856,1.5399
Bckdk,Bckdk,-0.0302,-3.8424,3.9142
Bcl10,Bcl10,-0.0144,-3.6735,3.6211
Bcl11a,Bcl11a,-0.0051,-2.0286,1.3716
Bcl11b,Bcl11b,0,,
Bcl2,Bcl2,-0.033,-3.1068,2.7232
Bcl2a1a,Bcl2a1a,-0.0899,-4.5176,5.2038
Bcl2a1b,Bcl2a1b,-0.4429,-8.7174,17.5457
Bcl2a1c,Bcl2a1c,0,,
Bcl2a1d,Bcl2a1d,-0.1273,-5.5125,7.4513
Bcl2l1,Bcl2l1,-0.0015,-3.5433,3.4032
Bcl2l10,Bcl2l10,0,,
Bcl2l11,Bcl2l11,-0.0053,-0.9533,0.468
Bcl2l12,Bcl2l12,0,-0.0323,0.0113
Bcl2l13,Bcl2l13,-0.0019,-1.645,1.0002
Bcl2l14,Bcl2l14,0,,
Bcl2l15,Bcl2l15,0,,
Bcl2l2,Bcl2l2,0.0263,-0.282,0.1091
Bcl3,Bcl3,0.0239,1.3948,0.7876
Bcl6,Bcl6,-0.0423,-2.8763,2.3953
Bcl6b,Bcl6b,0,,
Bcl7a,Bcl7a,0.0058,-3.1955,2.8552
Bcl7b,Bcl7b,-0.0211,-0.9072,0.4385
Bcl7c,Bcl7c,0.0203,1.3956,0.7883
Bcl9,Bcl9,0.0193,-0.0149,0.0052
Bcl9l,Bcl9l,0.0123,-0.25,0.0955
Bclaf1,Bclaf1,-0.0312,-2.9582,2.5094
Bcmo1,Bcmo1,0,,
Bco2,Bco2,-0.0151,-1.3665,0.765
Bcor,Bcor,0.0199,-0.2122,0.0799
Bcorl1,Bcorl1,-0.0188,-2.0286,1.3716
Bcr,Bcr,-0.044,-3.8981,4.0135
Bcs1l,Bcs1l,-0.0078,-2.5028,1.9094
Bdh1,Bdh1,0,,
Bdh2,Bdh2,0,,
Bdkrb1,Bdkrb1,0,,
Bdkrb2,Bdkrb2,0,,
Bdnf,Bdnf,0,,
Bdp1,Bdp1,0.052,-1.1235,0.583
Bean1,Bean1,0.0215,0.6927,0.3111
Becn1,Becn1,-0.0093,-3.0161,2.5917
Begain,Begain,0,,
Bend3,Bend3,0.0049,-0.7301,0.3322
Bend4,Bend4,0,,
Bend5,Bend5,0.0105,0.2397,0.0912
Bend6,Bend6,0.0108,-1.9014,1.2422
Bend7,Bend7,-0.0238,-2.0286,1.3716
Best1,Best1,-0.0094,-1.431,0.8169
Best2,Best2,0,,
Best3,Best3,0,,
Best4-ps,Best4-ps,0,,
Bet1,Bet1,0.0346,-1.679,1.0308
Bet1l,Bet1l,-0.0546,-3.119,2.7413
Bet3l,Bet3l,0,,
Bex1,Bex1,0,,
Bex2,Bex2,0,,
Bex4,Bex4,0,,
Bex6,Bex6,0,,
Bfar,Bfar,0.0247,-2.9561,2.5065
Bfsp1,Bfsp1,0.0013,0.6927,0.3111
Bfsp2,Bfsp2,0,,
Bglap,Bglap,0,,
Bglap-rs1,Bglap-rs1,0,,
Bglap2,Bglap2,0,,
Bgn,Bgn,0,,
Bhlha15,Bhlha15,0,,
Bhlha9,Bhlha9,0,,
Bhlhb9,Bhlhb9,0.0021,-1.4589,0.8398
Bhlhe22,Bhlhe22,0,,
Bhlhe23,Bhlhe23,0,,
Bhlhe40,Bhlhe40,-0.2131,-9.9042,22.3987
Bhlhe41,Bhlhe41,-0.4384,-10.6678,25.8418
Bhmt,Bhmt,0.0037,0.6927,0.3111
Bhmt-ps1,Bhmt-ps1,0,,
Bhmt2,Bhmt2,0,,
Bicc1,Bicc1,0,,
Bicd1,Bicd1,0,,
Bicd2,Bicd2,-0.0431,-4.2038,4.581
Bid,Bid,-0.0153,-0.7983,0.3719
Bik,Bik,0.0019,0.3245,0.1275
Bin1,Bin1,0.1988,-1.227,0.6579
Bin2,Bin2,0.0316,0.1958,0.0733
Bin3,Bin3,-0.0246,-3.3451,3.0848
Birc2,Birc2,0.0178,-1.45,0.8325
Birc3,Birc3,-0.0215,-2.3971,1.7818
Birc5,Birc5,0.005,-1.8012,1.1447
Birc6,Birc6,-0.0053,-1.2938,0.7083
Birc7,Birc7,0,,
Bivm,Bivm,0.0052,0.6033,0.2626
Blcap,Blcap,-0.044,-3.3971,3.1669
Blk,Blk,0,,
Blm,Blm,-0.0176,-1.7815,1.126
Blmh,Blmh,0.0055,-2.6359,2.0762
Blnk,Blnk,-0.0391,-4.9051,6.0298
Bloc1s1,Bloc1s1,0.1396,-1.4803,0.8576
Bloc1s2,Bloc1s2,0.0022,-2.1808,1.5347
Bloc1s3,Bloc1s3,-0.0315,-1.3814,0.7768
Blvra,Blvra,-0.0313,-3.8103,3.8577
Blvrb,Blvrb,0.0452,-1.7021,1.0519
Blzf1,Blzf1,-0.0365,-1.3924,0.7857
Bmf,Bmf,0.0011,-1.5957,0.9564
Bmi1,Bmi1,-0.0249,-4.8684,5.9489
Bmp1,Bmp1,0.0102,-0.7301,0.3322
Bmp10,Bmp10,0,,
Bmp15,Bmp15,0,,
Bmp2,Bmp2,0.0013,0.6927,0.3111
Bmp2k,Bmp2k,-0.1152,-4.6157,5.407
Bmp3,Bmp3,0,,
Bmp4,Bmp4,0,,
Bmp5,Bmp5,0,,
Bmp6,Bmp6,0,,
Bmp7,Bmp7,0,,
Bmp8a,Bmp8a,0,,
Bmp8b,Bmp8b,0,,
Bmper,Bmper,0,,
Bmpr1a,Bmpr1a,0.0021,-0.8716,0.4163
Bmpr1b,Bmpr1b,0,,
Bmpr2,Bmpr2,0.0014,-2.7318,2.2008
Bms1,Bms1,0.1214,1.6587,1.0125
Bmx,Bmx,0,,
Bmyc,Bmyc,-0.097,-4.7627,5.7189
Bnc1,Bnc1,0,,
Bnc2,Bnc2,0,,
Bnip1,Bnip1,-0.0018,-2.5141,1.9232
Bnip2,Bnip2,0.0878,-2.2364,1.5965
Bnip3,Bnip3,-0.0658,-5.1348,6.549
Bnip3l,Bnip3l,0.1446,-1.906,1.2468
Bnipl,Bnipl,0,,
Boc,Boc,0,,
Bod1,Bod1,-0.039,-4.2584,4.6863
Bod1l,Bod1l,0.0729,-2.5706,1.9935
Bok,Bok,0,,
Bola1,Bola1,0.0062,-1.7744,1.1192
Bola2,Bola2,-0.0535,-3.1324,2.761
Bola3,Bola3,0.0055,-1.5606,0.9259
Boll,Boll,0,,
Bop1,Bop1,0.0129,-0.3893,0.1567
Bpgm,Bpgm,-0.008,-1.4589,0.8398
Bphl,Bphl,0.0398,-1.3093,0.7203
Bpi,Bpi,0,,
Bpifa1,Bpifa1,0,,
Bpifa2e,Bpifa2e,0,,
Bpifa3,Bpifa3,0,,
Bpifa5,Bpifa5,0,,
Bpifa6,Bpifa6,0,,
Bpifb1,Bpifb1,0,,
Bpifb2,Bpifb2,0,,
Bpifb3,Bpifb3,0,,
Bpifb4,Bpifb4,0,,
Bpifb5,Bpifb5,0,,
Bpifb6,Bpifb6,0,,
Bpifb9a,Bpifb9a,0,,
Bpifb9b,Bpifb9b,0,,
Bpifc,Bpifc,0,,
Bpnt1,Bpnt1,0.0183,-0.4109,0.1667
Bptf,Bptf,0.175,0.2076,0.078
Braf,Braf,-0.0267,-2.8463,2.3543
Brap,Brap,-0.0028,-1.9954,1.3373
Brca1,Brca1,0,,
Brca2,Brca2,-0.0017,-1.431,0.8169
Brcc3,Brcc3,-0.0132,-2.3573,1.7349
Brd1,Brd1,-0.0296,-2.9797,2.5398
Brd2,Brd2,-0.1038,-5.5992,7.667
Brd3,Brd3,-0.0137,-2.1583,1.5099
Brd4,Brd4,-0.0032,-1.9204,1.2611
Brd7,Brd7,0.0358,-1.6927,1.0433
Brd8,Brd8,-0.0258,-2.5934,2.0222
Brd9,Brd9,0.0121,-0.5613,0.2406
Brdt,Brdt,-0.0017,-1.431,0.8169
Bre,Bre,0.0486,-1.9026,1.2435
Brf1,Brf1,-0.0082,-2.2082,1.565
Brf2,Brf2,0.0109,-0.3408,0.1347
Bri3,Bri3,-0.0502,-5.3704,7.1047
Bri3bp,Bri3bp,-0.129,-6.5627,10.277
Brip1,Brip1,-0.0111,-2.4881,1.8914
Brix1,Brix1,0.0128,-1.449,0.8316
Brms1,Brms1,-0.0168,-2.8261,2.3268
Brms1l,Brms1l,0.0028,-0.0168,0.0059
Brp44,Brp44,0.0751,-1.9279,1.2687
Brp44l,Brp44l,0.0402,-1.7662,1.1115
Brpf1,Brpf1,-0.0215,-3.7834,3.8106
Brpf3,Brpf3,0.0038,-0.5629,0.2415
Brs3,Brs3,0,,
Brsk1,Brsk1,0.0042,0.6927,0.3111
Brsk2,Brsk2,-0.0017,-1.431,0.8169
Brwd1,Brwd1,0.0327,-2.3954,1.7798
Brwd3,Brwd3,-0.017,-1.8013,1.1448
Bscl2,Bscl2,-0.0869,-4.7061,5.5978
Bsdc1,Bsdc1,0.0174,-1.0631,0.541
Bsg,Bsg,-0.1798,-5.8796,8.3858
Bsn,Bsn,-0.0009,-1.431,0.8169
Bsnd,Bsnd,0,,
Bsph1,Bsph1,0,,
Bspry,Bspry,0,,
Bst1,Bst1,0.0149,0.9835,0.4876
Bst2,Bst2,-0.0706,-4.5375,5.2447
Bsx,Bsx,0,,
Btaf1,Btaf1,0.006,-1.4631,0.8434
Btbd1,Btbd1,0.0022,-2.4567,1.8532
Btbd10,Btbd10,0.0119,-0.5629,0.2415
Btbd11,Btbd11,0,,
Btbd16,Btbd16,0,,
Btbd17,Btbd17,0,,
Btbd19,Btbd19,0.0008,-0.2879,0.1116
Btbd2,Btbd2,0.003,-1.707,1.0564
Btbd3,Btbd3,-0.0172,-1.3072,0.7187
Btbd6,Btbd6,-0.0099,-1.0324,0.5202
Btbd7,Btbd7,0.0116,-0.0168,0.0059
Btbd8,Btbd8,0,,
Btbd9,Btbd9,-0.0435,-2.6601,2.1072
Btc,Btc,0,,
Btd,Btd,-0.0128,-3.0795,2.6833
Btf3,Btf3,0.054,-0.7019,0.3163
Btf3l4,Btf3l4,-0.0209,-2.3206,1.6923
Btg1,Btg1,-0.1348,-5.7313,8.0014
Btg2,Btg2,-0.2568,-5.7498,8.049
Btg3,Btg3,0.0058,1.2069,0.6431
Btg4,Btg4,0,,
Btk,Btk,0.0165,0.2401,0.0914
Btla,Btla,-0.0077,-2.4881,1.8914
Btn1a1,Btn1a1,0,,
Btn2a2,Btn2a2,0,,
Btn3a3,Btn3a3,0,,
Btnl2,Btnl2,0,,
Btnl3,Btnl3,0,,
Btnl5,Btnl5,0,,
Btnl6,Btnl6,0,,
Btnl7,Btnl7,0,,
Btnl9,Btnl9,0,,
Btrc,Btrc,-0.0008,-1.3672,0.7655
Bub1,Bub1,0.0016,-0.0216,0.0075
Bub1b,Bub1b,0.0071,0.6927,0.3111
Bub3,Bub3,0.0439,-1.3859,0.7805
Bud13,Bud13,0.0034,-1.3703,0.768
Bud31,Bud31,-0.0767,-4.2755,4.7196
Butr1,Butr1,0,,
Bves,Bves,0,,
Bysl,Bysl,-0.0111,-1.9972,1.3391
Bzrap1,Bzrap1,0,,
Bzw1,Bzw1,-0.0212,-2.0651,1.41
Bzw2,Bzw2,-0.0218,-2.2201,1.5782
C030005K06Rik,C030005K06Rik,0,,
C030005K15Rik,C030005K15Rik,0,,
C030006K11Rik,C030006K11Rik,-0.0179,-2.8765,2.3957
C030010L15Rik,C030010L15Rik,0,,
C030013C21Rik,C030013C21Rik,0,,
C030013D06Rik,C030013D06Rik,0,,
C030014I23Rik,C030014I23Rik,0,,
C030017D09Rik,C030017D09Rik,0,,
C030017K20Rik,C030017K20Rik,0,,
C030019I05Rik,C030019I05Rik,0,,
C030030A07Rik,C030030A07Rik,0,,
C030034I22Rik,C030034I22Rik,-0.0043,-1.431,0.8169
C030034L19Rik,C030034L19Rik,0,,
C030037D09Rik,C030037D09Rik,-0.0043,-2.0286,1.3716
C030037F17Rik,C030037F17Rik,0,,
C030039L03Rik,C030039L03Rik,0.0003,-0.5167,0.218
C030044B11Rik,C030044B11Rik,0.0104,1.2069,0.6431
C030046E11Rik,C030046E11Rik,-0.0235,-2.1982,1.5538
C030046I01Rik,C030046I01Rik,-0.0021,-2.6581,2.1046
C030047K22Rik,C030047K22Rik,0,,
C030048B08Rik,C030048B08Rik,0.0081,-0.0255,0.0089
C030048H21Rik,C030048H21Rik,0,,
C130021I20Rik,C130021I20Rik,0,,
C130022K22Rik,C130022K22Rik,-0.032,-4.1004,4.3846
C130026I21Rik,C130026I21Rik,0.0161,0.3328,0.1312
C130026L21Rik,C130026L21Rik,0,,
C130036L24Rik,C130036L24Rik,0,,
C130039O16Rik,C130039O16Rik,-0.0288,-1.4897,0.8655
C130040N14Rik,C130040N14Rik,0,,
C130046K22Rik,C130046K22Rik,0,,
C130050O18Rik,C130050O18Rik,-0.0542,-3.678,3.6287
C130060C02Rik,C130060C02Rik,0,,
C130060K24Rik,C130060K24Rik,0,,
C130071C03Rik,C130071C03Rik,0,,
C130073F10Rik,C130073F10Rik,0,,
C130074G19Rik,C130074G19Rik,0,,
C130079G13Rik,C130079G13Rik,0,,
C130080G10Rik,C130080G10Rik,0,,
C1d,C1d,-0.0073,-1.9602,1.3013
C1galt1,C1galt1,-0.0009,-1.431,0.8169
C1galt1c1,C1galt1c1,-0.1379,-6.2867,9.4892
C1qa,C1qa,0.1883,1.4809,0.8582
C1qb,C1qb,0.5683,7.8438,14.3593
C1qbp,C1qbp,0.032,-2.8503,2.3598
C1qc,C1qc,0.2136,2.8442,2.3514
C1ql1,C1ql1,0,,
C1ql2,C1ql2,0,,
C1ql3,C1ql3,0,,
C1ql4,C1ql4,0,,
C1qtnf1,C1qtnf1,0,,
C1qtnf2,C1qtnf2,0,,
C1qtnf3,C1qtnf3,0,,
C1qtnf4,C1qtnf4,-0.0017,-1.431,0.8169
C1qtnf5,C1qtnf5,0,,
C1qtnf6,C1qtnf6,0,,
C1qtnf7,C1qtnf7,0,,
C1qtnf9,C1qtnf9,-0.0026,-1.431,0.8169
C1ra,C1ra,-0.0017,-1.431,0.8169
C1rb,C1rb,0,,
C1rl,C1rl,0.0136,0.3286,0.1293
C1s,C1s,0,,
C2,C2,0.0298,0.6089,0.2655
C230004F18Rik,C230004F18Rik,0,,
C230012O17Rik,C230012O17Rik,0,,
C230014O12Rik,C230014O12Rik,0,,
C230021G24Rik,C230021G24Rik,0,,
C230029F24Rik,C230029F24Rik,0,,
C230030N03Rik,C230030N03Rik,0,,
C230034O21Rik,C230034O21Rik,0,,
C230035I16Rik,C230035I16Rik,0,,
C230036H16Rik,C230036H16Rik,0,,
C230037L18Rik,C230037L18Rik,0,,
C230038L03Rik,C230038L03Rik,0,,
C230052I12Rik,C230052I12Rik,-0.013,-0.2997,0.1167
C230062I16Rik,C230062I16Rik,0,,
C230066G23Rik,C230066G23Rik,0,,
C230081A13Rik,C230081A13Rik,-0.0012,-2.8791,2.3993
C230091D08Rik,C230091D08Rik,0,,
C230096C10Rik,C230096C10Rik,-0.0712,-2.6313,2.0703
C2cd2,C2cd2,-0.0743,-3.5006,3.3333
C2cd2l,C2cd2l,-0.0365,-4.5219,5.2127
C2cd3,C2cd3,0.036,-0.4717,0.1957
C2cd4a,C2cd4a,0,,
C2cd4b,C2cd4b,0,,
C2cd4c,C2cd4c,0,,
C2cd4d,C2cd4d,0,,
C3,C3,-0.0069,-3.0953,2.7064
C330002G04Rik,C330002G04Rik,0,,
C330005M16Rik,C330005M16Rik,0,,
C330006A16Rik,C330006A16Rik,0.0084,-1.433,0.8186
C330006D17Rik,C330006D17Rik,0,,
C330006K01Rik,C330006K01Rik,-0.0098,-2.1695,1.5223
C330007P06Rik,C330007P06Rik,0.0257,0.5561,0.2379
C330008G21Rik,C330008G21Rik,0,,
C330011M18Rik,C330011M18Rik,0.0029,0.6927,0.3111
C330013E15Rik,C330013E15Rik,-0.0026,-1.431,0.8169
C330013F16Rik,C330013F16Rik,0,,
C330013J21Rik,C330013J21Rik,0,,
C330018A13Rik,C330018A13Rik,0.0008,0.6927,0.3111
C330018D20Rik,C330018D20Rik,-0.0067,-1.7925,1.1363
C330019F10Rik,C330019F10Rik,0,,
C330019G07Rik,C330019G07Rik,0.0081,-0.4135,0.168
C330021F23Rik,C330021F23Rik,0,,
C330027C09Rik,C330027C09Rik,-0.0087,-0.5226,0.2209
C330046G03Rik,C330046G03Rik,0,,
C330046G13Rik,C330046G13Rik,0,,
C3ar1,C3ar1,-0.3375,-7.6299,13.6289
C430002E04Rik,C430002E04Rik,0,,
C430014B12Rik,C430014B12Rik,0,,
C430039J16Rik,C430039J16Rik,0,,
C430042M11Rik,C430042M11Rik,0,,
C430048L16Rik,C430048L16Rik,0,,
C430049B03Rik,C430049B03Rik,0.0067,0.6927,0.3111
C4a,C4a,0.0025,0.9835,0.4876
C4b,C4b,0.1238,2.6143,2.0487
C4bp,C4bp,0,,
C530005A16Rik,C530005A16Rik,-0.0043,-2.4881,1.8914
C530008M17Rik,C530008M17Rik,0,,
C530025M09Rik,C530025M09Rik,0,,
C530028O21Rik,C530028O21Rik,-0.3073,-10.2227,23.8043
C530050E15Rik,C530050E15Rik,0,,
C5ar1,C5ar1,-0.0065,-2.4783,1.8794
C6,C6,0,,
C630004H02Rik,C630004H02Rik,0,,
C630004L07Rik,C630004L07Rik,0,,
C630020P19Rik,C630020P19Rik,0,,
C630028M04Rik,C630028M04Rik,0,,
C630043F03Rik,C630043F03Rik,0,,
C630050I24Rik,C630050I24Rik,0,,
C7,C7,0,,
C730034F03Rik,C730034F03Rik,0,,
C77080,C77080,-0.006,-2.4881,1.8914
C77370,C77370,0,,
C78197,C78197,0,,
C78339,C78339,-0.0058,-1.5457,0.913
C79798,C79798,0,,
C80913,C80913,0.0037,-1.9273,1.268
C85492,C85492,-0.0171,-1.8095,1.1526
C86695,C86695,0,,
C87198,C87198,0,,
C87414,C87414,0,,
C87436,C87436,-0.0306,-3.2233,2.8972
C87499,C87499,0,,
C87977,C87977,0,,
C8a,C8a,0,,
C8b,C8b,0,,
C8g,C8g,0.0025,0.6927,0.3111
C9,C9,0,,
C920006O11Rik,C920006O11Rik,0,,
C920008G01Rik,C920008G01Rik,0,,
C920011F04Rik,C920011F04Rik,0,,
C920021L13Rik,C920021L13Rik,0,,
C920025E04Rik,C920025E04Rik,-0.0365,-3.3819,3.1428
CAAA01010581.1.5350.1,CAAA01010581.1.5350.1,0,,
CAAA01037531.1.36077.1,CAAA01037531.1.36077.1,0,,
CAAA01039159.1.31100.1,CAAA01039159.1.31100.1,0,,
CK137956,CK137956,0,,
CN725425,CN725425,0,,
CPEB3_ribozyme,CPEB3_ribozyme,0,,
CR956641.1,CR956641.1,0,,
CR974423.1,CR974423.1,0,,
CR974466.1,CR974466.1,0,,
CR974486.1,CR974486.1,0,,
CR974568.1,CR974568.1,0,,
CT009512.1,CT009512.1,0,,
CT009594.1,CT009594.1,0.0229,-1.8993,1.2401
CT009696.1,CT009696.1,0,,
CT009696.2,CT009696.2,0,,
CT009708.1,CT009708.1,0,,
CT009748.1,CT009748.1,0,,
CT010429.1,CT010429.1,0,,
CT010429.2,CT010429.2,0,,
CT010429.3,CT010429.3,0,,
CT010465.1,CT010465.1,0,,
CT010471.1,CT010471.1,0,,
CT010479.1,CT010479.1,0,,
CT010479.2,CT010479.2,0,,
CT010480.1,CT010480.1,0,,
CT010493.1,CT010493.1,0,,
CT010508.1,CT010508.1,0,,
CT025520.1,CT025520.1,0,,
CT025603.1,CT025603.1,0,,
CT025619.1,CT025619.1,0,,
CT025673.1,CT025673.1,0.0159,0.872,0.4166
CT025680.1,CT025680.1,0,,
CT025701.1,CT025701.1,0,,
CT025708.1,CT025708.1,0,,
CT030170.1,CT030170.1,0,,
CT030240.1,CT030240.1,0,,
CT030685.1,CT030685.1,0,,
CT030685.2,CT030685.2,0,,
CT030723.1,CT030723.1,0,,
CT030727.1,CT030727.1,0,,
CT030729.1,CT030729.1,0,,
CT033779.1,CT033779.1,0,,
CT033785.1,CT033785.1,0,,
CT485616.1,CT485616.1,0,,
CT485999.1,CT485999.1,0,,
CT571271.1,CT571271.1,0,,
CT572991.1,CT572991.1,0,,
CT573034.1,CT573034.1,0,,
CT573086.1,CT573086.1,0,,
CU062626.1,CU062626.1,0,,
Cab39,Cab39,0.0383,-2.6122,2.046
Cab39l,Cab39l,0.0251,-1.5112,0.8836
Cabin1,Cabin1,-0.0427,-3.8772,3.9761
Cables1,Cables1,-0.1249,-5.4639,7.3317
Cables2,Cables2,-0.0173,-2.5271,1.9392
Cabp1,Cabp1,0,,
Cabp2,Cabp2,0,,
Cabp4,Cabp4,0,,
Cabp5,Cabp5,0,,
Cabp7,Cabp7,0,,
Cabyr,Cabyr,0,,
Cachd1,Cachd1,0,,
Cacna1a,Cacna1a,-0.026,-3.3987,3.1694
Cacna1b,Cacna1b,0,,
Cacna1c,Cacna1c,0,,
Cacna1d,Cacna1d,-0.0773,-3.6459,3.5744
Cacna1e,Cacna1e,0,,
Cacna1f,Cacna1f,0,,
Cacna1g,Cacna1g,0,,
Cacna1h,Cacna1h,0,,
Cacna1i,Cacna1i,0,,
Cacna1s,Cacna1s,-0.0063,-2.1871,1.5416
Cacna2d1,Cacna2d1,0,,
Cacna2d2,Cacna2d2,0,,
Cacna2d3,Cacna2d3,-0.0043,-1.431,0.8169
Cacna2d4,Cacna2d4,0,,
Cacnb1,Cacnb1,-0.0103,-1.431,0.8169
Cacnb2,Cacnb2,0.0033,0.6927,0.3111
Cacnb3,Cacnb3,0,,
Cacnb4,Cacnb4,-0.0077,-2.4881,1.8914
Cacng1,Cacng1,0,,
Cacng2,Cacng2,0,,
Cacng3,Cacng3,0,,
Cacng4,Cacng4,0,,
Cacng5,Cacng5,0,,
Cacng6,Cacng6,0,,
Cacng7,Cacng7,0,,
Cacng8,Cacng8,0,,
Cacybp,Cacybp,-0.0639,-4.7931,5.7845
Cad,Cad,0.0355,-1.1112,0.5743
Cadm1,Cadm1,-0.6068,-10.5652,25.3644
Cadm2,Cadm2,0,,
Cadm3,Cadm3,0,,
Cadm4,Cadm4,-0.0022,-1.2501,0.6751
Cadps,Cadps,0,,
Cadps2,Cadps2,0,,
Cage1,Cage1,-0.0043,-1.431,0.8169
Calb1,Calb1,0,,
Calb2,Calb2,0,,
Calca,Calca,0.005,0.6927,0.3111
Calcb,Calcb,0,,
Calcoco1,Calcoco1,0.0035,0.1501,0.0552
Calcoco2,Calcoco2,0,,
Calcr,Calcr,0,,
Calcrl,Calcrl,-0.0295,-0.9086,0.4394
Cald1,Cald1,0,,
Calhm1,Calhm1,0,,
Calhm2,Calhm2,-0.071,-3.4061,3.1811
Calm1,Calm1,0.1454,-1.1425,0.5965
Calm2,Calm2,0.1788,-1.8192,1.1619
Calm3,Calm3,0.0266,-1.6853,1.0365
Calm4,Calm4,0,,
Calm5,Calm5,0,,
Calml3,Calml3,0,,
Calml4,Calml4,0,,
Caln1,Caln1,0,,
Calr,Calr,-0.4119,-6.7284,10.7656
Calr3,Calr3,0,,
Calr4,Calr4,0,,
Calu,Calu,0.0008,-3.7056,3.676
Caly,Caly,0,,
Camk1,Camk1,0.1407,-1.0101,0.5052
Camk1d,Camk1d,0.1315,-0.7419,0.339
Camk1g,Camk1g,0,,
Camk2a,Camk2a,0.0112,0.6927,0.3111
Camk2b,Camk2b,0.0078,0.3328,0.1312
Camk2d,Camk2d,0.0125,-0.321,0.126
Camk2g,Camk2g,-0.0253,-3.37,3.124
Camk2n1,Camk2n1,0.3965,4.5863,5.3457
Camk2n2,Camk2n2,-0.0247,-2.4881,1.8914
Camk4,Camk4,-0.0009,-1.431,0.8169
Camkk1,Camkk1,-0.012,-2.2569,1.6196
Camkk2,Camkk2,0.0194,-1.1329,0.5896
Camkv,Camkv,0,,
Caml,Caml,-0.0275,-4.0743,4.3359
Camp,Camp,0.0087,0.6927,0.3111
Camsap1,Camsap1,0.0074,-2.0478,1.3917
Camsap2,Camsap2,0.0052,-2.6741,2.1253
Camsap3,Camsap3,0,,
Camta1,Camta1,-0.0128,-2.2012,1.5571
Camta2,Camta2,0.0381,-1.9464,1.2873
Cand1,Cand1,-0.0431,-3.744,3.742
Cand2,Cand2,-0.0026,-1.431,0.8169
Cant1,Cant1,-0.0423,-3.4322,3.2228
Canx,Canx,0.1404,-0.6505,0.2879
Cap1,Cap1,-0.0186,-3.5757,3.4568
Cap2,Cap2,0,,
Capg,Capg,-0.2933,-7.7681,14.0987
Capn1,Capn1,-0.0108,-1.3035,0.7158
Capn10,Capn10,0.0201,0.6126,0.2675
Capn11,Capn11,0.0062,0.6927,0.3111
Capn12,Capn12,0,,
Capn13,Capn13,0,,
Capn2,Capn2,0.0204,-0.2286,0.0866
Capn3,Capn3,0.181,0.4994,0.2094
Capn5,Capn5,-0.0017,-1.431,0.8169
Capn6,Capn6,0,,
Capn7,Capn7,-0.0038,-2.5946,2.0237
Capn8,Capn8,0,,
Capn9,Capn9,0,,
Capns1,Capns1,0.1615,-2.5446,1.9609
Capns2,Capns2,-0.0051,-1.431,0.8169
Caprin1,Caprin1,0.1037,-0.4227,0.1723
Caprin2,Caprin2,0.002,-0.5167,0.218
Caps2,Caps2,0,,
Capsl,Capsl,0,,
Capza1,Capza1,0.092,-0.992,0.4933
Capza2,Capza2,0.2302,-0.7557,0.347
Capza3,Capza3,0,,
Capzb,Capzb,0.1371,-2.9568,2.5075
Car1,Car1,0,,
Car10,Car10,0,,
Car11,Car11,0.0054,0.9835,0.4876
Car12,Car12,0.0125,0.6927,0.3111
Car13,Car13,0.0058,0.6927,0.3111
Car14,Car14,0,,
Car15,Car15,0,,
Car2,Car2,-0.0205,-1.431,0.8169
Car3,Car3,0,,
Car4,Car4,0,,
Car5a,Car5a,0,,
Car5b,Car5b,0,,
Car6,Car6,0,,
Car7,Car7,0.0021,0.6927,0.3111
Car8,Car8,0,,
Car9,Car9,0.0019,-1.2979,0.7115
Card10,Card10,0,,
Card11,Card11,-0.0087,-2.2551,1.6175
Card14,Card14,0,,
Card6,Card6,0.0124,-0.8777,0.4201
Card9,Card9,-0.0026,-1.431,0.8169
Carf,Carf,0,,
Carhsp1,Carhsp1,0,-1.7679,1.1131
Carkd,Carkd,-0.0382,-3.261,2.9546
Carm1,Carm1,0.0234,-1.7892,1.1332
Carns1,Carns1,0,,
Cars,Cars,0.0865,0.8328,0.3926
Cars2,Cars2,-0.0186,-2.5258,1.9377
Cartpt,Cartpt,0,,
Casc1,Casc1,0,,
Casc3,Casc3,0.0419,-0.9754,0.4823
Casc4,Casc4,0.0232,-1.0103,0.5054
Casc5,Casc5,0,,
Casd1,Casd1,-0.0787,-4.023,4.2406
Cask,Cask,-0.03,-2.7722,2.2543
Caskin1,Caskin1,0,,
Caskin2,Caskin2,0,,
Casp1,Casp1,0.0724,-2.3132,1.6838
Casp12,Casp12,-0.0005,-0.0216,0.0075
Casp14,Casp14,0,,
Casp2,Casp2,0.0065,-1.445,0.8284
Casp3,Casp3,-0.0255,-2.8765,2.3957
Casp4,Casp4,0.0676,-1.5755,0.9387
Casp6,Casp6,0.0228,-0.7306,0.3325
Casp7,Casp7,-0.009,-1.2597,0.6824
Casp8,Casp8,0.0288,-0.5742,0.2473
Casp8ap2,Casp8ap2,-0.002,-2.208,1.5647
Casp9,Casp9,0.0097,-1.3484,0.7507
Casq1,Casq1,0,,
Casq2,Casq2,0,,
Casr,Casr,0,,
Cass4,Cass4,0.0067,0.9835,0.4876
Cast,Cast,-0.0097,-1.1724,0.6179
Casz1,Casz1,0.0004,0.6927,0.3111
Cat,Cat,0.0823,-0.5788,0.2497
Catsper1,Catsper1,0,,
Catsper2,Catsper2,-0.0043,-1.431,0.8169
Catsper3,Catsper3,0,,
Catsper4,Catsper4,0,,
Catsperb,Catsperb,0,,
Catsperg1,Catsperg1,0,,
Catsperg2,Catsperg2,0,,
Cav1,Cav1,0,,
Cav2,Cav2,-0.0048,-1.2501,0.6751
Cav3,Cav3,0,,
Cbara1,Cbara1,0.0768,-1.3831,0.7782
Cbfa2t2,Cbfa2t2,-0.0069,-2.293,1.6606
Cbfa2t2-ps1,Cbfa2t2-ps1,0,,
Cbfa2t3,Cbfa2t3,-0.1189,-5.8012,8.1815
Cbfb,Cbfb,0.0305,-1.8116,1.1546
Cbl,Cbl,0.0546,0.4135,0.168
Cblb,Cblb,-0.0323,-3.5308,3.3826
Cblc,Cblc,0,,
Cbll1,Cbll1,-0.0298,-2.6544,2.1
Cbln1,Cbln1,0,,
Cbln2,Cbln2,0,,
Cbln3,Cbln3,0,,
Cbln4,Cbln4,0,,
Cbr1,Cbr1,0.027,-2.3392,1.7139
Cbr2,Cbr2,0.0169,1.2314,0.6612
Cbr3,Cbr3,0.0308,-0.483,0.2013
Cbr4,Cbr4,0.0357,-0.4724,0.1961
Cbs,Cbs,0,,
Cbwd1,Cbwd1,-0.0145,-2.4881,1.8914
Cbx1,Cbx1,0.1019,-1.7455,1.0921
Cbx2,Cbx2,-0.0051,-1.431,0.8169
Cbx3,Cbx3,0.0024,-1.0646,0.542
Cbx3-ps3,Cbx3-ps3,0,,
Cbx4,Cbx4,-0.0211,-2.2973,1.6656
Cbx5,Cbx5,0.0142,-1.8808,1.2218
Cbx6,Cbx6,0.0076,0.8601,0.4092
Cbx7,Cbx7,0.0119,-0.8916,0.4288
Cbx8,Cbx8,-0.0026,-2.0286,1.3716
Cby1,Cby1,-0.0126,-0.9103,0.4405
Cby3,Cby3,0.0125,0.6927,0.3111
Cc2d1a,Cc2d1a,0.0222,1.2299,0.6601
Cc2d1b,Cc2d1b,-0.0077,-2.0587,1.4032
Cc2d2a,Cc2d2a,-0.0281,-2.0286,1.3716
Ccar1,Ccar1,0.0063,-2.1492,1.5
Ccbe1,Ccbe1,0,,
Ccbl1,Ccbl1,0.0077,-0.7321,0.3334
Ccbl2,Ccbl2,0.0027,-0.7342,0.3346
Ccbp2,Ccbp2,0,,
Ccdc101,Ccdc101,0.0229,-2.2126,1.5699
Ccdc102a,Ccdc102a,0.0048,-1.2501,0.6751
Ccdc103,Ccdc103,0,,
Ccdc104,Ccdc104,0.0287,-0.8955,0.4312
Ccdc105,Ccdc105,0,,
Ccdc106,Ccdc106,0.0193,0.4799,0.1997
Ccdc107,Ccdc107,0.0039,-1.8403,1.1823
Ccdc108,Ccdc108,-0.0026,-1.431,0.8169
Ccdc109a,Ccdc109a,0.0132,0.844,0.3994
Ccdc109b,Ccdc109b,0.0002,-1.2942,0.7086
Ccdc11,Ccdc11,0,,
Ccdc110,Ccdc110,0,,
Ccdc111,Ccdc111,-0.0109,-0.9052,0.4373
Ccdc112,Ccdc112,0.0128,-2.2551,1.6175
Ccdc113,Ccdc113,0,,
Ccdc114,Ccdc114,0,,
Ccdc115,Ccdc115,-0.012,-2.1988,1.5545
Ccdc116,Ccdc116,0,,
Ccdc117,Ccdc117,0.0225,-1.547,0.9141
Ccdc12,Ccdc12,-0.001,-2.0757,1.4211
Ccdc120,Ccdc120,0,,
Ccdc121,Ccdc121,0,,
Ccdc122,Ccdc122,-0.0207,-1.9147,1.2554
Ccdc123,Ccdc123,-0.0078,-1.3016,0.7144
Ccdc124,Ccdc124,-0.0221,-2.1667,1.5192
Ccdc125,Ccdc125,0,,
Ccdc126,Ccdc126,-0.0498,-3.2197,2.8916
Ccdc127,Ccdc127,0.0048,-0.5841,0.2525
Ccdc129,Ccdc129,0,,
Ccdc13,Ccdc13,0,,
Ccdc130,Ccdc130,0.01,0.9835,0.4876
Ccdc132,Ccdc132,-0.0247,-2.3524,1.7293
Ccdc134,Ccdc134,0.0115,-0.337,0.1331
Ccdc135,Ccdc135,0,,
Ccdc136,Ccdc136,0,,
Ccdc137,Ccdc137,-0.0063,-1.3861,0.7806
Ccdc138,Ccdc138,-0.0026,-1.431,0.8169
Ccdc14,Ccdc14,0,,
Ccdc141,Ccdc141,0,,
Ccdc142,Ccdc142,0,,
Ccdc144b,Ccdc144b,0,,
Ccdc146,Ccdc146,0,,
Ccdc147,Ccdc147,0,,
Ccdc148,Ccdc148,0,,
Ccdc15,Ccdc15,0.0338,0.6927,0.3111
Ccdc150,Ccdc150,0,,
Ccdc151,Ccdc151,0,,
Ccdc152,Ccdc152,0,,
Ccdc153,Ccdc153,0,,
Ccdc154,Ccdc154,0,,
Ccdc155,Ccdc155,0,,
Ccdc157,Ccdc157,0.0076,-0.7301,0.3322
Ccdc158,Ccdc158,0,,
Ccdc159,Ccdc159,0,,
Ccdc160,Ccdc160,0,,
Ccdc162,Ccdc162,-0.0103,-2.0286,1.3716
Ccdc163,Ccdc163,0.0096,-1.0161,0.5092
Ccdc164,Ccdc164,0,,
Ccdc17,Ccdc17,-0.0065,-0.7467,0.3418
Ccdc18,Ccdc18,0,,
Ccdc19,Ccdc19,0,,
Ccdc21,Ccdc21,-0.0027,-0.7301,0.3322
Ccdc22,Ccdc22,-0.0148,-2.7544,2.2306
Ccdc23,Ccdc23,0.0205,-2.2265,1.5853
Ccdc24,Ccdc24,0,,
Ccdc25,Ccdc25,0.031,-0.2687,0.1034
Ccdc27,Ccdc27,0,,
Ccdc28a,Ccdc28a,0.0081,-0.3371,0.1331
Ccdc28b,Ccdc28b,-0.0146,-1.2829,0.7
Ccdc3,Ccdc3,0,,
Ccdc30,Ccdc30,0,,
Ccdc32,Ccdc32,-0.046,-3.1004,2.7138
Ccdc33,Ccdc33,0,,
Ccdc34,Ccdc34,0.033,-0.0268,0.0094
Ccdc36,Ccdc36,0,,
Ccdc37,Ccdc37,0,,
Ccdc38,Ccdc38,0,,
Ccdc39,Ccdc39,0,,
Ccdc40,Ccdc40,-0.0022,-0.5167,0.218
Ccdc41,Ccdc41,0.0379,-0.5526,0.2362
Ccdc42,Ccdc42,0,,
Ccdc43,Ccdc43,-0.0108,-2.3022,1.6711
Ccdc45,Ccdc45,-0.0113,-0.0264,0.0092
Ccdc46,Ccdc46,0.0036,-0.5167,0.218
Ccdc47,Ccdc47,0.0771,-1.418,0.8063
Ccdc48,Ccdc48,-0.0017,-1.431,0.8169
Ccdc50,Ccdc50,-0.0087,-3.4986,3.33
Ccdc51,Ccdc51,0,,
Ccdc53,Ccdc53,-0.0529,-3.9914,4.1826
Ccdc54,Ccdc54,0,,
Ccdc55,Ccdc55,-0.035,-3.3351,3.0693
Ccdc56,Ccdc56,0.0777,-1.7236,1.0717
Ccdc57,Ccdc57,-0.0043,-1.431,0.8169
Ccdc58,Ccdc58,0.0629,1.0727,0.5476
Ccdc59,Ccdc59,-0.0443,-0.946,0.4632
Ccdc6,Ccdc6,-0.0008,-0.5317,0.2255
Ccdc60,Ccdc60,0,,
Ccdc61,Ccdc61,0.0082,-0.0187,0.0065
Ccdc62,Ccdc62,0.0106,-2.7878,2.2752
Ccdc63,Ccdc63,0,,
Ccdc64,Ccdc64,0.0033,-0.5167,0.218
Ccdc64b,Ccdc64b,0.0021,0.6927,0.3111
Ccdc65,Ccdc65,0,,
Ccdc66,Ccdc66,0.0152,-1.523,0.8936
Ccdc67,Ccdc67,0,,
Ccdc68,Ccdc68,0,,
Ccdc69,Ccdc69,-0.0179,-2.4881,1.8914
Ccdc7,Ccdc7,0,,
Ccdc70,Ccdc70,0,,
Ccdc71,Ccdc71,-0.0306,-3.8176,3.8705
Ccdc72,Ccdc72,0.0212,-2.5475,1.9646
Ccdc73,Ccdc73,-0.004,-1.8012,1.1447
Ccdc74a,Ccdc74a,0,,
Ccdc75,Ccdc75,-0.0005,-0.5693,0.2447
Ccdc76,Ccdc76,-0.0094,-1.431,0.8169
Ccdc77,Ccdc77,0.0118,-0.0221,0.0077
Ccdc78,Ccdc78,0,,
Ccdc79,Ccdc79,0,,
Ccdc8,Ccdc8,0.0021,0.6927,0.3111
Ccdc80,Ccdc80,0,,
Ccdc81,Ccdc81,0,,
Ccdc83,Ccdc83,0,,
Ccdc84,Ccdc84,-0.005,-1.2942,0.7086
Ccdc85a,Ccdc85a,0,,
Ccdc85b,Ccdc85b,0.0225,-2.1051,1.4524
Ccdc85c,Ccdc85c,0,,
Ccdc86,Ccdc86,-0.0813,-3.7846,3.8126
Ccdc87,Ccdc87,0,,
Ccdc88a,Ccdc88a,-0.1274,-3.2452,2.9304
Ccdc88b,Ccdc88b,0.1058,-0.5434,0.2315
Ccdc88c,Ccdc88c,0,,
Ccdc89,Ccdc89,0,,
Ccdc9,Ccdc9,-0.0386,-4.0904,4.3659
Ccdc90a,Ccdc90a,0.0118,-0.4324,0.1769
Ccdc90b,Ccdc90b,0.0057,-1.7599,1.1056
Ccdc91,Ccdc91,0.0371,0.924,0.4492
Ccdc92,Ccdc92,0,,
Ccdc93,Ccdc93,-0.0172,-3.4918,3.3189
Ccdc94,Ccdc94,0.0077,-0.7301,0.3322
Ccdc96,Ccdc96,0,,
Ccdc97,Ccdc97,0.0699,-1.3427,0.7463
Ccdc99,Ccdc99,-0.0014,-0.0216,0.0075
Cchcr1,Cchcr1,0,,
Ccin,Ccin,0,,
Cck,Cck,-0.0663,-4.3377,4.8416
Cckar,Cckar,0,,
Cckbr,Cckbr,0,,
Ccl1,Ccl1,0,,
Ccl11,Ccl11,0,,
Ccl12,Ccl12,0.2717,-0.4008,0.162
Ccl17,Ccl17,-0.0048,-1.8012,1.1447
Ccl19,Ccl19,0,,
Ccl19-ps1,Ccl19-ps1,0,,
Ccl19-ps3,Ccl19-ps3,0,,
Ccl2,Ccl2,0.0174,-0.7457,0.3412
Ccl20,Ccl20,0,,
Ccl21a,Ccl21a,0,,
Ccl21b,Ccl21b,0,,
Ccl21c,Ccl21c,0,,
Ccl22,Ccl22,0.007,-0.0192,0.0067
Ccl24,Ccl24,0.0007,-0.7321,0.3334
Ccl25,Ccl25,0,,
Ccl26,Ccl26,0,,
Ccl27a,Ccl27a,0.0058,0.6927,0.3111
Ccl27b,Ccl27b,0,,
Ccl3,Ccl3,-0.9096,-7.4304,12.9655
Ccl4,Ccl4,-0.6964,-5.7478,8.0438
Ccl5,Ccl5,0.1937,2.2761,1.6413
Ccl6,Ccl6,-0.8919,-9.6466,21.294
Ccl7,Ccl7,0.0033,0.8304,0.3911
Ccl8,Ccl8,0.0191,0.8372,0.3952
Ccl9,Ccl9,-0.0295,0.429,0.1753
Ccm2,Ccm2,0.0318,-2.5215,1.9324
Ccna1,Ccna1,0,,
Ccna2,Ccna2,0.0079,0.9835,0.4876
Ccnb1,Ccnb1,0.0004,0.6927,0.3111
Ccnb1ip1,Ccnb1ip1,0,,
Ccnb2,Ccnb2,0.0075,0.9835,0.4876
Ccnb2-ps,Ccnb2-ps,0,,
Ccnb3,Ccnb3,0,,
Ccnc,Ccnc,0.026,0.4016,0.1624
Ccnd1,Ccnd1,0.2105,-0.6941,0.3119
Ccnd2,Ccnd2,0.0183,-0.2746,0.1059
Ccnd3,Ccnd3,-0.0534,-3.4014,3.1737
Ccnd3-ps,Ccnd3-ps,0,,
Ccndbp1,Ccndbp1,0.0542,-0.3996,0.1615
Ccne1,Ccne1,0.0046,0.9835,0.4876
Ccne2,Ccne2,0,,
Ccnf,Ccnf,0.0112,0.9835,0.4876
Ccng1,Ccng1,0.1182,-0.6431,0.2839
Ccng2,Ccng2,0.0021,-3.6609,3.5997
Ccnh,Ccnh,-0.0002,-0.8097,0.3787
Ccni,Ccni,0.1201,-1.5259,0.8961
Ccnj,Ccnj,-0.0043,-2.0286,1.3716
Ccnjl,Ccnjl,0,,
Ccnk,Ccnk,0.0421,-0.9572,0.4705
Ccnl1,Ccnl1,-0.0338,-4.7058,5.597
Ccnl2,Ccnl2,0.0336,-0.1899,0.0709
Ccno,Ccno,0,,
Ccnt1,Ccnt1,-0.0319,-1.7458,1.0924
Ccnt2,Ccnt2,-0.0224,-3.0884,2.6964
Ccny,Ccny,-0.0465,-3.1394,2.7714
Ccnyl1,Ccnyl1,0.0027,-0.7342,0.3346
Ccpg1,Ccpg1,-0.0423,-5.4848,7.383
Ccr1,Ccr1,-0.003,-0.5226,0.2209
Ccr10,Ccr10,0,,
Ccr1l1,Ccr1l1,0,,
Ccr2,Ccr2,-0.0114,-0.7342,0.3346
Ccr3,Ccr3,0,,
Ccr4,Ccr4,0,,
Ccr5,Ccr5,0.0792,-2.3112,1.6815
Ccr6,Ccr6,-0.0281,-1.431,0.8169
Ccr7,Ccr7,0,,
Ccr8,Ccr8,0,,
Ccr9,Ccr9,0,,
Ccrl1,Ccrl1,0,,
Ccrl2,Ccrl2,-0.2584,-5.8584,8.3303
Ccrn4l,Ccrn4l,-0.0137,-2.8765,2.3957
Ccs,Ccs,-0.0086,-2.4511,1.8464
Cct2,Cct2,0.0153,-3.0717,2.6719
Cct3,Cct3,0.0306,-3.2609,2.9545
Cct3-ps1,Cct3-ps1,-0.0026,-1.431,0.8169
Cct4,Cct4,0.0313,-3.528,3.3782
Cct5,Cct5,-0.0514,-3.9339,4.078
Cct6a,Cct6a,0.0522,-0.557,0.2384
Cct6b,Cct6b,0,,
Cct7,Cct7,0.1054,-1.5117,0.884
Cct8,Cct8,-0.0005,-2.5854,2.012
Cct8l1,Cct8l1,0,,
Ccz1,Ccz1,0.0607,-3.4434,3.2408
Cd101,Cd101,-0.0075,-1.3798,0.7756
Cd109,Cd109,0,,
Cd14,Cd14,-0.7208,-7.853,14.3912
Cd151,Cd151,-0.0215,-2.7673,2.2478
Cd160,Cd160,0,,
Cd163,Cd163,0.0116,1.3956,0.7883
Cd163l1,Cd163l1,0,,
Cd164,Cd164,0.0093,-3.8647,3.9539
Cd164l2,Cd164l2,0,,
Cd177,Cd177,0,,
Cd180,Cd180,-0.2133,-6.3727,9.731
Cd19,Cd19,0.0062,0.6927,0.3111
Cd1d1,Cd1d1,0.0037,0.6927,0.3111
Cd1d2,Cd1d2,0,,
Cd2,Cd2,0,,
Cd200,Cd200,0,,
Cd200r1,Cd200r1,0.0127,-0.7441,0.3402
Cd200r2,Cd200r2,0,,
Cd200r3,Cd200r3,-0.0043,-1.431,0.8169
Cd200r4,Cd200r4,-0.0989,-6.6091,10.4127
Cd207,Cd207,0,,
Cd209a,Cd209a,-0.0264,-4.0854,4.3566
Cd209b,Cd209b,0,,
Cd209c,Cd209c,0,,
Cd209d,Cd209d,0,,
Cd209e,Cd209e,0,,
Cd209f,Cd209f,0,,
Cd209g,Cd209g,0,,
Cd22,Cd22,-0.0463,-3.4108,3.1885
Cd226,Cd226,0,,
Cd244,Cd244,-0.0057,-2.1695,1.5223
Cd247,Cd247,0,,
Cd248,Cd248,0.0037,0.6927,0.3111
Cd24a,Cd24a,0.0158,1.2069,0.6431
Cd27,Cd27,-0.0043,-1.431,0.8169
Cd274,Cd274,-0.0379,-3.814,3.8641
Cd276,Cd276,-0.002,-1.2961,0.7101
Cd28,Cd28,-0.0431,-4.3377,4.8416
Cd2ap,Cd2ap,0.0751,-1.7414,1.0882
Cd2bp2,Cd2bp2,-0.0135,-1.1989,0.6372
Cd300a,Cd300a,-0.0508,-4.7311,5.6512
Cd300c,Cd300c,0.0363,0.4157,0.169
Cd300e,Cd300e,0,,
Cd300lb,Cd300lb,-0.0159,-2.9977,2.5653
Cd300ld,Cd300ld,-0.0037,-1.1763,0.6208
Cd300lf,Cd300lf,-0.0595,-3.1262,2.7519
Cd300lg,Cd300lg,-0.0188,-2.0286,1.3716
Cd300lh,Cd300lh,0,,
Cd302,Cd302,0.0445,-0.9166,0.4445
Cd320,Cd320,-0.0153,-2.8295,2.3314
Cd33,Cd33,-0.0035,-1.5838,0.946
Cd34,Cd34,-0.7029,-10.4686,24.9194
Cd36,Cd36,0.0168,-0.0187,0.0065
Cd37,Cd37,-0.1427,-5.8863,8.4035
Cd38,Cd38,0.0008,0.6927,0.3111
Cd3d,Cd3d,0,,
Cd3e,Cd3e,0.0021,0.6927,0.3111
Cd3eap,Cd3eap,0.0086,-1.1613,0.6099
Cd3g,Cd3g,0,,
Cd4,Cd4,0.0041,-0.5167,0.218
Cd40,Cd40,0.0108,1.3956,0.7883
Cd40lg,Cd40lg,0,,
Cd44,Cd44,-0.0686,-3.7797,3.804
Cd46,Cd46,-0.0193,-2.8913,2.4161
Cd47,Cd47,-0.1572,-5.7661,8.0908
Cd48,Cd48,-0.1582,-6.7096,10.7097
Cd5,Cd5,-0.0269,-2.854,2.3649
Cd52,Cd52,-0.8608,-10.1321,23.4001
Cd53,Cd53,-0.2395,-5.757,8.0673
Cd55,Cd55,0,,
Cd59a,Cd59a,-0.0026,-1.431,0.8169
Cd59b,Cd59b,0,,
Cd5l,Cd5l,0.0067,0.6927,0.3111
Cd6,Cd6,0,,
Cd63,Cd63,-0.624,-8.8905,18.2159
Cd63-ps,Cd63-ps,-0.4608,-8.1564,15.4618
Cd68,Cd68,-1.0111,-12.4137,34.6573
Cd69,Cd69,0.0174,-0.0255,0.0089
Cd7,Cd7,-0.0026,-1.431,0.8169
Cd70,Cd70,0,,
Cd72,Cd72,-0.0832,-4.1975,4.5688
Cd74,Cd74,-0.4778,-8.4133,16.3995
Cd79a,Cd79a,0,,
Cd79b,Cd79b,-0.0094,-1.7984,1.1419
Cd80,Cd80,0.0021,0.6927,0.3111
Cd81,Cd81,0.0367,-0.7379,0.3367
Cd82,Cd82,0.0171,-2.8404,2.3462
Cd83,Cd83,-0.6259,-8.3788,16.2719
Cd84,Cd84,-0.175,-5.9468,8.563
Cd86,Cd86,-0.0436,-3.5836,3.4699
Cd8a,Cd8a,0,,
Cd8b1,Cd8b1,0,,
Cd9,Cd9,-0.9331,-11.0416,27.6186
Cd9-ps,Cd9-ps,-0.003,-0.5226,0.2209
Cd93,Cd93,0.0093,0.6052,0.2636
Cd96,Cd96,0,,
Cd97,Cd97,-0.0039,-1.2501,0.6751
Cd99l2,Cd99l2,0.0612,-1.57,0.934
Cda,Cda,0,,
Cdadc1,Cdadc1,0.0027,-1.8012,1.1447
Cdan1,Cdan1,-0.0103,-1.2573,0.6806
Cdc123,Cdc123,-0.0012,-2.4295,1.8205
Cdc14a,Cdc14a,-0.0073,-1.2597,0.6824
Cdc14b,Cdc14b,0.0203,1.2069,0.6431
Cdc16,Cdc16,0.078,1.6534,1.0077
Cdc20,Cdc20,0.0166,0.6927,0.3111
Cdc20b,Cdc20b,0,,
Cdc23,Cdc23,0.0089,-1.8771,1.2182
Cdc25a,Cdc25a,0.0026,-1.1618,0.6102
Cdc25b,Cdc25b,0.0003,-1.2501,0.6751
Cdc25c,Cdc25c,0,,
Cdc26,Cdc26,-0.0135,-2.5636,1.9847
Cdc27,Cdc27,-0.0099,-1.0475,0.5304
Cdc34,Cdc34,-0.0227,-2.029,1.372
Cdc34-ps,Cdc34-ps,0.0025,0.6927,0.3111
Cdc37,Cdc37,0.1306,-0.3059,0.1194
Cdc37l1,Cdc37l1,0.0098,-1.1324,0.5893
Cdc40,Cdc40,-0.0383,-3.3431,3.0817
Cdc42,Cdc42,0.432,1.3851,0.7798
Cdc42bpa,Cdc42bpa,0.0003,-1.2647,0.6862
Cdc42bpb,Cdc42bpb,0.0709,-0.2463,0.094
Cdc42bpg,Cdc42bpg,0,,
Cdc42ep1,Cdc42ep1,0,,
Cdc42ep2,Cdc42ep2,0,,
Cdc42ep3,Cdc42ep3,-0.0278,-2.8337,2.3371
Cdc42ep4,Cdc42ep4,-0.0074,-2.242,1.6027
Cdc42ep5,Cdc42ep5,0,,
Cdc42se1,Cdc42se1,-0.0667,-4.3323,4.8311
Cdc42se2,Cdc42se2,-0.0551,-4.1215,4.4244
Cdc45,Cdc45,0,,
Cdc5l,Cdc5l,0.044,-2.8188,2.317
Cdc6,Cdc6,-0.0074,-0.5226,0.2209
Cdc7,Cdc7,0,,
Cdc73,Cdc73,-0.0264,-2.5319,1.9452
Cdca2,Cdca2,0.0104,0.9835,0.4876
Cdca3,Cdca3,0.0061,-0.0168,0.0059
Cdca4,Cdca4,0.0033,-1.5407,0.9087
Cdca5,Cdca5,0,,
Cdca7,Cdca7,0.0037,-0.5693,0.2447
Cdca7l,Cdca7l,0.0004,0.6927,0.3111
Cdca8,Cdca8,-0.0061,-0.0264,0.0092
Cdcp1,Cdcp1,0,,
Cdcp2,Cdcp2,0,,
Cdh1,Cdh1,0,,
Cdh10,Cdh10,0,,
Cdh11,Cdh11,-0.0017,-1.431,0.8169
Cdh12,Cdh12,0,,
Cdh13,Cdh13,0.0058,0.6927,0.3111
Cdh15,Cdh15,0,,
Cdh16,Cdh16,0,,
Cdh17,Cdh17,0.0008,0.6927,0.3111
Cdh18,Cdh18,0,,
Cdh19,Cdh19,0,,
Cdh2,Cdh2,0,,
Cdh20,Cdh20,0,,
Cdh22,Cdh22,0,,
Cdh23,Cdh23,0.0264,1.9829,1.3244
Cdh24,Cdh24,0,,
Cdh26,Cdh26,0,,
Cdh3,Cdh3,0,,
Cdh4,Cdh4,0,,
Cdh5,Cdh5,0,,
Cdh6,Cdh6,0,,
Cdh7,Cdh7,0,,
Cdh8,Cdh8,0,,
Cdh9,Cdh9,0,,
Cdhr1,Cdhr1,0,,
Cdhr2,Cdhr2,0,,
Cdhr3,Cdhr3,0,,
Cdhr4,Cdhr4,0,,
Cdhr5,Cdhr5,0,,
Cdipt,Cdipt,-0.0795,-4.4759,5.1186
Cdk1,Cdk1,0.0002,-1.9456,1.2865
Cdk10,Cdk10,-0.0382,-0.9103,0.4405
Cdk11b,Cdk11b,0.0226,-1.9913,1.333
Cdk12,Cdk12,-0.0122,-1.8917,1.2326
Cdk13,Cdk13,-0.0431,-3.4428,3.2397
Cdk14,Cdk14,0.0013,-1.7789,1.1235
Cdk15,Cdk15,0,,
Cdk16,Cdk16,-0.0028,-1.8012,1.1447
Cdk17,Cdk17,-0.0102,-3.1961,2.856
Cdk18,Cdk18,-0.0148,-2.2266,1.5855
Cdk19,Cdk19,-0.161,-5.9478,8.5657
Cdk2,Cdk2,0.005,1.2069,0.6431
Cdk20,Cdk20,0.0244,0.3328,0.1312
Cdk2ap1,Cdk2ap1,-0.0189,-3.0584,2.6527
Cdk2ap2,Cdk2ap2,0.0392,-1.4925,0.8678
Cdk3-ps,Cdk3-ps,0,,
Cdk4,Cdk4,0.0009,-3.2997,3.0142
Cdk5,Cdk5,-0.0181,-2.2313,1.5907
Cdk5r1,Cdk5r1,-0.0205,-1.3839,0.7789
Cdk5r2,Cdk5r2,0,,
Cdk5rap1,Cdk5rap1,0.0001,-0.3445,0.1364
Cdk5rap2,Cdk5rap2,-0.0091,-0.2909,0.1129
Cdk5rap3,Cdk5rap3,0.0618,-1.4537,0.8355
Cdk6,Cdk6,-0.0609,-3.7105,3.6844
Cdk7,Cdk7,-0.0135,-1.5517,0.9181
Cdk8,Cdk8,-0.0444,-4.1869,4.5486
Cdk9,Cdk9,0.0191,-1.8645,1.2058
Cdkal1,Cdkal1,-0.0272,-2.3094,1.6794
Cdkl1,Cdkl1,0,,
Cdkl2,Cdkl2,0,,
Cdkl3,Cdkl3,-0.0017,-1.431,0.8169
Cdkl4,Cdkl4,0,,
Cdkl5,Cdkl5,0,,
Cdkn1a,Cdkn1a,-0.2197,-5.6803,7.8714
Cdkn1b,Cdkn1b,-0.0047,-1.9512,1.2922
Cdkn1c,Cdkn1c,0.0148,0.8474,0.4014
Cdkn2a,Cdkn2a,0,,
Cdkn2aip,Cdkn2aip,0.0048,0.6015,0.2616
Cdkn2aipnl,Cdkn2aipnl,0.0362,-1.066,0.543
Cdkn2b,Cdkn2b,-0.003,-1.2525,0.6769
Cdkn2c,Cdkn2c,0.0067,-0.3408,0.1347
Cdkn2d,Cdkn2d,0,-0.5167,0.218
Cdkn3,Cdkn3,0,,
Cdnf,Cdnf,0.005,0.6927,0.3111
Cdo1,Cdo1,0.012,-0.0168,0.0059
Cdon,Cdon,0,,
Cdr1,Cdr1,0,,
Cdr2,Cdr2,0.017,0.9835,0.4876
Cdr2l,Cdr2l,0,,
Cdrt4,Cdrt4,0,,
Cds1,Cds1,-0.0467,-4.7534,5.699
Cds2,Cds2,-0.017,-3.7721,3.7908
Cdsn,Cdsn,0,,
Cdt1,Cdt1,-0.0061,-2.1808,1.5347
Cdv3,Cdv3,0.0419,-2.5743,1.9981
Cdx1,Cdx1,0,,
Cdx2,Cdx2,0,,
Cdx4,Cdx4,0,,
Cdyl,Cdyl,0.0005,-2.2551,1.6175
Cdyl2,Cdyl2,-0.0162,-3.2197,2.8916
Ceacam1,Ceacam1,0.0082,-0.0187,0.0065
Ceacam10,Ceacam10,0,,
Ceacam11,Ceacam11,0,,
Ceacam12,Ceacam12,0,,
Ceacam13,Ceacam13,0,,
Ceacam14,Ceacam14,0,,
Ceacam15,Ceacam15,0,,
Ceacam16,Ceacam16,0,,
Ceacam18,Ceacam18,0,,
Ceacam19,Ceacam19,0,,
Ceacam2,Ceacam2,0,,
Ceacam20,Ceacam20,0,,
Ceacam3,Ceacam3,0,,
Ceacam5,Ceacam5,0,,
Ceacam9,Ceacam9,0,,
Cebpa,Cebpa,-0.0997,-6.2347,9.3442
Cebpb,Cebpb,-0.0816,-4.0222,4.2391
Cebpd,Cebpd,0.042,-0.6112,0.2668
Cebpe,Cebpe,0,,
Cebpg,Cebpg,-0.0884,-5.454,7.3077
Cebpz,Cebpz,0.0503,-1.3685,0.7666
Cecr2,Cecr2,0,,
Cecr5,Cecr5,0,,
Cecr6,Cecr6,0,,
Cel,Cel,0,,
Cela1,Cela1,0.0108,0.6927,0.3111
Cela2a,Cela2a,0,,
Cela3b,Cela3b,0,,
Celf1,Celf1,-0.038,-4.9207,6.0643
Celf2,Celf2,0.1037,-2.5388,1.9538
Celf3,Celf3,0,,
Celf4,Celf4,0.006,-0.7384,0.337
Celf5,Celf5,0,,
Celf6,Celf6,0,,
Celsr1,Celsr1,0,,
Celsr2,Celsr2,0.0025,0.6927,0.3111
Celsr3,Celsr3,0,,
Cend1,Cend1,0,,
Cenpa,Cenpa,0.003,-1.2942,0.7086
Cenpb,Cenpb,0.2035,-0.715,0.3237
Cenpc1,Cenpc1,-0.0108,-0.7384,0.337
Cenpe,Cenpe,0.0058,0.9835,0.4876
Cenpf,Cenpf,0.0141,1.3956,0.7883
Cenph,Cenph,0,,
Cenpi,Cenpi,0,,
Cenpj,Cenpj,-0.0235,-1.3877,0.7819
Cenpk,Cenpk,0.0013,0.6927,0.3111
Cenpl,Cenpl,-0.012,-2.4881,1.8914
Cenpm,Cenpm,0.0037,0.9835,0.4876
Cenpn,Cenpn,0.002,-0.0168,0.0059
Cenpo,Cenpo,0.0121,-0.895,0.4309
Cenpp,Cenpp,0.0215,1.2069,0.6431
Cenpq,Cenpq,-0.0189,-2.2551,1.6175
Cenpt,Cenpt,0.0145,1.2069,0.6431
Cenpv,Cenpv,0.0332,0.3705,0.1481
Cenpw,Cenpw,0.0157,-0.0168,0.0059
Cep110,Cep110,0.0363,-1.3411,0.745
Cep120,Cep120,-0.0296,-0.5716,0.2459
Cep135,Cep135,0.0231,-0.4737,0.1967
Cep152,Cep152,-0.0436,-3.214,2.8831
Cep164,Cep164,-0.0046,-1.7713,1.1163
Cep170,Cep170,0.0274,-2.2838,1.65
Cep192,Cep192,0.0146,-1.3672,0.7655
Cep250,Cep250,0.089,-2.294,1.6617
Cep290,Cep290,0.087,-0.77,0.3553
Cep350,Cep350,-0.0274,-2.4667,1.8653
Cep55,Cep55,0.0037,-0.5167,0.218
Cep57,Cep57,-0.0176,-1.888,1.229
Cep57l1,Cep57l1,0.0028,-0.7363,0.3358
Cep63,Cep63,0.0512,-1.2304,0.6604
Cep68,Cep68,0.0576,1.6448,1
Cep70,Cep70,0.0048,-0.3408,0.1347
Cep72,Cep72,0,,
Cep76,Cep76,0.0024,-0.5167,0.218
Cep78,Cep78,-0.0398,-1.8087,1.1518
Cep97,Cep97,0.0306,-0.3408,0.1347
Cept1,Cept1,0.0401,-1.5859,0.9479
Cer1,Cer1,0,,
Cercam,Cercam,0.0062,0.3328,0.1312
Cerk,Cerk,-0.117,-5.6188,7.7161
Cerkl,Cerkl,0,,
Ces1a,Ces1a,0,,
Ces1b,Ces1b,0,,
Ces1c,Ces1c,0,,
Ces1d,Ces1d,0,,
Ces1e,Ces1e,0,,
Ces1f,Ces1f,0,,
Ces1g,Ces1g,0,,
Ces1h,Ces1h,0,,
Ces2a,Ces2a,0,,
Ces2b,Ces2b,0,,
Ces2c,Ces2c,0,,
Ces2d-ps,Ces2d-ps,0,,
Ces2e,Ces2e,0,,
Ces2f,Ces2f,0,,
Ces2g,Ces2g,0,,
Ces2h,Ces2h,0,,
Ces3a,Ces3a,0,,
Ces3b,Ces3b,0,,
Ces4a,Ces4a,0,,
Ces5a,Ces5a,0,,
Cetn1,Cetn1,0,,
Cetn2,Cetn2,0.0333,-1.8777,1.2188
Cetn3,Cetn3,0.0517,-1.6375,0.9934
Cetn4,Cetn4,-0.0018,-1.2501,0.6751
Cfb,Cfb,0,,
Cfc1,Cfc1,0,,
Cfd,Cfd,0,,
Cfdp1,Cfdp1,0.0896,-0.2778,0.1073
Cfh,Cfh,-0.0868,-4.1942,4.5626
Cfhr1,Cfhr1,-0.0026,-1.431,0.8169
Cfhr2,Cfhr2,-0.0165,-2.8326,2.3356
Cfhr3,Cfhr3,0,,
Cfi,Cfi,0,,
Cfl1,Cfl1,0.5809,5.3032,6.9438
Cfl2,Cfl2,-0.0427,-3.0805,2.6847
Cflar,Cflar,0.1292,-2.8086,2.3032
Cfp,Cfp,-0.0043,-2.0286,1.3716
Cftr,Cftr,0,,
Cga,Cga,0,,
Cggbp1,Cggbp1,-0.0272,-3.0343,2.6178
Cgn,Cgn,-0.0162,-2.4881,1.8914
Cgnl1,Cgnl1,0,,
Cgref1,Cgref1,-0.006,-1.431,0.8169
Cgrrf1,Cgrrf1,-0.0223,-2.0757,1.4211
Ch25h,Ch25h,-0.3637,-10.9678,27.2628
Chac1,Chac1,0,,
Chac2,Chac2,0,,
Chad,Chad,0.0058,0.9835,0.4876
Chadl,Chadl,0,,
Chaf1a,Chaf1a,0,,
Chaf1b,Chaf1b,0.0262,-0.337,0.1331
Chat,Chat,0,,
Chchd1,Chchd1,0.0174,-2.7346,2.2044
Chchd10,Chchd10,-0.0407,-3.6825,3.6364
Chchd2,Chchd2,-0.137,-4.6715,5.5242
Chchd3,Chchd3,0.1026,-1.5736,0.9371
Chchd4,Chchd4,0.0054,-1.1525,0.6036
Chchd5,Chchd5,0,-2.3666,1.7459
Chchd6,Chchd6,-0.0138,-0.7384,0.337
Chchd7,Chchd7,0.0198,-1.4342,0.8196
Chchd8,Chchd8,-0.0402,-2.5765,2.0008
Chd1,Chd1,0.0324,-1.372,0.7694
Chd1l,Chd1l,-0.007,-0.7566,0.3475
Chd2,Chd2,0.0126,-1.1312,0.5885
Chd3,Chd3,0.0181,-1.7882,1.1323
Chd4,Chd4,0.2828,0.185,0.0689
Chd5,Chd5,0,,
Chd6,Chd6,0.0393,-0.6897,0.3095
Chd7,Chd7,-0.0358,-3.6265,3.5417
Chd8,Chd8,-0.0411,-2.0476,1.3915
Chd9,Chd9,0.0265,-0.9778,0.4839
Chdh,Chdh,0,,
Chek1,Chek1,0.0158,0.6927,0.3111
Chek2,Chek2,-0.0419,-2.5632,1.9841
Cherp,Cherp,0.0139,-2.1162,1.4644
Chfr,Chfr,-0.0048,-2.0596,1.4041
Chga,Chga,0,,
Chgb,Chgb,0,,
Chi3l1,Chi3l1,0.0079,0.9835,0.4876
Chi3l3,Chi3l3,0.0256,-0.2702,0.104
Chi3l4,Chi3l4,0,,
Chi3l7,Chi3l7,0,,
Chia,Chia,0,,
Chic1,Chic1,0,,
Chic2,Chic2,-0.0331,-2.538,1.9528
Chid1,Chid1,0.001,-2.9815,2.5424
Chit1,Chit1,0,,
Chka,Chka,-0.0332,-2.2452,1.6064
Chkb,Chkb,-0.0194,-2.2012,1.5571
Chl1,Chl1,-0.0128,-1.431,0.8169
Chm,Chm,0.0063,-1.4436,0.8272
Chml,Chml,-0.0009,-1.431,0.8169
Chmp1a,Chmp1a,0.0396,-1.4858,0.8623
Chmp1b,Chmp1b,-0.047,-5.2975,6.9303
Chmp2a,Chmp2a,-0.0515,-3.2233,2.8971
Chmp2b,Chmp2b,0.04,-1.7795,1.124
Chmp3,Chmp3,0.0266,-2.5831,2.0091
Chmp4b,Chmp4b,0.0845,-1.924,1.2648
Chmp4c,Chmp4c,0,,
Chmp5,Chmp5,-0.1133,-4.7707,5.7361
Chmp6,Chmp6,-0.0225,-3.2628,2.9574
Chmp7,Chmp7,0,,
Chn1,Chn1,0,,
Chn2,Chn2,-0.0442,-4.3475,4.8611
Chodl,Chodl,0,,
Chordc1,Chordc1,-0.0555,-3.4411,3.2371
Chpf,Chpf,-0.0103,-2.0286,1.3716
Chpf2,Chpf2,-0.0717,-6.1093,8.9996
Chpt1,Chpt1,-0.0304,-3.4674,3.2795
Chrac1,Chrac1,0.0298,-1.7695,1.1146
Chrd,Chrd,0,,
Chrdl1,Chrdl1,0,,
Chrdl2,Chrdl2,0,,
Chrm1,Chrm1,0,,
Chrm2,Chrm2,0,,
Chrm3,Chrm3,0,,
Chrm4,Chrm4,0,,
Chrm5,Chrm5,0,,
Chrna1,Chrna1,0,,
Chrna10,Chrna10,0,,
Chrna2,Chrna2,0,,
Chrna3,Chrna3,0,,
Chrna4,Chrna4,0,,
Chrna5,Chrna5,0,,
Chrna6,Chrna6,0,,
Chrna7,Chrna7,0,,
Chrna9,Chrna9,0,,
Chrnb1,Chrnb1,-0.0017,-1.431,0.8169
Chrnb2,Chrnb2,-0.0034,-1.431,0.8169
Chrnb3,Chrnb3,0,,
Chrnb4,Chrnb4,0.0079,0.6927,0.3111
Chrnd,Chrnd,0,,
Chrne,Chrne,0,,
Chrng,Chrng,0,,
Chst1,Chst1,-0.0099,-2.8905,2.4149
Chst10,Chst10,-0.0699,-4.8546,5.9185
Chst11,Chst11,-0.1061,-5.8685,8.3569
Chst12,Chst12,-0.1277,-6.0461,8.8287
Chst13,Chst13,0,,
Chst14,Chst14,-0.008,-0.7566,0.3475
Chst15,Chst15,0.0107,-0.0307,0.0108
Chst2,Chst2,-0.1598,-6.3085,9.55
Chst3,Chst3,-0.0051,-1.431,0.8169
Chst4,Chst4,0,,
Chst5,Chst5,0,,
Chst7,Chst7,0.0455,0.1433,0.0526
Chst8,Chst8,0.0115,0.6015,0.2616
Chst9,Chst9,0,,
Chsy1,Chsy1,0.0008,-2.0524,1.3965
Chsy3,Chsy3,0,,
Chtf18,Chtf18,0,,
Chtf8,Chtf8,-0.0307,-3.3928,3.16
Chuk,Chuk,0.0189,-1.8285,1.1708
Churc1,Churc1,0.0152,-1.3353,0.7405
Ciao1,Ciao1,0.016,-2.3675,1.747
Ciapin1,Ciapin1,0.0053,-0.2835,0.1097
Cib1,Cib1,0.0598,-1.857,1.1985
Cib2,Cib2,-0.0407,-4.2834,4.735
Cib3,Cib3,0,,
Cib4,Cib4,0,,
Cic,Cic,0.0373,-1.5272,0.8972
Cidea,Cidea,0,,
Cideb,Cideb,-0.0036,-0.5167,0.218
Cidec,Cidec,0,,
Ciita,Ciita,0,,
Cilp,Cilp,0,,
Cilp2,Cilp2,0,,
Cinp,Cinp,-0.0063,-1.1724,0.6179
Cir1,Cir1,-0.0221,-2.2507,1.6125
Cirbp,Cirbp,-0.0012,-1.8406,1.1825
Cirh1a,Cirh1a,0.0204,-0.2746,0.1059
Cisd1,Cisd1,-0.0059,-1.6969,1.0472
Cisd2,Cisd2,0.032,-1.8939,1.2348
Cisd3,Cisd3,-0.0102,-2.292,1.6594
Cish,Cish,-0.0052,-0.7405,0.3382
Cit,Cit,-0.0179,-2.4881,1.8914
Cited1,Cited1,0,,
Cited2,Cited2,-0.08,-5.1356,6.5509
Cited4,Cited4,-0.0617,-3.9432,4.0948
Ciz1,Ciz1,0.0258,-1.017,0.5099
Ckap2,Ckap2,0.0058,0.9835,0.4876
Ckap2l,Ckap2l,-0.0104,-0.7405,0.3382
Ckap4,Ckap4,0.0452,-0.6591,0.2926
Ckap5,Ckap5,0.0529,-0.5548,0.2373
Ckb,Ckb,0.4674,2.401,1.7864
Cklf,Cklf,0.0121,-2.3535,1.7306
Ckm,Ckm,0,,
Ckmt1,Ckmt1,-0.0043,-1.431,0.8169
Ckmt2,Ckmt2,0,,
Cks1b,Cks1b,0.0193,-0.2702,0.104
Cks2,Cks2,-0.0154,-1.2597,0.6824
Clasp1,Clasp1,0.0013,-1.6027,0.9626
Clasp2,Clasp2,-0.0302,-4.1359,4.4516
Clasrp,Clasrp,-0.0157,-2.5167,1.9264
Clca1,Clca1,0,,
Clca2,Clca2,0,,
Clca3,Clca3,0,,
Clca4,Clca4,0,,
Clca5,Clca5,0,,
Clca6,Clca6,0,,
Clcc1,Clcc1,-0.0854,-5.1408,6.5629
Clcf1,Clcf1,0.0239,1.2343,0.6634
Clcn1,Clcn1,0,,
Clcn2,Clcn2,0,,
Clcn3,Clcn3,-0.0306,-3.5771,3.4591
Clcn4-2,Clcn4-2,-0.0625,-5.1064,6.4837
Clcn5,Clcn5,-0.0327,-3.6892,3.6479
Clcn6,Clcn6,-0.0027,-1.994,1.3358
Clcn7,Clcn7,-0.1198,-5.2534,6.826
Clcnka,Clcnka,0,,
Clcnkb,Clcnkb,0,,
Cldn1,Cldn1,0,,
Cldn10,Cldn10,0.0037,0.6927,0.3111
Cldn11,Cldn11,0,,
Cldn12,Cldn12,0,,
Cldn13,Cldn13,0,,
Cldn14,Cldn14,0,,
Cldn15,Cldn15,0,,
Cldn16,Cldn16,0,,
Cldn17,Cldn17,0,,
Cldn18,Cldn18,0,,
Cldn19,Cldn19,0.01,0.6927,0.3111
Cldn2,Cldn2,0,,
Cldn20,Cldn20,0,,
Cldn21,Cldn21,0,,
Cldn22,Cldn22,0,,
Cldn23,Cldn23,0,,
Cldn24,Cldn24,0,,
Cldn25,Cldn25,0.0465,-3.2686,2.9663
Cldn26,Cldn26,0,,
Cldn27,Cldn27,0,,
Cldn3,Cldn3,0,,
Cldn4,Cldn4,0,,
Cldn5,Cldn5,0,,
Cldn6,Cldn6,0,,
Cldn7,Cldn7,0,,
Cldn8,Cldn8,0,,
Cldn9,Cldn9,0,,
Cldnd2,Cldnd2,0,,
Clec10a,Clec10a,0.0029,-0.0168,0.0059
Clec11a,Clec11a,0,,
Clec12a,Clec12a,0.0232,1.7135,1.0624
Clec12b,Clec12b,0,,
Clec14a,Clec14a,0,,
Clec16a,Clec16a,0.0057,-0.3426,0.1356
Clec18a,Clec18a,0,,
Clec1a,Clec1a,-0.0062,-1.9524,1.2933
Clec1b,Clec1b,-0.0103,-2.1966,1.5521
Clec2d,Clec2d,-0.0056,-1.8137,1.1566
Clec2e,Clec2e,0,,
Clec2f-ps,Clec2f-ps,0,,
Clec2g,Clec2g,0,,
Clec2h,Clec2h,0,,
Clec2i,Clec2i,0,,
Clec2j,Clec2j,0,,
Clec2l,Clec2l,0,,
Clec3a,Clec3a,0,,
Clec3b,Clec3b,0,,
Clec4a1,Clec4a1,0.0149,1.5623,0.9274
Clec4a2,Clec4a2,0.0988,2.1161,1.4642
Clec4a3,Clec4a3,0.0624,1.6135,0.9721
Clec4a4,Clec4a4,0,,
Clec4b1,Clec4b1,0.0087,1.2069,0.6431
Clec4b2,Clec4b2,0,,
Clec4d,Clec4d,-0.0009,-1.431,0.8169
Clec4e,Clec4e,0,,
Clec4f,Clec4f,0,,
Clec4g,Clec4g,0,,
Clec4n,Clec4n,-0.0026,-1.431,0.8169
Clec5a,Clec5a,0.0928,-2.279,1.6446
Clec7a,Clec7a,-0.8715,-11.9664,32.2732
Clec9a,Clec9a,-0.0026,-1.431,0.8169
Clgn,Clgn,0.0312,-0.947,0.4639
Clic1,Clic1,0.0311,-2.7822,2.2676
Clic3,Clic3,0,,
Clic4,Clic4,-0.0415,-2.3112,1.6814
Clic5,Clic5,0,,
Clic6,Clic6,0.0062,0.6927,0.3111
Clint1,Clint1,-0.1375,-5.1431,6.5683
Clip1,Clip1,0.0236,-3.9019,4.0202
Clip2,Clip2,0.0417,-1.1724,0.6179
Clip3,Clip3,0.0067,0.6927,0.3111
Clip4,Clip4,-0.0009,-1.431,0.8169
Clk1,Clk1,-0.1678,-5.8366,8.2735
Clk2,Clk2,-0.0439,-2.3689,1.7485
Clk3,Clk3,-0.0076,-3.3987,3.1694
Clk4,Clk4,-0.0155,-3.336,3.0707
Clmn,Clmn,0,,
Cln3,Cln3,-0.0404,-2.9443,2.4899
Cln5,Cln5,-0.1064,-4.425,5.0158
Cln6,Cln6,-0.0112,-1.8808,1.2218
Cln8,Cln8,0.0287,-2.4118,1.7993
Clnk,Clnk,0,,
Clns1a,Clns1a,0.0785,-0.172,0.0638
Clock,Clock,-0.0696,-4.0603,4.3098
Clp1,Clp1,-0.029,-2.8566,2.3683
Clpb,Clpb,-0.0386,-2.0498,1.3938
Clpp,Clpp,-0.0233,-2.2724,1.637
Clps,Clps,0,,
Clptm1,Clptm1,-0.0257,-3.654,3.5881
Clptm1l,Clptm1l,-0.018,-4.4504,5.0669
Clpx,Clpx,0.0123,-0.7236,0.3285
Clrn1,Clrn1,0,,
Clrn2,Clrn2,0,,
Clrn3,Clrn3,0,,
Clspn,Clspn,-0.0022,-0.5167,0.218
Clstn1,Clstn1,-0.0219,-3.6818,3.6352
Clstn2,Clstn2,0,,
Clstn3,Clstn3,0,,
Clta,Clta,0.3315,0.7929,0.3687
Cltb,Cltb,0.0445,-1.2635,0.6853
Cltc,Cltc,0.1958,-1.2221,0.6543
Clu,Clu,-0.0171,-2.4881,1.8914
Cluap1,Cluap1,0.0157,-1.3703,0.768
Clvs1,Clvs1,0,,
Clvs2,Clvs2,0,,
Clybl,Clybl,0.001,0.3245,0.1275
Cma1,Cma1,0,,
Cma2,Cma2,0,,
Cmah,Cmah,0.0125,1.2069,0.6431
Cmas,Cmas,0.0002,-3.1111,2.7296
Cmbl,Cmbl,0,,
Cmc1,Cmc1,0.0659,-0.4861,0.2028
Cmklr1,Cmklr1,-0.1495,-6.6478,10.5266
Cml1,Cml1,-0.0213,-1.8137,1.1566
Cml2,Cml2,0,,
Cml3,Cml3,0,,
Cml5,Cml5,0,,
Cmpk1,Cmpk1,0.1231,-1.364,0.763
Cmpk2,Cmpk2,0.0189,-1.1485,0.6008
Cmtm1,Cmtm1,0,,
Cmtm2a,Cmtm2a,0,,
Cmtm2b,Cmtm2b,0,,
Cmtm3,Cmtm3,-0.183,-7.0102,11.6234
Cmtm4,Cmtm4,0.0071,0.9835,0.4876
Cmtm5,Cmtm5,0,,
Cmtm6,Cmtm6,0.2879,-0.0088,0.0031
Cmtm7,Cmtm7,-0.0017,-0.6047,0.2633
Cmtm8,Cmtm8,-0.0077,-1.8265,1.169
Cmya5,Cmya5,0.0028,-0.5167,0.218
Cnbd1,Cnbd1,0,,
Cnbp,Cnbp,0.0479,-3.4574,3.2632
Cndp1,Cndp1,0,,
Cndp2,Cndp2,0.1365,-1.592,0.9532
Cnfn,Cnfn,0,,
Cnga1,Cnga1,0,,
Cnga2,Cnga2,0,,
Cnga3,Cnga3,0,,
Cnga4,Cnga4,0,,
Cngb1,Cngb1,0,,
Cngb3,Cngb3,0,,
Cnih,Cnih,0.0246,-3.2002,2.8623
Cnih2,Cnih2,0.0029,0.6927,0.3111
Cnih3,Cnih3,0,,
Cnih4,Cnih4,-0.0043,-2.4815,1.8833
Cnksr1,Cnksr1,0,,
Cnksr2,Cnksr2,0,,
Cnksr3,Cnksr3,-0.0069,-2.4881,1.8914
Cnn1,Cnn1,0,,
Cnn2,Cnn2,0.0553,1.5534,0.9197
Cnn3,Cnn3,-0.0045,-1.8012,1.1447
Cnnm1,Cnnm1,0,,
Cnnm2,Cnnm2,-0.0019,-1.1591,0.6083
Cnnm3,Cnnm3,-0.0102,-1.6403,0.9959
Cnnm4,Cnnm4,-0.0021,-0.2909,0.1129
Cno,Cno,-0.0237,-1.905,1.2458
Cnot1,Cnot1,0.0624,-1.0094,0.5048
Cnot10,Cnot10,-0.0062,0.1305,0.0476
Cnot2,Cnot2,-0.0517,-4.5866,5.3463
Cnot3,Cnot3,-0.0444,-2.9084,2.4398
Cnot4,Cnot4,-0.0014,-2.3407,1.7156
Cnot6,Cnot6,0.0146,-2.2865,1.6531
Cnot6l,Cnot6l,-0.0861,-4.3569,4.8797
Cnot7,Cnot7,-0.0861,-4.0691,4.3261
Cnot8,Cnot8,0.0087,-2.1433,1.4936
Cnp,Cnp,0.0462,-2.1493,1.5001
Cnpy1,Cnpy1,0,,
Cnpy2,Cnpy2,-0.085,-5.046,6.3456
Cnpy3,Cnpy3,-0.1084,-4.4435,5.053
Cnpy4,Cnpy4,0.0265,-2.109,1.4566
Cnr1,Cnr1,-0.0077,-1.431,0.8169
Cnr2,Cnr2,-0.069,-4.0989,4.3818
Cnrip1,Cnrip1,-0.0276,-2.2604,1.6235
Cnst,Cnst,-0.0285,-2.8679,2.3839
Cntd1,Cntd1,0,,
Cntf,Cntf,0,,
Cntfr,Cntfr,0,,
Cntln,Cntln,-0.0448,-1.8116,1.1546
Cntn1,Cntn1,0,,
Cntn2,Cntn2,0,,
Cntn3,Cntn3,0,,
Cntn4,Cntn4,0,,
Cntn5,Cntn5,0,,
Cntn6,Cntn6,0,,
Cntnap1,Cntnap1,0,,
Cntnap2,Cntnap2,-0.0179,-1.431,0.8169
Cntnap3,Cntnap3,0,,
Cntnap4,Cntnap4,0,,
Cntnap5a,Cntnap5a,0,,
Cntnap5b,Cntnap5b,0,,
Cntnap5c,Cntnap5c,0,,
Cntrob,Cntrob,-0.0189,-1.3054,0.7172
Coasy,Coasy,-0.0513,-3.81,3.8571
Cobl,Cobl,0,,
Cobll1,Cobll1,0,,
Cobra1,Cobra1,-0.0115,-2.9372,2.4799
Coch,Coch,0,,
Cog1,Cog1,-0.0141,-2.85,2.3593
Cog2,Cog2,0.0286,-1.272,0.6917
Cog3,Cog3,-0.0081,-1.4631,0.8433
Cog4,Cog4,0.0077,-1.0527,0.5339
Cog5,Cog5,-0.007,-0.9086,0.4394
Cog6,Cog6,-0.0654,-4.2943,4.7564
Cog7,Cog7,0.0017,-0.8523,0.4044
Cog8,Cog8,-0.092,-4.3548,4.8755
Coil,Coil,-0.0113,-1.0513,0.5329
Col10a1,Col10a1,0,,
Col11a1,Col11a1,0,,
Col11a2,Col11a2,0,,
Col12a1,Col12a1,0,,
Col13a1,Col13a1,0,,
Col14a1,Col14a1,0.0129,1.2069,0.6431
Col15a1,Col15a1,-0.0357,-3.4208,3.2046
Col16a1,Col16a1,0,,
Col17a1,Col17a1,0,,
Col18a1,Col18a1,0,,
Col19a1,Col19a1,0,,
Col1a1,Col1a1,0.0029,0.6927,0.3111
Col1a2,Col1a2,-0.0022,-0.5226,0.2209
Col20a1,Col20a1,0,,
Col22a1,Col22a1,0,,
Col23a1,Col23a1,0.0002,-0.5167,0.218
Col24a1,Col24a1,0,,
Col25a1,Col25a1,0.0021,0.6927,0.3111
Col27a1,Col27a1,0,-1.6659,1.0189
Col28a1,Col28a1,0,,
Col2a1,Col2a1,0,,
Col3a1,Col3a1,0,,
Col4a1,Col4a1,-0.0026,-1.431,0.8169
Col4a2,Col4a2,0,,
Col4a3,Col4a3,0,,
Col4a3bp,Col4a3bp,0.0712,1.0634,0.5412
Col4a4,Col4a4,0,,
Col4a5,Col4a5,0,,
Col4a6,Col4a6,0,,
Col5a1,Col5a1,0,,
Col5a2,Col5a2,0,,
Col5a3,Col5a3,0,,
Col6a1,Col6a1,0,,
Col6a2,Col6a2,0,,
Col6a3,Col6a3,0.0015,-1.8012,1.1447
Col6a4,Col6a4,0,,
Col6a5,Col6a5,0,,
Col6a6,Col6a6,0,,
Col7a1,Col7a1,0,,
Col8a1,Col8a1,0,,
Col8a2,Col8a2,0,,
Col9a1,Col9a1,0,,
Col9a2,Col9a2,-0.0043,-2.0286,1.3716
Col9a3,Col9a3,0,,
Colec10,Colec10,0,,
Colec11,Colec11,0,,
Colec12,Colec12,-0.132,-7.1901,12.1888
Colq,Colq,0,,
Commd1,Commd1,-0.0964,-3.7361,3.7284
Commd10,Commd10,-0.0576,-3.182,2.8348
Commd2,Commd2,0.0519,-0.0219,0.0076
Commd3,Commd3,-0.0286,-3.4637,3.2734
Commd4,Commd4,0.0149,-3.0122,2.5861
Commd5,Commd5,-0.0345,-3.3809,3.1411
Commd6,Commd6,-0.0201,-2.3401,1.715
Commd7,Commd7,-0.03,-3.6621,3.6018
Commd8,Commd8,0.0547,-3.5145,3.3559
Commd9,Commd9,0.0541,-1.4649,0.8448
Comp,Comp,0,,
Comt,Comt,-0.1457,-5.9104,8.4668
Comtd1,Comtd1,-0.092,-5.7525,8.0558
Copa,Copa,0.0485,-2.8444,2.3517
Copb1,Copb1,0.0267,-2.0691,1.4142
Copb2,Copb2,-0.0359,-4.2642,4.6976
Cope,Cope,-0.0804,-4.0514,4.2932
Copg,Copg,-0.0015,-2.9737,2.5313
Copg2,Copg2,0.0451,-1.4172,0.8057
Cops2,Cops2,-0.0303,-4.1658,4.5083
Cops3,Cops3,-0.0141,-1.8932,1.2341
Cops4,Cops4,-0.0969,-3.8425,3.9145
Cops5,Cops5,-0.036,-3.4499,3.2513
Cops6,Cops6,0.0339,-2.6385,2.0795
Cops7a,Cops7a,-0.0932,-5.0486,6.3515
Cops7b,Cops7b,-0.0084,-0.0264,0.0092
Cops8,Cops8,0.0971,0.5586,0.2392
Copz1,Copz1,0.0893,-1.7298,1.0775
Copz2,Copz2,-0.0361,-1.9692,1.3104
Coq10a,Coq10a,-0.044,-4.1732,4.5225
Coq10b,Coq10b,-0.0321,-3.7995,3.8387
Coq2,Coq2,0.0012,-1.9535,1.2945
Coq3,Coq3,-0.0257,-0.5068,0.213
Coq4,Coq4,-0.0256,-2.6544,2.1
Coq5,Coq5,-0.0172,-1.0825,0.5543
Coq6,Coq6,0.0036,-0.5645,0.2423
Coq7,Coq7,0.0154,-1.9982,1.3402
Coq9,Coq9,-0.0084,-2.0497,1.3937
Corin,Corin,-0.0009,-1.431,0.8169
Coro1a,Coro1a,0.0984,-3.2374,2.9185
Coro1b,Coro1b,0.0667,-1.9814,1.3229
Coro1c,Coro1c,-0.0883,-6.5315,10.1864
Coro2a,Coro2a,-0.0003,-1.012,0.5065
Coro2b,Coro2b,0,,
Coro6,Coro6,0,,
Coro7,Coro7,0.0803,1.2538,0.678
Cort,Cort,0,,
Cotl1,Cotl1,0.2116,-1.0081,0.5039
Cox10,Cox10,0.0033,-1.2684,0.689
Cox11,Cox11,-0.0235,-2.5573,1.9768
Cox15,Cox15,-0.0304,-2.8022,2.2945
Cox16,Cox16,-0.1006,-3.6535,3.5872
Cox17,Cox17,0.0565,-1.9329,1.2737
Cox18,Cox18,-0.0058,-1.6167,0.9749
Cox19,Cox19,-0.0324,-4.0743,4.3358
Cox4i1,Cox4i1,0.245,-0.8726,0.4169
Cox4i2,Cox4i2,0,,
Cox4nb,Cox4nb,-0.022,-3.6356,3.5569
Cox5a,Cox5a,0.0125,-3.2699,2.9683
Cox5b,Cox5b,0.0168,-3.5294,3.3804
Cox6a1,Cox6a1,-0.0268,-3.7298,3.7176
Cox6a2,Cox6a2,-0.4109,-8.8538,18.0727
Cox6b1,Cox6b1,0.1145,-2.0783,1.4239
Cox6b2,Cox6b2,0,,
Cox6c,Cox6c,0.0332,-2.8905,2.415
Cox7a1,Cox7a1,0.0011,-0.5167,0.218
Cox7a2,Cox7a2,0.0504,-3.0955,2.7066
Cox7a2l,Cox7a2l,0.1251,-1.5816,0.9441
Cox7b,Cox7b,0.1384,-1.6496,1.0043
Cox7b2,Cox7b2,0,,
Cox7c,Cox7c,0.0264,-1.5889,0.9505
Cox8a,Cox8a,-0.0119,-4.3725,4.9108
Cox8b,Cox8b,0,,
Cox8c,Cox8c,0,,
Cp,Cp,0.0251,1.3948,0.7876
Cpa1,Cpa1,0,,
Cpa2,Cpa2,0,,
Cpa3,Cpa3,0,,
Cpa4,Cpa4,0,,
Cpa5,Cpa5,0,,
Cpa6,Cpa6,-0.0069,-1.431,0.8169
Cpb1,Cpb1,0,,
Cpb2,Cpb2,0,,
Cpd,Cpd,-0.106,-5.7795,8.1253
Cpe,Cpe,-0.0181,-2.5198,1.9302
Cpeb1,Cpeb1,-0.0386,-3.6159,3.5239
Cpeb2,Cpeb2,-0.0901,-6.2966,9.5167
Cpeb3,Cpeb3,-0.0094,-2.0286,1.3716
Cpeb4,Cpeb4,-0.0232,-2.7673,2.2477
Cphx,Cphx,0,,
Cplx1,Cplx1,0.002,-0.0168,0.0059
Cplx2,Cplx2,0.014,-0.0168,0.0059
Cplx3,Cplx3,0.0091,0.6927,0.3111
Cplx4,Cplx4,0,,
Cpm,Cpm,0,,
Cpn1,Cpn1,0.0149,1.2069,0.6431
Cpn2,Cpn2,0,,
Cpne1,Cpne1,0.0155,-0.0408,0.0144
Cpne2,Cpne2,-0.0058,-1.8012,1.1447
Cpne3,Cpne3,0.0085,-2.5914,2.0196
Cpne4,Cpne4,0,,
Cpne5,Cpne5,-0.0017,-1.431,0.8169
Cpne6,Cpne6,0,,
Cpne7,Cpne7,0,,
Cpne8,Cpne8,0,,
Cpne9,Cpne9,0,,
Cpox,Cpox,-0.0116,-2.516,1.9255
Cpped1,Cpped1,-0.0614,-3.8295,3.8915
Cps1,Cps1,0,,
Cpsf1,Cpsf1,0.0319,-1.0675,0.544
Cpsf2,Cpsf2,0.0346,-1.7183,1.0668
Cpsf3,Cpsf3,0.0181,-3.7272,3.713
Cpsf3l,Cpsf3l,-0.0787,-3.8875,3.9945
Cpsf4,Cpsf4,-0.0419,-3.0116,2.5852
Cpsf4l,Cpsf4l,0,,
Cpsf6,Cpsf6,-0.0308,-2.9687,2.5243
Cpsf7,Cpsf7,-0.0081,-1.3607,0.7604
Cpt1a,Cpt1a,0.012,-1.3379,0.7425
Cpt1b,Cpt1b,0.0029,-0.5167,0.218
Cpt1c,Cpt1c,-0.0043,-1.431,0.8169
Cpt2,Cpt2,0.0088,-1.2979,0.7115
Cpvl,Cpvl,0,,
Cpxcr1,Cpxcr1,0,,
Cpxm1,Cpxm1,0,,
Cpxm2,Cpxm2,0,,
Cpz,Cpz,0,,
Cr1l,Cr1l,-0.0103,-3.006,2.5772
Cr2,Cr2,0,,
Crabp1,Crabp1,0,,
Crabp2,Crabp2,0,,
Cradd,Cradd,0.0188,-1.7494,1.0957
Cramp1l,Cramp1l,-0.0178,-3.5566,3.4252
Crat,Crat,0.0325,-3.5625,3.4349
Crb1,Crb1,0,,
Crb2,Crb2,0,,
Crb3,Crb3,0,,
Crbn,Crbn,-0.0399,-2.7139,2.1772
Crcp,Crcp,-0.0532,-4.4779,5.1227
Crct1,Crct1,0,,
Creb1,Creb1,0.0346,-2.2375,1.5977
Creb3,Creb3,0.0198,-2.6295,2.068
Creb3l1,Creb3l1,0.0119,-1.1335,0.59
Creb3l2,Creb3l2,-0.0682,-5.1601,6.6076
Creb3l3,Creb3l3,0,,
Creb3l4,Creb3l4,0,,
Creb5,Creb5,0.0057,0.3307,0.1303
Crebbp,Crebbp,0.0166,-2.0006,1.3426
Crebl2,Crebl2,0.06,0.2091,0.0786
Crebzf,Crebzf,-0.0015,-1.8432,1.1851
Creg1,Creg1,-0.1626,-3.7524,3.7566
Creg2,Creg2,0.0004,0.6927,0.3111
Creld1,Creld1,-0.0024,-3.3044,3.0215
Creld2,Creld2,-0.0329,-4.1898,4.554
Crem,Crem,-0.0047,-2.1709,1.5238
Crh,Crh,0,,
Crhbp,Crhbp,0,,
Crhr1,Crhr1,0,,
Crhr2,Crhr2,0,,
Crim1,Crim1,-0.0044,-1.8012,1.1447
Crip1,Crip1,-0.1481,-6.1588,9.1349
Crip2,Crip2,0,,
Crip3,Crip3,0,,
Cript,Cript,-0.0893,-4.2139,4.6003
Crisp1,Crisp1,0,,
Crisp2,Crisp2,0,,
Crisp3,Crisp3,0,,
Crisp4,Crisp4,0,,
Crispld1,Crispld1,0,,
Crispld2,Crispld2,0,,
Crk,Crk,0.0398,-1.8994,1.2403
Crkl,Crkl,-0.0034,-1.431,0.8169
Crlf1,Crlf1,0,,
Crlf2,Crlf2,-0.4249,-10.4224,24.7077
Crlf3,Crlf3,0.0253,-1.3776,0.7739
Crls1,Crls1,0.0093,-1.8217,1.1643
Crmp1,Crmp1,0,,
Crnkl1,Crnkl1,0.0043,-1.8488,1.1905
Crnn,Crnn,0,,
Crocc,Crocc,0.0281,1.7135,1.0624
Crot,Crot,0.0276,-2.2299,1.5891
Crp,Crp,0,,
Crry-ps,Crry-ps,0,,
Crtac1,Crtac1,0,,
Crtam,Crtam,0,,
Crtap,Crtap,-0.0586,-5.669,7.8426
Crtc1,Crtc1,0.0138,-0.337,0.1331
Crtc2,Crtc2,-0.0061,-1.3989,0.7909
Crtc3,Crtc3,-0.0069,-2.8355,2.3396
Crx,Crx,0,,
Crxos1,Crxos1,0,,
Cry1,Cry1,-0.0013,-1.7679,1.1131
Cry2,Cry2,-0.0077,-1.431,0.8169
Cryaa,Cryaa,0,,
Cryab,Cryab,0.0152,-0.337,0.1331
Cryba1,Cryba1,0,,
Cryba2,Cryba2,0,,
Cryba4,Cryba4,0.0886,1.7579,1.1037
Crybb1,Crybb1,0.5067,6.2104,9.277
Crybb2,Crybb2,0,,
Crybb3,Crybb3,0,,
Crybg3,Crybg3,0.0015,-1.9512,1.2922
Cryga,Cryga,0,,
Crygb,Crygb,0,,
Crygc,Crygc,0,,
Crygd,Crygd,0,,
Cryge,Cryge,0,,
Crygf,Crygf,0,,
Crygn,Crygn,0,,
Crygs,Crygs,0,,
Cryl1,Cryl1,-0.0385,-2.2231,1.5816
Crym,Crym,0,,
Cryz,Cryz,-0.0141,-3.0825,2.6876
Cryzl1,Cryzl1,0.0085,-0.5841,0.2525
Cs,Cs,-0.0341,-3.3375,3.0729
Csad,Csad,0.0568,-1.9125,1.2532
Csda,Csda,0.0398,-0.8259,0.3884
Csdc2,Csdc2,-0.0009,-1.431,0.8169
Csde1,Csde1,0.1924,-1.0555,0.5358
Cse1l,Cse1l,-0.014,-2.235,1.5949
Csf1,Csf1,-0.8972,-12.0696,32.8158
Csf1r,Csf1r,0.1558,1.9299,1.2706
Csf2,Csf2,0,,
Csf2ra,Csf2ra,-0.2129,-7.7762,14.1265
Csf2rb,Csf2rb,-0.1281,-6.125,9.0425
Csf2rb2,Csf2rb2,-0.0674,-3.6406,3.5654
Csf3,Csf3,0,,
Csf3r,Csf3r,-0.1022,-6.4149,9.8509
Csgalnact1,Csgalnact1,-0.0017,-1.431,0.8169
Csgalnact2,Csgalnact2,-0.0204,-2.8239,2.3238
Csk,Csk,0.0724,-1.5965,0.9571
Csl,Csl,0,,
Csmd1,Csmd1,0,,
Csmd2,Csmd2,0,,
Csmd3,Csmd3,-0.0464,-2.6164,2.0512
Csn1s1,Csn1s1,0,,
Csn1s2a,Csn1s2a,0,,
Csn1s2b,Csn1s2b,0,,
Csn2,Csn2,0,,
Csn3,Csn3,0,,
Csnk1a1,Csnk1a1,0.0269,-3.591,3.4823
Csnk1d,Csnk1d,-0.0358,-4.1346,4.4491
Csnk1e,Csnk1e,0.0189,-3.6898,3.649
Csnk1g1,Csnk1g1,-0.0248,-2.8581,2.3704
Csnk1g2,Csnk1g2,-0.0217,-3.5019,3.3353
Csnk1g3,Csnk1g3,0.039,-0.9879,0.4905
Csnk2a1,Csnk2a1,0.0167,-1.1888,0.6298
Csnk2a1-ps,Csnk2a1-ps,0,,
Csnk2a2,Csnk2a2,-0.0024,-2.3823,1.7643
Csnk2b,Csnk2b,0.106,-2.2307,1.59
Csnka2ip,Csnka2ip,0,,
Cspg4,Cspg4,-0.039,-4.8052,5.8107
Cspg5,Cspg5,0,,
Cspp1,Cspp1,-0.0037,-0.2513,0.0961
Csrnp1,Csrnp1,-0.08,-5.5816,7.6229
Csrnp2,Csrnp2,-0.0009,-1.431,0.8169
Csrnp3,Csrnp3,0,,
Csrp1,Csrp1,-0.0109,-0.5226,0.2209
Csrp2,Csrp2,0.0046,0.6927,0.3111
Csrp2bp,Csrp2bp,-0.0439,-2.5409,1.9564
Csrp3,Csrp3,0,,
Cst10,Cst10,0,,
Cst11,Cst11,0,,
Cst12,Cst12,0,,
Cst13,Cst13,0,,
Cst3,Cst3,1.1024,13.6203,41.5181
Cst6,Cst6,0,,
Cst7,Cst7,-2.6559,-17.8085,70.2163
Cst8,Cst8,0,,
Cst9,Cst9,0,,
Csta,Csta,0,,
Cstad,Cstad,0,,
Cstb,Cstb,-0.0294,-3.9428,4.094
Cstf1,Cstf1,-0.0289,-3.2127,2.8811
Cstf2,Cstf2,0.0527,0.5967,0.2591
Cstf2t,Cstf2t,-0.0049,-1.0266,0.5163
Cstf3,Cstf3,-0.0415,-3.6131,3.5192
Cstl1,Cstl1,0,,
Ctag2,Ctag2,0,,
Ctage5,Ctage5,0.1385,-1.1589,0.6082
Ctbp1,Ctbp1,0.1234,-1.4237,0.8109
Ctbp2,Ctbp2,0.0268,-1.2157,0.6496
Ctbs,Ctbs,-0.0305,-2.9378,2.4807
Ctcf,Ctcf,-0.0889,-4.1049,4.3931
Ctcfl,Ctcfl,-0.0014,-0.5167,0.218
Ctdnep1,Ctdnep1,0.0442,-1.7614,1.1069
Ctdp1,Ctdp1,-0.0275,-3.0884,2.6964
Ctdsp1,Ctdsp1,0.0407,-1.6715,1.024
Ctdsp2,Ctdsp2,0.0247,-2.6889,2.1446
Ctdspl,Ctdspl,0.0001,-1.3829,0.7781
Ctdspl2,Ctdspl2,-0.0473,-2.8427,2.3493
Ctf1,Ctf1,0,,
Ctf2,Ctf2,0,,
Ctgf,Ctgf,0,,
Cth,Cth,0,,
Cthrc1,Cthrc1,0,,
Ctif,Ctif,-0.0171,-2.8765,2.3957
Ctla2a,Ctla2a,-0.1856,-7.4994,13.193
Ctla2b,Ctla2b,-0.0438,-4.8883,5.9927
Ctla4,Ctla4,0,,
Ctnna1,Ctnna1,0.0552,-1.7508,1.097
Ctnna2,Ctnna2,0,,
Ctnna3,Ctnna3,-0.0171,-2.8765,2.3957
Ctnnal1,Ctnnal1,0.0157,0.6674,0.2971
Ctnnb1,Ctnnb1,-0.1597,-6.4845,10.0504
Ctnnbip1,Ctnnbip1,-0.0559,-4.1143,4.4107
Ctnnbl1,Ctnnbl1,0.0631,0.3175,0.1244
Ctnnd1,Ctnnd1,-0.0185,-3.2638,2.9589
Ctnnd2,Ctnnd2,0.0053,-0.5167,0.218
Ctns,Ctns,-0.0402,-3.6629,3.6031
Ctps,Ctps,0.0049,-0.0255,0.0089
Ctps2,Ctps2,0.0303,-3.0577,2.6516
Ctr9,Ctr9,0.0478,-1.3223,0.7303
Ctrb1,Ctrb1,0,,
Ctrc,Ctrc,0,,
Ctrl,Ctrl,0,,
Cts3,Cts3,0,,
Cts6,Cts6,0,,
Cts7,Cts7,0,,
Cts8,Cts8,0,,
Ctsa,Ctsa,-0.6345,-8.462,16.5803
Ctsb,Ctsb,-0.818,-11.684,30.8129
Ctsc,Ctsc,-0.3207,-7.1512,12.0654
Ctsd,Ctsd,-0.9426,-12.9293,37.5121
Ctse,Ctse,-0.0382,-5.1411,6.5637
Ctsf,Ctsf,0.0748,-3.6523,3.5852
Ctsg,Ctsg,0.0046,0.6927,0.3111
Ctsh,Ctsh,-0.413,-7.8642,14.4301
Ctsj,Ctsj,0,,
Ctsk,Ctsk,0,,
Ctsl,Ctsl,-1.0575,-11.9459,32.1661
Ctsll3,Ctsll3,0,,
Ctsm,Ctsm,0,,
Ctso,Ctso,-0.0442,-3.1455,2.7804
Ctsq,Ctsq,0,,
Ctsr,Ctsr,0,,
Ctss,Ctss,0.2562,3.7821,3.8082
Ctsw,Ctsw,0.0008,0.6927,0.3111
Ctsz,Ctsz,-1.0335,-12.9868,37.8377
Cttn,Cttn,0,,
Cttnbp2,Cttnbp2,0,,
Cttnbp2nl,Cttnbp2nl,0.0379,-3.9566,4.119
Ctu1,Ctu1,0.0042,0.6927,0.3111
Ctu2,Ctu2,0.0007,-1.6086,0.9677
Ctxn1,Ctxn1,0.0141,0.9835,0.4876
Ctxn2,Ctxn2,0,,
Ctxn3,Ctxn3,0,,
Cubn,Cubn,0,,
Cuedc1,Cuedc1,0,,
Cuedc2,Cuedc2,0.0056,-2.7272,2.1947
Cul1,Cul1,-0.0378,-2.7634,2.2425
Cul2,Cul2,0.0049,-2.2859,1.6524
Cul3,Cul3,0.0013,-2.4238,1.8136
Cul4a,Cul4a,-0.0262,-2.9278,2.4667
Cul4b,Cul4b,-0.0464,-2.5942,2.0231
Cul5,Cul5,0.0211,-0.788,0.3659
Cul7,Cul7,0.0061,0.3245,0.1275
Cul9,Cul9,0.0228,1.3956,0.7883
Cuta,Cuta,-0.0199,-3.7961,3.8327
Cutc,Cutc,0.0325,0.8474,0.4014
Cux1,Cux1,0.0348,-2.7347,2.2045
Cux2,Cux2,-0.012,-0.5226,0.2209
Cuzd1,Cuzd1,0,,
Cwc15,Cwc15,0.0033,-4.3648,4.8955
Cwc22,Cwc22,0.0001,-0.6572,0.2915
Cwc25,Cwc25,-0.002,-3.0975,2.7096
Cwc27,Cwc27,-0.0091,-1.4784,0.8561
Cwf19l1,Cwf19l1,-0.0289,-2.2644,1.628
Cwf19l2,Cwf19l2,-0.0167,-2.1135,1.4614
Cwh43,Cwh43,0,,
Cx3cl1,Cx3cl1,0,,
Cx3cr1,Cx3cr1,0.1275,0.5617,0.2408
Cxadr,Cxadr,0,,
Cxcl1,Cxcl1,0.01,0.9835,0.4876
Cxcl10,Cxcl10,0.1361,-1.5457,0.913
Cxcl11,Cxcl11,0.0104,1.2069,0.6431
Cxcl12,Cxcl12,0,,
Cxcl13,Cxcl13,-0.0134,-2.1871,1.5416
Cxcl14,Cxcl14,-0.0812,-5.167,6.6235
Cxcl15,Cxcl15,0,,
Cxcl16,Cxcl16,-0.1559,-6.6081,10.4097
Cxcl17,Cxcl17,0,,
Cxcl2,Cxcl2,-0.321,-3.3842,3.1464
Cxcl3,Cxcl3,0.0008,0.6927,0.3111
Cxcl5,Cxcl5,0,,
Cxcl9,Cxcl9,0.0156,-0.2791,0.1078
Cxcr1,Cxcr1,0,,
Cxcr2,Cxcr2,0,,
Cxcr3,Cxcr3,0.0017,0.6927,0.3111
Cxcr4,Cxcr4,-0.2106,-7.8756,14.4698
Cxcr5,Cxcr5,0,,
Cxcr6,Cxcr6,0,,
Cxcr7,Cxcr7,0.0025,0.6927,0.3111
Cxx1a,Cxx1a,0.0019,-1.2942,0.7086
Cxx1b,Cxx1b,-0.0032,-1.175,0.6198
Cxx1c,Cxx1c,0.0245,-0.0239,0.0084
Cxxc1,Cxxc1,-0.0221,-2.8678,2.3837
Cxxc4,Cxxc4,0,,
Cxxc5,Cxxc5,0.0085,-3.2812,2.9857
Cyb5,Cyb5,0.0771,-2.5974,2.0272
Cyb561,Cyb561,-0.0009,-1.431,0.8169
Cyb561d1,Cyb561d1,0.0008,-1.5369,0.9055
Cyb561d2,Cyb561d2,-0.0104,-2.5616,1.9822
Cyb5b,Cyb5b,0.008,-2.2386,1.5989
Cyb5d1,Cyb5d1,0,,
Cyb5d2,Cyb5d2,-0.0085,-1.6365,0.9925
Cyb5r1,Cyb5r1,0.0067,-3.4689,3.2818
Cyb5r2,Cyb5r2,0,,
Cyb5r3,Cyb5r3,0.1002,-1.6328,0.9892
Cyb5r4,Cyb5r4,0.0175,-0.3875,0.1559
Cyb5rl,Cyb5rl,-0.0011,-1.8012,1.1447
Cyba,Cyba,-0.4167,-7.0234,11.6646
Cybasc3,Cybasc3,-0.0114,-2.4078,1.7946
Cybb,Cybb,-0.2059,-6.1534,9.12
Cybrd1,Cybrd1,-0.0128,-1.431,0.8169
Cyc1,Cyc1,0.0451,-2.7519,2.2273
Cycs,Cycs,0.0381,-1.0419,0.5266
Cyct,Cyct,0,,
Cyfip1,Cyfip1,0.3023,-0.4244,0.1731
Cyfip2,Cyfip2,0.0085,-0.7301,0.3322
Cygb,Cygb,0,,
Cyhr1,Cyhr1,-0.0094,-1.2009,0.6387
Cylc1,Cylc1,0,,
Cylc2,Cylc2,0,,
Cyld,Cyld,-0.0159,-2.1382,1.4881
Cym,Cym,0,,
Cyp11a1,Cyp11a1,0,,
Cyp11b1,Cyp11b1,0,,
Cyp11b2,Cyp11b2,0,,
Cyp17a1,Cyp17a1,0,,
Cyp19a1,Cyp19a1,0,,
Cyp1a1,Cyp1a1,0,,
Cyp1a2,Cyp1a2,0,,
Cyp1b1,Cyp1b1,0,,
Cyp20a1,Cyp20a1,0.0226,-2.7109,2.1733
Cyp21a1,Cyp21a1,0,,
Cyp21a2-ps,Cyp21a2-ps,0,,
Cyp24a1,Cyp24a1,0,,
Cyp26a1,Cyp26a1,-0.0086,-1.431,0.8169
Cyp26b1,Cyp26b1,0,,
Cyp26c1,Cyp26c1,0,,
Cyp27a1,Cyp27a1,-0.0329,-3.1275,2.7538
Cyp27b1,Cyp27b1,0,,
Cyp2a12,Cyp2a12,0,,
Cyp2a22,Cyp2a22,0,,
Cyp2a4,Cyp2a4,0,,
Cyp2a5,Cyp2a5,0,,
Cyp2ab1,Cyp2ab1,0,,
Cyp2b10,Cyp2b10,0,,
Cyp2b13,Cyp2b13,0,,
Cyp2b19,Cyp2b19,0,,
Cyp2b23,Cyp2b23,0,,
Cyp2b9,Cyp2b9,0,,
Cyp2c29,Cyp2c29,0,,
Cyp2c37,Cyp2c37,0,,
Cyp2c38,Cyp2c38,0,,
Cyp2c39,Cyp2c39,0,,
Cyp2c40,Cyp2c40,0,,
Cyp2c44,Cyp2c44,0,,
Cyp2c50,Cyp2c50,0,,
Cyp2c54,Cyp2c54,0,,
Cyp2c55,Cyp2c55,0,,
Cyp2c65,Cyp2c65,0,,
Cyp2c66,Cyp2c66,0,,
Cyp2c67,Cyp2c67,0,,
Cyp2c68,Cyp2c68,0,,
Cyp2c69,Cyp2c69,0,,
Cyp2c70,Cyp2c70,0,,
Cyp2d10,Cyp2d10,0,,
Cyp2d11,Cyp2d11,0,,
Cyp2d12,Cyp2d12,0,,
Cyp2d22,Cyp2d22,0,,
Cyp2d26,Cyp2d26,0,,
Cyp2d34,Cyp2d34,0,,
Cyp2d37-ps,Cyp2d37-ps,0,,
Cyp2d40,Cyp2d40,0,,
Cyp2d9,Cyp2d9,0,,
Cyp2e1,Cyp2e1,0,,
Cyp2f2,Cyp2f2,0,,
Cyp2g1,Cyp2g1,0,,
Cyp2j11,Cyp2j11,0,,
Cyp2j12,Cyp2j12,0,,
Cyp2j13,Cyp2j13,0,,
Cyp2j5,Cyp2j5,0,,
Cyp2j6,Cyp2j6,0,,
Cyp2j7-ps,Cyp2j7-ps,0,,
Cyp2j8,Cyp2j8,0,,
Cyp2j9,Cyp2j9,0,,
Cyp2r1,Cyp2r1,0.0099,-0.5167,0.218
Cyp2s1,Cyp2s1,0,,
Cyp2t4,Cyp2t4,0,,
Cyp2u1,Cyp2u1,0,,
Cyp2w1,Cyp2w1,0,,
Cyp39a1,Cyp39a1,0,,
Cyp3a11,Cyp3a11,0,,
Cyp3a13,Cyp3a13,0,,
Cyp3a16,Cyp3a16,0,,
Cyp3a25,Cyp3a25,0,,
Cyp3a41a,Cyp3a41a,0,,
Cyp3a41b,Cyp3a41b,0,,
Cyp3a44,Cyp3a44,0,,
Cyp3a57,Cyp3a57,0,,
Cyp3a59,Cyp3a59,0,,
Cyp46a1,Cyp46a1,-0.023,-1.8054,1.1486
Cyp4a10,Cyp4a10,0,,
Cyp4a12a,Cyp4a12a,0,,
Cyp4a12b,Cyp4a12b,0,,
Cyp4a14,Cyp4a14,0,,
Cyp4a28-ps,Cyp4a28-ps,0,,
Cyp4a29-ps,Cyp4a29-ps,0,,
Cyp4a30b-ps,Cyp4a30b-ps,0,,
Cyp4a31,Cyp4a31,0,,
Cyp4a32,Cyp4a32,0,,
Cyp4b1,Cyp4b1,0,,
Cyp4f13,Cyp4f13,0.0104,0.1618,0.0597
Cyp4f14,Cyp4f14,0,,
Cyp4f15,Cyp4f15,0,,
Cyp4f16,Cyp4f16,-0.0026,-0.5196,0.2194
Cyp4f17,Cyp4f17,0,,
Cyp4f18,Cyp4f18,0.0443,-1.1461,0.5991
Cyp4f39,Cyp4f39,0,,
Cyp4f40,Cyp4f40,0,,
Cyp4f41-ps,Cyp4f41-ps,0,,
Cyp4v3,Cyp4v3,-0.1677,-7.915,14.6068
Cyp4x1,Cyp4x1,0,,
Cyp51,Cyp51,-0.112,-6.3002,9.5268
Cyp7a1,Cyp7a1,0,,
Cyp7b1,Cyp7b1,0,,
Cyp8b1,Cyp8b1,0,,
Cypt1,Cypt1,0,,
Cypt12,Cypt12,0,,
Cypt15,Cypt15,0,,
Cypt2-ps,Cypt2-ps,0,,
Cypt3,Cypt3,0,,
Cypt4,Cypt4,0,,
Cyr61,Cyr61,0.0091,0.6927,0.3111
Cys1,Cys1,0,,
Cysltr1,Cysltr1,-0.0247,-1.6901,1.0409
Cysltr2,Cysltr2,0,,
Cyth1,Cyth1,-0.0136,-2.5171,1.9269
Cyth2,Cyth2,-0.0543,-2.6134,2.0474
Cyth3,Cyth3,0.0026,-4.0598,4.3088
Cyth4,Cyth4,-0.1248,-4.2668,4.7026
Cytip,Cytip,-0.0271,-3.0815,2.6862
Cytl1,Cytl1,0,,
Cyyr1,Cyyr1,0,,
D030016E14Rik,D030016E14Rik,-0.0066,-1.4864,0.8627
D030018L15Rik,D030018L15Rik,0,,
D030025P21Rik,D030025P21Rik,0,,
D030028A08Rik,D030028A08Rik,0.0047,-0.3445,0.1364
D030046N08Rik,D030046N08Rik,0,,
D030047H15Rik,D030047H15Rik,0,,
D030054H15Rik,D030054H15Rik,0,,
D030055H07Rik,D030055H07Rik,0,,
D030056L22Rik,D030056L22Rik,-0.0382,-3.1031,2.7178
D030068K23Rik,D030068K23Rik,0,,
D0H4S114,D0H4S114,-0.0065,-2.7455,2.2189
D10Bwg1379e,D10Bwg1379e,0,,
D10Jhu81e,D10Jhu81e,-0.0158,-1.3089,0.7199
D10Wsu102e,D10Wsu102e,-0.0206,-2.3311,1.7045
D10Wsu52e,D10Wsu52e,0.0287,-3.9429,4.0941
D11Bhm181e,D11Bhm181e,0,,
D11Wsu47e,D11Wsu47e,-0.005,-1.2942,0.7086
D11Wsu99e,D11Wsu99e,0.0638,-0.8196,0.3847
D130007C19Rik,D130007C19Rik,-0.0107,-1.2549,0.6788
D130017N08Rik,D130017N08Rik,-0.0009,-1.431,0.8169
D130020L05Rik,D130020L05Rik,0.0029,0.6927,0.3111
D130040H23Rik,D130040H23Rik,0,,
D130043K22Rik,D130043K22Rik,0,,
D130052B06Rik,D130052B06Rik,0,,
D130058E05Rik,D130058E05Rik,0,,
D130062J21Rik,D130062J21Rik,0,,
D14Abb1e,D14Abb1e,-0.0278,-1.6446,0.9998
D14Ertd449e,D14Ertd449e,0,,
D14Ertd668e,D14Ertd668e,0.0001,-1.5388,0.9071
D15Ertd621e,D15Ertd621e,0.0909,-2.0402,1.3838
D16Ertd472e,D16Ertd472e,0.0184,0.3328,0.1312
D16H22S680E,D16H22S680E,-0.0311,-2.8213,2.3203
D17H6S53E,D17H6S53E,-0.0143,-2.9977,2.5653
D17H6S56E-3,D17H6S56E-3,0.0024,-1.2501,0.6751
D17H6S56E-5,D17H6S56E-5,-0.0099,-1.9928,1.3345
D17Wsu104e,D17Wsu104e,-0.0243,-4.5356,5.2409
D17Wsu92e,D17Wsu92e,0.0476,-1.6009,0.961
D18Ertd653e,D18Ertd653e,0.0265,-0.0261,0.0091
D19Bwg1357e,D19Bwg1357e,0.0144,-1.7081,1.0575
D19Ertd386e,D19Ertd386e,0.0056,0.2397,0.0912
D19Ertd737e,D19Ertd737e,-0.0149,-1.5445,0.912
D19Wsu162e,D19Wsu162e,-0.0598,-4.1186,4.4189
D1Bwg0212e,D1Bwg0212e,0.0079,-0.5629,0.2415
D1Ertd622e,D1Ertd622e,0.0071,-1.9657,1.3069
D1Pas1,D1Pas1,0,,
D230002A01Rik,D230002A01Rik,0,,
D230004N17Rik,D230004N17Rik,0,,
D230017M19Rik,D230017M19Rik,-0.0069,-1.431,0.8169
D230022J07Rik,D230022J07Rik,0.0067,0.6927,0.3111
D230025D16Rik,D230025D16Rik,-0.0644,-4.2808,4.7301
D230037D09Rik,D230037D09Rik,0.0114,-1.1422,0.5962
D2Ertd750e,D2Ertd750e,0.0158,0.9835,0.4876
D2Wsu81e,D2Wsu81e,-0.0102,-0.2968,0.1154
D2hgdh,D2hgdh,-0.0173,-3.1395,2.7715
D330012F22Rik,D330012F22Rik,0,,
D330022K07Rik,D330022K07Rik,0,,
D330023K18Rik,D330023K18Rik,-0.0514,-2.5632,1.9841
D330028D13Rik,D330028D13Rik,0,,
D330041H03Rik,D330041H03Rik,0,,
D330045A20Rik,D330045A20Rik,0.0033,-0.0168,0.0059
D330050G23Rik,D330050G23Rik,0,,
D3Bwg0562e,D3Bwg0562e,0.0011,-0.5167,0.218
D3Ertd254e,D3Ertd254e,0,,
D3Ertd751e,D3Ertd751e,0.0133,1.3956,0.7883
D430001F17Rik,D430001F17Rik,0,,
D430018E03Rik,D430018E03Rik,0,,
D430020J02Rik,D430020J02Rik,0,,
D430036J16Rik,D430036J16Rik,0,,
D430040D24Rik,D430040D24Rik,0,,
D430041D05Rik,D430041D05Rik,0,,
D430042O09Rik,D430042O09Rik,-0.0026,-1.2979,0.7115
D4Bwg0951e,D4Bwg0951e,0,,
D4Ertd22e,D4Ertd22e,-0.0192,-4.0361,4.2649
D4Wsu53e,D4Wsu53e,-0.2677,-7.8561,14.402
D530049N12Rik,D530049N12Rik,0,,
D5Ertd577e,D5Ertd577e,0,,
D5Ertd579e,D5Ertd579e,0.0149,-0.8451,0.4
D630003M21Rik,D630003M21Rik,0,,
D630004N19Rik,D630004N19Rik,-0.0009,-1.431,0.8169
D630008O14Rik,D630008O14Rik,0,,
D630013G24Rik,D630013G24Rik,0,,
D630014O11Rik,D630014O11Rik,0,,
D630023F18Rik,D630023F18Rik,-0.0026,-1.431,0.8169
D630024D03Rik,D630024D03Rik,0,,
D630028G08Rik,D630028G08Rik,0,,
D630029K05Rik,D630029K05Rik,0,,
D630032N06Rik,D630032N06Rik,-0.0043,-1.431,0.8169
D630036H23Rik,D630036H23Rik,0,,
D630037F22Rik,D630037F22Rik,-0.0235,-1.3877,0.7819
D630039A03Rik,D630039A03Rik,0,,
D630042F21Rik,D630042F21Rik,0,,
D630042P16Rik,D630042P16Rik,0,,
D630044L22Rik,D630044L22Rik,0,,
D630045J12Rik,D630045J12Rik,0.0062,-0.0168,0.0059
D6Ertd474e,D6Ertd474e,0,,
D6Ertd527e,D6Ertd527e,0,,
D6Mm5e,D6Mm5e,0.0047,-0.3445,0.1364
D6Wsu116e,D6Wsu116e,0.0332,-2.7539,2.23
D6Wsu163e,D6Wsu163e,0.0042,-1.6242,0.9816
D730003I15Rik,D730003I15Rik,-0.0049,-1.8012,1.1447
D730039F16Rik,D730039F16Rik,0,,
D730040F13Rik,D730040F13Rik,-0.1315,-4.2464,4.663
D730045A05Rik,D730045A05Rik,0,,
D730045B01Rik,D730045B01Rik,0,,
D730048I06Rik,D730048I06Rik,0,,
D7Ertd443e,D7Ertd443e,0.0029,-0.5167,0.218
D830013O20Rik,D830013O20Rik,0,,
D830014E11Rik,D830014E11Rik,0.0033,-0.5167,0.218
D830025C05Rik,D830025C05Rik,-0.0094,-2.0286,1.3716
D830026I12Rik,D830026I12Rik,0,,
D830030K20Rik,D830030K20Rik,0,,
D830039M14Rik,D830039M14Rik,0,,
D830044D21Rik,D830044D21Rik,0,,
D830044I16Rik,D830044I16Rik,-0.0017,-1.431,0.8169
D830046C22Rik,D830046C22Rik,0,,
D830050J10Rik,D830050J10Rik,0,,
D8Ertd738e,D8Ertd738e,-0.0516,-3.9522,4.111
D8Ertd82e,D8Ertd82e,-0.0183,-2.7177,2.1821
D930007J09Rik,D930007J09Rik,0,,
D930007P13Rik,D930007P13Rik,0,,
D930014E17Rik,D930014E17Rik,0.0245,-0.5095,0.2144
D930015E06Rik,D930015E06Rik,-0.0349,-4.3339,4.8342
D930015M05Rik,D930015M05Rik,0,,
D930016D06Rik,D930016D06Rik,0.0114,0.3328,0.1312
D930019O06Rik,D930019O06Rik,0,,
D930020B18Rik,D930020B18Rik,0,,
D930020E02Rik,D930020E02Rik,0,,
D930028M14Rik,D930028M14Rik,0.0201,-0.0216,0.0075
D930030I03Rik,D930030I03Rik,0,,
D930032P07Rik,D930032P07Rik,0.0008,0.6927,0.3111
D930048G16Rik,D930048G16Rik,0,,
D930048N14Rik,D930048N14Rik,0,,
D930049A15Rik,D930049A15Rik,-0.006,-1.431,0.8169
D9Ertd402e,D9Ertd402e,0.008,-1.2942,0.7086
DXBay18,DXBay18,0,,
Daam1,Daam1,0.0341,-1.1372,0.5927
Daam2,Daam2,0,,
Dab1,Dab1,-0.006,-1.431,0.8169
Dab2,Dab2,0.0069,-3.62,3.5307
Dab2ip,Dab2ip,0.0029,0.6927,0.3111
Dach1,Dach1,0,,
Dach2,Dach2,0,,
Dact1,Dact1,-0.0596,-3.7083,3.6805
Dact2,Dact2,0,,
Dact3,Dact3,0.0223,1.3956,0.7883
Dad1,Dad1,0.1974,-2.9826,2.5439
Daf2,Daf2,0,,
Dag1,Dag1,-0.0054,-2.6476,2.0912
Dagla,Dagla,-0.0231,-2.5355,1.9497
Daglb,Daglb,-0.0869,-5.4491,7.2957
Dak,Dak,-0.0497,-2.1966,1.5521
Dalrd3,Dalrd3,-0.0349,-4.261,4.6914
Dand5,Dand5,0.0063,-1.8012,1.1447
Dao,Dao,0,,
Dap,Dap,0.0166,-3.8065,3.8509
Dap3,Dap3,0.0708,-0.6959,0.3129
Dapk1,Dapk1,-0.0193,-1.8043,1.1476
Dapk2,Dapk2,0.0191,1.2069,0.6431
Dapk3,Dapk3,0.0271,-0.0254,0.0089
Dapl1,Dapl1,-0.0022,-0.5196,0.2194
Dapp1,Dapp1,0.0303,-0.8866,0.4256
Darc,Darc,0,,
Dars,Dars,-0.0292,-2.5594,1.9794
Dars2,Dars2,-0.0027,-1.7696,1.1147
Daxx,Daxx,-0.0019,-1.8391,1.1811
Dazap1,Dazap1,0.0302,-2.535,1.949
Dazap2,Dazap2,0.2817,-0.8719,0.4165
Dazl,Dazl,0,,
Dbc1,Dbc1,0,,
Dbf4,Dbf4,0,-1.6295,0.9863
Dbh,Dbh,0,,
Dbi,Dbi,-0.0681,-5.4386,7.2699
Dbil5,Dbil5,0,,
Dbn1,Dbn1,0,,
Dbndd1,Dbndd1,0,,
Dbndd2,Dbndd2,0.0709,0.7352,0.3352
Dbnl,Dbnl,0.0725,-2.1114,1.4591
Dbp,Dbp,-0.0008,-1.1644,0.6122
Dbpht2,Dbpht2,0,,
Dbr1,Dbr1,-0.016,-1.7781,1.1227
Dbt,Dbt,-0.0221,-2.5272,1.9394
Dbx1,Dbx1,0,,
Dbx2,Dbx2,0,,
Dcaf10,Dcaf10,-0.0017,-1.477,0.8549
Dcaf11,Dcaf11,-0.0127,-3.4171,3.1986
Dcaf12,Dcaf12,-0.0213,-3.6789,3.6304
Dcaf12l1,Dcaf12l1,0,,
Dcaf12l2,Dcaf12l2,0,,
Dcaf13,Dcaf13,0.0004,-2.5946,2.0237
Dcaf15,Dcaf15,0.0091,0.9835,0.4876
Dcaf17,Dcaf17,0.0048,-1.2942,0.7086
Dcaf4,Dcaf4,-0.0118,-2.518,1.9281
Dcaf5,Dcaf5,-0.0354,-2.4497,1.8447
Dcaf6,Dcaf6,-0.0156,-3.1382,2.7696
Dcaf7,Dcaf7,0.0368,-2.3418,1.7169
Dcaf8,Dcaf8,-0.0231,-2.918,2.4531
Dcakd,Dcakd,0.0101,-1.1976,0.6362
Dcbld1,Dcbld1,-0.0306,-1.431,0.8169
Dcbld2,Dcbld2,-0.0002,-0.7342,0.3346
Dcc,Dcc,0,,
Dcdc2a,Dcdc2a,0,,
Dcdc2b,Dcdc2b,0.0125,0.6927,0.3111
Dcdc2c,Dcdc2c,0,,
Dcdc5,Dcdc5,0,,
Dchs1,Dchs1,-0.0001,-0.5167,0.218
Dck,Dck,-0.0419,-3.6425,3.5686
Dclk1,Dclk1,0,,
Dclk2,Dclk2,0.0017,0.6927,0.3111
Dclk3,Dclk3,0,,
Dclre1a,Dclre1a,0.0006,-0.7363,0.3358
Dclre1b,Dclre1b,0.0001,-0.8916,0.4288
Dclre1c,Dclre1c,-0.0126,-0.574,0.2472
Dcn,Dcn,0,,
Dcp1a,Dcp1a,-0.0312,-3.111,2.7294
Dcp1b,Dcp1b,0.0038,-1.7865,1.1307
Dcp2,Dcp2,0.0887,-0.825,0.3879
Dcpp1,Dcpp1,0,,
Dcpp2,Dcpp2,0,,
Dcpp3,Dcpp3,0,,
Dcps,Dcps,-0.0403,-2.5384,1.9533
Dcst1,Dcst1,0,,
Dct,Dct,0,,
Dctd,Dctd,-0.0049,-1.2998,0.7129
Dctn1,Dctn1,0.103,0.2922,0.1134
Dctn2,Dctn2,0.0445,-2.6476,2.0912
Dctn3,Dctn3,-0.1284,-3.672,3.6186
Dctn4,Dctn4,0.014,-2.2547,1.617
Dctn5,Dctn5,-0.0211,-3.9182,4.0496
Dctn6,Dctn6,-0.0163,-2.2942,1.6619
Dctpp1,Dctpp1,0.0514,-0.5411,0.2303
Dcun1d1,Dcun1d1,-0.0657,-2.8444,2.3517
Dcun1d2,Dcun1d2,0.0034,-0.5874,0.2542
Dcun1d3,Dcun1d3,0.0052,-0.7301,0.3322
Dcun1d4,Dcun1d4,-0.0014,-0.7363,0.3358
Dcun1d5,Dcun1d5,0.0384,-1.4507,0.8331
Dcx,Dcx,0,,
Dcxr,Dcxr,0.0237,-1.3299,0.7363
Dda1,Dda1,0.0264,-0.3018,0.1176
Ddah1,Ddah1,0.0033,-0.5167,0.218
Ddah2,Ddah2,0.0504,0.3718,0.1487
Ddb1,Ddb1,-0.0101,-4.9587,6.1491
Ddb2,Ddb2,0.0037,-0.0168,0.0059
Ddc,Ddc,0,,
Ddhd1,Ddhd1,-0.0226,-3.214,2.8831
Ddhd2,Ddhd2,-0.0023,-2.0745,1.4199
Ddi1,Ddi1,0,,
Ddi2,Ddi2,0.0431,-3.6261,3.541
Ddit3,Ddit3,-0.0581,-3.8807,3.9823
Ddit4,Ddit4,0.0027,-1.2501,0.6751
Ddit4l,Ddit4l,0.0071,0.6927,0.3111
Ddn,Ddn,-0.006,-2.0286,1.3716
Ddo,Ddo,0,,
Ddost,Ddost,-0.1458,-5.6948,7.9084
Ddr1,Ddr1,0,,
Ddr2,Ddr2,0,,
Ddrgk1,Ddrgk1,-0.021,-4.491,5.1493
Ddt,Ddt,-0.0484,-2.8377,2.3425
Ddx1,Ddx1,0.0563,-0.8867,0.4257
Ddx10,Ddx10,0.0314,-1.0184,0.5108
Ddx11,Ddx11,0.0058,0.9835,0.4876
Ddx17,Ddx17,0.0612,-2.9271,2.4658
Ddx18,Ddx18,-0.037,-3.8256,3.8846
Ddx19a,Ddx19a,-0.0366,-4.0406,4.2731
Ddx19b,Ddx19b,-0.0257,-2.8515,2.3614
Ddx20,Ddx20,0.012,-0.8928,0.4295
Ddx21,Ddx21,0.1975,-0.5537,0.2367
Ddx23,Ddx23,0.0259,-0.2761,0.1065
Ddx24,Ddx24,0.0219,-4.7313,5.6516
Ddx25,Ddx25,0,,
Ddx26b,Ddx26b,-0.0308,-4.3175,4.8018
Ddx27,Ddx27,0.0123,-0.901,0.4347
Ddx28,Ddx28,-0.0164,-2.6476,2.0912
Ddx31,Ddx31,-0.0524,-5.1403,6.5619
Ddx39,Ddx39,0.0197,-0.3535,0.1404
Ddx39b,Ddx39b,-0.014,-2.3325,1.7061
Ddx3x,Ddx3x,-0.1008,-5.3204,6.9848
Ddx3y,Ddx3y,-0.0694,-3.5972,3.4926
Ddx4,Ddx4,0,,
Ddx41,Ddx41,-0.0845,-4.4641,5.0948
Ddx42,Ddx42,0.0488,-1.9986,1.3406
Ddx43,Ddx43,-0.0052,-1.2549,0.6788
Ddx46,Ddx46,0.0952,-1.4709,0.8498
Ddx47,Ddx47,-0.0025,-3.0348,2.6186
Ddx49,Ddx49,-0.0302,-1.9149,1.2556
Ddx5,Ddx5,-0.0512,-3.3813,3.1418
Ddx50,Ddx50,0.0757,-2.1765,1.5299
Ddx51,Ddx51,0.0093,-0.282,0.1091
Ddx52,Ddx52,0.0382,0.1312,0.0479
Ddx54,Ddx54,-0.0169,-2.9329,2.4739
Ddx55,Ddx55,-0.0206,-0.7678,0.354
Ddx56,Ddx56,-0.001,-1.0498,0.5319
Ddx58,Ddx58,0.0104,-0.9738,0.4813
Ddx59,Ddx59,0.0032,-0.3464,0.1372
Ddx6,Ddx6,0.0276,-1.8533,1.1949
Ddx60,Ddx60,0.0037,-0.0192,0.0067
Deaf1,Deaf1,-0.0256,-2.1807,1.5345
Dear1,Dear1,0,,
Deb1,Deb1,-0.0415,-4.5769,5.3262
Decr1,Decr1,-0.0258,-2.5904,2.0184
Decr2,Decr2,0.0164,0.2024,0.0759
Dedd,Dedd,-0.0249,-1.9001,1.241
Dedd2,Dedd2,0.0351,1.2103,0.6456
Def6,Def6,-0.0191,-2.1184,1.4667
Def8,Def8,-0.0339,-3.8176,3.8705
Defa-ps1,Defa-ps1,0,,
Defa-ps10,Defa-ps10,0,,
Defa-ps11,Defa-ps11,0,,
Defa-ps12,Defa-ps12,0,,
Defa-ps13,Defa-ps13,0,,
Defa-ps14,Defa-ps14,0,,
Defa-ps15,Defa-ps15,0,,
Defa-ps16,Defa-ps16,0,,
Defa-ps17,Defa-ps17,0,,
Defa-ps18,Defa-ps18,0,,
Defa-ps3,Defa-ps3,0,,
Defa-ps4,Defa-ps4,0,,
Defa-ps5,Defa-ps5,0,,
Defa-ps6,Defa-ps6,0,,
Defa-ps7,Defa-ps7,0,,
Defa-ps8,Defa-ps8,0,,
Defa-ps9,Defa-ps9,0,,
Defa-rs1,Defa-rs1,0,,
Defa-rs7,Defa-rs7,0,,
Defa17,Defa17,0,,
Defa20,Defa20,0,,
Defa21,Defa21,0,,
Defa22,Defa22,0,,
Defa23,Defa23,0,,
Defa24,Defa24,0,,
Defa25,Defa25,0,,
Defa26,Defa26,0,,
Defa3,Defa3,0,,
Defa5,Defa5,0,,
Defb1,Defb1,0,,
Defb10,Defb10,0,,
Defb11,Defb11,0,,
Defb12,Defb12,0,,
Defb13,Defb13,0,,
Defb14,Defb14,0,,
Defb15,Defb15,0,,
Defb18,Defb18,0,,
Defb19,Defb19,0,,
Defb2,Defb2,0,,
Defb20,Defb20,0,,
Defb21,Defb21,0,,
Defb22,Defb22,0,,
Defb23,Defb23,0,,
Defb25,Defb25,0,,
Defb26,Defb26,0,,
Defb28,Defb28,0,,
Defb29,Defb29,0,,
Defb3,Defb3,0,,
Defb30,Defb30,0,,
Defb34,Defb34,0,,
Defb35,Defb35,0,,
Defb36,Defb36,0,,
Defb37,Defb37,0,,
Defb38,Defb38,0,,
Defb39,Defb39,0,,
Defb4,Defb4,0,,
Defb40,Defb40,0,,
Defb41,Defb41,0,,
Defb42,Defb42,0,,
Defb43,Defb43,0,,
Defb44-ps,Defb44-ps,0,,
Defb45,Defb45,0,,
Defb46,Defb46,0,,
Defb47,Defb47,0,,
Defb48,Defb48,0,,
Defb5,Defb5,0,,
Defb50,Defb50,0,,
Defb6,Defb6,0,,
Defb7,Defb7,0,,
Defb8,Defb8,0,,
Defb9,Defb9,0,,
Degs1,Degs1,-0.0659,-6.4017,9.8133
Degs2,Degs2,0,,
Dek,Dek,-0.0495,-3.4759,3.2931
Dem1,Dem1,-0.0028,-1.2501,0.6751
Dennd1a,Dennd1a,-0.0249,-1.9195,1.2603
Dennd1b,Dennd1b,0.0096,-1.2538,0.678
Dennd1c,Dennd1c,0.0339,0.6861,0.3074
Dennd2a,Dennd2a,-0.0248,-2.1821,1.536
Dennd2c,Dennd2c,0.011,-1.0115,0.5061
Dennd2d,Dennd2d,-0.0027,-1.2501,0.6751
Dennd3,Dennd3,-0.0077,-2.0286,1.3716
Dennd4a,Dennd4a,0.011,-2.7188,2.1836
Dennd4b,Dennd4b,-0.0516,-2.9496,2.4974
Dennd4c,Dennd4c,-0.0099,-2.6476,2.0912
Dennd5a,Dennd5a,0.1212,-0.6936,0.3116
Dennd5b,Dennd5b,0.0124,-0.0168,0.0059
Denr,Denr,0.0102,-2.7923,2.2813
Depdc1a,Depdc1a,0,,
Depdc1b,Depdc1b,0,,
Depdc5,Depdc5,0.0132,0.2302,0.0873
Depdc7,Depdc7,0.0103,0.6089,0.2655
Deptor,Deptor,-0.0257,-1.1843,0.6265
Dera,Dera,0.0067,-1.5344,0.9033
Derl1,Derl1,-0.118,-6.0417,8.8167
Derl2,Derl2,-0.0993,-5.2664,6.8565
Derl3,Derl3,0.0017,0.6927,0.3111
Des,Des,0,,
Det1,Det1,-0.0232,-2.5558,1.9749
Dexi,Dexi,0.0011,-0.9333,0.4551
Dffa,Dffa,0.0186,-0.2805,0.1084
Dffb,Dffb,-0.0032,-1.2501,0.6751
Dfna5,Dfna5,0.0052,-0.7301,0.3322
Dfnb59,Dfnb59,-0.0034,-1.431,0.8169
Dgat1,Dgat1,-0.0023,-0.039,0.0137
Dgat2,Dgat2,-0.0285,-2.2588,1.6217
Dgat2l6,Dgat2l6,0.0108,0.6927,0.3111
Dgcr14,Dgcr14,0.021,-0.029,0.0102
Dgcr2,Dgcr2,-0.0484,-4.6635,5.5075
Dgcr6,Dgcr6,0.002,0.168,0.0622
Dgcr8,Dgcr8,0.0165,-0.7385,0.337
Dgka,Dgka,-0.0042,-1.1724,0.6179
Dgkb,Dgkb,-0.0154,-1.431,0.8169
Dgkd,Dgkd,-0.0336,-3.0178,2.5941
Dgke,Dgke,-0.0002,-0.5167,0.218
Dgkg,Dgkg,0,,
Dgkh,Dgkh,0.0129,0.9835,0.4876
Dgki,Dgki,0,,
Dgkk,Dgkk,0,,
Dgkq,Dgkq,-0.0205,-1.5432,0.9109
Dgkz,Dgkz,-0.0288,-3.4776,3.2959
Dguok,Dguok,-0.0103,-1.55,0.9167
Dhcr24,Dhcr24,-0.0264,-3.0055,2.5766
Dhcr7,Dhcr7,-0.0493,-3.0914,2.7007
Dhdds,Dhdds,0.0161,-2.152,1.5031
Dhdh,Dhdh,0.0203,-0.0174,0.0061
Dhfr,Dhfr,0.0054,0.6927,0.3111
Dhh,Dhh,0,,
Dhodh,Dhodh,-0.0235,-2.651,2.0956
Dhps,Dhps,0.0185,-0.2245,0.085
Dhrs1,Dhrs1,0.0927,0.9659,0.4761
Dhrs11,Dhrs11,-0.0009,-1.431,0.8169
Dhrs13,Dhrs13,-0.0051,-1.431,0.8169
Dhrs2,Dhrs2,0,,
Dhrs3,Dhrs3,-0.2786,-8.0122,14.9482
Dhrs4,Dhrs4,0.0049,-1.9254,1.2662
Dhrs7,Dhrs7,-0.0392,-4.5452,5.2606
Dhrs7b,Dhrs7b,-0.0423,-2.5545,1.9733
Dhrs7c,Dhrs7c,0,,
Dhrs9,Dhrs9,0,,
Dhtkd1,Dhtkd1,0,,
Dhx15,Dhx15,-0.0025,-2.6407,2.0823
Dhx16,Dhx16,0.007,-1.8473,1.1891
Dhx29,Dhx29,-0.0066,-1.3798,0.7756
Dhx30,Dhx30,-0.0034,-0.7247,0.3292
Dhx32,Dhx32,-0.0679,-5.1493,6.5826
Dhx33,Dhx33,0.0232,-0.7122,0.3221
Dhx34,Dhx34,-0.0235,-2.8482,2.3568
Dhx35,Dhx35,0.0086,-1.1565,0.6064
Dhx36,Dhx36,-0.0159,-1.9448,1.2857
Dhx37,Dhx37,-0.006,-1.431,0.8169
Dhx38,Dhx38,0.047,-0.5544,0.2371
Dhx40,Dhx40,-0.0231,-2.8657,2.3808
Dhx57,Dhx57,0.0067,-0.2805,0.1084
Dhx58,Dhx58,0.0311,-1.4584,0.8395
Dhx8,Dhx8,0.0395,-2.7488,2.2232
Dhx9,Dhx9,0.0588,0.9923,0.4934
Diablo,Diablo,-0.0146,-0.9841,0.488
Diap1,Diap1,0.0083,-1.7668,1.112
Diap2,Diap2,0.0985,-2.241,1.6017
Diap3,Diap3,0.017,1.3956,0.7883
Dicer1,Dicer1,0.0069,-3.7578,3.7659
Dido1,Dido1,-0.0001,-1.626,0.9832
Diexf,Diexf,-0.0154,-1.7815,1.126
Dimt1,Dimt1,-0.0056,-2.2569,1.6196
Dio1,Dio1,0,,
Dio2,Dio2,0,,
Dio3,Dio3,0,,
Dio3os,Dio3os,0,,
Dip2a,Dip2a,-0.0257,-2.8319,2.3346
Dip2b,Dip2b,0.0066,-2.6323,2.0715
Dip2c,Dip2c,0.0015,-0.8933,0.4298
Diras1,Diras1,0,,
Diras2,Diras2,0,,
Dirc2,Dirc2,-0.0122,-2.5896,2.0174
Dis3,Dis3,0.0162,-1.1204,0.5808
Dis3l,Dis3l,-0.007,-1.3766,0.7731
Dis3l2,Dis3l2,0.0205,-1.1591,0.6083
Disc1,Disc1,-0.0009,-1.431,0.8169
Disp2,Disp2,0,,
Dixdc1,Dixdc1,0,,
Dkc1,Dkc1,0.016,-1.1414,0.5957
Dkk1,Dkk1,0,,
Dkk2,Dkk2,-0.2949,-9.5582,20.9216
Dkk3,Dkk3,0,,
Dkk4,Dkk4,0,,
Dkkl1,Dkkl1,0,,
Dlat,Dlat,-0.0399,-2.4155,1.8038
Dlc1,Dlc1,0.0033,-0.5167,0.218
Dld,Dld,0.0059,-2.2674,1.6314
Dlec1,Dlec1,-0.0077,-1.431,0.8169
Dleu2,Dleu2,-0.0219,-2.5286,1.9412
Dleu7,Dleu7,-0.0051,-1.431,0.8169
Dlg1,Dlg1,0.0212,-1.2322,0.6618
Dlg2,Dlg2,0,,
Dlg3,Dlg3,0.0268,-0.3725,0.149
Dlg4,Dlg4,0,,
Dlg5,Dlg5,0.0322,-0.3426,0.1356
Dlgap1,Dlgap1,-0.006,-1.431,0.8169
Dlgap2,Dlgap2,0.0141,0.9835,0.4876
Dlgap3,Dlgap3,0,,
Dlgap4,Dlgap4,-0.0506,-3.2265,2.9021
Dlgap5,Dlgap5,-0.023,-1.431,0.8169
Dlk1,Dlk1,0,,
Dlk2,Dlk2,0,,
Dll1,Dll1,0,,
Dll3,Dll3,0.01,0.6927,0.3111
Dll4,Dll4,0,,
Dlst,Dlst,-0.0293,-2.8486,2.3574
Dlx1,Dlx1,0,,
Dlx1as,Dlx1as,0,,
Dlx2,Dlx2,0,,
Dlx3,Dlx3,0,,
Dlx4,Dlx4,0,,
Dlx5,Dlx5,0,,
Dlx6,Dlx6,0,,
Dlx6os1,Dlx6os1,0,,
Dmap1,Dmap1,0.0142,-0.6414,0.283
Dmbt1,Dmbt1,0,,
Dmbx1,Dmbx1,0,,
Dmc1,Dmc1,0,,
Dmd,Dmd,0.0029,0.6927,0.3111
Dmgdh,Dmgdh,0,,
Dmkn,Dmkn,0,,
Dmp1,Dmp1,0,,
Dmpk,Dmpk,0,,
Dmrt1,Dmrt1,0,,
Dmrt2,Dmrt2,0,,
Dmrt3,Dmrt3,0,,
Dmrta1,Dmrta1,0,,
Dmrta2,Dmrta2,0,,
Dmrtb1,Dmrtb1,0.0116,0.9835,0.4876
Dmrtc1a,Dmrtc1a,0,,
Dmrtc1b,Dmrtc1b,0,,
Dmrtc1c1,Dmrtc1c1,0,,
Dmrtc1c2,Dmrtc1c2,0,,
Dmrtc2,Dmrtc2,0,,
Dmtf1,Dmtf1,-0.0584,-3.6237,3.5369
Dmwd,Dmwd,0.0053,-0.0168,0.0059
Dmxl1,Dmxl1,0.0224,-0.9858,0.4891
Dmxl2,Dmxl2,-0.0212,-0.3482,0.1381
Dna2,Dna2,-0.0022,-0.5167,0.218
Dnahc1,Dnahc1,-0.0111,-1.431,0.8169
Dnahc10,Dnahc10,0,,
Dnahc11,Dnahc11,0,,
Dnahc12,Dnahc12,-0.0094,-1.431,0.8169
Dnahc14,Dnahc14,0,,
Dnahc17,Dnahc17,0,,
Dnahc2,Dnahc2,0,,
Dnahc3,Dnahc3,0,,
Dnahc5,Dnahc5,0,,
Dnahc6,Dnahc6,-0.0077,-1.431,0.8169
Dnahc7a,Dnahc7a,0,,
Dnahc7b,Dnahc7b,0,,
Dnahc7c,Dnahc7c,0,,
Dnahc8,Dnahc8,0,,
Dnahc9,Dnahc9,0,,
Dnaic1,Dnaic1,0,,
Dnaic2,Dnaic2,0,,
Dnaja1,Dnaja1,0.0055,-3.6909,3.6507
Dnaja1-ps,Dnaja1-ps,0.0067,0.6927,0.3111
Dnaja2,Dnaja2,0.022,-3.2826,2.9878
Dnaja3,Dnaja3,0.0287,-0.3346,0.132
Dnaja4,Dnaja4,-0.0382,-2.5317,1.9449
Dnajb1,Dnajb1,0.0088,-3.0202,2.5976
Dnajb11,Dnajb11,-0.0714,-5.2391,6.7923
Dnajb12,Dnajb12,0.0003,-3.8083,3.8541
Dnajb13,Dnajb13,0,,
Dnajb14,Dnajb14,-0.255,-7.4267,12.9535
Dnajb2,Dnajb2,-0.0137,-1.431,0.8169
Dnajb3,Dnajb3,-0.0247,-1.431,0.8169
Dnajb4,Dnajb4,-0.0341,-3.1296,2.7569
Dnajb5,Dnajb5,0.0129,1.3956,0.7883
Dnajb6,Dnajb6,-0.0649,-3.5256,3.3741
Dnajb7,Dnajb7,0,,
Dnajb8,Dnajb8,0,,
Dnajb9,Dnajb9,-0.0399,-1.9204,1.2612
Dnajc1,Dnajc1,0.0079,-3.263,2.9577
Dnajc10,Dnajc10,0.0031,-2.9094,2.4412
Dnajc11,Dnajc11,0.0193,-1.0115,0.5061
Dnajc12,Dnajc12,-0.0154,-2.4881,1.8914
Dnajc13,Dnajc13,0.0782,-1.4079,0.7982
Dnajc14,Dnajc14,0.0058,-3.4216,3.2058
Dnajc15,Dnajc15,0.0346,0.6227,0.2729
Dnajc16,Dnajc16,-0.0121,-1.7821,1.1265
Dnajc17,Dnajc17,-0.004,-2.1809,1.5348
Dnajc18,Dnajc18,0.0224,-1.5149,0.8867
Dnajc19,Dnajc19,0.0491,-1.1452,0.5984
Dnajc2,Dnajc2,0.0398,-2.3131,1.6837
Dnajc21,Dnajc21,0.0428,0.1062,0.0384
Dnajc22,Dnajc22,0,,
Dnajc24,Dnajc24,-0.004,0.4831,0.2013
Dnajc25,Dnajc25,-0.0279,-3.3422,3.0803
Dnajc27,Dnajc27,0.0008,-0.3426,0.1356
Dnajc28,Dnajc28,-0.0361,-2.8941,2.4199
Dnajc3,Dnajc3,-0.053,-4.022,4.2388
Dnajc30,Dnajc30,0.0069,-1.0557,0.5359
Dnajc4,Dnajc4,-0.0014,-1.4593,0.8402
Dnajc5,Dnajc5,-0.0386,-4.0075,4.2121
Dnajc5b,Dnajc5b,0,,
Dnajc5g,Dnajc5g,0,,
Dnajc6,Dnajc6,0,,
Dnajc7,Dnajc7,-0.045,-2.8354,2.3394
Dnajc8,Dnajc8,0.0743,-2.4484,1.8432
Dnajc9,Dnajc9,0.0107,-0.038,0.0134
Dnalc1,Dnalc1,0.001,-1.8012,1.1447
Dnalc4,Dnalc4,-0.0222,-2.4063,1.7928
Dnali1,Dnali1,0.0021,0.6927,0.3111
Dnase1,Dnase1,0,,
Dnase1l1,Dnase1l1,-0.0095,-1.6214,0.9791
Dnase1l2,Dnase1l2,0.0004,0.6927,0.3111
Dnase1l3,Dnase1l3,0,,
Dnase2a,Dnase2a,-0.1674,-7.7021,13.8735
Dnase2b,Dnase2b,0,,
Dnd1,Dnd1,0,,
Dner,Dner,0,,
Dnhd1,Dnhd1,0.0023,-2.7258,2.1929
Dnlz,Dnlz,0.0503,-1.0481,0.5308
Dnm1,Dnm1,0.0025,0.6927,0.3111
Dnm1l,Dnm1l,0.0165,-1.8197,1.1624
Dnm2,Dnm2,0.1487,-1.1099,0.5734
Dnm3,Dnm3,0,,
Dnm3os,Dnm3os,0,,
Dnmbp,Dnmbp,0.0149,0.9835,0.4876
Dnmt1,Dnmt1,-0.0078,-0.2313,0.0877
Dnmt3a,Dnmt3a,-0.026,-4.6964,5.5771
Dnmt3b,Dnmt3b,-0.0289,-2.4881,1.8914
Dnmt3l,Dnmt3l,0,,
Dnmt3l-ps1,Dnmt3l-ps1,0,,
Dnpep,Dnpep,-0.0423,-3.2327,2.9114
Dntt,Dntt,0,,
Dnttip1,Dnttip1,-0.0297,-1.6781,1.03
Dnttip2,Dnttip2,-0.004,-2.6244,2.0614
Doc2a,Doc2a,0,,
Doc2b,Doc2b,0,,
Doc2g,Doc2g,0,,
Dock1,Dock1,0.0729,-0.9995,0.4982
Dock10,Dock10,0.0404,-1.4372,0.822
Dock11,Dock11,0.1034,-1.0608,0.5395
Dock2,Dock2,0.1545,-1.6094,0.9685
Dock3,Dock3,0,,
Dock4,Dock4,-0.0236,-2.5351,1.9491
Dock5,Dock5,0,,
Dock6,Dock6,-0.0034,-0.3445,0.1364
Dock7,Dock7,-0.014,-3.7682,3.784
Dock8,Dock8,0.1254,-1.5618,0.9269
Dock9,Dock9,0.0074,-1.5394,0.9076
Dohh,Dohh,-0.0472,-3.3588,3.1063
Dok1,Dok1,-0.0008,-1.0507,0.5325
Dok2,Dok2,-0.0028,-0.0264,0.0092
Dok3,Dok3,0.0536,1.629,0.9858
Dok4,Dok4,-0.0406,-2.0286,1.3716
Dok5,Dok5,0,,
Dok6,Dok6,0,,
Dok7,Dok7,0,,
Dolk,Dolk,-0.0208,-2.8696,2.3861
Dolpp1,Dolpp1,-0.0021,-0.7483,0.3427
Dom3z,Dom3z,0.003,-0.889,0.4272
Donson,Donson,0.0136,0.3915,0.1577
Dopey1,Dopey1,-0.0147,-1.8057,1.149
Dopey2,Dopey2,0.042,-0.3177,0.1245
Dos,Dos,0.0137,0.9835,0.4876
Dot1l,Dot1l,-0.0203,-3.408,3.1842
Doxl2,Doxl2,0,,
Dpagt1,Dpagt1,-0.0042,-3.2914,3.0014
Dpcd,Dpcd,-0.0289,-3.3907,3.1567
Dpcr1,Dpcr1,0,,
Dpep1,Dpep1,0,,
Dpep2,Dpep2,-0.006,-2.0286,1.3716
Dpep3,Dpep3,0,,
Dpf1,Dpf1,0,,
Dpf2,Dpf2,0.0145,-2.1767,1.5301
Dpf3,Dpf3,0,,
Dph1,Dph1,-0.0225,-2.2196,1.5777
Dph2,Dph2,-0.0082,-1.8054,1.1486
Dph3,Dph3,0.0668,-2.5286,1.9412
Dph3b-ps,Dph3b-ps,0,,
Dph5,Dph5,-0.0029,-1.0365,0.5229
Dpm1,Dpm1,-0.0851,-5.6162,7.7095
Dpm2,Dpm2,-0.0299,-3.8193,3.8734
Dpm3,Dpm3,-0.0167,-2.8859,2.4086
Dpp10,Dpp10,-0.0034,-1.431,0.8169
Dpp3,Dpp3,-0.0167,-2.1439,1.4943
Dpp4,Dpp4,0,,
Dpp6,Dpp6,0.0021,0.6927,0.3111
Dpp7,Dpp7,-0.2571,-9.7744,21.8387
Dpp8,Dpp8,-0.0096,-0.2534,0.0969
Dpp9,Dpp9,-0.0013,-1.5438,0.9114
Dppa1,Dppa1,0,,
Dppa2,Dppa2,0,,
Dppa3,Dppa3,0,,
Dppa4,Dppa4,0,,
Dppa5a,Dppa5a,0,,
Dppa5b,Dppa5b,0,,
Dpt,Dpt,0,,
Dpy19l1,Dpy19l1,0.0198,-3.6776,3.6282
Dpy19l2,Dpy19l2,0,,
Dpy19l3,Dpy19l3,0.0052,-0.3445,0.1364
Dpy19l4,Dpy19l4,-0.1075,-5.1166,6.507
Dpy30,Dpy30,0.0206,-1.77,1.1151
Dpyd,Dpyd,0,,
Dpys,Dpys,-0.0128,-2.4881,1.8914
Dpysl2,Dpysl2,0.4248,2.0879,1.4341
Dpysl3,Dpysl3,0,,
Dpysl4,Dpysl4,0,,
Dpysl5,Dpysl5,0,,
Dqx1,Dqx1,0,,
Dr1,Dr1,-0.0338,-4.0234,4.2414
Dram1,Dram1,-0.0014,-1.8012,1.1447
Dram2,Dram2,0.0058,-3.5644,3.438
Drap1,Drap1,0.0265,-2.4347,1.8267
Drd1a,Drd1a,0,,
Drd2,Drd2,0,,
Drd3,Drd3,0,,
Drd4,Drd4,0,,
Drd5,Drd5,0,,
Drg1,Drg1,-0.0795,-2.8222,2.3215
Drg2,Drg2,-0.0204,-2.5459,1.9625
Drosha,Drosha,0.0206,0.292,0.1133
Drp2,Drp2,0,,
Drr1,Drr1,0,,
Dsc1,Dsc1,0,,
Dsc2,Dsc2,0,,
Dsc3,Dsc3,0,,
Dscam,Dscam,-0.0034,-1.431,0.8169
Dscaml1,Dscaml1,0,,
Dscc1,Dscc1,0,,
Dscr3,Dscr3,0.0151,-2.4749,1.8752
Dse,Dse,-0.0315,-3.1088,2.7261
Dsel,Dsel,-0.0196,-2.8765,2.3957
Dsg1a,Dsg1a,0.0013,0.6927,0.3111
Dsg1b,Dsg1b,0,,
Dsg1c,Dsg1c,0,,
Dsg2,Dsg2,0,,
Dsg3,Dsg3,0,,
Dsg4,Dsg4,0,,
Dsn1,Dsn1,-0.0051,-2.4881,1.8914
Dsp,Dsp,-0.0103,-1.431,0.8169
Dspp,Dspp,0,,
Dst,Dst,0.144,-1.3392,0.7435
Dstn,Dstn,-0.0052,-1.4729,0.8514
Dstyk,Dstyk,0.0187,-1.1528,0.6038
Dtd1,Dtd1,-0.029,-3.3177,3.042
Dtl,Dtl,0,,
Dtna,Dtna,0,,
Dtnb,Dtnb,-0.0047,-1.8054,1.1486
Dtnbp1,Dtnbp1,-0.0067,-4.8142,5.8304
Dtwd1,Dtwd1,0.0099,-0.5167,0.218
Dtwd2,Dtwd2,0.0025,0.6927,0.3111
Dtx1,Dtx1,0,,
Dtx2,Dtx2,-0.0427,-3.4994,3.3313
Dtx3,Dtx3,0.0148,-1.2961,0.7101
Dtx3l,Dtx3l,0.0479,-1.5702,0.9342
Dtx4,Dtx4,-0.0624,-3.5514,3.4166
Dtymk,Dtymk,-0.0323,-2.8423,2.3489
Dub1,Dub1,0,,
Dub1a,Dub1a,0,,
Dub2a,Dub2a,0,,
Dub3,Dub3,0,,
Duox1,Duox1,0,,
Duox2,Duox2,0,,
Duoxa1,Duoxa1,-0.0034,-1.431,0.8169
Duoxa2,Duoxa2,0,,
Dupd1,Dupd1,0,,
Dus1l,Dus1l,-0.005,-2.164,1.5162
Dus2l,Dus2l,-0.0083,-0.5819,0.2513
Dus3l,Dus3l,0.0287,-1.6893,1.0402
Dus4l,Dus4l,0.002,-0.5167,0.218
Dusp1,Dusp1,-0.438,-6.2585,9.4104
Dusp10,Dusp10,0,,
Dusp11,Dusp11,-0.09,-4.0296,4.2528
Dusp12,Dusp12,-0.0012,-1.6144,0.9729
Dusp13,Dusp13,0,,
Dusp14,Dusp14,0,,
Dusp15,Dusp15,0,,
Dusp16,Dusp16,-0.0009,-0.5895,0.2553
Dusp18,Dusp18,0.0007,-0.0357,0.0126
Dusp19,Dusp19,-0.0017,-0.5226,0.2209
Dusp2,Dusp2,-0.0419,-3.3956,3.1644
Dusp21,Dusp21,0,,
Dusp22,Dusp22,-0.0034,-0.7483,0.3427
Dusp23,Dusp23,0.0179,-0.5614,0.2407
Dusp26,Dusp26,0,,
Dusp27,Dusp27,0.0014,-0.9018,0.4352
Dusp28,Dusp28,-0.0012,-1.8012,1.1447
Dusp3,Dusp3,0.1023,-3.3372,3.0725
Dusp4,Dusp4,0,,
Dusp5,Dusp5,-0.0319,-4.6278,5.4323
Dusp6,Dusp6,-0.3758,-7.9974,14.896
Dusp7,Dusp7,0.023,-1.2855,0.702
Dusp8,Dusp8,0.0111,-0.5863,0.2536
Dusp9,Dusp9,0,,
Dut,Dut,-0.0022,-0.2879,0.1116
Dux,Dux,0,,
Duxbl,Duxbl,0,,
Dvl1,Dvl1,0.0025,-0.4764,0.198
Dvl2,Dvl2,0.0198,-1.1551,0.6055
Dvl3,Dvl3,0.012,0.6927,0.3111
Dydc1,Dydc1,0,,
Dydc2,Dydc2,0,,
Dym,Dym,-0.039,-2.639,2.0802
Dync1h1,Dync1h1,0.1853,-1.2428,0.6697
Dync1i1,Dync1i1,0,,
Dync1i2,Dync1i2,0.0114,-2.3034,1.6725
Dync1li1,Dync1li1,-0.0612,-4.2829,4.734
Dync1li2,Dync1li2,0.1092,0.7124,0.3222
Dync2h1,Dync2h1,0.0158,-0.5661,0.2431
Dync2li1,Dync2li1,0,,
Dynll1,Dynll1,0.0957,-2.129,1.4781
Dynll2,Dynll2,0.0843,0.2708,0.1043
Dynlrb1,Dynlrb1,0.0177,-2.8701,2.3868
Dynlrb2,Dynlrb2,0,,
Dynlt1-ps1,Dynlt1-ps1,0.0115,-0.337,0.1331
Dynlt1a,Dynlt1a,0.0003,-0.5167,0.218
Dynlt1b,Dynlt1b,-0.0017,-1.431,0.8169
Dynlt1c,Dynlt1c,0,,
Dynlt1e,Dynlt1e,-0.0009,-1.431,0.8169
Dynlt1f,Dynlt1f,-0.0034,-1.431,0.8169
Dynlt3,Dynlt3,0.0407,-2.4271,1.8176
Dyrk1a,Dyrk1a,-0.0247,-2.6593,2.1062
Dyrk1b,Dyrk1b,-0.0034,-1.431,0.8169
Dyrk2,Dyrk2,-0.062,-3.3762,3.1337
Dyrk3,Dyrk3,0,,
Dyrk4,Dyrk4,0.009,-0.7301,0.3322
Dysf,Dysf,0,,
Dysfip1,Dysfip1,0,,
Dytn,Dytn,-0.0043,-1.431,0.8169
Dyx1c1,Dyx1c1,0,,
Dzip1,Dzip1,0,,
Dzip1l,Dzip1l,0,,
Dzip3,Dzip3,-0.0522,-4.0923,4.3694
E030002O03Rik,E030002O03Rik,0,,
E030007J07Rik,E030007J07Rik,0,,
E030010A14Rik,E030010A14Rik,0,,
E030010N08Rik,E030010N08Rik,0,,
E030011O05Rik,E030011O05Rik,0,,
E030013I19Rik,E030013I19Rik,0,,
E030019B06Rik,E030019B06Rik,0,,
E030024N20Rik,E030024N20Rik,0,,
E030025P04Rik,E030025P04Rik,0,,
E030030I06Rik,E030030I06Rik,-0.0005,-0.0216,0.0075
E030042O20Rik,E030042O20Rik,0,,
E130003G02Rik,E130003G02Rik,0,,
E130006D01Rik,E130006D01Rik,0.0021,0.6927,0.3111
E130012A19Rik,E130012A19Rik,0.018,-0.0168,0.0059
E130018N17Rik,E130018N17Rik,0,,
E130018O15Rik,E130018O15Rik,0,,
E130102H24Rik,E130102H24Rik,0,,
E130111B04Rik,E130111B04Rik,0,,
E130114P18Rik,E130114P18Rik,0,,
E130116L18Rik,E130116L18Rik,0,,
E130120K24Rik,E130120K24Rik,0,,
E130201H02Rik,E130201H02Rik,0.0014,-0.0216,0.0075
E130203B14Rik,E130203B14Rik,0,,
E130208F15Rik,E130208F15Rik,-0.0026,-1.431,0.8169
E130215H24Rik,E130215H24Rik,0.0013,0.6927,0.3111
E130218I03Rik,E130218I03Rik,0,,
E130303B06Rik,E130303B06Rik,-0.0188,-2.0286,1.3716
E130304I02Rik,E130304I02Rik,0,,
E130306D19Rik,E130306D19Rik,-0.0086,-2.0286,1.3716
E130307A14Rik,E130307A14Rik,0.0264,1.2069,0.6431
E130308A19Rik,E130308A19Rik,-0.0056,-1.8366,1.1787
E130309D02Rik,E130309D02Rik,-0.0203,-3.1144,2.7344
E130309D14Rik,E130309D14Rik,0,,
E130309F12Rik,E130309F12Rik,0,,
E130311K13Rik,E130311K13Rik,0.0058,-0.5167,0.218
E130317F20Rik,E130317F20Rik,-0.0035,-0.5196,0.2194
E230001N04Rik,E230001N04Rik,-0.0026,-1.431,0.8169
E230008N13Rik,E230008N13Rik,0,,
E230013L22Rik,E230013L22Rik,0,,
E230015B07Rik,E230015B07Rik,0,,
E230015J15Rik,E230015J15Rik,0,,
E230016K23Rik,E230016K23Rik,0,,
E230016M11Rik,E230016M11Rik,0,,
E230019M04Rik,E230019M04Rik,0,,
E230025N22Rik,E230025N22Rik,0,,
E230028L10Rik,E230028L10Rik,0,,
E2f1,E2f1,-0.0039,-1.2549,0.6788
E2f2,E2f2,0.0016,-0.5167,0.218
E2f3,E2f3,-0.0091,-2.5994,2.0297
E2f4,E2f4,0.044,-0.8642,0.4118
E2f5,E2f5,-0.0048,-1.3766,0.7731
E2f6,E2f6,-0.0011,-0.9001,0.4341
E2f7,E2f7,0,,
E2f8,E2f8,0.0108,0.9835,0.4876
E330009J07Rik,E330009J07Rik,-0.0086,-1.8075,1.1506
E330010L02Rik,E330010L02Rik,0,,
E330012B07Rik,E330012B07Rik,0,,
E330013P04Rik,E330013P04Rik,0,,
E330014E10Rik,E330014E10Rik,0,,
E330016A19Rik,E330016A19Rik,-0.0259,-2.5038,1.9105
E330017A01Rik,E330017A01Rik,0,,
E330017L17Rik,E330017L17Rik,0,,
E330020D12Rik,E330020D12Rik,0.0037,0.6927,0.3111
E330021D16Rik,E330021D16Rik,0,,
E330034G19Rik,E330034G19Rik,0,,
E430018J23Rik,E430018J23Rik,0.0078,-0.8967,0.432
E430025E21Rik,E430025E21Rik,0.0316,-1.3092,0.7202
E4f1,E4f1,-0.0278,-2.8319,2.3346
E530001F21Rik,E530001F21Rik,0,,
E530001K10Rik,E530001K10Rik,0,,
E530011L22Rik,E530011L22Rik,0,,
ERCC-00002,ERCC-00002,0,,
ERCC-00003,ERCC-00003,0,,
ERCC-00004,ERCC-00004,0,,
ERCC-00009,ERCC-00009,0,,
ERCC-00012,ERCC-00012,0,,
ERCC-00013,ERCC-00013,0,,
ERCC-00014,ERCC-00014,0,,
ERCC-00016,ERCC-00016,0,,
ERCC-00017,ERCC-00017,0,,
ERCC-00019,ERCC-00019,0,,
ERCC-00022,ERCC-00022,0,,
ERCC-00024,ERCC-00024,0,,
ERCC-00025,ERCC-00025,0,,
ERCC-00028,ERCC-00028,0,,
ERCC-00031,ERCC-00031,0,,
ERCC-00033,ERCC-00033,0,,
ERCC-00034,ERCC-00034,0,,
ERCC-00035,ERCC-00035,0,,
ERCC-00039,ERCC-00039,0,,
ERCC-00040,ERCC-00040,0,,
ERCC-00041,ERCC-00041,0,,
ERCC-00042,ERCC-00042,0,,
ERCC-00043,ERCC-00043,0,,
ERCC-00044,ERCC-00044,0,,
ERCC-00046,ERCC-00046,0,,
ERCC-00048,ERCC-00048,0,,
ERCC-00051,ERCC-00051,0,,
ERCC-00053,ERCC-00053,0,,
ERCC-00054,ERCC-00054,0,,
ERCC-00057,ERCC-00057,0,,
ERCC-00058,ERCC-00058,0,,
ERCC-00059,ERCC-00059,0,,
ERCC-00060,ERCC-00060,0,,
ERCC-00061,ERCC-00061,0,,
ERCC-00062,ERCC-00062,0,,
ERCC-00067,ERCC-00067,0,,
ERCC-00069,ERCC-00069,0,,
ERCC-00071,ERCC-00071,0,,
ERCC-00073,ERCC-00073,0,,
ERCC-00074,ERCC-00074,0,,
ERCC-00075,ERCC-00075,0,,
ERCC-00076,ERCC-00076,0,,
ERCC-00077,ERCC-00077,0,,
ERCC-00078,ERCC-00078,0,,
ERCC-00079,ERCC-00079,0,,
ERCC-00081,ERCC-00081,0,,
ERCC-00083,ERCC-00083,0,,
ERCC-00084,ERCC-00084,0,,
ERCC-00085,ERCC-00085,0,,
ERCC-00086,ERCC-00086,0,,
ERCC-00092,ERCC-00092,0,,
ERCC-00095,ERCC-00095,0,,
ERCC-00096,ERCC-00096,0,,
ERCC-00097,ERCC-00097,0,,
ERCC-00098,ERCC-00098,0,,
ERCC-00099,ERCC-00099,0,,
ERCC-00104,ERCC-00104,0,,
ERCC-00108,ERCC-00108,0,,
ERCC-00109,ERCC-00109,0,,
ERCC-00111,ERCC-00111,0,,
ERCC-00112,ERCC-00112,0,,
ERCC-00113,ERCC-00113,0,,
ERCC-00116,ERCC-00116,0,,
ERCC-00117,ERCC-00117,0,,
ERCC-00120,ERCC-00120,0,,
ERCC-00123,ERCC-00123,0,,
ERCC-00126,ERCC-00126,0,,
ERCC-00130,ERCC-00130,0,,
ERCC-00131,ERCC-00131,0,,
ERCC-00134,ERCC-00134,0,,
ERCC-00136,ERCC-00136,0,,
ERCC-00137,ERCC-00137,0,,
ERCC-00138,ERCC-00138,0,,
ERCC-00142,ERCC-00142,0,,
ERCC-00143,ERCC-00143,0,,
ERCC-00144,ERCC-00144,0,,
ERCC-00145,ERCC-00145,0,,
ERCC-00147,ERCC-00147,0,,
ERCC-00148,ERCC-00148,0,,
ERCC-00150,ERCC-00150,0,,
ERCC-00154,ERCC-00154,0,,
ERCC-00156,ERCC-00156,0,,
ERCC-00157,ERCC-00157,0,,
ERCC-00158,ERCC-00158,0,,
ERCC-00160,ERCC-00160,0,,
ERCC-00162,ERCC-00162,0,,
ERCC-00163,ERCC-00163,0,,
ERCC-00164,ERCC-00164,0,,
ERCC-00165,ERCC-00165,0,,
ERCC-00168,ERCC-00168,0,,
ERCC-00170,ERCC-00170,0,,
ERCC-00171,ERCC-00171,0,,
EU599041,EU599041,0,,
Eaf1,Eaf1,-0.0571,-4.4191,5.0038
Eaf2,Eaf2,0.0152,-0.0168,0.0059
Eapp,Eapp,0.0603,-1.5905,0.9519
Ear-ps10,Ear-ps10,0,,
Ear-ps12,Ear-ps12,0,,
Ear-ps2,Ear-ps2,0,,
Ear-ps3,Ear-ps3,0,,
Ear-ps4,Ear-ps4,0,,
Ear-ps5,Ear-ps5,0,,
Ear-ps7,Ear-ps7,0,,
Ear-ps8,Ear-ps8,0,,
Ear-ps9,Ear-ps9,0,,
Ear1,Ear1,0,,
Ear10,Ear10,0,,
Ear11,Ear11,0.0116,0.9835,0.4876
Ear14,Ear14,0,,
Ear2,Ear2,-0.0026,-1.431,0.8169
Ear5,Ear5,0.0002,-1.3035,0.7158
Ear6,Ear6,0,,
Ears2,Ears2,0.0119,0.2476,0.0945
Ebag9,Ebag9,-0.0464,-3.9335,4.0771
Ebf1,Ebf1,0.0112,0.6927,0.3111
Ebf2,Ebf2,0,,
Ebf3,Ebf3,-0.0378,-2.053,1.3971
Ebf4,Ebf4,0.0075,0.6927,0.3111
Ebi3,Ebi3,-0.0123,-1.7718,1.1168
Ebna1bp2,Ebna1bp2,0.0241,-1.2342,0.6633
Ebp,Ebp,-0.0879,-4.8503,5.909
Ebpl,Ebpl,-0.08,-3.6382,3.5613
Ecd,Ecd,0.0216,-2.0179,1.3605
Ece1,Ece1,-0.0065,-1.7747,1.1195
Ece2,Ece2,-0.0058,-2.2049,1.5613
Ecel1,Ecel1,0,,
Ech1,Ech1,0.0435,-0.3754,0.1504
Echdc1,Echdc1,-0.0205,-1.8517,1.1934
Echdc2,Echdc2,0,,
Echdc3,Echdc3,0,,
Echs1,Echs1,-0.0652,-5.4915,7.3995
Eci1,Eci1,0.0394,-2.0891,1.4354
Eci2,Eci2,-0.0466,-3.6089,3.5122
Eci3,Eci3,0,,
Ecm1,Ecm1,0.004,0.3286,0.1293
Ecm2,Ecm2,0,,
Ecscr,Ecscr,0.2579,3.7846,3.8126
Ecsit,Ecsit,0.0101,-0.0255,0.0089
Ect2,Ect2,0.0079,0.6927,0.3111
Ect2l,Ect2l,0,,
Eda,Eda,0,,
Eda2r,Eda2r,0,,
Edar,Edar,-0.0043,-1.431,0.8169
Edaradd,Edaradd,0,,
Edc3,Edc3,-0.011,-1.9356,1.2764
Edc4,Edc4,-0.0214,-3.1576,2.7984
Eddm3b,Eddm3b,0,,
Edem1,Edem1,0.0505,-2.5893,2.0169
Edem2,Edem2,-0.162,-5.8592,8.3323
Edem3,Edem3,-0.0793,-4.6488,5.4764
Edf1,Edf1,-0.0426,-5.1681,6.6263
Edil3,Edil3,0.0108,0.6927,0.3111
Edn1,Edn1,0.0062,0.6927,0.3111
Edn2,Edn2,0,,
Edn3,Edn3,0,,
Ednra,Ednra,0,,
Ednrb,Ednrb,0,,
Eea1,Eea1,0.027,-2.3963,1.7809
Eed,Eed,-0.0758,-4.5998,5.3737
Eef1a1,Eef1a1,0.147,-1.4884,0.8644
Eef1a2,Eef1a2,0,,
Eef1b2,Eef1b2,0.1793,-0.393,0.1584
Eef1d,Eef1d,0.0107,-2.8687,2.385
Eef1e1,Eef1e1,0.0355,-1.3551,0.756
Eef1g,Eef1g,0.1272,-2.2274,1.5863
Eef2,Eef2,0.4304,4.0757,4.3384
Eef2k,Eef2k,0.0432,-0.0033,0.0011
Eefsec,Eefsec,-0.0444,-2.8566,2.3683
Eepd1,Eepd1,-0.0042,-3.7579,3.7662
Efcab1,Efcab1,0,,
Efcab10,Efcab10,0,,
Efcab2,Efcab2,-0.0026,-1.431,0.8169
Efcab3,Efcab3,0,,
Efcab4a,Efcab4a,-0.0111,-1.4561,0.8375
Efcab4b,Efcab4b,0,,
Efcab5,Efcab5,0,,
Efcab6,Efcab6,0,,
Efcab7,Efcab7,-0.0043,-2.0286,1.3716
Efcab8,Efcab8,0,,
Efcab9,Efcab9,0,,
Efemp1,Efemp1,0,,
Efemp2,Efemp2,-0.0179,-3.0894,2.6978
Efha1,Efha1,-0.0755,-3.7879,3.8183
Efha2,Efha2,-0.023,-2.8765,2.3957
Efhb,Efhb,0,,
Efhc1,Efhc1,0,,
Efhc2,Efhc2,0,,
Efhd1,Efhd1,0.0129,0.6927,0.3111
Efhd2,Efhd2,0.3734,0.2062,0.0775
Efna1,Efna1,0,,
Efna2,Efna2,-0.0026,-1.431,0.8169
Efna3,Efna3,0,,
Efna4,Efna4,0,,
Efna5,Efna5,0.0017,0.6927,0.3111
Efnb1,Efnb1,-0.0093,-1.6295,0.9863
Efnb2,Efnb2,-0.0026,-1.431,0.8169
Efnb3,Efnb3,0,,
Efr3a,Efr3a,0.0464,-2.1376,1.4875
Efr3b,Efr3b,-0.0406,-4.2831,4.7345
Efs,Efs,0,,
Eftud1,Eftud1,-0.0344,-3.1576,2.7984
Eftud2,Eftud2,-0.0027,-1.9205,1.2613
Egf,Egf,0,,
Egfem1,Egfem1,0,,
Egfl6,Egfl6,0,,
Egfl7,Egfl7,-0.0111,-2.0286,1.3716
Egfl8,Egfl8,0,,
Egflam,Egflam,0,,
Egfr,Egfr,0,,
Egln1,Egln1,0.0128,-3.4194,3.2023
Egln2,Egln2,0.0132,-1.8046,1.1479
Egln3,Egln3,-0.1557,-8.6455,17.2711
Egr1,Egr1,-0.2412,-3.5157,3.358
Egr2,Egr2,-0.1701,-4.9482,6.1254
Egr3,Egr3,0,,
Egr4,Egr4,0,,
Ehbp1,Ehbp1,0.0011,-0.0192,0.0067
Ehbp1l1,Ehbp1l1,-0.0194,-1.7168,1.0654
Ehd1,Ehd1,0.006,0.2381,0.0906
Ehd2,Ehd2,0,,
Ehd3,Ehd3,0.0008,0.6927,0.3111
Ehd4,Ehd4,0.0636,-1.7034,1.0531
Ehf,Ehf,0,,
Ehhadh,Ehhadh,0.0158,1.2069,0.6431
Ehmt1,Ehmt1,-0.0162,-3.0747,2.6763
Ehmt2,Ehmt2,0.0344,-1.8174,1.1602
Ei24,Ei24,0.026,-1.6519,1.0063
Eid1,Eid1,0.0432,-2.3053,1.6746
Eid2,Eid2,0.0347,-0.7301,0.3322
Eid2b,Eid2b,-0.0072,-1.3766,0.7731
Eif1,Eif1,0.0345,-2.4529,1.8486
Eif1a,Eif1a,-0.0256,-3.075,2.6768
Eif1ad,Eif1ad,-0.0143,-2.2951,1.6629
Eif1ax,Eif1ax,0.0593,-0.9947,0.495
Eif1b,Eif1b,0.0531,-2.5807,2.0061
Eif2a,Eif2a,-0.0449,-3.7101,3.6837
Eif2ak1,Eif2ak1,-0.0459,-4.0792,4.345
Eif2ak2,Eif2ak2,-0.0508,-3.6219,3.5339
Eif2ak3,Eif2ak3,-0.0126,-2.0944,1.441
Eif2ak4,Eif2ak4,-0.0307,-3.7603,3.7704
Eif2b1,Eif2b1,-0.0315,-3.7676,3.783
Eif2b2,Eif2b2,-0.0181,-2.949,2.4965
Eif2b3,Eif2b3,-0.0093,-0.0432,0.0152
Eif2b4,Eif2b4,0.0101,-2.0407,1.3843
Eif2b5,Eif2b5,-0.0252,-2.9039,2.4335
Eif2c1,Eif2c1,0.0774,-1.4852,0.8617
Eif2c2,Eif2c2,0.0092,-0.2564,0.0982
Eif2c3,Eif2c3,0.0051,-2.2818,1.6478
Eif2c4,Eif2c4,-0.0041,-1.3829,0.7781
Eif2c5,Eif2c5,0,,
Eif2d,Eif2d,-0.0636,-2.2226,1.581
Eif2s1,Eif2s1,-0.0155,-3.8375,3.9055
Eif2s2,Eif2s2,-0.0047,-1.6893,1.0402
Eif2s3x,Eif2s3x,-0.0128,-2.6649,2.1135
Eif2s3y,Eif2s3y,-0.0451,-2.5915,2.0198
Eif3a,Eif3a,0.3159,0.088,0.0316
Eif3b,Eif3b,0.0794,-2.8329,2.336
Eif3c,Eif3c,0.099,-2.3988,1.7839
Eif3d,Eif3d,-0.0108,-3.3256,3.0544
Eif3e,Eif3e,0.0927,-2.3548,1.732
Eif3f,Eif3f,0.2517,-0.6709,0.2991
Eif3g,Eif3g,-0.0408,-4.4987,5.1651
Eif3h,Eif3h,0.2039,-2.507,1.9145
Eif3i,Eif3i,0.0666,-2.556,1.9752
Eif3j,Eif3j,-0.0423,-3.42,3.2032
Eif3k,Eif3k,0.0035,-3.6544,3.5887
Eif3l,Eif3l,0.0788,-2.6233,2.0601
Eif3m,Eif3m,0.1237,-0.7868,0.3651
Eif3s6-ps1,Eif3s6-ps1,-0.0359,-2.6685,2.1181
Eif3s6-ps2,Eif3s6-ps2,0,,
Eif4a-ps4,Eif4a-ps4,0.01,1.2069,0.6431
Eif4a1,Eif4a1,-0.0724,-3.5141,3.3553
Eif4a2,Eif4a2,0.0073,-3.335,3.069
Eif4a3,Eif4a3,0.0063,-2.8084,2.3029
Eif4b,Eif4b,0.18,-0.9673,0.4771
Eif4e,Eif4e,0.0873,0.895,0.4309
Eif4e1b,Eif4e1b,0,,
Eif4e2,Eif4e2,-0.0135,-4.0291,4.2518
Eif4e3,Eif4e3,0.026,-1.3913,0.7848
Eif4ebp1,Eif4ebp1,0.021,-1.7733,1.1181
Eif4ebp2,Eif4ebp2,0.0466,-0.6321,0.2779
Eif4ebp3,Eif4ebp3,0.0005,-2.6154,2.0501
Eif4enif1,Eif4enif1,0.0153,-0.5368,0.2281
Eif4g1,Eif4g1,0.1358,-1.6353,0.9914
Eif4g2,Eif4g2,0.1476,-1.5632,0.9281
Eif4g3,Eif4g3,-0.0603,-4.8567,5.9231
Eif4h,Eif4h,-0.0074,-3.2294,2.9064
Eif5,Eif5,0.0425,-1.4337,0.8192
Eif5a,Eif5a,0.0794,-2.869,2.3853
Eif5a2,Eif5a2,0.0083,0.1595,0.0588
Eif5al3-ps,Eif5al3-ps,0,,
Eif5b,Eif5b,0.1384,-2.1936,1.5488
Eif6,Eif6,0.0697,-0.9273,0.4513
Elac1,Elac1,-0.0217,-2.1723,1.5253
Elac2,Elac2,-0.0061,-1.0468,0.5299
Elane,Elane,0.0062,0.6927,0.3111
Elavl1,Elavl1,-0.0752,-3.4258,3.2126
Elavl2,Elavl2,0,,
Elavl3,Elavl3,0,,
Elavl4,Elavl4,-0.0357,-2.9011,2.4296
Elf1,Elf1,-0.0853,-5.237,6.7872
Elf2,Elf2,-0.0149,-2.5064,1.9138
Elf3,Elf3,0,,
Elf4,Elf4,0.0725,-0.8221,0.3861
Elf5,Elf5,0,,
Elfn1,Elfn1,0,,
Elfn2,Elfn2,0,,
Elk1,Elk1,-0.006,-1.431,0.8169
Elk3,Elk3,-0.1959,-5.7723,8.1067
Elk4,Elk4,-0.1217,-4.0553,4.3004
Ell,Ell,-0.0073,-2.1835,1.5376
Ell2,Ell2,-0.0001,-1.9106,1.2514
Ell3,Ell3,0,,
Elmo1,Elmo1,0.1757,0.2563,0.0981
Elmo2,Elmo2,0.0145,-3.0965,2.7082
Elmo3,Elmo3,0.0033,0.6927,0.3111
Elmod1,Elmod1,0,,
Elmod2,Elmod2,-0.0121,-2.0974,1.4442
Elmod3,Elmod3,-0.0018,-0.7342,0.3346
Eln,Eln,0,,
Elof1,Elof1,0.0141,-1.3307,0.7368
Elovl1,Elovl1,0.0138,-2.8781,2.3979
Elovl2,Elovl2,0,,
Elovl3,Elovl3,0,,
Elovl4,Elovl4,0,,
Elovl5,Elovl5,0.0048,-2.508,1.9157
Elovl6,Elovl6,0.0046,0.9835,0.4876
Elovl7,Elovl7,-0.0162,-2.8765,2.3957
Elp2,Elp2,-0.0057,-1.0445,0.5284
Elp3,Elp3,0.0722,0.8516,0.404
Elp4,Elp4,-0.0092,-0.3501,0.1389
Eltd1,Eltd1,0,,
Emb,Emb,-0.006,-1.8054,1.1486
Emcn,Emcn,-0.0051,-1.431,0.8169
Emd,Emd,0.0118,-1.7665,1.1117
Eme1,Eme1,0.0029,0.6927,0.3111
Eme2,Eme2,-0.0022,-0.5226,0.2209
Emg1,Emg1,-0.0423,-2.9903,2.5549
Emid1,Emid1,0,,
Emid2,Emid2,0,,
Emilin1,Emilin1,0,,
Emilin2,Emilin2,-0.0128,-2.8765,2.3957
Emilin3,Emilin3,0,,
Eml1,Eml1,-0.0145,-1.431,0.8169
Eml2,Eml2,-0.0026,-1.431,0.8169
Eml3,Eml3,-0.0635,-2.1619,1.5139
Eml4,Eml4,-0.0358,-2.2198,1.5779
Eml5,Eml5,0.0012,-0.5167,0.218
Eml6,Eml6,-0.0186,-2.5528,1.9712
Emp1,Emp1,-0.0094,-2.0286,1.3716
Emp2,Emp2,0.0048,-0.7384,0.337
Emp3,Emp3,-0.0092,-2.5153,1.9247
Emr1,Emr1,0.3418,0.5951,0.2583
Emr4,Emr4,-0.0051,-1.431,0.8169
Emx1,Emx1,0,,
Emx2,Emx2,0,,
Emx2os,Emx2os,0,,
En1,En1,0,,
En2,En2,0,,
Enah,Enah,0,,
Enam,Enam,0,,
Enc1,Enc1,-0.0295,-3.5945,3.4881
Endod1,Endod1,-0.1225,-5.7945,8.1641
Endog,Endog,-0.0162,-1.4561,0.8375
Endou,Endou,0,,
Eng,Eng,0.0183,-2.8354,2.3395
Engase,Engase,-0.0415,-4.096,4.3765
Enho,Enho,-0.0423,-2.0286,1.3716
Enkur,Enkur,0,,
Eno1,Eno1,-0.0498,-4.4571,5.0805
Eno2,Eno2,-0.0017,-1.431,0.8169
Eno3,Eno3,0.0238,-0.5598,0.2399
Eno4,Eno4,-0.0017,-1.431,0.8169
Enoph1,Enoph1,-0.0233,-3.9778,4.1577
Enox,Enox,0.005,0.9835,0.4876
Enox1,Enox1,0,,
Enox2,Enox2,0.0035,-0.7329,0.3339
Enpep,Enpep,0,,
Enpp1,Enpp1,0.0124,-1.262,0.6841
Enpp2,Enpp2,-0.013,-0.7384,0.337
Enpp3,Enpp3,0,,
Enpp4,Enpp4,0.0211,1.3956,0.7883
Enpp5,Enpp5,0.0079,0.9835,0.4876
Enpp6,Enpp6,0,,
Enpp7,Enpp7,0,,
Ensa,Ensa,0.0219,-0.7506,0.344
Enthd1,Enthd1,0,,
Entpd1,Entpd1,0.1141,-2.9637,2.5172
Entpd2,Entpd2,0,,
Entpd3,Entpd3,0,,
Entpd4,Entpd4,-0.0838,-5.531,7.4971
Entpd5,Entpd5,-0.0185,-2.5686,1.9909
Entpd6,Entpd6,0.0121,-0.7301,0.3322
Entpd7,Entpd7,-0.0332,-4.0237,4.242
Entpd8,Entpd8,0,,
Eny2,Eny2,0.059,-1.1474,0.6
Eomes,Eomes,0,,
Ep300,Ep300,0.02,-3.0781,2.6812
Ep400,Ep400,-0.0021,-4.4489,5.0639
Epas1,Epas1,-0.0034,-1.431,0.8169
Epb4.1,Epb4.1,0.0298,-2.1471,1.4977
Epb4.1l1,Epb4.1l1,0.0153,1.3956,0.7883
Epb4.1l2,Epb4.1l2,0.4429,1.4272,0.8139
Epb4.1l3,Epb4.1l3,0.1282,0.6643,0.2954
Epb4.1l4a,Epb4.1l4a,0,,
Epb4.1l4b,Epb4.1l4b,0.0087,0.6927,0.3111
Epb4.1l5,Epb4.1l5,-0.0272,-2.4881,1.8914
Epb4.2,Epb4.2,0,,
Epb4.9,Epb4.9,0.0075,0.6927,0.3111
Epc1,Epc1,-0.0732,-4.9973,6.2355
Epc2,Epc2,-0.0305,-2.5499,1.9676
Epcam,Epcam,-0.0065,-0.5226,0.2209
Epdr1,Epdr1,0,,
Epgn,Epgn,0,,
Epha1,Epha1,0,,
Epha10,Epha10,0,,
Epha2,Epha2,0.0226,0.8474,0.4014
Epha3,Epha3,0,,
Epha4,Epha4,0,,
Epha5,Epha5,0,,
Epha6,Epha6,0,,
Epha7,Epha7,0.0025,0.6927,0.3111
Epha8,Epha8,0,,
Ephb1,Ephb1,0,,
Ephb2,Ephb2,0,,
Ephb3,Ephb3,-0.0145,-1.431,0.8169
Ephb4,Ephb4,0.0042,0.6927,0.3111
Ephb6,Ephb6,-0.0043,-1.431,0.8169
Ephx1,Ephx1,-0.3176,-9.5047,20.6976
Ephx2,Ephx2,0,,
Ephx3,Ephx3,0,,
Ephx4,Ephx4,0,,
Epm2a,Epm2a,-0.028,-2.8304,2.3326
Epm2aip1,Epm2aip1,-0.0212,-2.5499,1.9675
Epn1,Epn1,0.1337,-0.471,0.1954
Epn2,Epn2,0.0202,0.6869,0.3079
Epn3,Epn3,0,,
Epo,Epo,0,,
Epor,Epor,0,,
Eprs,Eprs,0.1129,-1.1895,0.6303
Eps15,Eps15,0.0486,-1.8562,1.1978
Eps15l1,Eps15l1,-0.0194,-2.5528,1.9712
Eps8,Eps8,-0.0234,-1.8137,1.1566
Eps8l1,Eps8l1,0.0159,-1.0243,0.5147
Eps8l2,Eps8l2,0,,
Eps8l3,Eps8l3,0,,
Epsti1,Epsti1,0.0151,-0.0362,0.0127
Ept1,Ept1,0.0102,-0.2746,0.1059
Epx,Epx,0,,
Epyc,Epyc,0,,
Eral1,Eral1,0.0057,-1.2501,0.6751
Erap1,Erap1,0.0097,-2.6784,2.1309
Eras,Eras,0,,
Erbb2,Erbb2,0,,
Erbb2ip,Erbb2ip,0.1059,-1.1467,0.5994
Erbb3,Erbb3,0,,
Erbb4,Erbb4,0,,
Erc1,Erc1,-0.004,-1.8012,1.1447
Erc2,Erc2,-0.0051,-1.431,0.8169
Ercc1,Ercc1,-0.0111,-2.8272,2.3283
Ercc2,Ercc2,-0.0118,-1.8087,1.1518
Ercc3,Ercc3,-0.0378,-3.6113,3.5162
Ercc4,Ercc4,-0.0036,-1.2979,0.7115
Ercc5,Ercc5,-0.0115,-2.5137,1.9228
Ercc6,Ercc6,-0.0163,-2.195,1.5503
Ercc6l,Ercc6l,0,,
Ercc8,Ercc8,-0.0252,-1.819,1.1617
Ereg,Ereg,0,,
Erf,Erf,0.0159,-1.3731,0.7702
Erg,Erg,0,,
Ergic1,Ergic1,0.0163,-2.6857,2.1404
Ergic2,Ergic2,-0.04,-2.616,2.0508
Ergic3,Ergic3,-0.1302,-5.6104,7.6949
Erh,Erh,0.0085,-0.0351,0.0123
Eri1,Eri1,-0.05,-3.3588,3.1063
Eri2,Eri2,-0.0423,-2.0286,1.3716
Eri3,Eri3,0.012,-1.9814,1.3229
Erich1,Erich1,-0.0382,-0.9269,0.451
Erlec1,Erlec1,-0.0646,-4.9356,6.0975
Erlin1,Erlin1,0.0346,-0.6624,0.2944
Erlin2,Erlin2,-0.0547,-4.0131,4.2224
Ermap,Ermap,0,,
Ermn,Ermn,-0.0103,-1.431,0.8169
Ermp1,Ermp1,-0.01,-3.3384,3.0743
Ern1,Ern1,-0.0121,-1.8965,1.2374
Ern2,Ern2,0,,
Ero1l,Ero1l,0.0036,-1.5293,0.899
Ero1lb,Ero1lb,-0.0369,-3.882,3.9846
Erp27,Erp27,0.0062,0.9835,0.4876
Erp29,Erp29,-0.4866,-8.7579,17.7011
Erp44,Erp44,-0.0233,-4.0258,4.2459
Errfi1,Errfi1,-0.0257,-2.8244,2.3245
Erv3,Erv3,0,,
Esam,Esam,0,,
Esco1,Esco1,-0.033,-3.8074,3.8526
Esco2,Esco2,0.0029,0.6927,0.3111
Esd,Esd,0.0348,-3.3046,3.0217
Esf1,Esf1,0.0469,-0.83,0.3909
Esm1,Esm1,0,,
Espl1,Espl1,-0.0035,-1.2501,0.6751
Espn,Espn,-0.0094,-2.4881,1.8914
Espnl,Espnl,0,,
Esr1,Esr1,-0.0361,-3.3206,3.0466
Esr2,Esr2,0,,
Esrp1,Esrp1,0,,
Esrp2,Esrp2,0,,
Esrra,Esrra,0.0284,-0.8629,0.411
Esrrb,Esrrb,0,,
Esrrg,Esrrg,0,,
Esx1,Esx1,0,,
Esyt1,Esyt1,-0.1156,-4.7056,5.5968
Esyt2,Esyt2,-0.0124,-2.5486,1.9659
Esyt3,Esyt3,0,,
Etaa1,Etaa1,0.0047,-0.7342,0.3346
Etd,Etd,0,,
Etf1,Etf1,-0.0491,-3.5461,3.4079
Etfa,Etfa,0.0574,-0.8882,0.4266
Etfb,Etfb,0.0936,-1.1346,0.5909
Etfdh,Etfdh,0.0124,-0.9682,0.4777
Ethe1,Ethe1,-0.0033,-2.0066,1.3488
Etl4,Etl4,-0.081,-5.6337,7.7535
Etnk1,Etnk1,0.0506,-1.5416,0.9095
Etnk2,Etnk2,0,,
Etohd2,Etohd2,0.0137,0.9835,0.4876
Etohi1,Etohi1,0,,
Etos1,Etos1,0,,
Ets1,Ets1,0.0105,-2.4269,1.8174
Ets2,Ets2,-0.0598,-4.5907,5.3548
Etv1,Etv1,0.0432,0.6883,0.3087
Etv2,Etv2,0,,
Etv3,Etv3,0.0102,-1.9624,1.3035
Etv4,Etv4,-0.0011,-1.2501,0.6751
Etv5,Etv5,-0.0285,-2.9169,2.4516
Etv6,Etv6,-0.0713,-4.6494,5.4778
Evc,Evc,0,,
Evc2,Evc2,0,,
Evi2a,Evi2a,-0.1728,-5.5746,7.6054
Evi2b,Evi2b,-0.0637,-3.7466,3.7466
Evi5,Evi5,0.0181,-3.4163,3.1974
Evi5l,Evi5l,-0.0108,-0.3538,0.1406
Evl,Evl,-0.0195,-3.7811,3.8065
Evpl,Evpl,0,,
Evx1,Evx1,0,,
Evx2,Evx2,0,,
Ewsr1,Ewsr1,0.0331,-2.1254,1.4742
Exd1,Exd1,-0.0017,-1.431,0.8169
Exd2,Exd2,-0.0204,-3.3506,3.0935
Exo1,Exo1,0,,
Exoc1,Exoc1,-0.0029,-1.844,1.1858
Exoc2,Exoc2,0.015,-1.2545,0.6785
Exoc3,Exoc3,0.0166,-2.2988,1.6672
Exoc3l,Exoc3l,0,,
Exoc3l2,Exoc3l2,-0.0026,-2.0286,1.3716
Exoc4,Exoc4,0.0603,-1.4545,0.8362
Exoc5,Exoc5,0.0354,-1.1169,0.5783
Exoc6,Exoc6,0.0384,-0.4332,0.1773
Exoc6b,Exoc6b,0.0762,-1.0278,0.5171
Exoc7,Exoc7,0.0176,-2.8076,2.3018
Exoc8,Exoc8,-0.0399,-3.6246,3.5386
Exog,Exog,-0.0171,-2.2092,1.5661
Exosc1,Exosc1,-0.0141,-2.0715,1.4166
Exosc10,Exosc10,0.0468,-1.3379,0.7425
Exosc2,Exosc2,-0.0205,-2.2625,1.6259
Exosc3,Exosc3,-0.0081,-1.6893,1.0402
Exosc4,Exosc4,-0.0394,-2.6053,2.0372
Exosc5,Exosc5,-0.0076,-1.4814,0.8585
Exosc7,Exosc7,0.0105,0.3312,0.1305
Exosc8,Exosc8,0.0028,-0.3806,0.1527
Exosc9,Exosc9,0.0393,-0.4103,0.1665
Exph5,Exph5,0,,
Expi,Expi,0,,
Ext1,Ext1,-0.0028,-1.153,0.604
Ext2,Ext2,-0.0427,-4.3804,4.9265
Extl1,Extl1,0,,
Extl2,Extl2,-0.0361,-3.4981,3.3292
Extl3,Extl3,-0.0434,-4.0423,4.2764
Eya1,Eya1,0,,
Eya2,Eya2,0,,
Eya3,Eya3,0.0061,-0.8005,0.3732
Eya4,Eya4,0.0049,-0.7301,0.3322
Ezh1,Ezh1,0.0373,-0.2086,0.0784
Ezh2,Ezh2,0.0002,-1.375,0.7718
Ezr,Ezr,0.0456,0.9386,0.4585
F10,F10,0,,
F11,F11,0,,
F11r,F11r,-0.1895,-6.4192,9.8632
F12,F12,0,,
F13a1,F13a1,0.0261,1.0419,0.5265
F13b,F13b,0,,
F2,F2,0,,
F2r,F2r,-0.0086,-2.8765,2.3957
F2rl1,F2rl1,0,,
F2rl2,F2rl2,0,,
F2rl3,F2rl3,0,,
F3,F3,-0.0074,-1.2501,0.6751
F420014N23Rik,F420014N23Rik,0,,
F5,F5,0,,
F630028O10Rik,F630028O10Rik,0,,
F630040L22Rik,F630040L22Rik,0,,
F630043A04Rik,F630043A04Rik,0.0029,0.6927,0.3111
F630110N24Rik,F630110N24Rik,-0.2121,-7.5905,13.4965
F630111L10Rik,F630111L10Rik,-0.0244,-2.5558,1.9749
F630206G17Rik,F630206G17Rik,0.0075,0.9835,0.4876
F7,F7,0,,
F730016J06Rik,F730016J06Rik,0,,
F730035M05Rik,F730035M05Rik,0,,
F730035P03Rik,F730035P03Rik,0,,
F730043M19Rik,F730043M19Rik,0.0058,-0.5167,0.218
F730048M01Rik,F730048M01Rik,0,,
F8,F8,0,,
F830001A07Rik,F830001A07Rik,0,,
F830016B08Rik,F830016B08Rik,0,,
F830016D02Rik,F830016D02Rik,0,,
F830045P16Rik,F830045P16Rik,0,,
F830104G03Rik,F830104G03Rik,0,,
F830208F22Rik,F830208F22Rik,0,,
F8a,F8a,-0.0295,-2.8364,2.3408
F9,F9,-0.0215,-1.1519,0.6032
F930015N05Rik,F930015N05Rik,0,,
F930017D23Rik,F930017D23Rik,0,,
Fa2h,Fa2h,0,,
Faah,Faah,0.0058,0.6927,0.3111
Fabp1,Fabp1,0.0017,0.6927,0.3111
Fabp12,Fabp12,-0.0026,-1.431,0.8169
Fabp2,Fabp2,0,,
Fabp3,Fabp3,-0.1035,-7.472,13.1025
Fabp3-ps1,Fabp3-ps1,-0.0111,-3.2197,2.8916
Fabp4,Fabp4,-0.0111,-1.431,0.8169
Fabp5,Fabp5,-0.5123,-12.638,35.8849
Fabp5l2,Fabp5l2,-0.0032,-1.8012,1.1447
Fabp6,Fabp6,0,,
Fabp7,Fabp7,-0.0045,-1.7679,1.1131
Fabp9,Fabp9,0,,
Fadd,Fadd,-0.0358,-4.3552,4.8763
Fads1,Fads1,0.0151,-2.5111,1.9195
Fads2,Fads2,0,,
Fads3,Fads3,-0.0051,-2.0286,1.3716
Fads6,Fads6,0.0046,0.6927,0.3111
Faf1,Faf1,-0.0042,-2.1547,1.5061
Faf2,Faf2,-0.065,-4.0368,4.2662
Fah,Fah,0,,
Fahd1,Fahd1,0.0024,-0.0168,0.0059
Fahd2a,Fahd2a,-0.0025,-1.788,1.1321
Faim,Faim,-0.0388,-2.3084,1.6782
Faim2,Faim2,0,,
Faim3,Faim3,0,,
Fam100a,Fam100a,0.0271,-3.5969,3.4921
Fam100b,Fam100b,0.0556,0.0261,0.0091
Fam101a,Fam101a,0,,
Fam101b,Fam101b,0,,
Fam102a,Fam102a,-0.0695,-4.0348,4.2624
Fam102b,Fam102b,0.1139,-2.4141,1.802
Fam103a1,Fam103a1,-0.0556,-3.6213,3.5329
Fam105a,Fam105a,0.0871,-0.9019,0.4352
Fam105b,Fam105b,-0.0111,-1.8247,1.1672
Fam107a,Fam107a,0.0058,0.6927,0.3111
Fam107b,Fam107b,-0.0139,-2.4346,1.8266
Fam108a,Fam108a,0.0231,-2.4992,1.9049
Fam108b,Fam108b,-0.0365,-1.3766,0.7731
Fam108c,Fam108c,0.0263,-3.2066,2.8719
Fam109a,Fam109a,-0.0015,-1.2942,0.7086
Fam109b,Fam109b,0,,
Fam110a,Fam110a,-0.0038,0.1707,0.0633
Fam110b,Fam110b,0,,
Fam110c,Fam110c,0,,
Fam111a,Fam111a,0.0295,-2.3932,1.7773
Fam113a,Fam113a,0.0156,-0.8916,0.4288
Fam113b,Fam113b,0.0078,-0.7301,0.3322
Fam114a1,Fam114a1,0.0007,-1.8747,1.2159
Fam114a2,Fam114a2,-0.0822,-5.2572,6.8349
Fam115a,Fam115a,-0.0019,-1.2998,0.7129
Fam115c,Fam115c,0,,
Fam115e,Fam115e,0,,
Fam116a,Fam116a,0.0444,-2.9326,2.4734
Fam116b,Fam116b,-0.0145,-2.4881,1.8914
Fam117a,Fam117a,-0.0179,-3.8982,4.0136
Fam117b,Fam117b,0.0147,-2.7325,2.2016
Fam118a,Fam118a,-0.0077,-2.0286,1.3716
Fam118b,Fam118b,-0.0308,-2.6173,2.0524
Fam119b,Fam119b,0,,
Fam120a,Fam120a,0.079,-0.9442,0.4621
Fam120b,Fam120b,0.0378,-0.8986,0.4331
Fam120c,Fam120c,0,,
Fam122a,Fam122a,-0.0142,-2.1887,1.5434
Fam122b,Fam122b,-0.0062,-1.3766,0.7731
Fam122c,Fam122c,0,,
Fam123a,Fam123a,0,,
Fam123b,Fam123b,-0.0077,-2.4881,1.8914
Fam123c,Fam123c,0,,
Fam124a,Fam124a,0,,
Fam124b,Fam124b,0,,
Fam125a,Fam125a,0.0514,-0.1714,0.0635
Fam125b,Fam125b,0.0056,-3.2128,2.8812
Fam126a,Fam126a,-0.0267,-2.1543,1.5056
Fam126b,Fam126b,-0.044,-3.2197,2.8916
Fam129a,Fam129a,-0.0012,-2.1016,1.4487
Fam129b,Fam129b,-0.001,-1.912,1.2527
Fam129c,Fam129c,-0.0009,-1.431,0.8169
Fam131a,Fam131a,-0.005,-2.8376,2.3425
Fam131b,Fam131b,0,,
Fam131c,Fam131c,0,,
Fam132a,Fam132a,0.0043,-1.2501,0.6751
Fam132b,Fam132b,0,,
Fam133b,Fam133b,-0.0003,-0.9376,0.4578
Fam134a,Fam134a,-0.0749,-5.0714,6.4034
Fam134b,Fam134b,-0.0796,-5.8437,8.292
Fam134c,Fam134c,-0.0083,-2.1936,1.5487
Fam135a,Fam135a,-0.0026,-0.8984,0.433
Fam135b,Fam135b,0,,
Fam136a,Fam136a,0.0025,-0.479,0.1993
Fam136b-ps,Fam136b-ps,0,,
Fam13a,Fam13a,-0.0179,-2.4881,1.8914
Fam13b,Fam13b,0.0294,-0.7163,0.3244
Fam13c,Fam13c,0,,
Fam149a,Fam149a,0.0594,0.9296,0.4527
Fam149b,Fam149b,-0.003,-1.2549,0.6788
Fam150a,Fam150a,0,,
Fam150b,Fam150b,0,,
Fam151a,Fam151a,0,,
Fam151b,Fam151b,-0.0209,-0.7425,0.3394
Fam154a,Fam154a,0,,
Fam154b,Fam154b,0,,
Fam155a,Fam155a,0,,
Fam158a,Fam158a,-0.0021,-1.9378,1.2786
Fam159a,Fam159a,-0.0026,-1.431,0.8169
Fam159b,Fam159b,0,,
Fam160a1,Fam160a1,0,,
Fam160a2,Fam160a2,0.0007,-0.0323,0.0113
Fam160b1,Fam160b1,-0.0117,-0.3971,0.1603
Fam160b2,Fam160b2,-0.0104,-1.4784,0.8561
Fam161a,Fam161a,0,,
Fam161b,Fam161b,0,,
Fam162a,Fam162a,-0.0434,-4.4489,5.064
Fam162b,Fam162b,0,,
Fam163a,Fam163a,0,,
Fam163b,Fam163b,0,,
Fam164a,Fam164a,-0.0348,-3.6131,3.5192
Fam164b,Fam164b,0,,
Fam164c,Fam164c,0,,
Fam165b,Fam165b,-0.051,-3.8604,3.9461
Fam166a,Fam166a,0,,
Fam166b,Fam166b,0,,
Fam167a,Fam167a,0,,
Fam167b,Fam167b,0.0299,-1.7133,1.0622
Fam168a,Fam168a,0.088,-1.4241,0.8113
Fam168b,Fam168b,0.0997,-1.7456,1.0921
Fam169a,Fam169a,0,,
Fam169b,Fam169b,0,,
Fam170a,Fam170a,0,,
Fam170b,Fam170b,0,,
Fam171a1,Fam171a1,-0.0162,-2.8765,2.3957
Fam171a2,Fam171a2,0,,
Fam171b,Fam171b,-0.0034,-1.431,0.8169
Fam172a,Fam172a,0.0595,1.003,0.5005
Fam173a,Fam173a,-0.0976,-4.5387,5.2472
Fam173b,Fam173b,-0.0048,-0.3519,0.1397
Fam174a,Fam174a,-0.005,-4.9392,6.1053
Fam174b,Fam174b,0,,
Fam175a,Fam175a,-0.0012,-0.7384,0.337
Fam175b,Fam175b,-0.0841,-3.8238,3.8814
Fam176a,Fam176a,0.0089,-0.0334,0.0117
Fam176b,Fam176b,0.0226,-0.9355,0.4565
Fam177a,Fam177a,-0.0045,-1.8012,1.1447
Fam178a,Fam178a,-0.1296,-5.3185,6.9803
Fam178b,Fam178b,-0.0043,-1.431,0.8169
Fam179a,Fam179a,0,,
Fam179b,Fam179b,-0.0333,-2.8369,2.3415
Fam180a,Fam180a,0,,
Fam181b,Fam181b,0,,
Fam183b,Fam183b,0,,
Fam184a,Fam184a,0,,
Fam184b,Fam184b,0,,
Fam185a,Fam185a,-0.0349,-2.1966,1.5521
Fam186b,Fam186b,0,,
Fam187a,Fam187a,0,,
Fam187b,Fam187b,0,,
Fam188a,Fam188a,0.0866,0.5465,0.2331
Fam188b,Fam188b,0.001,-1.2501,0.6751
Fam189a1,Fam189a1,0,,
Fam189a2,Fam189a2,-0.0196,-3.8176,3.8705
Fam189b,Fam189b,-0.0201,-2.6561,2.1022
Fam18a,Fam18a,0,,
Fam18b,Fam18b,0.021,-1.1132,0.5757
Fam190a,Fam190a,0,,
Fam192a,Fam192a,0.0051,-1.677,1.029
Fam193a,Fam193a,-0.048,-2.8974,2.4245
Fam193b,Fam193b,-0.0193,-1.8054,1.1486
Fam194a,Fam194a,0,,
Fam195a,Fam195a,0.007,-1.0335,0.5209
Fam195b,Fam195b,-0.0133,-2.3878,1.7708
Fam196a,Fam196a,0,,
Fam196b,Fam196b,0,,
Fam198a,Fam198a,0,,
Fam198b,Fam198b,-0.0017,-1.431,0.8169
Fam199x,Fam199x,0.0406,1.0518,0.5333
Fam19a1,Fam19a1,0,,
Fam19a2,Fam19a2,0,,
Fam19a3,Fam19a3,0.0062,0.6927,0.3111
Fam19a4,Fam19a4,0,,
Fam19a5,Fam19a5,0,,
Fam203a,Fam203a,0.0096,0.9835,0.4876
Fam20a,Fam20a,0,,
Fam20b,Fam20b,0.0487,-2.4568,1.8533
Fam20c,Fam20c,-0.1867,-8.4377,16.49
Fam23a,Fam23a,0,,
Fam24a,Fam24a,0,,
Fam25c,Fam25c,0,,
Fam26d,Fam26d,0,,
Fam26e,Fam26e,0,,
Fam26f,Fam26f,0.0283,-0.6511,0.2882
Fam32a,Fam32a,0.0103,-2.4236,1.8134
Fam33a,Fam33a,0.0016,-0.5167,0.218
Fam35a,Fam35a,-0.0151,-1.3091,0.7201
Fam36a,Fam36a,-0.0157,-3.2583,2.9505
Fam38a,Fam38a,0.0289,-0.3736,0.1495
Fam38b,Fam38b,0,,
Fam3a,Fam3a,0.0126,-2.5927,2.0213
Fam3b,Fam3b,0,,
Fam3c,Fam3c,0.0533,-3.3611,3.11
Fam40a,Fam40a,0.0082,-2.2057,1.5621
Fam40b,Fam40b,0,,
Fam43a,Fam43a,-0.006,-1.431,0.8169
Fam43b,Fam43b,0,,
Fam45a,Fam45a,0.0307,-1.9565,1.2975
Fam46a,Fam46a,-0.0097,-2.0024,1.3445
Fam46b,Fam46b,0,,
Fam46c,Fam46c,-0.4104,-9.4278,20.3781
Fam46d,Fam46d,0,,
Fam47a-ps,Fam47a-ps,0,,
Fam47e,Fam47e,0,,
Fam48a,Fam48a,-0.0898,-2.6188,2.0544
Fam48b1,Fam48b1,0,,
Fam49a,Fam49a,-0.0046,-0.7342,0.3346
Fam49b,Fam49b,0.1981,-0.7573,0.3479
Fam50a,Fam50a,0.0299,-2.7202,2.1855
Fam50b,Fam50b,0,,
Fam53a,Fam53a,-0.0065,-2.18,1.5337
Fam53b,Fam53b,-0.0284,-3.1378,2.769
Fam53c,Fam53c,-0.0526,-3.9014,4.0194
Fam54a,Fam54a,0,,
Fam54b,Fam54b,0.0439,-1.832,1.1743
Fam55b,Fam55b,0,,
Fam55c,Fam55c,-0.0243,-3.0008,2.5698
Fam55d,Fam55d,0,,
Fam57a,Fam57a,0.0017,0.9835,0.4876
Fam57b,Fam57b,0,,
Fam58b,Fam58b,-0.0721,-4.2704,4.7096
Fam59a,Fam59a,0,,
Fam59b,Fam59b,0,,
Fam5b,Fam5b,0,,
Fam5c,Fam5c,0,,
Fam60a,Fam60a,0,,
Fam63a,Fam63a,-0.0129,-1.3908,0.7844
Fam63b,Fam63b,-0.0478,-3.1547,2.7941
Fam64a,Fam64a,0,,
Fam65a,Fam65a,0.0048,-2.2068,1.5634
Fam65b,Fam65b,0.0141,0.6108,0.2665
Fam65c,Fam65c,0,,
Fam69a,Fam69a,-0.0039,-2.844,2.3511
Fam69b,Fam69b,-0.0065,-1.8012,1.1447
Fam69c,Fam69c,0,,
Fam70a,Fam70a,0,,
Fam70b,Fam70b,0,,
Fam71a,Fam71a,-0.0047,-2.2588,1.6217
Fam71b,Fam71b,0,,
Fam71d,Fam71d,0,,
Fam71e1,Fam71e1,0.0071,0.6927,0.3111
Fam71e2,Fam71e2,0,,
Fam71f1,Fam71f1,0,,
Fam71f2,Fam71f2,0,,
Fam72a,Fam72a,0.0019,-0.5167,0.218
Fam73a,Fam73a,-0.0419,-1.8179,1.1606
Fam73b,Fam73b,-0.0012,-1.7679,1.1131
Fam75d3,Fam75d3,0,,
Fam76a,Fam76a,-0.01,-3.3334,3.0665
Fam76b,Fam76b,0.0028,-1.1565,0.6064
Fam78a,Fam78a,0.0065,-0.3408,0.1347
Fam78b,Fam78b,0.0008,-0.5167,0.218
Fam81a,Fam81a,0.024,0.9835,0.4876
Fam81b,Fam81b,0,,
Fam82a1,Fam82a1,-0.0179,-2.4881,1.8914
Fam82a2,Fam82a2,-0.0018,-1.6121,0.9708
Fam82b,Fam82b,-0.0175,-3.3221,3.0489
Fam83a,Fam83a,0,,
Fam83b,Fam83b,0,,
Fam83c,Fam83c,0,,
Fam83d,Fam83d,0,,
Fam83e,Fam83e,0,,
Fam83f,Fam83f,0,,
Fam83g,Fam83g,0,,
Fam83h,Fam83h,0,,
Fam84a,Fam84a,0,,
Fam84b,Fam84b,0.0041,-1.2942,0.7086
Fam86,Fam86,0.0239,-2.2342,1.594
Fam89a,Fam89a,-0.0038,-2.1808,1.5347
Fam89b,Fam89b,0,,
Fam92a,Fam92a,-0.0058,-0.8984,0.433
Fam92b,Fam92b,0,,
Fam96a,Fam96a,0.1421,0.4077,0.1652
Fam96b,Fam96b,-0.0278,-3.4219,3.2062
Fam98a,Fam98a,0.0021,-0.2164,0.0816
Fam98b,Fam98b,0.0447,-0.6453,0.2851
Fam98c,Fam98c,-0.0009,-1.949,1.2899
Fan1,Fan1,-0.0094,-2.0286,1.3716
Fanca,Fanca,0,,
Fancb,Fancb,0,,
Fancc,Fancc,-0.0255,-2.0286,1.3716
Fancd2,Fancd2,-0.0094,-2.0286,1.3716
Fance,Fance,0.0126,-1.451,0.8333
Fancf,Fancf,-0.0009,-1.2501,0.6751
Fancg,Fancg,-0.0167,-1.311,0.7215
Fanci,Fanci,0,,
Fancl,Fancl,-0.0056,-1.7924,1.1363
Fancm,Fancm,0,,
Fank1,Fank1,0,,
Fap,Fap,0,,
Far1,Far1,-0.0692,-3.0402,2.6264
Far2,Far2,0,,
Farp1,Farp1,0.0016,-0.5167,0.218
Farp2,Farp2,-0.0222,-2.0286,1.3716
Fars2,Fars2,0.0047,-1.0115,0.5061
Farsa,Farsa,0.0267,-1.6053,0.9649
Farsb,Farsb,0.0056,-2.681,2.1343
Fas,Fas,0.0062,0.6927,0.3111
Fasl,Fasl,0,,
Fasn,Fasn,-0.0636,-3.6153,3.5228
Fastk,Fastk,-0.0055,-1.9322,1.273
Fastkd1,Fastkd1,-0.0145,-2.0286,1.3716
Fastkd2,Fastkd2,-0.0163,-2.6476,2.0912
Fastkd3,Fastkd3,-0.012,-2.0286,1.3716
Fastkd5,Fastkd5,0.0004,-0.5167,0.218
Fat1,Fat1,0.0094,-0.0168,0.0059
Fat2,Fat2,0,,
Fat3,Fat3,-0.002,-1.5419,0.9098
Fat4,Fat4,0,,
Fate1,Fate1,0,,
Fau,Fau,0.2307,-0.8431,0.3988
Fau-ps1,Fau-ps1,0,,
Fau-ps2,Fau-ps2,0,,
Fbf1,Fbf1,0.0008,-0.3408,0.1347
Fbl,Fbl,-0.0057,-1.2525,0.6769
Fblim1,Fblim1,-0.0291,-2.7799,2.2646
Fbll1,Fbll1,0,,
Fbln1,Fbln1,0,,
Fbln2,Fbln2,0,,
Fbln5,Fbln5,-0.0009,-1.431,0.8169
Fbln7,Fbln7,0,,
Fbn1,Fbn1,0,,
Fbn2,Fbn2,0,,
Fbp1,Fbp1,-0.0009,-1.431,0.8169
Fbp2,Fbp2,0,,
Fbrs,Fbrs,-0.093,-4.1365,4.4526
Fbrsl1,Fbrsl1,0.0191,-0.1675,0.062
Fbxl12,Fbxl12,-0.0191,-1.7984,1.1419
Fbxl13,Fbxl13,0,,
Fbxl14,Fbxl14,0.0315,-2.3024,1.6714
Fbxl15,Fbxl15,0.0128,-1.2979,0.7115
Fbxl16,Fbxl16,-0.012,-2.0286,1.3716
Fbxl17,Fbxl17,-0.0386,-2.8909,2.4155
Fbxl18,Fbxl18,-0.004,-0.4177,0.17
Fbxl19,Fbxl19,0.0075,1.2069,0.6431
Fbxl2,Fbxl2,0,,
Fbxl20,Fbxl20,-0.0222,-2.7285,2.1964
Fbxl21,Fbxl21,-0.0001,-0.5167,0.218
Fbxl22,Fbxl22,0,,
Fbxl3,Fbxl3,-0.0119,-3.0449,2.6331
Fbxl4,Fbxl4,-0.0071,-0.3519,0.1397
Fbxl5,Fbxl5,0.001,-1.8623,1.2037
Fbxl6,Fbxl6,0.0269,-0.8726,0.417
Fbxl7,Fbxl7,0,,
Fbxl8,Fbxl8,-0.0031,-0.0216,0.0075
Fbxo10,Fbxo10,0,-1.2501,0.6751
Fbxo11,Fbxo11,0.0695,-0.5978,0.2597
Fbxo15,Fbxo15,0,,
Fbxo16,Fbxo16,0,,
Fbxo17,Fbxo17,0.0029,0.6927,0.3111
Fbxo18,Fbxo18,0.0961,-0.4664,0.1932
Fbxo2,Fbxo2,0,,
Fbxo21,Fbxo21,-0.0386,-3.3265,3.0558
Fbxo22,Fbxo22,-0.0186,-2.1911,1.5459
Fbxo24,Fbxo24,0,,
Fbxo25,Fbxo25,0.0013,-1.1472,0.5998
Fbxo27,Fbxo27,0,,
Fbxo28,Fbxo28,-0.0272,-2.4656,1.8639
Fbxo3,Fbxo3,-0.0192,-2.7575,2.2347
Fbxo30,Fbxo30,0.0214,0.6126,0.2675
Fbxo31,Fbxo31,0.0166,1.3956,0.7883
Fbxo32,Fbxo32,0.0004,-1.773,1.1179
Fbxo33,Fbxo33,-0.0541,-2.9487,2.496
Fbxo34,Fbxo34,-0.0007,-1.2942,0.7086
Fbxo36,Fbxo36,0,,
Fbxo38,Fbxo38,-0.037,-2.5097,1.9178
Fbxo39,Fbxo39,0,,
Fbxo4,Fbxo4,-0.0015,-1.1527,0.6038
Fbxo40,Fbxo40,0,,
Fbxo41,Fbxo41,0,,
Fbxo42,Fbxo42,0.0084,-1.0103,0.5054
Fbxo43,Fbxo43,0,,
Fbxo44,Fbxo44,0.0066,-0.7301,0.3322
Fbxo45,Fbxo45,-0.0166,-1.1726,0.6181
Fbxo46,Fbxo46,-0.0527,-3.004,2.5743
Fbxo47,Fbxo47,0,,
Fbxo48,Fbxo48,0.0004,0.6927,0.3111
Fbxo5,Fbxo5,-0.0064,-1.2597,0.6824
Fbxo6,Fbxo6,-0.0043,-3.2155,2.8853
Fbxo7,Fbxo7,-0.0166,-2.0182,1.3609
Fbxo8,Fbxo8,-0.0084,-2.2307,1.5901
Fbxo9,Fbxo9,0.001,-1.0289,0.5178
Fbxw10,Fbxw10,0.0075,1.2069,0.6431
Fbxw11,Fbxw11,-0.0015,-2.6925,2.1493
Fbxw13,Fbxw13,0,,
Fbxw14,Fbxw14,0,,
Fbxw15,Fbxw15,0,,
Fbxw16,Fbxw16,0,,
Fbxw17,Fbxw17,0.0025,0.6927,0.3111
Fbxw18,Fbxw18,0,,
Fbxw19,Fbxw19,0,,
Fbxw2,Fbxw2,0.021,-0.9102,0.4404
Fbxw20,Fbxw20,-0.0043,-1.431,0.8169
Fbxw21,Fbxw21,0,,
Fbxw22,Fbxw22,0,,
Fbxw24,Fbxw24,0,,
Fbxw26,Fbxw26,0,,
Fbxw28,Fbxw28,0,,
Fbxw4,Fbxw4,-0.0024,-4.3799,4.9255
Fbxw5,Fbxw5,-0.0048,-2.5696,1.9921
Fbxw7,Fbxw7,0.0522,-0.5624,0.2412
Fbxw8,Fbxw8,0.0665,0.4771,0.1984
Fbxw9,Fbxw9,-0.0017,-2.0286,1.3716
Fcamr,Fcamr,0,,
Fcer1a,Fcer1a,0,,
Fcer1g,Fcer1g,0.0742,-0.1882,0.0702
Fcer2a,Fcer2a,0,,
Fcf1,Fcf1,0.0134,-1.2574,0.6807
Fcgbp,Fcgbp,0,,
Fcgr1,Fcgr1,-0.2895,-7.4729,13.1055
Fcgr2b,Fcgr2b,-0.4546,-9.9861,22.7561
Fcgr3,Fcgr3,-0.2698,-4.4863,5.1398
Fcgr4,Fcgr4,-0.0333,-3.923,4.0582
Fcgrt,Fcgrt,-0.0171,-2.4211,1.8105
Fcho1,Fcho1,0.0037,0.6927,0.3111
Fcho2,Fcho2,-0.0063,-2.6288,2.0671
Fchsd1,Fchsd1,0.0157,-0.7301,0.3322
Fchsd2,Fchsd2,0.0253,-2.3053,1.6747
Fcna,Fcna,0,,
Fcnb,Fcnb,0,,
Fcrl1,Fcrl1,0.0146,-1.7895,1.1335
Fcrl5,Fcrl5,0,,
Fcrl6,Fcrl6,0,,
Fcrla,Fcrla,0,,
Fcrlb,Fcrlb,0,,
Fcrls,Fcrls,-0.1859,-3.5809,3.4654
Fdft1,Fdft1,-0.0239,-2.8566,2.3683
Fdps,Fdps,-0.0581,-5.4372,7.2667
Fdx1,Fdx1,-0.0303,-2.2429,1.6038
Fdx1l,Fdx1l,-0.0302,-2.2506,1.6125
Fdxacb1,Fdxacb1,0.0017,0.6927,0.3111
Fdxr,Fdxr,-0.0028,-1.7713,1.1163
Fech,Fech,0.0155,-1.5763,0.9395
Fem1a,Fem1a,-0.0032,-1.4763,0.8543
Fem1b,Fem1b,-0.0052,-3.0207,2.5982
Fem1c,Fem1c,-0.0171,-2.6493,2.0934
Fen1,Fen1,0.0202,1.0305,0.5189
Fer,Fer,0.0167,0.413,0.1677
Fer1l4,Fer1l4,0,,
Fer1l5,Fer1l5,0,,
Fer1l6,Fer1l6,0,,
Ferd3l,Ferd3l,0,,
Fermt1,Fermt1,0,,
Fermt2,Fermt2,0.0132,-0.5167,0.218
Fermt3,Fermt3,0.1245,-1.3758,0.7724
Fes,Fes,-0.0101,-2.4775,1.8784
Fetub,Fetub,0,,
Fev,Fev,0,,
Fez1,Fez1,0,,
Fez2,Fez2,0.2229,0.8506,0.4034
Fezf1,Fezf1,0,,
Fezf2,Fezf2,-0.0017,-1.431,0.8169
Ffar1,Ffar1,0,,
Ffar2,Ffar2,0,,
Ffar3,Ffar3,0,,
Fga,Fga,0,,
Fgb,Fgb,0,,
Fgd1,Fgd1,0,,
Fgd2,Fgd2,0.1201,0.1968,0.0737
Fgd3,Fgd3,0.0204,-1.8794,1.2205
Fgd4,Fgd4,-0.0387,-3.1453,2.7801
Fgd5,Fgd5,0,,
Fgd6,Fgd6,-0.0069,-2.4881,1.8914
Fgf1,Fgf1,-0.0518,-2.5843,2.0107
Fgf10,Fgf10,0,,
Fgf11,Fgf11,0.0031,-1.2501,0.6751
Fgf12,Fgf12,0,,
Fgf13,Fgf13,-0.0988,-5.3733,7.1117
Fgf14,Fgf14,0,,
Fgf15,Fgf15,0,,
Fgf16,Fgf16,0,,
Fgf17,Fgf17,0,,
Fgf18,Fgf18,0,,
Fgf2,Fgf2,-0.0069,-1.431,0.8169
Fgf20,Fgf20,0,,
Fgf21,Fgf21,0,,
Fgf22,Fgf22,0,,
Fgf23,Fgf23,0,,
Fgf3,Fgf3,0,,
Fgf4,Fgf4,0,,
Fgf5,Fgf5,0,,
Fgf6,Fgf6,0,,
Fgf7,Fgf7,0,,
Fgf8,Fgf8,0,,
Fgf9,Fgf9,0,,
Fgfbp1,Fgfbp1,0,,
Fgfbp3,Fgfbp3,-0.0146,-0.5226,0.2209
Fgfr1,Fgfr1,0.0119,-0.5167,0.218
Fgfr1op,Fgfr1op,-0.0472,-2.8185,2.3165
Fgfr1op2,Fgfr1op2,-0.0094,-3.4567,3.2622
Fgfr2,Fgfr2,0.0067,0.6927,0.3111
Fgfr3,Fgfr3,-0.0073,-0.5226,0.2209
Fgfr4,Fgfr4,0,,
Fgfrl1,Fgfrl1,-0.004,-0.7384,0.337
Fgg,Fgg,0,,
Fggy,Fggy,0.0048,0.3245,0.1275
Fgl1,Fgl1,0,,
Fgl2,Fgl2,-0.112,-4.9742,6.1835
Fgr,Fgr,-0.0419,-3.1284,2.755
Fh1,Fh1,-0.0133,-3.186,2.8408
Fhad1,Fhad1,-0.0141,-1.2597,0.6824
Fhdc1,Fhdc1,0,,
Fhit,Fhit,0.0012,-0.2835,0.1097
Fhl1,Fhl1,0,,
Fhl2,Fhl2,0,,
Fhl3,Fhl3,-0.0145,-2.0286,1.3716
Fhl4,Fhl4,0,,
Fhl5,Fhl5,0,,
Fhod1,Fhod1,-0.0138,-1.5745,0.9379
Fhod3,Fhod3,0,,
Fibcd1,Fibcd1,0,,
Fibin,Fibin,0,,
Fibp,Fibp,-0.0279,-2.0034,1.3455
Ficd,Ficd,-0.039,-3.2193,2.8911
Fig4,Fig4,-0.0009,-2.3166,1.6877
Figf,Figf,0,,
Figla,Figla,0,,
Fign,Fign,-0.0026,-1.431,0.8169
Fignl1,Fignl1,0.0106,0.6071,0.2646
Filip1,Filip1,0,,
Filip1l,Filip1l,0.0324,1.0557,0.536
Fip1l1,Fip1l1,0.0558,-1.8079,1.151
Fis1,Fis1,0.0219,-3.3083,3.0274
Fitm1,Fitm1,-0.0017,-1.431,0.8169
Fitm2,Fitm2,-0.0344,-2.6613,2.1087
Fiz1,Fiz1,-0.0135,-2.2278,1.5868
Fjx1,Fjx1,0,,
Fkbp10,Fkbp10,-0.0026,-1.431,0.8169
Fkbp11,Fkbp11,-0.0314,-2.4881,1.8914
Fkbp14,Fkbp14,-0.0012,-0.5708,0.2456
Fkbp15,Fkbp15,0.1278,-0.8466,0.401
Fkbp1a,Fkbp1a,0.0416,-3.2272,2.903
Fkbp1b,Fkbp1b,-0.0306,-2.8941,2.4199
Fkbp2,Fkbp2,-0.2345,-8.2563,15.823
Fkbp3,Fkbp3,0.0364,-2.5986,2.0287
Fkbp4,Fkbp4,0.1527,1.2877,0.7037
Fkbp5,Fkbp5,0.0175,-2.0324,1.3756
Fkbp6,Fkbp6,0,,
Fkbp7,Fkbp7,-0.033,-2.9216,2.4581
Fkbp8,Fkbp8,0.0506,-2.6052,2.037
Fkbp9,Fkbp9,-0.0355,-3.5826,3.4682
Fkbpl,Fkbpl,0,,
Fkrp,Fkrp,-0.0187,-1.4417,0.8257
Fktn,Fktn,-0.062,-3.4918,3.3189
Flad1,Flad1,-0.0096,-0.912,0.4416
Flcn,Flcn,-0.0491,-4.0223,4.2393
Flg,Flg,0,,
Flg2,Flg2,0,,
Fli1,Fli1,0.0242,-2.9145,2.4483
Flii,Flii,0.1304,-0.714,0.3231
Flna,Flna,-0.0046,-1.3777,0.774
Flnb,Flnb,-0.0282,-3.1053,2.7211
Flnc,Flnc,-0.0018,-0.5167,0.218
Flot1,Flot1,0.08,-1.672,1.0245
Flot2,Flot2,0.0155,-2.3001,1.6687
Flrt1,Flrt1,0.0046,0.6927,0.3111
Flrt2,Flrt2,0,,
Flrt3,Flrt3,-0.0034,-1.431,0.8169
Flt1,Flt1,-0.2977,-10.0663,23.1089
Flt3,Flt3,0,,
Flt3l,Flt3l,-0.0124,-0.5226,0.2209
Flt4,Flt4,0,,
Flywch1,Flywch1,-0.0174,-2.3063,1.6758
Flywch2,Flywch2,0,,
Fmn1,Fmn1,-0.0665,-5.0604,6.3785
Fmn2,Fmn2,0,,
Fmnl1,Fmnl1,0.0164,-1.9297,1.2705
Fmnl2,Fmnl2,0.0099,-0.859,0.4086
Fmnl3,Fmnl3,-0.0059,-4.5926,5.3587
Fmo1,Fmo1,0,,
Fmo2,Fmo2,0,,
Fmo3,Fmo3,0,,
Fmo4,Fmo4,0,,
Fmo5,Fmo5,0.0104,-2.5566,1.976
Fmo9,Fmo9,0,,
Fmod,Fmod,0,,
Fmr1,Fmr1,0.0243,-0.6728,0.3001
Fmr1nb,Fmr1nb,0.0302,-0.8777,0.4201
Fn1,Fn1,-0.1553,-6.0095,8.7301
Fn3k,Fn3k,0.0029,-0.5167,0.218
Fn3krp,Fn3krp,0.0091,0.6126,0.2675
Fnbp1,Fnbp1,0.0077,-1.2358,0.6645
Fnbp1l,Fnbp1l,0.0294,-0.0304,0.0107
Fnbp4,Fnbp4,0.0417,-1.2323,0.6619
Fnd3c2,Fnd3c2,0,,
Fndc1,Fndc1,0,,
Fndc3a,Fndc3a,0.0446,-2.4186,1.8074
Fndc3b,Fndc3b,-0.06,-3.8379,3.9063
Fndc3c1,Fndc3c1,0,,
Fndc4,Fndc4,-0.0531,-4.0854,4.3566
Fndc5,Fndc5,-0.0017,-1.431,0.8169
Fndc7,Fndc7,0,,
Fndc8,Fndc8,0,,
Fnip1,Fnip1,-0.0302,-3.6897,3.6488
Fnip2,Fnip2,-0.0387,-3.7824,3.8087
Fnta,Fnta,0.0163,-1.9739,1.3153
Fntb,Fntb,0.0125,-0.7296,0.332
Folh1,Folh1,0,,
Folr1,Folr1,-0.0069,-1.2549,0.6788
Folr2,Folr2,0.0189,0.6089,0.2655
Folr4,Folr4,0,,
Fos,Fos,-0.4256,-4.8669,5.9456
Fosb,Fosb,-0.117,-4.0632,4.315
Fosl1,Fosl1,0,,
Fosl2,Fosl2,0.0183,-1.3461,0.7489
Foxa1,Foxa1,0,,
Foxa2,Foxa2,0,,
Foxa3,Foxa3,0,,
Foxb1,Foxb1,0,,
Foxb2,Foxb2,0,,
Foxc1,Foxc1,0,,
Foxc2,Foxc2,0,,
Foxd1,Foxd1,0,,
Foxd2,Foxd2,0.0004,0.6927,0.3111
Foxd3,Foxd3,0,,
Foxd4,Foxd4,0,,
Foxe1,Foxe1,0,,
Foxe3,Foxe3,0,,
Foxf1a,Foxf1a,0,,
Foxf2,Foxf2,0,,
Foxg1,Foxg1,0,,
Foxh1,Foxh1,0,,
Foxi1,Foxi1,0,,
Foxi2,Foxi2,0,,
Foxi3,Foxi3,0,,
Foxj1,Foxj1,0,,
Foxj2,Foxj2,-0.0504,-2.7502,2.225
Foxj3,Foxj3,-0.0081,-0.995,0.4952
Foxk1,Foxk1,-0.0201,-2.887,2.4101
Foxk2,Foxk2,0.0623,-1.576,0.9392
Foxl1,Foxl1,0,,
Foxl2,Foxl2,0,,
Foxl2os,Foxl2os,0,,
Foxm1,Foxm1,0.0067,1.2069,0.6431
Foxn1,Foxn1,0,,
Foxn2,Foxn2,-0.0214,-0.9154,0.4437
Foxn3,Foxn3,0.028,-2.3546,1.7319
Foxn4,Foxn4,0,,
Foxo1,Foxo1,-0.0162,-2.8087,2.3033
Foxo3,Foxo3,-0.0508,-2.7577,2.235
Foxo4,Foxo4,0.0202,0.4016,0.1624
Foxo6,Foxo6,0,,
Foxp1,Foxp1,-0.0796,-4.2727,4.7143
Foxp2,Foxp2,0,,
Foxp3,Foxp3,0,,
Foxp4,Foxp4,0.0067,0.9835,0.4876
Foxq1,Foxq1,0,,
Foxr1,Foxr1,0,,
Foxr2,Foxr2,0,,
Foxred1,Foxred1,0.0087,-0.7994,0.3726
Foxred2,Foxred2,0,,
Foxs1,Foxs1,0,,
Fpgs,Fpgs,-0.0099,-2.2588,1.6217
Fpgt,Fpgt,-0.0173,-2.1856,1.5399
Fpr-rs3,Fpr-rs3,0,,
Fpr-rs4,Fpr-rs4,0,,
Fpr-rs6,Fpr-rs6,0,,
Fpr-rs7,Fpr-rs7,0,,
Fpr1,Fpr1,0,,
Fpr2,Fpr2,-0.0017,-1.431,0.8169
Fpr3,Fpr3,0,,
Fras1,Fras1,-0.0009,-1.431,0.8169
Frat1,Frat1,0,,
Frat2,Frat2,0.0091,-0.5167,0.218
Frem1,Frem1,0,,
Frem2,Frem2,0,,
Frem3,Frem3,0,,
Frg1,Frg1,-0.0194,-3.1072,2.7238
Frk,Frk,0,,
Frmd3,Frmd3,0,,
Frmd4a,Frmd4a,-0.0104,-2.9322,2.4729
Frmd4b,Frmd4b,-0.0392,-3.5736,3.4533
Frmd5,Frmd5,0,,
Frmd6,Frmd6,-0.0121,-2.9977,2.5653
Frmd7,Frmd7,0,,
Frmd8,Frmd8,-0.0423,-3.4381,3.2322
Frmpd1,Frmpd1,0,,
Frmpd3,Frmpd3,0,,
Frmpd4,Frmpd4,0,,
Frrs1,Frrs1,-0.0582,-4.3216,4.81
Frs2,Frs2,-0.0014,-0.0216,0.0075
Frs3,Frs3,0.001,-0.5167,0.218
Fry,Fry,-0.0085,-1.4631,0.8433
Fryl,Fryl,-0.0161,-2.2358,1.5957
Frzb,Frzb,0,,
Fscb,Fscb,0,,
Fscn1,Fscn1,0.0784,-2.2836,1.6498
Fscn2,Fscn2,0,,
Fscn3,Fscn3,0,,
Fsd1,Fsd1,0,,
Fsd1l,Fsd1l,0.005,0.6927,0.3111
Fsd2,Fsd2,0,,
Fshb,Fshb,0,,
Fshr,Fshr,0,,
Fsip1,Fsip1,0,,
Fsip2,Fsip2,-0.0034,-1.431,0.8169
Fst,Fst,0,,
Fstl1,Fstl1,0,,
Fstl3,Fstl3,0,,
Fstl4,Fstl4,0,,
Fstl5,Fstl5,0,,
Ftcd,Ftcd,0,,
Fth-ps2,Fth-ps2,0,,
Fth1,Fth1,0.01,-0.397,0.1603
Fthl17,Fthl17,0,,
Ftl1,Ftl1,0.0927,-1.8377,1.1798
Ftl2,Ftl2,0.0108,0.6927,0.3111
Ftmt,Ftmt,0,,
Fto,Fto,-0.0082,-2.8482,2.3569
Ftsj1,Ftsj1,0.0071,-1.038,0.5239
Ftsj2,Ftsj2,-0.0022,-1.2501,0.6751
Ftsj3,Ftsj3,0.0808,-0.1576,0.0581
Ftsjd1,Ftsjd1,-0.0065,-2.6476,2.0912
Ftsjd2,Ftsjd2,-0.0171,-1.8054,1.1486
Fubp1,Fubp1,-0.0144,-3.1966,2.8569
Fubp3,Fubp3,0.0513,-0.2964,0.1153
Fuca1,Fuca1,-0.428,-8.8375,18.0093
Fuca2,Fuca2,0.0511,-4.5726,5.3173
Fuk,Fuk,-0.0002,-0.3464,0.1372
Fundc1,Fundc1,0.02,-1.1956,0.6348
Fundc2,Fundc2,0.0271,-2.5178,1.9278
Furin,Furin,-0.0296,-4.0045,4.2066
Fus,Fus,0.0281,-1.7755,1.1202
Fut1,Fut1,0,,
Fut10,Fut10,-0.0205,-3.328,3.0582
Fut11,Fut11,-0.0468,-2.8591,2.3718
Fut2,Fut2,0,,
Fut4,Fut4,0,,
Fut7,Fut7,-0.0034,-1.431,0.8169
Fut8,Fut8,0.0249,-0.57,0.2451
Fut9,Fut9,-0.0051,-1.431,0.8169
Fuz,Fuz,-0.0145,-2.0286,1.3716
Fv1,Fv1,0,,
Fxc1,Fxc1,0.033,-1.8513,1.193
Fxn,Fxn,-0.0031,-1.2525,0.6769
Fxr1,Fxr1,-0.0372,-3.4518,3.2543
Fxr2,Fxr2,0.0211,-1.764,1.1094
Fxyd1,Fxyd1,0,,
Fxyd2,Fxyd2,-0.0039,-0.7446,0.3406
Fxyd3,Fxyd3,0,,
Fxyd4,Fxyd4,0,,
Fxyd5,Fxyd5,-0.2151,-7.6744,13.7792
Fxyd6,Fxyd6,0.0087,0.6927,0.3111
Fxyd7,Fxyd7,0,,
Fyb,Fyb,0.2653,-1.3678,0.7661
Fyco1,Fyco1,-0.0006,-0.8966,0.4319
Fyn,Fyn,-0.0554,-4.0381,4.2686
Fyttd1,Fyttd1,-0.0604,-3.8723,3.9673
Fzd1,Fzd1,0,,
Fzd10,Fzd10,0,,
Fzd2,Fzd2,0,,
Fzd3,Fzd3,0,,
Fzd4,Fzd4,0,,
Fzd5,Fzd5,-0.0044,-0.3501,0.1389
Fzd6,Fzd6,-0.0009,-1.431,0.8169
Fzd7,Fzd7,-0.0448,-2.9011,2.4296
Fzd8,Fzd8,-0.0137,-1.8095,1.1526
Fzd9,Fzd9,-0.0043,-1.431,0.8169
Fzr1,Fzr1,-0.0546,-4.727,5.6424
G0s2,G0s2,-0.0056,-1.2573,0.6806
G2e3,G2e3,-0.034,-2.8913,2.4161
G3bp1,G3bp1,0.1158,-0.6219,0.2724
G3bp2,G3bp2,-0.0801,-3.8075,3.8527
G430095P16Rik,G430095P16Rik,-0.0111,-2.8765,2.3957
G530011O06Rik,G530011O06Rik,-0.1568,-6.4362,9.912
G630016D24Rik,G630016D24Rik,0,,
G630016G05Rik,G630016G05Rik,0,,
G630018N14Rik,G630018N14Rik,0,,
G630030J09Rik,G630030J09Rik,-0.0013,-0.5226,0.2209
G630090E17Rik,G630090E17Rik,0,,
G6pc,G6pc,0,,
G6pc2,G6pc2,0,,
G6pc3,G6pc3,-0.0411,-3.8194,3.8737
G6pd2,G6pd2,0,,
G6pdx,G6pdx,0.0402,-2.5841,2.0105
G730013B05Rik,G730013B05Rik,0,,
G930045G22Rik,G930045G22Rik,0,,
Gaa,Gaa,-0.2153,-7.4217,12.9369
Gab1,Gab1,0.0307,-0.1899,0.0709
Gab2,Gab2,0.0789,-1.8887,1.2296
Gab3,Gab3,-0.0005,-0.5167,0.218
Gabarap,Gabarap,0.082,-1.6925,1.0431
Gabarapl1,Gabarapl1,0.0719,-1.9541,1.2951
Gabarapl2,Gabarapl2,0.0862,-0.8256,0.3882
Gabbr1,Gabbr1,-0.0555,-3.1326,2.7612
Gabbr2,Gabbr2,0,,
Gabpa,Gabpa,-0.0266,-2.9946,2.561
Gabpb1,Gabpb1,-0.0064,-0.4936,0.2065
Gabpb2,Gabpb2,0.0408,0.6363,0.2802
Gabra1,Gabra1,0,,
Gabra2,Gabra2,0,,
Gabra3,Gabra3,0,,
Gabra4,Gabra4,0,,
Gabra5,Gabra5,0,,
Gabra6,Gabra6,0,,
Gabrb1,Gabrb1,0,,
Gabrb2,Gabrb2,0,,
Gabrb3,Gabrb3,0,,
Gabrd,Gabrd,0,,
Gabre,Gabre,0,,
Gabrg1,Gabrg1,0,,
Gabrg2,Gabrg2,0,,
Gabrg3,Gabrg3,0,,
Gabrp,Gabrp,0,,
Gabrq,Gabrq,0,,
Gabrr1,Gabrr1,0,,
Gabrr2,Gabrr2,0,,
Gabrr3,Gabrr3,0,,
Gad1,Gad1,-0.0026,-1.431,0.8169
Gad1-ps,Gad1-ps,0.0162,0.6927,0.3111
Gad2,Gad2,0,,
Gadd45a,Gadd45a,-0.0075,-1.9479,1.2888
Gadd45b,Gadd45b,-0.1774,-6.0407,8.8141
Gadd45g,Gadd45g,-0.0222,-2.6135,2.0476
Gadd45gip1,Gadd45gip1,0.0514,-0.7474,0.3422
Gadl1,Gadl1,0.0264,0.6927,0.3111
Gak,Gak,-0.0095,-4.0144,4.2248
Gal,Gal,0,,
Gal3st1,Gal3st1,0,,
Gal3st2,Gal3st2,0,,
Gal3st3,Gal3st3,0,,
Gal3st4,Gal3st4,0,,
Galc,Galc,-0.0639,-4.1744,4.5246
Gale,Gale,0.0025,-0.5167,0.218
Galk1,Galk1,0.0305,-1.7596,1.1053
Galk2,Galk2,0.0069,-2.4917,1.8958
Galm,Galm,0.0079,-0.3855,0.155
Galns,Galns,-0.0823,-5.3909,7.1543
Galnt1,Galnt1,0.099,-1.5487,0.9156
Galnt10,Galnt10,-0.0121,-1.4847,0.8613
Galnt11,Galnt11,0.0068,-2.1583,1.51
Galnt12,Galnt12,0.0089,-1.7124,1.0614
Galnt13,Galnt13,0,,
Galnt14,Galnt14,0,,
Galnt2,Galnt2,-0.0869,-5.1646,6.6181
Galnt3,Galnt3,0.0074,-1.5281,0.8979
Galnt4,Galnt4,0.0026,-0.6015,0.2616
Galnt5,Galnt5,0,,
Galnt6,Galnt6,0.0099,0.3286,0.1293
Galnt7,Galnt7,-0.0209,-2.8558,2.3673
Galnt9,Galnt9,-0.0034,-2.4881,1.8914
Galntl1,Galntl1,0,,
Galntl2,Galntl2,0,,
Galntl4,Galntl4,0,,
Galntl5,Galntl5,0,,
Galntl6,Galntl6,0,,
Galp,Galp,0,,
Galr1,Galr1,0,,
Galr2,Galr2,0,,
Galt,Galt,0.0127,-0.2791,0.1078
Gamt,Gamt,0.0027,-1.7596,1.1053
Gan,Gan,-0.0026,-1.431,0.8169
Ganab,Ganab,-0.0157,-3.7485,3.7499
Ganc,Ganc,0.024,0.1424,0.0522
Gap43,Gap43,0.0211,0.9835,0.4876
Gapdh,Gapdh,0.0078,-1.0335,0.5209
Gapdhs,Gapdhs,0,,
Gapt,Gapt,0,,
Gapvd1,Gapvd1,-0.0729,-4.7395,5.669
Gar1,Gar1,0.001,-1.2942,0.7086
Garnl3,Garnl3,-0.008,-1.9367,1.2775
Gars,Gars,-0.021,-2.0875,1.4336
Gart,Gart,0.0219,-1.5903,0.9517
Gas1,Gas1,0,,
Gas2,Gas2,0,,
Gas2l1,Gas2l1,-0.0265,-3.1181,2.7399
Gas2l2,Gas2l2,0,,
Gas2l3,Gas2l3,-0.0752,-4.3843,4.9341
Gas5,Gas5,0.0466,-3.9006,4.018
Gas6,Gas6,-0.1779,-4.6776,5.5373
Gas7,Gas7,-0.0341,-5.3012,6.939
Gas8,Gas8,0.011,0.6089,0.2655
Gast,Gast,0,,
Gata1,Gata1,0,,
Gata2,Gata2,0,,
Gata3,Gata3,0.0025,0.6927,0.3111
Gata4,Gata4,0,,
Gata5,Gata5,0,,
Gata6,Gata6,0,,
Gatad1,Gatad1,-0.0403,-4.0852,4.3561
Gatad2a,Gatad2a,0.0048,-2.4493,1.8443
Gatad2b,Gatad2b,-0.0071,-2.1821,1.5361
Gatc,Gatc,-0.0291,-3.3428,3.0812
Gatm,Gatm,0.3106,1.79,1.134
Gatsl2,Gatsl2,-0.0183,-2.5101,1.9183
Gatsl3,Gatsl3,-0.0175,-2.8121,2.3078
Gba,Gba,-0.2831,-8.4336,16.4749
Gba2,Gba2,-0.0522,-3.9509,4.1086
Gbas,Gbas,0.059,-1.9213,1.2621
Gbe1,Gbe1,0.0203,0.9835,0.4876
Gbf1,Gbf1,-0.0024,-1.1874,0.6288
Gbgt1,Gbgt1,0,,
Gbp1,Gbp1,0,,
Gbp10,Gbp10,0,,
Gbp11,Gbp11,0,,
Gbp2,Gbp2,-0.0045,-0.4198,0.171
Gbp3,Gbp3,0.0155,-1.2323,0.6619
Gbp4,Gbp4,-0.0009,-1.431,0.8169
Gbp5,Gbp5,-0.0167,-0.5226,0.2209
Gbp6,Gbp6,-0.0001,-0.7342,0.3346
Gbp7,Gbp7,0.0202,-1.1411,0.5954
Gbp8,Gbp8,0.0021,0.6927,0.3111
Gbp9,Gbp9,0.0327,0.474,0.1969
Gbx1,Gbx1,0,,
Gbx2,Gbx2,0,,
Gc,Gc,0,,
Gca,Gca,-0.0121,-2.8857,2.4084
Gcap14,Gcap14,-0.0181,-0.0593,0.021
Gcat,Gcat,0.0103,-0.3389,0.1339
Gcc1,Gcc1,0.011,-0.0221,0.0077
Gcc2,Gcc2,0.0782,-0.3117,0.1219
Gcdh,Gcdh,-0.0147,-2.1856,1.5399
Gcet2,Gcet2,0,,
Gcfc1,Gcfc1,0.0248,-0.2122,0.0799
Gcg,Gcg,0,,
Gcgr,Gcgr,0,,
Gch1,Gch1,-0.0236,-3.0975,2.7096
Gchfr,Gchfr,0,,
Gck,Gck,0,,
Gckr,Gckr,0,,
Gclc,Gclc,-0.005,-1.8959,1.2367
Gclm,Gclm,-0.0395,-2.6376,2.0784
Gcm1,Gcm1,0,,
Gcm2,Gcm2,0,,
Gcn1l1,Gcn1l1,-0.0224,-3.3823,3.1434
Gcnt1,Gcnt1,-0.0756,-4.8521,5.9131
Gcnt2,Gcnt2,-0.174,-7.9274,14.65
Gcnt3,Gcnt3,0,,
Gcnt4,Gcnt4,0,,
Gcnt7,Gcnt7,0,,
Gcom1,Gcom1,0,,
Gcsh,Gcsh,0.0259,-2.2828,1.6489
Gda,Gda,-0.0103,-2.0286,1.3716
Gdap1,Gdap1,0,,
Gdap10,Gdap10,0,,
Gdap1l1,Gdap1l1,0.0104,0.6927,0.3111
Gdap2,Gdap2,0.0093,-1.8339,1.1761
Gde1,Gde1,-0.2278,-8.8488,18.0531
Gdf1,Gdf1,-0.0034,-1.431,0.8169
Gdf10,Gdf10,0,,
Gdf11,Gdf11,0,,
Gdf15,Gdf15,-0.0769,-3.4313,3.2213
Gdf2,Gdf2,0,,
Gdf3,Gdf3,0,,
Gdf5,Gdf5,0,,
Gdf6,Gdf6,0,,
Gdf7,Gdf7,0,,
Gdf9,Gdf9,0,,
Gdi1,Gdi1,0.0405,-0.833,0.3927
Gdi2,Gdi2,0.1299,-2.8156,2.3126
Gdnf,Gdnf,0,,
Gdpd1,Gdpd1,-0.0103,-2.8765,2.3957
Gdpd2,Gdpd2,0,,
Gdpd3,Gdpd3,-0.0265,-2.8477,2.3563
Gdpd4,Gdpd4,0,,
Gdpd5,Gdpd5,-0.023,-2.4881,1.8914
Gem,Gem,-0.1222,-5.3691,7.1017
Gemin4,Gemin4,0.009,-0.0187,0.0065
Gemin5,Gemin5,0.0146,-1.2415,0.6688
Gemin6,Gemin6,0.0214,0.6126,0.2675
Gemin7,Gemin7,0.0102,-1.1754,0.6201
Gemin8,Gemin8,-0.0005,-1.8012,1.1447
Gen1,Gen1,0.0013,0.6927,0.3111
Get4,Get4,-0.0056,-2.1793,1.533
Gfap,Gfap,-0.017,-1.8419,1.1838
Gfer,Gfer,0.0258,-1.4364,0.8213
Gfi1,Gfi1,0,,
Gfi1b,Gfi1b,0,,
Gfm1,Gfm1,0.0233,-0.787,0.3652
Gfm2,Gfm2,0.0215,-1.7742,1.119
Gfod1,Gfod1,0,,
Gfod2,Gfod2,-0.0094,-0.5226,0.2209
Gfpt1,Gfpt1,0.0124,-1.6645,1.0177
Gfpt2,Gfpt2,0,,
Gfra1,Gfra1,0,,
Gfra2,Gfra2,0,,
Gfra3,Gfra3,0,,
Gfra4,Gfra4,0.0137,0.6927,0.3111
Gfral,Gfral,0.0013,0.6927,0.3111
Gga1,Gga1,0.0332,-1.7093,1.0585
Gga2,Gga2,-0.0931,-4.1371,4.4539
Gga3,Gga3,-0.046,-2.865,2.3799
Ggct,Ggct,-0.0041,-1.7924,1.1363
Ggcx,Ggcx,-0.0225,-1.8005,1.144
Ggh,Ggh,-0.0013,-5.1458,6.5744
Ggn,Ggn,-0.0047,-0.5167,0.218
Ggnbp1,Ggnbp1,0.0269,-0.0223,0.0078
Ggnbp2,Ggnbp2,-0.0358,-3.5451,3.4061
Ggps1,Ggps1,-0.0015,-1.9322,1.273
Ggt1,Ggt1,0,,
Ggt5,Ggt5,-0.0151,-2.5499,1.9676
Ggt6,Ggt6,0,,
Ggt7,Ggt7,0,,
Ggta1,Ggta1,0.078,2.12,1.4684
Gh,Gh,0,,
Ghdc,Ghdc,-0.0085,-2.4766,1.8773
Ghitm,Ghitm,0.1556,-1.3792,0.7751
Ghr,Ghr,-0.0034,-1.431,0.8169
Ghrh,Ghrh,0,,
Ghrhr,Ghrhr,0,,
Ghrl,Ghrl,0,,
Ghsr,Ghsr,0,,
Gif,Gif,0,,
Gigyf1,Gigyf1,0.0012,-2.6256,2.063
Gigyf2,Gigyf2,0.0095,-2.8864,2.4093
Gimap1,Gimap1,0.0173,0.8474,0.4014
Gimap3,Gimap3,0,,
Gimap4,Gimap4,-0.0051,-1.431,0.8169
Gimap5,Gimap5,0,,
Gimap6,Gimap6,0.006,-0.2805,0.1084
Gimap7,Gimap7,0,,
Gimap8,Gimap8,0,,
Gimap9,Gimap9,0.0206,-0.0168,0.0059
Gin1,Gin1,0.0001,-0.5167,0.218
Gins1,Gins1,0.0062,-0.0192,0.0067
Gins2,Gins2,0,,
Gins3,Gins3,-0.004,-0.0264,0.0092
Gins4,Gins4,-0.0072,-1.1606,0.6094
Gip,Gip,0,,
Gipc1,Gipc1,0.0194,-1.0755,0.5495
Gipc2,Gipc2,0,,
Gipc3,Gipc3,0,,
Gipr,Gipr,0,,
Git1,Git1,0.0502,-0.0296,0.0104
Git2,Git2,-0.0452,-4.5005,5.1688
Gja1,Gja1,0,,
Gja10,Gja10,0,,
Gja3,Gja3,0,,
Gja4,Gja4,0,,
Gja5,Gja5,0,,
Gja6,Gja6,0,,
Gja8,Gja8,0,,
Gjb1,Gjb1,0,,
Gjb2,Gjb2,0,,
Gjb3,Gjb3,0,,
Gjb4,Gjb4,0,,
Gjb5,Gjb5,0,,
Gjb6,Gjb6,0,,
Gjc1,Gjc1,0,,
Gjc2,Gjc2,0,,
Gjc3,Gjc3,0,,
Gjd2,Gjd2,0,,
Gjd3,Gjd3,0,,
Gjd4,Gjd4,0,,
Gje1,Gje1,0,,
Gk2,Gk2,0,,
Gk5,Gk5,0.0025,0.6927,0.3111
Gkap1,Gkap1,0.0459,-1.1682,0.6149
Gkn1,Gkn1,0,,
Gkn2,Gkn2,0,,
Gkn3,Gkn3,0,,
Gla,Gla,-0.0985,-6.0018,8.7097
Glb1,Glb1,-0.1945,-7.0144,11.6364
Glb1l,Glb1l,-0.0244,-3.2008,2.8631
Glb1l2,Glb1l2,0,,
Glb1l3,Glb1l3,0.0037,0.6927,0.3111
Glcci1,Glcci1,-0.0042,-1.4631,0.8433
Glce,Glce,-0.0043,-2.0286,1.3716
Gldc,Gldc,0,,
Gldn,Gldn,0,,
Gle1,Gle1,0.0435,-0.0218,0.0076
Glg1,Glg1,-0.0118,-4.271,4.7109
Gli1,Gli1,0,,
Gli2,Gli2,0,,
Gli3,Gli3,0,,
Glipr1,Glipr1,-0.2107,-6.6536,10.5435
Glipr1l1,Glipr1l1,0,,
Glipr1l2,Glipr1l2,0,,
Glipr2,Glipr2,0.016,-0.8933,0.4298
Glis1,Glis1,0,,
Glis2,Glis2,0,,
Glis3,Glis3,-0.0019,-0.7342,0.3346
Glmn,Glmn,-0.0007,-1.3016,0.7144
Glns-ps1,Glns-ps1,0.0029,0.9835,0.4876
Glo1,Glo1,0.045,-0.0313,0.011
Glod4,Glod4,0.0563,-0.6673,0.297
Glod5,Glod5,0,,
Glp1r,Glp1r,0,,
Glp2r,Glp2r,0,,
Glra1,Glra1,0,,
Glra2,Glra2,0,,
Glra3,Glra3,-0.0051,-1.431,0.8169
Glra4,Glra4,0,,
Glrb,Glrb,0,,
Glrp1,Glrp1,0.0016,-0.5167,0.218
Glrx,Glrx,-0.0017,-1.1899,0.6306
Glrx2,Glrx2,-0.0144,-2.463,1.8608
Glrx3,Glrx3,0.0541,-2.9168,2.4514
Glrx5,Glrx5,-0.0263,-2.49,1.8936
Gls,Gls,-0.02,-2.8415,2.3478
Gls2,Gls2,0,,
Glt1d1,Glt1d1,0,,
Glt25d1,Glt25d1,-0.1979,-5.8129,8.2119
Glt25d2,Glt25d2,0,,
Glt28d2,Glt28d2,0,,
Glt6d1,Glt6d1,0,,
Glt8d1,Glt8d1,-0.0666,-3.1408,2.7735
Glt8d2,Glt8d2,0,,
Gltp,Gltp,-0.0619,-4.0008,4.1997
Gltpd1,Gltpd1,0.0033,-0.0192,0.0067
Gltpd2,Gltpd2,0,,
Gltscr1,Gltscr1,0.0079,0.6927,0.3111
Gltscr2,Gltscr2,-0.076,-4.9997,6.241
Glud1,Glud1,0.0915,-2.1256,1.4745
Glul,Glul,0.3108,0.9213,0.4475
Glyat,Glyat,0,,
Glyatl3,Glyatl3,0,,
Glycam1,Glycam1,0,,
Glyctk,Glyctk,-0.0017,-1.431,0.8169
Glyr1,Glyr1,-0.0224,-2.9818,2.5428
Gm10000,Gm10000,0,,
Gm10006,Gm10006,0,,
Gm10008,Gm10008,0,,
Gm10009,Gm10009,0,,
Gm10010,Gm10010,0,,
Gm10011,Gm10011,-0.0026,-0.5226,0.2209
Gm10012,Gm10012,0.0397,-2.7609,2.2393
Gm10013,Gm10013,0,,
Gm10015,Gm10015,0,,
Gm10020,Gm10020,0.012,0.4666,0.1933
Gm10021,Gm10021,0,,
Gm10024,Gm10024,0,,
Gm10025,Gm10025,0,,
Gm10029,Gm10029,0.0197,0.685,0.3069
Gm10030,Gm10030,0,,
Gm10031,Gm10031,0.0065,0.7438,0.3401
Gm10032,Gm10032,0,,
Gm10033,Gm10033,0,,
Gm10036,Gm10036,0.227,0.5492,0.2344
Gm10037,Gm10037,0,,
Gm10038,Gm10038,0,,
Gm10039,Gm10039,0.0421,-0.2572,0.0985
Gm10040,Gm10040,0,,
Gm10042,Gm10042,0,,
Gm10043,Gm10043,0.0046,0.6927,0.3111
Gm10044,Gm10044,0,,
Gm10045,Gm10045,0.0092,-1.0306,0.5189
Gm10047,Gm10047,0,,
Gm10048,Gm10048,0,,
Gm10051,Gm10051,0.0615,-1.6427,0.9981
Gm10052,Gm10052,0.0091,0.9835,0.4876
Gm10053,Gm10053,0.0053,-0.9165,0.4444
Gm10056,Gm10056,-0.0009,-1.431,0.8169
Gm10057,Gm10057,0,,
Gm10058,Gm10058,0,,
Gm10059,Gm10059,0.4589,3.5839,3.4704
Gm10060,Gm10060,-0.0094,-1.431,0.8169
Gm10061,Gm10061,0,,
Gm10062,Gm10062,0.0025,0.6927,0.3111
Gm10063,Gm10063,-0.0051,-1.2599,0.6826
Gm10064,Gm10064,-0.0013,-0.5226,0.2209
Gm10065,Gm10065,0,,
Gm10068,Gm10068,0.0039,-0.3445,0.1364
Gm10069,Gm10069,0,,
Gm10071,Gm10071,0.0437,1.17,0.6162
Gm10072,Gm10072,0.0108,-0.7329,0.3339
Gm10073,Gm10073,0.4458,3.7001,3.6665
Gm10074,Gm10074,0.0069,0.3286,0.1293
Gm10075,Gm10075,0.0083,0.6927,0.3111
Gm10076,Gm10076,0.2925,1.8506,1.1923
Gm10080,Gm10080,0.0244,-1.9164,1.2572
Gm10081,Gm10081,0,,
Gm10083,Gm10083,0,,
Gm10086,Gm10086,0.102,-1.0841,0.5554
Gm10087,Gm10087,0,,
Gm10088,Gm10088,0,,
Gm10092,Gm10092,0,,
Gm10093,Gm10093,-0.0005,-1.0321,0.5199
Gm10094,Gm10094,-0.0265,-3.4752,3.2921
Gm10096,Gm10096,0,,
Gm10097,Gm10097,0,,
Gm101,Gm101,0,,
Gm10100,Gm10100,0,,
Gm10101,Gm10101,0,,
Gm10104,Gm10104,0,,
Gm10105,Gm10105,0,,
Gm10106,Gm10106,0.0112,0.6927,0.3111
Gm10108,Gm10108,0.0033,-0.5167,0.218
Gm10109,Gm10109,0,,
Gm10110,Gm10110,-0.0034,-2.0286,1.3716
Gm10112,Gm10112,0,,
Gm10113,Gm10113,0,,
Gm10115,Gm10115,0,,
Gm10116,Gm10116,0.0944,-3.2069,2.8723
Gm10118,Gm10118,0,,
Gm10119,Gm10119,0.1936,-0.2151,0.0811
Gm10120,Gm10120,-0.0146,-2.5647,1.986
Gm10121,Gm10121,0.0066,-0.5167,0.218
Gm10123,Gm10123,0.0011,-2.8673,2.3829
Gm10125,Gm10125,-0.0145,-1.431,0.8169
Gm10126,Gm10126,0.0781,-1.9766,1.318
Gm10128,Gm10128,0,,
Gm10129,Gm10129,0,,
Gm10130,Gm10130,0,,
Gm10131,Gm10131,0.0071,0.6927,0.3111
Gm10132,Gm10132,0.0062,-0.3371,0.1331
Gm10134,Gm10134,0,,
Gm10135,Gm10135,0,,
Gm10136,Gm10136,0.1801,-0.9313,0.4538
Gm10138,Gm10138,0,,
Gm10139,Gm10139,0,,
Gm10142,Gm10142,0,,
Gm10143,Gm10143,0,,
Gm10145,Gm10145,0.0056,-1.8013,1.1448
Gm10146,Gm10146,0.0021,0.6927,0.3111
Gm10147,Gm10147,0,,
Gm10151,Gm10151,0,,
Gm10152,Gm10152,0,,
Gm10153,Gm10153,0,,
Gm10154,Gm10154,-0.0187,-2.8488,2.3577
Gm10155,Gm10155,0.0092,-0.2437,0.0929
Gm10156,Gm10156,-0.006,-1.431,0.8169
Gm10157,Gm10157,-0.0044,-0.7363,0.3358
Gm10159,Gm10159,0.3444,1.8438,1.1857
Gm10160,Gm10160,0,,
Gm10163,Gm10163,0.0127,-1.2547,0.6787
Gm10166,Gm10166,-0.004,-1.2744,0.6935
Gm10167,Gm10167,0,,
Gm10169,Gm10169,-0.0001,-3.3535,3.098
Gm10171,Gm10171,0,,
Gm10172,Gm10172,0,,
Gm10174,Gm10174,0,,
Gm10175,Gm10175,-0.0129,-1.8054,1.1486
Gm10176,Gm10176,0,,
Gm10177,Gm10177,0.0795,-0.1758,0.0653
Gm10179,Gm10179,0.0129,0.6927,0.3111
Gm10180,Gm10180,0.0026,-1.2979,0.7115
Gm10181,Gm10181,0,,
Gm10182,Gm10182,0,,
Gm10184,Gm10184,0,,
Gm10186,Gm10186,0.4291,3.6195,3.5299
Gm10188,Gm10188,0,,
Gm10190,Gm10190,0,,
Gm10191,Gm10191,-0.0078,-1.8033,1.1467
Gm10192,Gm10192,0,,
Gm10193,Gm10193,-0.0026,-1.431,0.8169
Gm10196,Gm10196,0.0638,-1.4018,0.7933
Gm10197,Gm10197,0,,
Gm10198,Gm10198,0,,
Gm10203,Gm10203,0,,
Gm10205,Gm10205,0,,
Gm10212,Gm10212,0,,
Gm10217,Gm10217,0,,
Gm10220,Gm10220,-0.0017,-1.431,0.8169
Gm10221,Gm10221,0.0378,-1.8376,1.1796
Gm10222,Gm10222,0.3011,1.3208,0.7292
Gm10224,Gm10224,0.0203,-0.8319,0.3921
Gm10226,Gm10226,0,,
Gm10228,Gm10228,0,,
Gm10229,Gm10229,0,,
Gm10230,Gm10230,0,,
Gm10231,Gm10231,-0.0051,-1.431,0.8169
Gm10232,Gm10232,-0.0023,-0.9018,0.4352
Gm10233,Gm10233,0,,
Gm10234,Gm10234,0,,
Gm10237,Gm10237,0.0201,0.1972,0.0738
Gm10238,Gm10238,0,,
Gm10240,Gm10240,-0.028,-3.0742,2.6756
Gm10241,Gm10241,0,,
Gm10242,Gm10242,0,,
Gm10243,Gm10243,0.1405,-0.1775,0.0659
Gm10244,Gm10244,0,,
Gm10247,Gm10247,0.0511,-0.5114,0.2153
Gm10248,Gm10248,0,,
Gm10250,Gm10250,0.0103,-3.1314,2.7595
Gm10251,Gm10251,0,,
Gm10253,Gm10253,0,,
Gm10254,Gm10254,0,,
Gm10256,Gm10256,0,,
Gm10257,Gm10257,0.0169,-0.8464,0.4009
Gm10258,Gm10258,0,,
Gm10259,Gm10259,0,,
Gm10260,Gm10260,-0.08,-3.6859,3.6422
Gm10263,Gm10263,0.0143,-1.1452,0.5984
Gm10264,Gm10264,0,,
Gm10267,Gm10267,0,,
Gm10268,Gm10268,0.0234,-0.1993,0.0747
Gm10269,Gm10269,0.1567,-1.5725,0.9361
Gm10271,Gm10271,0,,
Gm10272,Gm10272,0,,
Gm10273,Gm10273,0,,
Gm10275,Gm10275,0.1563,-0.4025,0.1628
Gm10277,Gm10277,0,,
Gm10279,Gm10279,0.1278,-1.8897,1.2306
Gm10281,Gm10281,0,,
Gm10282,Gm10282,0,,
Gm10283,Gm10283,0,,
Gm10284,Gm10284,0.0008,0.6927,0.3111
Gm10286,Gm10286,0,,
Gm10287,Gm10287,0,,
Gm10288,Gm10288,0.1674,0.4038,0.1634
Gm10290,Gm10290,0.0018,-1.5546,0.9206
Gm10291,Gm10291,-0.0017,-1.431,0.8169
Gm10293,Gm10293,0.0013,0.6927,0.3111
Gm10294,Gm10294,0.2856,0.2344,0.089
Gm10295,Gm10295,0,,
Gm10297,Gm10297,0.0074,-0.5167,0.218
Gm10298,Gm10298,0,,
Gm10300,Gm10300,0,,
Gm10302,Gm10302,0,,
Gm10304,Gm10304,0,,
Gm10305,Gm10305,0,,
Gm10306,Gm10306,0,,
Gm10307,Gm10307,0.0003,-1.2501,0.6751
Gm10308,Gm10308,0,,
Gm10309,Gm10309,0,,
Gm10310,Gm10310,0,,
Gm10311,Gm10311,0.0021,0.6927,0.3111
Gm10313,Gm10313,-0.0299,-2.8315,2.3341
Gm10318,Gm10318,0,,
Gm10319,Gm10319,-0.0017,-1.431,0.8169
Gm10320,Gm10320,0.0251,-0.7204,0.3267
Gm10322,Gm10322,0,,
Gm10323,Gm10323,0,,
Gm10324,Gm10324,0,,
Gm10326,Gm10326,0,,
Gm10327,Gm10327,0.0062,0.6927,0.3111
Gm10330,Gm10330,0,,
Gm10332,Gm10332,0,,
Gm10334,Gm10334,0,,
Gm10335,Gm10335,0.0315,-0.4652,0.1926
Gm10337,Gm10337,0,,
Gm10338,Gm10338,0,,
Gm10339,Gm10339,0,,
Gm10340,Gm10340,0,,
Gm10343,Gm10343,0.0071,1.2069,0.6431
Gm10344,Gm10344,0,,
Gm10345,Gm10345,-0.007,-1.8012,1.1447
Gm10349,Gm10349,-0.018,-1.2549,0.6788
Gm10351,Gm10351,0,,
Gm10352,Gm10352,0,,
Gm10354,Gm10354,0,,
Gm10355,Gm10355,-0.0017,-1.431,0.8169
Gm10356,Gm10356,0,,
Gm10357,Gm10357,0,,
Gm10358,Gm10358,0,,
Gm10359,Gm10359,0.0017,-0.8903,0.4279
Gm10360,Gm10360,0,,
Gm10362,Gm10362,-0.0098,-1.9839,1.3255
Gm10364,Gm10364,0,,
Gm10369,Gm10369,0.0014,-2.2551,1.6175
Gm10371,Gm10371,-0.0005,-0.5167,0.218
Gm10373,Gm10373,0,,
Gm10375,Gm10375,0,,
Gm10376,Gm10376,0,,
Gm10377,Gm10377,0,,
Gm10378,Gm10378,0,,
Gm10382,Gm10382,0,,
Gm10384,Gm10384,0.0054,-0.5167,0.218
Gm10390,Gm10390,0,,
Gm10391,Gm10391,0,,
Gm10392,Gm10392,-0.0017,-2.0286,1.3716
Gm10393,Gm10393,0,,
Gm10394,Gm10394,0,,
Gm10395,Gm10395,0,,
Gm10396,Gm10396,0,,
Gm10397,Gm10397,-0.0199,-2.9209,2.4571
Gm10398,Gm10398,0,,
Gm10399,Gm10399,0,,
Gm10401,Gm10401,0.0013,0.6927,0.3111
Gm10406,Gm10406,-0.0077,-1.2549,0.6788
Gm10408,Gm10408,0,,
Gm10409,Gm10409,0,,
Gm10410,Gm10410,0.0017,0.6927,0.3111
Gm10412,Gm10412,0,,
Gm10413,Gm10413,0,,
Gm10414,Gm10414,0,,
Gm10417,Gm10417,0,,
Gm10418,Gm10418,0,,
Gm10419,Gm10419,0,,
Gm10420,Gm10420,-0.0148,-1.3809,0.7765
Gm10424,Gm10424,0,,
Gm10425,Gm10425,0,,
Gm10428,Gm10428,0,,
Gm1043,Gm1043,0,,
Gm10430,Gm10430,0,,
Gm10431,Gm10431,0,,
Gm10433,Gm10433,0,,
Gm10434,Gm10434,0,,
Gm10435,Gm10435,0,,
Gm10436,Gm10436,0,,
Gm10439,Gm10439,0,,
Gm10443,Gm10443,0.1551,-0.4873,0.2034
Gm10444,Gm10444,0,,
Gm10447,Gm10447,0,,
Gm1045,Gm1045,0,,
Gm10451,Gm10451,-0.0026,-1.431,0.8169
Gm10462,Gm10462,0,,
Gm10463,Gm10463,0,,
Gm10466,Gm10466,0,,
Gm10471,Gm10471,0,,
Gm10472,Gm10472,0,,
Gm10474,Gm10474,0,,
Gm10475,Gm10475,0,,
Gm10476,Gm10476,0,,
Gm10477,Gm10477,0,,
Gm10478,Gm10478,0.0074,0.3307,0.1303
Gm10479,Gm10479,0,,
Gm10480,Gm10480,0.0112,-0.0168,0.0059
Gm10481,Gm10481,0,,
Gm10482,Gm10482,0,,
Gm10483,Gm10483,0,,
Gm10485,Gm10485,-0.0009,-1.431,0.8169
Gm10486,Gm10486,0,,
Gm10487,Gm10487,0,,
Gm10488,Gm10488,0,,
Gm10489,Gm10489,0,,
Gm10490,Gm10490,0,,
Gm10491,Gm10491,0,,
Gm10492,Gm10492,0,,
Gm10493,Gm10493,0,,
Gm10495,Gm10495,-0.004,-1.2501,0.6751
Gm10497,Gm10497,-0.0069,-1.431,0.8169
Gm10499,Gm10499,0,,
Gm10501,Gm10501,-0.0086,-1.431,0.8169
Gm10505,Gm10505,0,,
Gm10506,Gm10506,0,,
Gm10509,Gm10509,0,,
Gm10516,Gm10516,-0.0137,-1.431,0.8169
Gm10517,Gm10517,0,,
Gm10518,Gm10518,0,,
Gm10521,Gm10521,0,,
Gm10524,Gm10524,0,,
Gm10525,Gm10525,0,,
Gm10526,Gm10526,0,,
Gm10527,Gm10527,0,,
Gm10528,Gm10528,0,,
Gm10529,Gm10529,0.0054,0.6927,0.3111
Gm10530,Gm10530,0,,
Gm10532,Gm10532,0,,
Gm10540,Gm10540,0,,
Gm10542,Gm10542,0,,
Gm10543,Gm10543,0,,
Gm10544,Gm10544,0,,
Gm10545,Gm10545,0,,
Gm10548,Gm10548,0.0012,-0.5167,0.218
Gm10549,Gm10549,0,,
Gm10552,Gm10552,0,,
Gm10553,Gm10553,0,,
Gm10556,Gm10556,0,,
Gm10557,Gm10557,0.01,-0.3408,0.1347
Gm10558,Gm10558,-0.0026,-1.431,0.8169
Gm10561,Gm10561,0,,
Gm10562,Gm10562,0,,
Gm10563,Gm10563,0,,
Gm10564,Gm10564,0,,
Gm10565,Gm10565,0,,
Gm10566,Gm10566,0,,
Gm10567,Gm10567,-0.0179,-2.4881,1.8914
Gm10570,Gm10570,0,,
Gm10571,Gm10571,0,,
Gm10574,Gm10574,0,,
Gm10575,Gm10575,0,,
Gm10576,Gm10576,0,,
Gm10577,Gm10577,0,,
Gm10580,Gm10580,0,,
Gm10581,Gm10581,0,,
Gm10582,Gm10582,0,,
Gm10583,Gm10583,0,,
Gm10586,Gm10586,0,,
Gm10590,Gm10590,0,,
Gm10591,Gm10591,0,,
Gm10592,Gm10592,0,,
Gm10593,Gm10593,0,,
Gm10594,Gm10594,0,,
Gm10595,Gm10595,0,,
Gm10596,Gm10596,0,,
Gm10597,Gm10597,0,,
Gm10598,Gm10598,0,,
Gm10599,Gm10599,0,,
Gm106,Gm106,0,,
Gm10600,Gm10600,0,,
Gm10601,Gm10601,0,,
Gm10602,Gm10602,0,,
Gm10604,Gm10604,0,,
Gm10606,Gm10606,0,,
Gm10608,Gm10608,0,,
Gm10610,Gm10610,0,,
Gm10612,Gm10612,0,,
Gm10614,Gm10614,0,,
Gm10615,Gm10615,0.0021,0.6927,0.3111
Gm10617,Gm10617,0,,
Gm10619,Gm10619,0,,
Gm10620,Gm10620,0,,
Gm10621,Gm10621,0.0037,0.6927,0.3111
Gm10629,Gm10629,0,,
Gm10631,Gm10631,0,,
Gm10634,Gm10634,0,,
Gm10638,Gm10638,0,,
Gm10639,Gm10639,0,,
Gm10642,Gm10642,-0.0086,-2.0286,1.3716
Gm10643,Gm10643,0,,
Gm10644,Gm10644,0,,
Gm10645,Gm10645,0.0083,0.9835,0.4876
Gm10647,Gm10647,0,,
Gm10649,Gm10649,0,,
Gm10650,Gm10650,0,,
Gm10651,Gm10651,0.0025,0.6927,0.3111
Gm10653,Gm10653,0.0137,0.9835,0.4876
Gm10654,Gm10654,0,,
Gm10655,Gm10655,0,,
Gm10657,Gm10657,0.0058,0.6927,0.3111
Gm10658,Gm10658,0,,
Gm10660,Gm10660,0,,
Gm10662,Gm10662,0,,
Gm10663,Gm10663,0,,
Gm10664,Gm10664,0,,
Gm10665,Gm10665,0,,
Gm10666,Gm10666,0,,
Gm10668,Gm10668,0,,
Gm10670,Gm10670,0,,
Gm10676,Gm10676,0,,
Gm10680,Gm10680,0,,
Gm10681,Gm10681,0,,
Gm10684,Gm10684,0,,
Gm10687,Gm10687,0,,
Gm10689,Gm10689,0.0622,-1.6998,1.0498
Gm10691,Gm10691,0,,
Gm10693,Gm10693,0,,
Gm10696,Gm10696,0,,
Gm10697,Gm10697,0,,
Gm10698,Gm10698,-0.0163,-2.013,1.3554
Gm10699,Gm10699,0,,
Gm1070,Gm1070,0,,
Gm10701,Gm10701,0,,
Gm10702,Gm10702,0,,
Gm10704,Gm10704,0.0652,-0.5494,0.2345
Gm10705,Gm10705,0.0058,0.6927,0.3111
Gm10706,Gm10706,0,,
Gm10709,Gm10709,-0.0043,-1.431,0.8169
Gm10710,Gm10710,0,,
Gm10711,Gm10711,0,,
Gm10712,Gm10712,0.0093,-1.7494,1.0957
Gm10713,Gm10713,-0.014,-3.0198,2.5969
Gm10714,Gm10714,0,,
Gm10715,Gm10715,0.0087,0.6927,0.3111
Gm10716,Gm10716,0,,
Gm10717,Gm10717,0,,
Gm10718,Gm10718,-0.0034,-1.431,0.8169
Gm10719,Gm10719,0,,
Gm10720,Gm10720,0,,
Gm10721,Gm10721,0,,
Gm10722,Gm10722,0.0137,0.6927,0.3111
Gm10728,Gm10728,0,,
Gm10729,Gm10729,0,,
Gm10731,Gm10731,0,,
Gm10735,Gm10735,0,,
Gm10736,Gm10736,-0.0001,-0.8941,0.4303
Gm10737,Gm10737,0,,
Gm10742,Gm10742,0,,
Gm10748,Gm10748,0,,
Gm10749,Gm10749,0,,
Gm10750,Gm10750,0,,
Gm10754,Gm10754,0,,
Gm10760,Gm10760,0,,
Gm10762,Gm10762,0.002,-1.2942,0.7086
Gm10764,Gm10764,0,,
Gm10766,Gm10766,0,,
Gm10767,Gm10767,0.0017,0.6927,0.3111
Gm10768,Gm10768,0,,
Gm10770,Gm10770,0,,
Gm10772,Gm10772,0,,
Gm10774,Gm10774,0.0181,1.0392,0.5247
Gm10775,Gm10775,0,,
Gm10778,Gm10778,0,,
Gm1078,Gm1078,0,,
Gm10780,Gm10780,0,,
Gm10782,Gm10782,0,,
Gm10785,Gm10785,0,,
Gm10787,Gm10787,0,,
Gm10794,Gm10794,0,,
Gm10797,Gm10797,0,,
Gm10799,Gm10799,0,,
Gm10800,Gm10800,0.0581,-0.1246,0.0454
Gm10801,Gm10801,-0.0176,-2.6611,2.1086
Gm10803,Gm10803,0,,
Gm10804,Gm10804,0,,
Gm10805,Gm10805,0,,
Gm10807,Gm10807,0,,
Gm10812,Gm10812,0,,
Gm10813,Gm10813,0,,
Gm10814,Gm10814,-0.0009,-1.431,0.8169
Gm10818,Gm10818,0,,
Gm10819,Gm10819,0,,
Gm1082,Gm1082,0,,
Gm10822,Gm10822,0,,
Gm10827,Gm10827,0,,
Gm10828,Gm10828,0,,
Gm10837,Gm10837,-0.0382,-4.2319,4.635
Gm10840,Gm10840,0,,
Gm10842,Gm10842,0,,
Gm10845,Gm10845,0,,
Gm10849,Gm10849,0,,
Gm10852,Gm10852,0,,
Gm10855,Gm10855,0,,
Gm10858,Gm10858,0,,
Gm10863,Gm10863,-0.0077,-1.431,0.8169
Gm10874,Gm10874,0,,
Gm10888,Gm10888,0,,
Gm10889,Gm10889,0,,
Gm10894,Gm10894,0,,
Gm10895,Gm10895,0,,
Gm10896,Gm10896,0,,
Gm10897,Gm10897,0,,
Gm10899,Gm10899,0,,
Gm10900,Gm10900,0,,
Gm10901,Gm10901,0,,
Gm10902,Gm10902,0,,
Gm10903,Gm10903,0,,
Gm10904,Gm10904,0,,
Gm10905,Gm10905,0,,
Gm10906,Gm10906,0,,
Gm10907,Gm10907,0,,
Gm10908,Gm10908,0,,
Gm10912,Gm10912,0,,
Gm10913,Gm10913,0.0039,-0.0216,0.0075
Gm10916,Gm10916,0.0008,-0.5167,0.218
Gm10921,Gm10921,0,,
Gm10922,Gm10922,0,,
Gm10923,Gm10923,0.0066,0.3328,0.1312
Gm10925,Gm10925,0.3922,4.7387,5.6675
Gm10929,Gm10929,0,,
Gm10930,Gm10930,0,,
Gm10931,Gm10931,0,,
Gm10935,Gm10935,0,,
Gm10936,Gm10936,0,,
Gm10941,Gm10941,-0.0017,-1.431,0.8169
Gm10942,Gm10942,0,,
Gm10943,Gm10943,0,,
Gm10944,Gm10944,0,,
Gm10945,Gm10945,0,,
Gm10948,Gm10948,0,,
Gm10955,Gm10955,0,,
Gm10959,Gm10959,0,,
Gm10961,Gm10961,0,,
Gm10963,Gm10963,0,,
Gm10964,Gm10964,0,,
Gm10967,Gm10967,0,,
Gm10972,Gm10972,0,,
Gm10973,Gm10973,0,,
Gm10974,Gm10974,0,,
Gm10979,Gm10979,0,,
Gm10982,Gm10982,0,,
Gm10985,Gm10985,0,,
Gm10988,Gm10988,0,,
Gm10989,Gm10989,0,,
Gm10991,Gm10991,0,,
Gm10995,Gm10995,0,,
Gm10999,Gm10999,0,,
Gm11003,Gm11003,0,,
Gm11006,Gm11006,0,,
Gm11007,Gm11007,0,,
Gm11008,Gm11008,0,,
Gm11009,Gm11009,0,,
Gm11011,Gm11011,0,,
Gm11016,Gm11016,0,,
Gm11019,Gm11019,0,,
Gm11020,Gm11020,0,,
Gm11025,Gm11025,0,,
Gm11027,Gm11027,0,,
Gm11029,Gm11029,0,,
Gm11031,Gm11031,0,,
Gm11032,Gm11032,0,,
Gm11033,Gm11033,0,,
Gm11034,Gm11034,0,,
Gm11035,Gm11035,0,,
Gm11037,Gm11037,0,,
Gm11042,Gm11042,0,,
Gm11043,Gm11043,0,,
Gm11044,Gm11044,0,,
Gm11046,Gm11046,0,,
Gm11048,Gm11048,0,,
Gm11051,Gm11051,0,,
Gm11052,Gm11052,0,,
Gm11053,Gm11053,0,,
Gm11055,Gm11055,0,,
Gm11060,Gm11060,0,,
Gm11062,Gm11062,0,,
Gm11065,Gm11065,0,,
Gm11067,Gm11067,0,,
Gm11074,Gm11074,0,,
Gm11077,Gm11077,0,,
Gm11078,Gm11078,0,,
Gm11081,Gm11081,0,,
Gm11082,Gm11082,0,,
Gm11084,Gm11084,0,,
Gm11091,Gm11091,0,,
Gm11092,Gm11092,0,,
Gm11096,Gm11096,0,,
Gm11099,Gm11099,0,,
Gm1110,Gm1110,0,,
Gm11100,Gm11100,0.0013,0.6927,0.3111
Gm11102,Gm11102,0,,
Gm11105,Gm11105,0,,
Gm11107,Gm11107,0,,
Gm11109,Gm11109,0,,
Gm11110,Gm11110,0.0067,0.6927,0.3111
Gm11111,Gm11111,0,,
Gm11114,Gm11114,0,,
Gm11115,Gm11115,0,,
Gm11116,Gm11116,0,,
Gm11127,Gm11127,0,,
Gm11128,Gm11128,0,,
Gm11129,Gm11129,0,,
Gm11131,Gm11131,0.0399,1.5623,0.9274
Gm11140,Gm11140,0,,
Gm11143,Gm11143,0,,
Gm11145,Gm11145,0,,
Gm11146,Gm11146,0,,
Gm11147,Gm11147,0,,
Gm11149,Gm11149,0,,
Gm11157,Gm11157,0,,
Gm11158,Gm11158,0,,
Gm11160,Gm11160,0,,
Gm11161,Gm11161,0,,
Gm11165,Gm11165,0,,
Gm11167,Gm11167,0,,
Gm11168,Gm11168,0,,
Gm11169,Gm11169,0,,
Gm11172,Gm11172,0,,
Gm11175,Gm11175,-0.0026,-1.431,0.8169
Gm11184,Gm11184,0,,
Gm11185,Gm11185,0.0025,0.6927,0.3111
Gm11186,Gm11186,0,,
Gm11187,Gm11187,0,,
Gm11188,Gm11188,0,,
Gm11189,Gm11189,0,,
Gm11190,Gm11190,0,,
Gm11191,Gm11191,-0.0247,-3.0071,2.5788
Gm11192,Gm11192,0,,
Gm11193,Gm11193,0,,
Gm11194,Gm11194,0,,
Gm11195,Gm11195,0,,
Gm11196,Gm11196,0.0169,-0.2387,0.0908
Gm11197,Gm11197,0,,
Gm11198,Gm11198,0,-0.5167,0.218
Gm11199,Gm11199,0,,
Gm11200,Gm11200,0,,
Gm11201,Gm11201,0,,
Gm11202,Gm11202,0,,
Gm11203,Gm11203,0,,
Gm11204,Gm11204,0,,
Gm11205,Gm11205,0,,
Gm11206,Gm11206,-0.0034,-1.431,0.8169
Gm11207,Gm11207,0,,
Gm11209,Gm11209,0,,
Gm11210,Gm11210,0,,
Gm11211,Gm11211,0,,
Gm11212,Gm11212,0,,
Gm11213,Gm11213,0,,
Gm11214,Gm11214,-0.0154,-2.4881,1.8914
Gm11216,Gm11216,0,,
Gm11217,Gm11217,0,,
Gm11218,Gm11218,0,,
Gm11219,Gm11219,0,,
Gm11220,Gm11220,0,,
Gm11221,Gm11221,0.0054,0.9835,0.4876
Gm11222,Gm11222,0,,
Gm11223,Gm11223,0.0536,-0.0157,0.0055
Gm11224,Gm11224,0.0149,0.6786,0.3033
Gm11225,Gm11225,-0.0017,-1.431,0.8169
Gm11226,Gm11226,-0.0077,-1.431,0.8169
Gm11227,Gm11227,0,,
Gm11228,Gm11228,0,,
Gm11229,Gm11229,0,,
Gm1123,Gm1123,0,,
Gm11231,Gm11231,0,,
Gm11232,Gm11232,0,,
Gm11233,Gm11233,0,,
Gm11234,Gm11234,0,,
Gm11235,Gm11235,0,,
Gm11236,Gm11236,0,,
Gm11237,Gm11237,0,,
Gm11238,Gm11238,0,,
Gm11239,Gm11239,0,,
Gm11240,Gm11240,0,,
Gm11241,Gm11241,0,,
Gm11242,Gm11242,0,,
Gm11243,Gm11243,0,,
Gm11244,Gm11244,0,,
Gm11245,Gm11245,0,,
Gm11246,Gm11246,0.0013,0.6927,0.3111
Gm11247,Gm11247,0,,
Gm11248,Gm11248,0,,
Gm11249,Gm11249,0.0275,0.3514,0.1395
Gm11250,Gm11250,0,,
Gm11251,Gm11251,0,,
Gm11252,Gm11252,0,,
Gm11253,Gm11253,0,,
Gm11254,Gm11254,0,,
Gm11255,Gm11255,0,,
Gm11256,Gm11256,0,,
Gm11257,Gm11257,0,,
Gm11258,Gm11258,0,,
Gm11259,Gm11259,0,,
Gm11260,Gm11260,0,,
Gm11261,Gm11261,0,,
Gm11262,Gm11262,0,,
Gm11263,Gm11263,0.1777,-0.3082,0.1204
Gm11264,Gm11264,0,,
Gm11266,Gm11266,0,,
Gm11267,Gm11267,0,,
Gm11268,Gm11268,0,,
Gm11269,Gm11269,0,,
Gm11270,Gm11270,0,,
Gm11271,Gm11271,0,,
Gm11273,Gm11273,0.0698,-1.3013,0.7141
Gm11274,Gm11274,0,,
Gm11278,Gm11278,0,,
Gm11279,Gm11279,0,,
Gm11280,Gm11280,0,,
Gm11281,Gm11281,0.0583,-0.4424,0.1816
Gm11282,Gm11282,0,,
Gm11283,Gm11283,0,,
Gm11284,Gm11284,0,,
Gm11285,Gm11285,0.0327,0.872,0.4166
Gm11286,Gm11286,0,,
Gm11287,Gm11287,0,,
Gm11288,Gm11288,0,,
Gm11289,Gm11289,0,,
Gm11290,Gm11290,0,,
Gm11291,Gm11291,0,,
Gm11292,Gm11292,0,,
Gm11293,Gm11293,0,,
Gm11295,Gm11295,0,,
Gm11296,Gm11296,0,,
Gm11297,Gm11297,0,,
Gm11298,Gm11298,0,,
Gm11299,Gm11299,0,,
Gm11300,Gm11300,0,,
Gm11302,Gm11302,0,,
Gm11303,Gm11303,0,,
Gm11304,Gm11304,0,,
Gm11305,Gm11305,0,,
Gm11306,Gm11306,0,,
Gm11307,Gm11307,0.0037,0.6927,0.3111
Gm11308,Gm11308,0,,
Gm11309,Gm11309,0,,
Gm11310,Gm11310,0,,
Gm11311,Gm11311,0,,
Gm11313,Gm11313,0,,
Gm11314,Gm11314,0,,
Gm11316,Gm11316,0,,
Gm11317,Gm11317,0,,
Gm11318,Gm11318,0,,
Gm11319,Gm11319,0,,
Gm11320,Gm11320,0,,
Gm11321,Gm11321,0,,
Gm11322,Gm11322,0,,
Gm11323,Gm11323,0,,
Gm11325,Gm11325,0,,
Gm11326,Gm11326,0,,
Gm11327,Gm11327,0,,
Gm11328,Gm11328,0,,
Gm11329,Gm11329,0,,
Gm11331,Gm11331,0,,
Gm11332,Gm11332,0,,
Gm11333,Gm11333,0,,
Gm11334,Gm11334,0,,
Gm11335,Gm11335,0,,
Gm11336,Gm11336,0,,
Gm11337,Gm11337,0,,
Gm11338,Gm11338,0,,
Gm11339,Gm11339,0,,
Gm11340,Gm11340,0,,
Gm11341,Gm11341,0,,
Gm11342,Gm11342,0,,
Gm11343,Gm11343,0.0166,1.3956,0.7883
Gm11344,Gm11344,0,,
Gm11345,Gm11345,0,,
Gm11346,Gm11346,0,,
Gm11348,Gm11348,0,,
Gm11349,Gm11349,0,,
Gm11350,Gm11350,0,,
Gm11351,Gm11351,0,,
Gm11352,Gm11352,0,,
Gm11353,Gm11353,0.0931,-0.9801,0.4854
Gm11354,Gm11354,0.0021,0.6927,0.3111
Gm11355,Gm11355,0,,
Gm11356,Gm11356,0,,
Gm11357,Gm11357,0,,
Gm11358,Gm11358,0,,
Gm11359,Gm11359,0,,
Gm11360,Gm11360,0,,
Gm11361,Gm11361,0.3774,2.2318,1.5913
Gm11362,Gm11362,-0.0009,-1.431,0.8169
Gm11363,Gm11363,0.0233,0.864,0.4117
Gm11364,Gm11364,0,,
Gm11365,Gm11365,0,,
Gm11366,Gm11366,0,,
Gm11367,Gm11367,0,,
Gm11368,Gm11368,0,,
Gm11369,Gm11369,0,,
Gm11370,Gm11370,0,,
Gm11371,Gm11371,0,,
Gm11372,Gm11372,0,,
Gm11373,Gm11373,0,,
Gm11374,Gm11374,0,,
Gm11375,Gm11375,0,,
Gm11376,Gm11376,0,,
Gm11377,Gm11377,0,,
Gm11378,Gm11378,0,,
Gm11379,Gm11379,0,,
Gm11380,Gm11380,0.007,-0.895,0.4309
Gm11381,Gm11381,0,,
Gm11382,Gm11382,0,,
Gm11383,Gm11383,0,,
Gm11384,Gm11384,0,,
Gm11385,Gm11385,0,,
Gm11386,Gm11386,0,,
Gm11387,Gm11387,0,,
Gm11388,Gm11388,0,,
Gm11389,Gm11389,0,,
Gm11391,Gm11391,0,,
Gm11392,Gm11392,0,,
Gm11393,Gm11393,0,,
Gm11394,Gm11394,0,,
Gm11395,Gm11395,0,,
Gm11397,Gm11397,0,,
Gm11398,Gm11398,-0.0051,-1.431,0.8169
Gm11399,Gm11399,0,,
Gm1140,Gm1140,0,,
Gm11400,Gm11400,0,,
Gm11401,Gm11401,0.0229,-1.035,0.5219
Gm11402,Gm11402,0,,
Gm11403,Gm11403,0,,
Gm11404,Gm11404,0,,
Gm11405,Gm11405,0,,
Gm11406,Gm11406,0,,
Gm11407,Gm11407,0.277,1.0349,0.5218
Gm11408,Gm11408,0.0125,0.0776,0.0277
Gm11409,Gm11409,0,,
Gm1141,Gm1141,0,,
Gm11410,Gm11410,0.3015,2.8966,2.4234
Gm11411,Gm11411,0,,
Gm11412,Gm11412,0,,
Gm11413,Gm11413,0,,
Gm11414,Gm11414,0,,
Gm11415,Gm11415,0,,
Gm11416,Gm11416,0,,
Gm11417,Gm11417,0,,
Gm11418,Gm11418,0,,
Gm11419,Gm11419,0,,
Gm11420,Gm11420,0,,
Gm11421,Gm11421,0,,
Gm11422,Gm11422,0,,
Gm11423,Gm11423,0,,
Gm11424,Gm11424,-0.006,-1.431,0.8169
Gm11425,Gm11425,0.0059,-0.2864,0.111
Gm11426,Gm11426,0,,
Gm11427,Gm11427,0,,
Gm11428,Gm11428,-0.2338,-7.3577,12.7278
Gm11429,Gm11429,0,,
Gm11430,Gm11430,0,,
Gm11431,Gm11431,0,,
Gm11432,Gm11432,0,,
Gm11433,Gm11433,0,,
Gm11434,Gm11434,0.0042,0.9835,0.4876
Gm11435,Gm11435,0,,
Gm11437,Gm11437,0,,
Gm11438,Gm11438,0,,
Gm11439,Gm11439,0,,
Gm11440,Gm11440,0,,
Gm11442,Gm11442,0,,
Gm11443,Gm11443,-0.0009,-1.431,0.8169
Gm11444,Gm11444,0,,
Gm11445,Gm11445,0,,
Gm11446,Gm11446,0,,
Gm11447,Gm11447,0,,
Gm11448,Gm11448,-0.0026,-1.431,0.8169
Gm11449,Gm11449,0.0021,0.6927,0.3111
Gm11450,Gm11450,0.0482,-0.5933,0.2573
Gm11451,Gm11451,0,,
Gm11452,Gm11452,0,,
Gm11453,Gm11453,0,,
Gm11454,Gm11454,0,,
Gm11455,Gm11455,0,,
Gm11456,Gm11456,0,,
Gm11457,Gm11457,0,,
Gm11458,Gm11458,0.0025,0.6927,0.3111
Gm11459,Gm11459,0,,
Gm11460,Gm11460,0,,
Gm11461,Gm11461,0,,
Gm11462,Gm11462,0,,
Gm11463,Gm11463,0,,
Gm11464,Gm11464,0,,
Gm11465,Gm11465,0,,
Gm11466,Gm11466,0,,
Gm11467,Gm11467,0,,
Gm11468,Gm11468,0,,
Gm11469,Gm11469,-0.0137,-2.4881,1.8914
Gm11470,Gm11470,0,,
Gm11471,Gm11471,0,,
Gm11472,Gm11472,-0.0049,-0.4883,0.2039
Gm11473,Gm11473,0,,
Gm11474,Gm11474,0,,
Gm11475,Gm11475,0,,
Gm11476,Gm11476,0,,
Gm11477,Gm11477,0.0017,0.6927,0.3111
Gm11478,Gm11478,0.4289,2.2649,1.6285
Gm11479,Gm11479,0,,
Gm11480,Gm11480,0,,
Gm11481,Gm11481,0,,
Gm11482,Gm11482,0,,
Gm11483,Gm11483,-0.0035,-1.8012,1.1447
Gm11484,Gm11484,0,,
Gm11485,Gm11485,0,,
Gm11486,Gm11486,0,,
Gm11487,Gm11487,0,,
Gm11488,Gm11488,-0.0034,-2.0286,1.3716
Gm11489,Gm11489,0,,
Gm11490,Gm11490,0,,
Gm11491,Gm11491,0,,
Gm11492,Gm11492,0,,
Gm11493,Gm11493,0,,
Gm11494,Gm11494,0,,
Gm11496,Gm11496,0,,
Gm11497,Gm11497,0,,
Gm11498,Gm11498,0,,
Gm11499,Gm11499,0,,
Gm11500,Gm11500,0.0021,0.6927,0.3111
Gm11501,Gm11501,0,,
Gm11502,Gm11502,0,,
Gm11503,Gm11503,0,,
Gm11504,Gm11504,0,,
Gm11505,Gm11505,0,,
Gm11506,Gm11506,0,,
Gm11507,Gm11507,0,,
Gm11508,Gm11508,0,,
Gm11509,Gm11509,0,,
Gm11510,Gm11510,0.0091,0.6927,0.3111
Gm11511,Gm11511,0,,
Gm11512,Gm11512,-0.0017,-1.431,0.8169
Gm11513,Gm11513,0,,
Gm11514,Gm11514,0,,
Gm11515,Gm11515,0,,
Gm11516,Gm11516,0,,
Gm11517,Gm11517,0.0141,-0.7814,0.3619
Gm11518,Gm11518,0.1301,-1.0712,0.5466
Gm11520,Gm11520,-0.0043,-1.431,0.8169
Gm11521,Gm11521,0,,
Gm11522,Gm11522,0,,
Gm11523,Gm11523,0,,
Gm11524,Gm11524,0.0104,0.6927,0.3111
Gm11525,Gm11525,0,,
Gm11526,Gm11526,0,,
Gm11527,Gm11527,0,,
Gm11528,Gm11528,0,,
Gm11529,Gm11529,0,,
Gm1153,Gm1153,0,,
Gm11531,Gm11531,0.0244,-0.3757,0.1505
Gm11532,Gm11532,0,,
Gm11533,Gm11533,0.0075,1.2069,0.6431
Gm11534,Gm11534,0,,
Gm11535,Gm11535,0,,
Gm11536,Gm11536,0,,
Gm11537,Gm11537,0,,
Gm11538,Gm11538,0,,
Gm11539,Gm11539,0.0065,-1.4014,0.7929
Gm11540,Gm11540,0,,
Gm11541,Gm11541,0,,
Gm11542,Gm11542,0,,
Gm11543,Gm11543,0,,
Gm11544,Gm11544,0,,
Gm11545,Gm11545,-0.0285,-3.214,2.8831
Gm11546,Gm11546,0,,
Gm11547,Gm11547,0,,
Gm11548,Gm11548,0,,
Gm11549,Gm11549,0,,
Gm11550,Gm11550,0,,
Gm11551,Gm11551,0,,
Gm11553,Gm11553,0,,
Gm11554,Gm11554,0,,
Gm11555,Gm11555,0,,
Gm11556,Gm11556,0,,
Gm11557,Gm11557,0,,
Gm11558,Gm11558,0,,
Gm11559,Gm11559,0,,
Gm11560,Gm11560,0.0231,-0.9415,0.4603
Gm11561,Gm11561,0,,
Gm11562,Gm11562,0,,
Gm11563,Gm11563,0,,
Gm11564,Gm11564,0,,
Gm11565,Gm11565,0,,
Gm11566,Gm11566,0,,
Gm11567,Gm11567,0,,
Gm11568,Gm11568,0,,
Gm11569,Gm11569,0,,
Gm11570,Gm11570,0,,
Gm11571,Gm11571,-0.006,-1.431,0.8169
Gm11572,Gm11572,-0.0007,-0.0216,0.0075
Gm11573,Gm11573,0,,
Gm11574,Gm11574,0,,
Gm11575,Gm11575,0,,
Gm11576,Gm11576,0,,
Gm11577,Gm11577,0,,
Gm11578,Gm11578,0,,
Gm11579,Gm11579,0,,
Gm11581,Gm11581,0,,
Gm11582,Gm11582,0,,
Gm11583,Gm11583,0,,
Gm11584,Gm11584,0,,
Gm11585,Gm11585,0,,
Gm11586,Gm11586,0,,
Gm11587,Gm11587,0,,
Gm11588,Gm11588,0,,
Gm11590,Gm11590,0,,
Gm11591,Gm11591,0,,
Gm11592,Gm11592,0,,
Gm11594,Gm11594,0,,
Gm11595,Gm11595,0,,
Gm11596,Gm11596,0,,
Gm11597,Gm11597,0,,
Gm11598,Gm11598,-0.0207,-3.4313,3.2213
Gm11599,Gm11599,-0.0116,-1.2549,0.6788
Gm11600,Gm11600,0,,
Gm11601,Gm11601,0,,
Gm11602,Gm11602,0,,
Gm11603,Gm11603,0.1696,1.4193,0.8074
Gm11604,Gm11604,0.0092,-0.0423,0.0149
Gm11605,Gm11605,-0.0001,-1.0394,0.5249
Gm11606,Gm11606,0,,
Gm11607,Gm11607,0,,
Gm11608,Gm11608,0,,
Gm11609,Gm11609,0,,
Gm11610,Gm11610,0,,
Gm11611,Gm11611,0,,
Gm11612,Gm11612,0,,
Gm11613,Gm11613,-0.0222,-1.431,0.8169
Gm11614,Gm11614,0,,
Gm11615,Gm11615,0,,
Gm11616,Gm11616,0,,
Gm11617,Gm11617,0,,
Gm11618,Gm11618,0,,
Gm11619,Gm11619,0,,
Gm11620,Gm11620,0,,
Gm11621,Gm11621,0,,
Gm11622,Gm11622,0,,
Gm11623,Gm11623,0,,
Gm11624,Gm11624,0,,
Gm11625,Gm11625,0,,
Gm11626,Gm11626,0,,
Gm11627,Gm11627,0,,
Gm11628,Gm11628,0,,
Gm11629,Gm11629,0,,
Gm11630,Gm11630,-0.0026,-1.431,0.8169
Gm11631,Gm11631,0.0199,1.3956,0.7883
Gm11632,Gm11632,-0.0022,-1.2501,0.6751
Gm11633,Gm11633,-0.0057,-1.6121,0.9708
Gm11634,Gm11634,0,,
Gm11635,Gm11635,0,,
Gm11636,Gm11636,0,,
Gm11637,Gm11637,0,,
Gm11638,Gm11638,0,,
Gm11639,Gm11639,0,,
Gm11640,Gm11640,0,,
Gm11641,Gm11641,0,,
Gm11642,Gm11642,0,,
Gm11643,Gm11643,0.0052,-0.5167,0.218
Gm11644,Gm11644,0,,
Gm11645,Gm11645,-0.0009,-0.5167,0.218
Gm11646,Gm11646,0,,
Gm11647,Gm11647,-0.0026,-1.431,0.8169
Gm11648,Gm11648,0,,
Gm11649,Gm11649,0,,
Gm11650,Gm11650,0,,
Gm11651,Gm11651,0,,
Gm11652,Gm11652,0.0021,0.6927,0.3111
Gm11653,Gm11653,0.0029,0.6927,0.3111
Gm11654,Gm11654,0.0021,0.6927,0.3111
Gm11655,Gm11655,0,,
Gm11656,Gm11656,0,,
Gm11657,Gm11657,0,,
Gm11658,Gm11658,0,,
Gm11659,Gm11659,0,,
Gm11660,Gm11660,0,,
Gm11661,Gm11661,0,,
Gm11662,Gm11662,0,,
Gm11663,Gm11663,-0.0002,-0.7301,0.3322
Gm11665,Gm11665,0,,
Gm11666,Gm11666,0,,
Gm11667,Gm11667,0,,
Gm11668,Gm11668,0,,
Gm11669,Gm11669,0,,
Gm11670,Gm11670,0,,
Gm11671,Gm11671,0.0136,0.6052,0.2636
Gm11672,Gm11672,0,,
Gm11673,Gm11673,0,,
Gm11674,Gm11674,0,,
Gm11675,Gm11675,-0.0117,-1.8013,1.1448
Gm11676,Gm11676,0,,
Gm11677,Gm11677,0,,
Gm11678,Gm11678,0,,
Gm11679,Gm11679,0,,
Gm11680,Gm11680,0,,
Gm11681,Gm11681,0,,
Gm11682,Gm11682,0,,
Gm11683,Gm11683,0,,
Gm11684,Gm11684,0,,
Gm11685,Gm11685,0,,
Gm11686,Gm11686,0.0203,1.0502,0.5322
Gm11687,Gm11687,0.0003,-0.0216,0.0075
Gm11688,Gm11688,-0.0014,-0.9042,0.4367
Gm11689,Gm11689,-0.0086,-2.4881,1.8914
Gm11690,Gm11690,0,,
Gm11691,Gm11691,0,,
Gm11692,Gm11692,0,,
Gm11693,Gm11693,0,,
Gm11694,Gm11694,0.006,-0.2463,0.0939
Gm11695,Gm11695,0,,
Gm11696,Gm11696,-0.0159,-1.7798,1.1243
Gm11697,Gm11697,0,,
Gm11698,Gm11698,0,,
Gm11699,Gm11699,0,,
Gm11700,Gm11700,0,,
Gm11701,Gm11701,0,,
Gm11702,Gm11702,0.0091,-0.5167,0.218
Gm11703,Gm11703,-0.0086,-2.4881,1.8914
Gm11704,Gm11704,0,,
Gm11705,Gm11705,0,,
Gm11706,Gm11706,0,,
Gm11707,Gm11707,0,,
Gm11708,Gm11708,0,,
Gm11709,Gm11709,0,,
Gm11710,Gm11710,0,,
Gm11711,Gm11711,0,,
Gm11712,Gm11712,0,,
Gm11713,Gm11713,0,,
Gm11714,Gm11714,0,,
Gm11715,Gm11715,-0.0128,-1.431,0.8169
Gm11716,Gm11716,0,,
Gm11717,Gm11717,0.0133,1.5623,0.9274
Gm11718,Gm11718,0,,
Gm11719,Gm11719,0,,
Gm11721,Gm11721,0,,
Gm11722,Gm11722,0,,
Gm11723,Gm11723,0,,
Gm11724,Gm11724,0,,
Gm11725,Gm11725,0,,
Gm11726,Gm11726,0,,
Gm11728,Gm11728,0,,
Gm11729,Gm11729,0,,
Gm11730,Gm11730,0,,
Gm11731,Gm11731,0,,
Gm11732,Gm11732,0,,
Gm11733,Gm11733,0,,
Gm11734,Gm11734,0,,
Gm11735,Gm11735,0,,
Gm11736,Gm11736,0,,
Gm11737,Gm11737,0,,
Gm11738,Gm11738,0,,
Gm11739,Gm11739,0,,
Gm11741,Gm11741,0.2133,-0.2849,0.1103
Gm11742,Gm11742,0,,
Gm11743,Gm11743,0,,
Gm11744,Gm11744,-0.0051,-1.431,0.8169
Gm11745,Gm11745,0,,
Gm11746,Gm11746,0,,
Gm11747,Gm11747,0,,
Gm11748,Gm11748,0,,
Gm11749,Gm11749,0,,
Gm11750,Gm11750,0,,
Gm11751,Gm11751,0,,
Gm11752,Gm11752,0,,
Gm11753,Gm11753,0,,
Gm11754,Gm11754,0,,
Gm11755,Gm11755,0,,
Gm11756,Gm11756,0,,
Gm11757,Gm11757,0,,
Gm11758,Gm11758,0,,
Gm11759,Gm11759,-0.0017,-1.7713,1.1163
Gm11760,Gm11760,-0.004,-1.3782,0.7743
Gm11761,Gm11761,0,,
Gm11762,Gm11762,0,,
Gm11763,Gm11763,0,,
Gm11764,Gm11764,0,,
Gm11765,Gm11765,0,,
Gm11766,Gm11766,0,,
Gm11767,Gm11767,0,,
Gm11768,Gm11768,0,,
Gm11769,Gm11769,-0.0026,-1.431,0.8169
Gm11770,Gm11770,0,,
Gm11771,Gm11771,0,,
Gm11772,Gm11772,0.0091,-0.8802,0.4217
Gm11773,Gm11773,0,,
Gm11774,Gm11774,0,,
Gm11775,Gm11775,0,,
Gm11779,Gm11779,0,,
Gm11780,Gm11780,0,,
Gm11781,Gm11781,0,,
Gm11782,Gm11782,0,,
Gm11783,Gm11783,0,,
Gm11784,Gm11784,0,,
Gm11785,Gm11785,0,,
Gm11786,Gm11786,0,,
Gm11787,Gm11787,0.0137,1.2069,0.6431
Gm11788,Gm11788,0,,
Gm11789,Gm11789,0,,
Gm11790,Gm11790,0,,
Gm11791,Gm11791,0,,
Gm11792,Gm11792,0,,
Gm11793,Gm11793,0,,
Gm11794,Gm11794,0,,
Gm11795,Gm11795,0,,
Gm11796,Gm11796,0,,
Gm11797,Gm11797,0,,
Gm11798,Gm11798,0,,
Gm11799,Gm11799,0,,
Gm11800,Gm11800,0,,
Gm11801,Gm11801,0,,
Gm11802,Gm11802,0,,
Gm11803,Gm11803,0,,
Gm11804,Gm11804,0,,
Gm11805,Gm11805,0,,
Gm11806,Gm11806,0,,
Gm11807,Gm11807,0,,
Gm11808,Gm11808,-0.0048,-3.26,2.9531
Gm11809,Gm11809,0,,
Gm11810,Gm11810,0.0169,-0.337,0.1331
Gm11812,Gm11812,0,,
Gm11813,Gm11813,0,,
Gm11814,Gm11814,0.0062,0.6927,0.3111
Gm11815,Gm11815,0,,
Gm11816,Gm11816,0,,
Gm11817,Gm11817,0,,
Gm11818,Gm11818,-0.0009,-1.431,0.8169
Gm11819,Gm11819,0,,
Gm11820,Gm11820,0,,
Gm11821,Gm11821,0,,
Gm11822,Gm11822,0,,
Gm11823,Gm11823,0,,
Gm11824,Gm11824,-0.012,-2.0286,1.3716
Gm11825,Gm11825,0,,
Gm11826,Gm11826,0.0656,-0.4104,0.1665
Gm11827,Gm11827,0,,
Gm11828,Gm11828,0.115,-1.6054,0.9649
Gm11829,Gm11829,0,,
Gm11830,Gm11830,0,,
Gm11831,Gm11831,0,,
Gm11832,Gm11832,0,,
Gm11833,Gm11833,0,,
Gm11834,Gm11834,0,,
Gm11835,Gm11835,0,,
Gm11836,Gm11836,-0.0325,-2.6623,2.1101
Gm11837,Gm11837,0,,
Gm11838,Gm11838,0,,
Gm11839,Gm11839,0,,
Gm11840,Gm11840,0,,
Gm11841,Gm11841,0,,
Gm11842,Gm11842,0,,
Gm11843,Gm11843,0,,
Gm11844,Gm11844,0,,
Gm11845,Gm11845,0,,
Gm11846,Gm11846,0,,
Gm11847,Gm11847,0.0198,-1.2349,0.6638
Gm11848,Gm11848,0,,
Gm11849,Gm11849,0.0073,0.3328,0.1312
Gm11850,Gm11850,0,,
Gm11851,Gm11851,0,,
Gm11852,Gm11852,0.0017,0.6927,0.3111
Gm11853,Gm11853,0,,
Gm11854,Gm11854,0,,
Gm11855,Gm11855,0,,
Gm11856,Gm11856,0,,
Gm11857,Gm11857,0,,
Gm11858,Gm11858,0,,
Gm11859,Gm11859,0,,
Gm11860,Gm11860,0,,
Gm11861,Gm11861,0,,
Gm11862,Gm11862,0,,
Gm11863,Gm11863,0,,
Gm11864,Gm11864,0,,
Gm11865,Gm11865,0,,
Gm11866,Gm11866,0,,
Gm11867,Gm11867,0,,
Gm11868,Gm11868,-0.0077,-1.431,0.8169
Gm11869,Gm11869,0,,
Gm11870,Gm11870,0,,
Gm11871,Gm11871,0,,
Gm11872,Gm11872,0,,
Gm11873,Gm11873,0,,
Gm11874,Gm11874,0,,
Gm11875,Gm11875,0,,
Gm11876,Gm11876,0,,
Gm11877,Gm11877,0,,
Gm11878,Gm11878,0.002,-0.5167,0.218
Gm11879,Gm11879,0,,
Gm11880,Gm11880,0,,
Gm11881,Gm11881,0,,
Gm11882,Gm11882,0,,
Gm11883,Gm11883,0,,
Gm11884,Gm11884,0,,
Gm11885,Gm11885,0,,
Gm11886,Gm11886,0,,
Gm11887,Gm11887,0,,
Gm11888,Gm11888,0,,
Gm11889,Gm11889,0.0137,-0.5167,0.218
Gm11890,Gm11890,0,,
Gm11891,Gm11891,0,,
Gm11892,Gm11892,0,,
Gm11893,Gm11893,0.0025,0.6927,0.3111
Gm11894,Gm11894,0,,
Gm11895,Gm11895,0,,
Gm11896,Gm11896,0,,
Gm11897,Gm11897,0,,
Gm11898,Gm11898,0,,
Gm11899,Gm11899,0,,
Gm11900,Gm11900,0,,
Gm11901,Gm11901,0,,
Gm11902,Gm11902,0,,
Gm11903,Gm11903,0,,
Gm11904,Gm11904,0,,
Gm11905,Gm11905,0,,
Gm11906,Gm11906,0,,
Gm11907,Gm11907,0,,
Gm11908,Gm11908,0,,
Gm11909,Gm11909,0,,
Gm11910,Gm11910,0,,
Gm11911,Gm11911,0,,
Gm11912,Gm11912,0,,
Gm11913,Gm11913,0,,
Gm11914,Gm11914,0.0053,-0.5167,0.218
Gm11915,Gm11915,0,,
Gm11916,Gm11916,0,,
Gm11917,Gm11917,0,,
Gm11918,Gm11918,0,,
Gm11919,Gm11919,-0.0043,-1.431,0.8169
Gm11920,Gm11920,0,,
Gm11921,Gm11921,0,,
Gm11922,Gm11922,0,,
Gm11923,Gm11923,0,,
Gm11924,Gm11924,0,,
Gm11925,Gm11925,0,,
Gm11926,Gm11926,0,,
Gm11927,Gm11927,0,,
Gm11928,Gm11928,0,,
Gm11929,Gm11929,0.0004,0.6927,0.3111
Gm11930,Gm11930,0,,
Gm11931,Gm11931,0,,
Gm11932,Gm11932,0,,
Gm11933,Gm11933,0,,
Gm11934,Gm11934,0,,
Gm11935,Gm11935,0,,
Gm11936,Gm11936,-0.0026,-1.431,0.8169
Gm11937,Gm11937,0,,
Gm11938,Gm11938,0,,
Gm11939,Gm11939,0,,
Gm11940,Gm11940,0,,
Gm11941,Gm11941,0,,
Gm11942,Gm11942,0.4605,4.7772,5.7502
Gm11943,Gm11943,0,,
Gm11944,Gm11944,-0.0068,-1.7969,1.1405
Gm11945,Gm11945,-0.0108,0.3203,0.1257
Gm11946,Gm11946,0,,
Gm11947,Gm11947,0,,
Gm11948,Gm11948,-0.0026,-1.431,0.8169
Gm11949,Gm11949,0,,
Gm11950,Gm11950,0,,
Gm11951,Gm11951,0,,
Gm11952,Gm11952,0,,
Gm11953,Gm11953,0.0153,-0.3914,0.1577
Gm11954,Gm11954,-0.015,-2.2607,1.6238
Gm11955,Gm11955,0,,
Gm11956,Gm11956,-0.0069,-1.431,0.8169
Gm11957,Gm11957,0,,
Gm11958,Gm11958,0,,
Gm11959,Gm11959,0,,
Gm11960,Gm11960,0.0153,1.2069,0.6431
Gm11961,Gm11961,0,,
Gm11962,Gm11962,0,,
Gm11963,Gm11963,0,,
Gm11964,Gm11964,0.0135,-1.4532,0.8351
Gm11965,Gm11965,0,,
Gm11966,Gm11966,-0.0036,-1.7944,1.1381
Gm11967,Gm11967,0,,
Gm11968,Gm11968,0.0137,-0.0255,0.0089
Gm11969,Gm11969,0,,
Gm11970,Gm11970,0.0455,-0.7543,0.3461
Gm11971,Gm11971,0,,
Gm11972,Gm11972,-0.006,-1.431,0.8169
Gm11973,Gm11973,0,,
Gm11974,Gm11974,-0.0132,-3.5512,3.4162
Gm11975,Gm11975,0.0011,-1.1565,0.6064
Gm11976,Gm11976,0,,
Gm11977,Gm11977,0,,
Gm11978,Gm11978,0,,
Gm11979,Gm11979,0.0014,0.2318,0.0879
Gm11980,Gm11980,0,,
Gm11981,Gm11981,0,,
Gm11982,Gm11982,0,,
Gm11983,Gm11983,0,,
Gm11984,Gm11984,0,,
Gm11985,Gm11985,0,,
Gm11986,Gm11986,0,,
Gm11987,Gm11987,0,,
Gm11988,Gm11988,0,,
Gm11989,Gm11989,-0.0063,-0.7497,0.3435
Gm11990,Gm11990,0,,
Gm11991,Gm11991,0,,
Gm11992,Gm11992,0,,
Gm11993,Gm11993,0,,
Gm11995,Gm11995,0,,
Gm11996,Gm11996,0,,
Gm11997,Gm11997,0,,
Gm11998,Gm11998,-0.0017,-1.431,0.8169
Gm11999,Gm11999,0,,
Gm12,Gm12,0,,
Gm12000,Gm12000,0,,
Gm12001,Gm12001,0,,
Gm12002,Gm12002,0,,
Gm12003,Gm12003,0,,
Gm12004,Gm12004,0,,
Gm12005,Gm12005,0.0221,-3.3936,3.1613
Gm12006,Gm12006,0,,
Gm12007,Gm12007,0,,
Gm12008,Gm12008,0,,
Gm12009,Gm12009,-0.0026,-1.431,0.8169
Gm12010,Gm12010,0,,
Gm12011,Gm12011,0.0067,0.6927,0.3111
Gm12012,Gm12012,0,,
Gm12013,Gm12013,0.0325,0.1684,0.0623
Gm12014,Gm12014,0,,
Gm12015,Gm12015,0,,
Gm12016,Gm12016,0,,
Gm12017,Gm12017,-0.013,-2.8203,2.3189
Gm12018,Gm12018,0,,
Gm12019,Gm12019,0,,
Gm12020,Gm12020,0.0296,-1.2851,0.7017
Gm12021,Gm12021,0,,
Gm12022,Gm12022,0,,
Gm12023,Gm12023,0,,
Gm12024,Gm12024,0,,
Gm12025,Gm12025,-0.0105,-1.8012,1.1447
Gm12026,Gm12026,0.0013,0.6927,0.3111
Gm12027,Gm12027,0,,
Gm12028,Gm12028,0,,
Gm12029,Gm12029,0,,
Gm12030,Gm12030,0,,
Gm12031,Gm12031,0,,
Gm12033,Gm12033,-0.0043,-1.431,0.8169
Gm12034,Gm12034,0.0882,-2.1162,1.4644
Gm12035,Gm12035,0.0096,0.9835,0.4876
Gm12036,Gm12036,0,,
Gm12037,Gm12037,0,,
Gm12038,Gm12038,0.0116,0.2381,0.0906
Gm12039,Gm12039,0,,
Gm12040,Gm12040,0,,
Gm12041,Gm12041,0,,
Gm12042,Gm12042,0,,
Gm12043,Gm12043,0,,
Gm12044,Gm12044,0,,
Gm12045,Gm12045,0,,
Gm12046,Gm12046,0,,
Gm12047,Gm12047,0,,
Gm12050,Gm12050,0,,
Gm12051,Gm12051,0,,
Gm12052,Gm12052,0,,
Gm12053,Gm12053,0,,
Gm12054,Gm12054,0,,
Gm12055,Gm12055,0,,
Gm12056,Gm12056,0,,
Gm12057,Gm12057,0,,
Gm12058,Gm12058,0,,
Gm12059,Gm12059,0,,
Gm12060,Gm12060,0,,
Gm12061,Gm12061,0,,
Gm12062,Gm12062,0,,
Gm12063,Gm12063,0,,
Gm12064,Gm12064,0,,
Gm12065,Gm12065,0,,
Gm12066,Gm12066,0,,
Gm12067,Gm12067,0,,
Gm12068,Gm12068,0,,
Gm12069,Gm12069,0,,
Gm12070,Gm12070,-0.0043,-1.431,0.8169
Gm12071,Gm12071,0,,
Gm12072,Gm12072,0,,
Gm12073,Gm12073,0,,
Gm12074,Gm12074,0.0085,-1.8012,1.1447
Gm12075,Gm12075,0,,
Gm12076,Gm12076,0,,
Gm12077,Gm12077,0,,
Gm12079,Gm12079,0.0008,0.6927,0.3111
Gm12080,Gm12080,0,,
Gm12081,Gm12081,0,,
Gm12082,Gm12082,0,,
Gm12084,Gm12084,0,,
Gm12085,Gm12085,0,,
Gm12086,Gm12086,0,,
Gm12087,Gm12087,0,,
Gm12088,Gm12088,0,,
Gm12089,Gm12089,0,,
Gm12090,Gm12090,0.0486,2.4044,1.7905
Gm12091,Gm12091,0,,
Gm12092,Gm12092,0,,
Gm12093,Gm12093,0,,
Gm12094,Gm12094,-0.0111,-1.5445,0.912
Gm12095,Gm12095,0,,
Gm12096,Gm12096,0.0017,0.6927,0.3111
Gm12097,Gm12097,-0.0001,-0.0216,0.0075
Gm12098,Gm12098,0,,
Gm12099,Gm12099,0,,
Gm12100,Gm12100,0,,
Gm12101,Gm12101,-0.0009,-1.431,0.8169
Gm12102,Gm12102,0,,
Gm12103,Gm12103,0,,
Gm12104,Gm12104,0,,
Gm12105,Gm12105,0,,
Gm12106,Gm12106,0,,
Gm12107,Gm12107,0,,
Gm12108,Gm12108,0,,
Gm12109,Gm12109,-0.013,-0.0425,0.015
Gm12110,Gm12110,0,,
Gm12111,Gm12111,0,,
Gm12112,Gm12112,0,,
Gm12114,Gm12114,0,,
Gm12115,Gm12115,-0.0186,-3.6813,3.6345
Gm12116,Gm12116,0,,
Gm12117,Gm12117,0,,
Gm12118,Gm12118,0,,
Gm12119,Gm12119,0,,
Gm12120,Gm12120,0,,
Gm12121,Gm12121,0,,
Gm12122,Gm12122,0,,
Gm12123,Gm12123,-0.0048,-0.5226,0.2209
Gm12124,Gm12124,0,,
Gm12125,Gm12125,0,,
Gm12126,Gm12126,0,,
Gm12127,Gm12127,0,,
Gm12128,Gm12128,0,,
Gm12129,Gm12129,0.0054,0.9835,0.4876
Gm12130,Gm12130,0,,
Gm12131,Gm12131,0,,
Gm12132,Gm12132,0,,
Gm12133,Gm12133,0,,
Gm12134,Gm12134,0,,
Gm12135,Gm12135,0,,
Gm12136,Gm12136,0,,
Gm12137,Gm12137,0,,
Gm12138,Gm12138,0,,
Gm12139,Gm12139,0,,
Gm12140,Gm12140,0,,
Gm12141,Gm12141,0.0354,0.1472,0.0541
Gm12142,Gm12142,0,,
Gm12143,Gm12143,0,,
Gm12144,Gm12144,0,,
Gm12145,Gm12145,0,,
Gm12146,Gm12146,-0.0017,-1.431,0.8169
Gm12147,Gm12147,0,,
Gm12148,Gm12148,0,,
Gm12149,Gm12149,0,,
Gm12150,Gm12150,0,,
Gm12151,Gm12151,-0.0043,-1.431,0.8169
Gm12152,Gm12152,0,,
Gm12153,Gm12153,0,,
Gm12154,Gm12154,0,,
Gm12155,Gm12155,0.0174,-0.1584,0.0584
Gm12156,Gm12156,0,,
Gm12157,Gm12157,0,,
Gm12158,Gm12158,0,,
Gm12159,Gm12159,0,,
Gm12160,Gm12160,0,,
Gm12161,Gm12161,0,,
Gm12162,Gm12162,0,,
Gm12163,Gm12163,0.0029,0.6927,0.3111
Gm12164,Gm12164,0.0016,-0.0168,0.0059
Gm12165,Gm12165,0.2053,-0.3291,0.1296
Gm12166,Gm12166,-0.0679,-3.7724,3.7914
Gm12167,Gm12167,0,,
Gm12168,Gm12168,0.0025,-0.0168,0.0059
Gm12169,Gm12169,0,,
Gm12170,Gm12170,0,,
Gm12171,Gm12171,0,,
Gm12173,Gm12173,0,,
Gm12174,Gm12174,0.0402,-0.7648,0.3522
Gm12175,Gm12175,0,,
Gm12176,Gm12176,-0.0142,-2.1903,1.5451
Gm12177,Gm12177,0,,
Gm12178,Gm12178,0,,
Gm12179,Gm12179,0,,
Gm12180,Gm12180,0,,
Gm12181,Gm12181,0,,
Gm12182,Gm12182,0.0091,0.6927,0.3111
Gm12183,Gm12183,-0.0064,-1.8003,1.1438
Gm12184,Gm12184,-0.0176,-1.5688,0.9329
Gm12185,Gm12185,-0.0086,-1.431,0.8169
Gm12186,Gm12186,0,,
Gm12187,Gm12187,0,,
Gm12188,Gm12188,0,,
Gm12189,Gm12189,0,,
Gm12190,Gm12190,0,,
Gm12191,Gm12191,-0.0018,-0.5196,0.2194
Gm12192,Gm12192,0,,
Gm12193,Gm12193,0,,
Gm12194,Gm12194,0.0086,-0.337,0.1331
Gm12195,Gm12195,0,,
Gm12196,Gm12196,0,,
Gm12197,Gm12197,0,,
Gm12198,Gm12198,0,,
Gm12199,Gm12199,0,,
Gm12200,Gm12200,0,,
Gm12201,Gm12201,0,,
Gm12202,Gm12202,0,,
Gm12203,Gm12203,0,,
Gm12204,Gm12204,0,,
Gm12205,Gm12205,0,,
Gm12206,Gm12206,0,,
Gm12207,Gm12207,0,,
Gm12208,Gm12208,0,,
Gm12209,Gm12209,0,,
Gm12210,Gm12210,0,,
Gm12212,Gm12212,0,,
Gm12213,Gm12213,0,,
Gm12214,Gm12214,0,,
Gm12216,Gm12216,0.0037,0.6927,0.3111
Gm12217,Gm12217,0,,
Gm12218,Gm12218,0,,
Gm12219,Gm12219,-0.0042,-0.8984,0.433
Gm12220,Gm12220,0,,
Gm12221,Gm12221,0,,
Gm12222,Gm12222,0.0028,-0.5167,0.218
Gm12223,Gm12223,0,,
Gm12224,Gm12224,0,,
Gm12225,Gm12225,0,,
Gm12226,Gm12226,-0.0051,-1.431,0.8169
Gm12227,Gm12227,0,,
Gm12228,Gm12228,0,,
Gm12229,Gm12229,-0.0009,-1.431,0.8169
Gm12230,Gm12230,-0.0001,-0.0216,0.0075
Gm12231,Gm12231,-0.0008,-0.9001,0.4341
Gm12233,Gm12233,0,,
Gm12234,Gm12234,0,,
Gm12235,Gm12235,0,,
Gm12236,Gm12236,0,,
Gm12237,Gm12237,0,,
Gm12238,Gm12238,0,,
Gm12239,Gm12239,0,,
Gm12240,Gm12240,0,,
Gm12241,Gm12241,0,,
Gm12242,Gm12242,0.0004,-0.5167,0.218
Gm12243,Gm12243,0,,
Gm12244,Gm12244,0.0013,0.6927,0.3111
Gm12245,Gm12245,0,,
Gm12246,Gm12246,0,,
Gm12247,Gm12247,0,,
Gm12248,Gm12248,0,,
Gm12249,Gm12249,0,,
Gm12250,Gm12250,0.0153,0.3286,0.1293
Gm12251,Gm12251,-0.0209,-3.7824,3.8087
Gm12252,Gm12252,0,,
Gm12253,Gm12253,0,,
Gm12254,Gm12254,0.1841,0.0593,0.0211
Gm12255,Gm12255,0,,
Gm12256,Gm12256,0,,
Gm12257,Gm12257,0,,
Gm12258,Gm12258,-0.0026,-1.431,0.8169
Gm12259,Gm12259,0,,
Gm12260,Gm12260,0,,
Gm12261,Gm12261,0.0062,0.9835,0.4876
Gm12262,Gm12262,0,,
Gm12263,Gm12263,0,,
Gm12264,Gm12264,0,,
Gm12265,Gm12265,0,,
Gm12266,Gm12266,0,,
Gm12267,Gm12267,-0.0065,-1.8012,1.1447
Gm12268,Gm12268,0,,
Gm12269,Gm12269,-0.0034,-1.431,0.8169
Gm12270,Gm12270,0.0383,-0.0085,0.0029
Gm12271,Gm12271,0.0042,0.9835,0.4876
Gm12272,Gm12272,0,,
Gm12273,Gm12273,0,,
Gm12274,Gm12274,0,,
Gm12275,Gm12275,0,,
Gm12276,Gm12276,0,,
Gm12278,Gm12278,0,,
Gm12279,Gm12279,0,,
Gm12280,Gm12280,0,,
Gm12281,Gm12281,0,,
Gm12282,Gm12282,0.005,0.6927,0.3111
Gm12283,Gm12283,0,,
Gm12284,Gm12284,0,,
Gm12285,Gm12285,0,,
Gm12286,Gm12286,0.0021,0.6927,0.3111
Gm12287,Gm12287,0,,
Gm12288,Gm12288,0,,
Gm12289,Gm12289,0,,
Gm12290,Gm12290,0,,
Gm12291,Gm12291,0,,
Gm12292,Gm12292,0,,
Gm12293,Gm12293,0,,
Gm12294,Gm12294,0,,
Gm12295,Gm12295,0,,
Gm12296,Gm12296,0,,
Gm12297,Gm12297,0,,
Gm12298,Gm12298,0,,
Gm12299,Gm12299,0,,
Gm12300,Gm12300,0,,
Gm12301,Gm12301,0,,
Gm12302,Gm12302,0,,
Gm12303,Gm12303,0,,
Gm12304,Gm12304,0,,
Gm12305,Gm12305,0,,
Gm12306,Gm12306,0,,
Gm12307,Gm12307,0,,
Gm12308,Gm12308,-0.0043,-1.431,0.8169
Gm12309,Gm12309,0,,
Gm12310,Gm12310,0,,
Gm12311,Gm12311,0,,
Gm12312,Gm12312,-0.0028,-1.2942,0.7086
Gm12313,Gm12313,0,,
Gm12314,Gm12314,0,,
Gm12315,Gm12315,0,,
Gm12316,Gm12316,0,,
Gm12317,Gm12317,0,,
Gm12318,Gm12318,0,,
Gm12319,Gm12319,0,,
Gm12320,Gm12320,0,,
Gm12321,Gm12321,0,,
Gm12322,Gm12322,-0.0026,-0.5226,0.2209
Gm12324,Gm12324,0,,
Gm12325,Gm12325,0,,
Gm12326,Gm12326,0,,
Gm12327,Gm12327,0,,
Gm12328,Gm12328,0.0217,-1.5309,0.9004
Gm12329,Gm12329,0,,
Gm12331,Gm12331,0,,
Gm12332,Gm12332,0,,
Gm12333,Gm12333,0,,
Gm12334,Gm12334,0.0678,-1.2053,0.6419
Gm12335,Gm12335,0,,
Gm12336,Gm12336,0,,
Gm12337,Gm12337,-0.0126,-1.1816,0.6246
Gm12338,Gm12338,0.0051,-3.4208,3.2045
Gm12339,Gm12339,0,,
Gm12340,Gm12340,0,,
Gm12341,Gm12341,0.0173,-0.0187,0.0065
Gm12343,Gm12343,0,,
Gm12344,Gm12344,0,,
Gm12345,Gm12345,0,,
Gm12346,Gm12346,0.0571,-0.8361,0.3946
Gm12347,Gm12347,0,,
Gm12348,Gm12348,0,,
Gm12349,Gm12349,0,,
Gm12350,Gm12350,-0.0022,-1.0479,0.5306
Gm12351,Gm12351,0,,
Gm12352,Gm12352,0,,
Gm12353,Gm12353,-0.012,-2.5691,1.9915
Gm12354,Gm12354,0,,
Gm12355,Gm12355,-0.0099,-1.2629,0.6848
Gm12356,Gm12356,0,,
Gm12357,Gm12357,0,,
Gm12358,Gm12358,0,,
Gm12359,Gm12359,0,,
Gm12360,Gm12360,0,,
Gm12361,Gm12361,0,,
Gm12362,Gm12362,0,,
Gm12363,Gm12363,0,,
Gm12364,Gm12364,0,,
Gm12365,Gm12365,0,,
Gm12366,Gm12366,0,,
Gm12367,Gm12367,0,,
Gm12368,Gm12368,0,,
Gm12369,Gm12369,0,,
Gm12370,Gm12370,0,,
Gm12371,Gm12371,0,,
Gm12372,Gm12372,0,,
Gm12374,Gm12374,0,,
Gm12375,Gm12375,0,,
Gm12376,Gm12376,0,,
Gm12377,Gm12377,0,,
Gm12378,Gm12378,0,,
Gm12379,Gm12379,0,,
Gm12380,Gm12380,-0.0077,-1.431,0.8169
Gm12381,Gm12381,0,,
Gm12382,Gm12382,0,,
Gm12383,Gm12383,0,,
Gm12384,Gm12384,0,,
Gm12385,Gm12385,0.0152,0.8423,0.3983
Gm12386,Gm12386,0,,
Gm12387,Gm12387,0,,
Gm12388,Gm12388,0,,
Gm12389,Gm12389,0,,
Gm12390,Gm12390,0,,
Gm12391,Gm12391,0,,
Gm12392,Gm12392,0,,
Gm12393,Gm12393,0,,
Gm12394,Gm12394,0,,
Gm12395,Gm12395,0,,
Gm12396,Gm12396,0.0705,-0.5944,0.2579
Gm12397,Gm12397,0,,
Gm12398,Gm12398,0,,
Gm12399,Gm12399,0,,
Gm12400,Gm12400,0,,
Gm12401,Gm12401,0,,
Gm12402,Gm12402,0,,
Gm12403,Gm12403,-0.0077,-2.0286,1.3716
Gm12404,Gm12404,0,,
Gm12405,Gm12405,0,,
Gm12406,Gm12406,0,,
Gm12407,Gm12407,0,,
Gm12408,Gm12408,0,,
Gm12409,Gm12409,0,,
Gm12410,Gm12410,0,,
Gm12411,Gm12411,-0.0074,-1.2501,0.6751
Gm12412,Gm12412,0,,
Gm12413,Gm12413,0,,
Gm12414,Gm12414,0,,
Gm12415,Gm12415,0,,
Gm12416,Gm12416,-0.0108,-1.8054,1.1486
Gm12417,Gm12417,0,,
Gm12418,Gm12418,-0.0034,-1.431,0.8169
Gm12419,Gm12419,0,,
Gm12420,Gm12420,0,,
Gm12421,Gm12421,-0.0108,-1.7747,1.1195
Gm12422,Gm12422,0,,
Gm12423,Gm12423,0,,
Gm12424,Gm12424,0,,
Gm12425,Gm12425,0,,
Gm12426,Gm12426,0,,
Gm12427,Gm12427,0,,
Gm12428,Gm12428,0.0067,0.9835,0.4876
Gm12429,Gm12429,0,,
Gm12430,Gm12430,-0.006,-2.0286,1.3716
Gm12431,Gm12431,0,,
Gm12432,Gm12432,0,,
Gm12433,Gm12433,0,,
Gm12434,Gm12434,0,,
Gm12435,Gm12435,0.0021,0.6927,0.3111
Gm12436,Gm12436,0,,
Gm12437,Gm12437,0,,
Gm12438,Gm12438,0,,
Gm12439,Gm12439,0,,
Gm12440,Gm12440,0,,
Gm12441,Gm12441,0,,
Gm12442,Gm12442,0,,
Gm12443,Gm12443,0,,
Gm12444,Gm12444,0.0013,0.6927,0.3111
Gm12445,Gm12445,0.0058,0.6927,0.3111
Gm12446,Gm12446,0,,
Gm12447,Gm12447,0,,
Gm12448,Gm12448,0,,
Gm12449,Gm12449,0,,
Gm12450,Gm12450,0,,
Gm12451,Gm12451,0,,
Gm12452,Gm12452,0,,
Gm12453,Gm12453,0,,
Gm12454,Gm12454,0,,
Gm12455,Gm12455,0,,
Gm12457,Gm12457,0,,
Gm12458,Gm12458,0,,
Gm12459,Gm12459,0,,
Gm12460,Gm12460,0,-0.5167,0.218
Gm12461,Gm12461,0,,
Gm12462,Gm12462,0,,
Gm12463,Gm12463,0,,
Gm12464,Gm12464,0,,
Gm12465,Gm12465,0,,
Gm12466,Gm12466,0.0108,-0.5787,0.2496
Gm12467,Gm12467,0,,
Gm12468,Gm12468,0.0122,-0.5808,0.2508
Gm12469,Gm12469,-0.0167,-1.8095,1.1526
Gm12470,Gm12470,0,,
Gm12471,Gm12471,0.0335,-0.9655,0.4759
Gm12472,Gm12472,0,,
Gm12473,Gm12473,0,,
Gm12474,Gm12474,0,,
Gm12475,Gm12475,0,,
Gm12476,Gm12476,0,,
Gm12477,Gm12477,-0.0017,-1.431,0.8169
Gm12478,Gm12478,0,,
Gm12479,Gm12479,0,,
Gm12480,Gm12480,0,,
Gm12481,Gm12481,0.0582,-2.6947,2.1521
Gm12482,Gm12482,0.0075,0.9835,0.4876
Gm12483,Gm12483,0,,
Gm12484,Gm12484,0,,
Gm12485,Gm12485,0,,
Gm12486,Gm12486,0,,
Gm12487,Gm12487,0.0108,0.1852,0.069
Gm12488,Gm12488,0,,
Gm12489,Gm12489,0,,
Gm12490,Gm12490,0,,
Gm12492,Gm12492,0.0029,0.6927,0.3111
Gm12493,Gm12493,0,,
Gm12494,Gm12494,0,,
Gm12495,Gm12495,0,,
Gm12496,Gm12496,0,,
Gm12497,Gm12497,-0.0382,-1.8498,1.1915
Gm12498,Gm12498,0,,
Gm12499,Gm12499,0,,
Gm12500,Gm12500,0,,
Gm12501,Gm12501,0.0021,0.6927,0.3111
Gm12502,Gm12502,0,,
Gm12503,Gm12503,0,,
Gm12504,Gm12504,-0.0153,-2.0266,1.3696
Gm12505,Gm12505,0,,
Gm12506,Gm12506,0,,
Gm12507,Gm12507,0,,
Gm12508,Gm12508,-0.0069,-1.1829,0.6256
Gm12509,Gm12509,0,,
Gm12510,Gm12510,0,,
Gm12511,Gm12511,0,,
Gm12512,Gm12512,0,,
Gm12513,Gm12513,0,,
Gm12514,Gm12514,0,,
Gm12515,Gm12515,0,,
Gm12516,Gm12516,0,,
Gm12517,Gm12517,0.0091,0.6927,0.3111
Gm12518,Gm12518,0,,
Gm12519,Gm12519,0,,
Gm12520,Gm12520,0,,
Gm12521,Gm12521,0,,
Gm12522,Gm12522,0,,
Gm12523,Gm12523,0,,
Gm12524,Gm12524,0,,
Gm12525,Gm12525,-0.0009,-1.431,0.8169
Gm12526,Gm12526,0,,
Gm12527,Gm12527,0,,
Gm12529,Gm12529,0,,
Gm12530,Gm12530,0,,
Gm12531,Gm12531,0,,
Gm12532,Gm12532,0,,
Gm12533,Gm12533,0,,
Gm12534,Gm12534,0,,
Gm12535,Gm12535,0,,
Gm12536,Gm12536,0,,
Gm12537,Gm12537,-0.0002,-0.3519,0.1397
Gm12538,Gm12538,0,,
Gm12539,Gm12539,0,,
Gm12540,Gm12540,0.0083,0.6927,0.3111
Gm12541,Gm12541,0,,
Gm12542,Gm12542,0,,
Gm12543,Gm12543,-0.0145,-2.1827,1.5367
Gm12550,Gm12550,0,,
Gm12551,Gm12551,0,,
Gm12563,Gm12563,0.1054,2.7613,2.2398
Gm12564,Gm12564,0,,
Gm12565,Gm12565,-0.006,-1.431,0.8169
Gm12566,Gm12566,0,,
Gm12567,Gm12567,0,,
Gm12568,Gm12568,-0.0013,-0.5196,0.2194
Gm12569,Gm12569,0,,
Gm12570,Gm12570,0,,
Gm12571,Gm12571,0.0092,0.2318,0.0879
Gm12572,Gm12572,0,,
Gm12573,Gm12573,0,,
Gm12574,Gm12574,0,,
Gm12575,Gm12575,0,,
Gm12576,Gm12576,0,,
Gm12577,Gm12577,0.0014,-0.3445,0.1364
Gm12578,Gm12578,0,,
Gm12579,Gm12579,0,,
Gm12580,Gm12580,0,,
Gm12582,Gm12582,0,,
Gm12583,Gm12583,0.0004,-0.5167,0.218
Gm12584,Gm12584,0,,
Gm12585,Gm12585,0,,
Gm12586,Gm12586,0,,
Gm12587,Gm12587,0,,
Gm12588,Gm12588,0,,
Gm12589,Gm12589,0,,
Gm12590,Gm12590,0,,
Gm12591,Gm12591,0,,
Gm12592,Gm12592,0,,
Gm12593,Gm12593,0,,
Gm12594,Gm12594,0,,
Gm12596,Gm12596,0,,
Gm12597,Gm12597,0,,
Gm12598,Gm12598,0,,
Gm12599,Gm12599,-0.004,-0.0374,0.0132
Gm12600,Gm12600,0,,
Gm12601,Gm12601,0,,
Gm12602,Gm12602,0,,
Gm12603,Gm12603,0,,
Gm12604,Gm12604,-0.0077,-2.0286,1.3716
Gm12605,Gm12605,0,,
Gm12606,Gm12606,0,,
Gm12607,Gm12607,0,,
Gm12608,Gm12608,0,,
Gm12609,Gm12609,-0.0009,-1.431,0.8169
Gm12610,Gm12610,0,,
Gm12611,Gm12611,0,,
Gm12612,Gm12612,0,,
Gm12613,Gm12613,0,,
Gm12614,Gm12614,0,,
Gm12615,Gm12615,0,,
Gm12616,Gm12616,0,,
Gm12617,Gm12617,0,,
Gm12618,Gm12618,0.0134,-1.659,1.0127
Gm12619,Gm12619,0,,
Gm12620,Gm12620,0,,
Gm12621,Gm12621,0,,
Gm12622,Gm12622,0,,
Gm12623,Gm12623,0,,
Gm12624,Gm12624,0,,
Gm12625,Gm12625,0,,
Gm12626,Gm12626,0,,
Gm12627,Gm12627,0,,
Gm12628,Gm12628,0,,
Gm12629,Gm12629,0,,
Gm12630,Gm12630,0.1611,-0.8924,0.4292
Gm12631,Gm12631,0,,
Gm12632,Gm12632,0.0252,0.6126,0.2675
Gm12633,Gm12633,0,,
Gm12634,Gm12634,-0.0026,-1.431,0.8169
Gm12635,Gm12635,0,,
Gm12636,Gm12636,0,,
Gm12637,Gm12637,0,,
Gm12638,Gm12638,0,,
Gm12639,Gm12639,0,,
Gm12640,Gm12640,0,,
Gm12641,Gm12641,0,,
Gm12642,Gm12642,0.014,-0.0168,0.0059
Gm12643,Gm12643,0.0104,0.9835,0.4876
Gm12644,Gm12644,0,,
Gm12645,Gm12645,0,,
Gm12646,Gm12646,0,,
Gm12647,Gm12647,0,,
Gm12648,Gm12648,0,,
Gm12649,Gm12649,0,,
Gm12650,Gm12650,0,,
Gm12651,Gm12651,0,,
Gm12652,Gm12652,0,,
Gm12653,Gm12653,0,,
Gm12654,Gm12654,0,,
Gm12655,Gm12655,0,,
Gm12656,Gm12656,0,,
Gm12657,Gm12657,-0.0145,-2.8765,2.3957
Gm12658,Gm12658,0,,
Gm12659,Gm12659,0,,
Gm12660,Gm12660,0,,
Gm12661,Gm12661,0,,
Gm12663,Gm12663,0,,
Gm12664,Gm12664,0,,
Gm12665,Gm12665,0,,
Gm12666,Gm12666,0.0119,0.6089,0.2655
Gm12667,Gm12667,0,,
Gm12668,Gm12668,0,,
Gm12669,Gm12669,-0.0097,-2.9089,2.4404
Gm12670,Gm12670,0,,
Gm12671,Gm12671,0.0046,0.6927,0.3111
Gm12673,Gm12673,0,,
Gm12674,Gm12674,0,,
Gm12675,Gm12675,0,,
Gm12676,Gm12676,0,,
Gm12677,Gm12677,0,,
Gm12678,Gm12678,0,,
Gm12679,Gm12679,0,,
Gm12680,Gm12680,0,,
Gm12681,Gm12681,0,,
Gm12682,Gm12682,0,,
Gm12683,Gm12683,0,,
Gm12684,Gm12684,0,,
Gm12685,Gm12685,0,,
Gm12686,Gm12686,0,,
Gm12687,Gm12687,0,,
Gm12688,Gm12688,0,,
Gm12689,Gm12689,0,,
Gm12690,Gm12690,0,,
Gm12691,Gm12691,0.0127,-0.0293,0.0103
Gm12692,Gm12692,0,,
Gm12693,Gm12693,0.0038,-1.7719,1.1168
Gm12694,Gm12694,0,,
Gm12695,Gm12695,0,,
Gm12696,Gm12696,-0.0002,-0.9365,0.4572
Gm12697,Gm12697,0,,
Gm12698,Gm12698,0,,
Gm12699,Gm12699,0.0028,-1.0468,0.5299
Gm12700,Gm12700,0,,
Gm12701,Gm12701,0,,
Gm12702,Gm12702,0,,
Gm12703,Gm12703,0.0028,0.4666,0.1933
Gm12704,Gm12704,0.0008,-0.5167,0.218
Gm12705,Gm12705,0,,
Gm12706,Gm12706,0,,
Gm12707,Gm12707,0,,
Gm12708,Gm12708,0,,
Gm12709,Gm12709,0,,
Gm12710,Gm12710,0,,
Gm12711,Gm12711,0,,
Gm12712,Gm12712,0.0033,0.6927,0.3111
Gm12713,Gm12713,0,,
Gm12714,Gm12714,0,,
Gm12715,Gm12715,0.1191,-0.085,0.0305
Gm12716,Gm12716,-0.0009,-1.431,0.8169
Gm12717,Gm12717,0,,
Gm12718,Gm12718,0,,
Gm12719,Gm12719,0,,
Gm12720,Gm12720,0,,
Gm12721,Gm12721,0,,
Gm12722,Gm12722,0,,
Gm12723,Gm12723,0,,
Gm12724,Gm12724,0,,
Gm12725,Gm12725,0,,
Gm12726,Gm12726,0.0134,-0.0272,0.0095
Gm12727,Gm12727,0,,
Gm12728,Gm12728,0,,
Gm12729,Gm12729,0,,
Gm12730,Gm12730,0,,
Gm12731,Gm12731,0,,
Gm12732,Gm12732,-0.0108,-2.5543,1.9731
Gm12733,Gm12733,0.0036,-0.5167,0.218
Gm12734,Gm12734,-0.0014,-1.2501,0.6751
Gm12735,Gm12735,0,,
Gm12736,Gm12736,0,,
Gm12737,Gm12737,0,,
Gm12738,Gm12738,0,,
Gm12739,Gm12739,0.013,-1.0496,0.5318
Gm12740,Gm12740,0,,
Gm12741,Gm12741,0,,
Gm12742,Gm12742,0,,
Gm12743,Gm12743,0,,
Gm12744,Gm12744,0,,
Gm12745,Gm12745,0,,
Gm12746,Gm12746,0,,
Gm12747,Gm12747,0,,
Gm12748,Gm12748,0,,
Gm12749,Gm12749,0.0025,0.6927,0.3111
Gm12750,Gm12750,0,,
Gm12751,Gm12751,-0.0022,-0.5226,0.2209
Gm12752,Gm12752,0,,
Gm12753,Gm12753,0,,
Gm12754,Gm12754,0.0033,-0.5167,0.218
Gm12755,Gm12755,0,,
Gm12756,Gm12756,0,,
Gm12757,Gm12757,0.0025,0.6927,0.3111
Gm12758,Gm12758,0,,
Gm12759,Gm12759,0,,
Gm12760,Gm12760,-0.0017,-2.577,2.0014
Gm12762,Gm12762,0,,
Gm12763,Gm12763,0,,
Gm12764,Gm12764,0.0071,0.6927,0.3111
Gm12765,Gm12765,0,,
Gm12766,Gm12766,0,,
Gm12767,Gm12767,0,,
Gm12768,Gm12768,0,,
Gm12769,Gm12769,0,,
Gm12770,Gm12770,0,,
Gm12771,Gm12771,0,,
Gm12772,Gm12772,0,,
Gm12773,Gm12773,0,,
Gm12774,Gm12774,0,,
Gm12775,Gm12775,0,,
Gm12776,Gm12776,0,,
Gm12777,Gm12777,0,,
Gm12778,Gm12778,-0.0017,-1.431,0.8169
Gm12779,Gm12779,0,,
Gm12780,Gm12780,0,,
Gm12781,Gm12781,0,,
Gm12782,Gm12782,0,,
Gm12783,Gm12783,0,,
Gm12784,Gm12784,0,,
Gm12785,Gm12785,0,,
Gm12786,Gm12786,0,,
Gm12787,Gm12787,0,,
Gm12788,Gm12788,0,,
Gm12789,Gm12789,0,,
Gm12790,Gm12790,0,,
Gm12791,Gm12791,0.0232,1.3956,0.7883
Gm12792,Gm12792,0,,
Gm12793,Gm12793,0,,
Gm12794,Gm12794,0,,
Gm12795,Gm12795,0,,
Gm12796,Gm12796,-0.0009,-1.431,0.8169
Gm12797,Gm12797,0,,
Gm12798,Gm12798,0,,
Gm12799,Gm12799,-0.0022,-0.5196,0.2194
Gm128,Gm128,0.017,-0.5629,0.2415
Gm12800,Gm12800,0,,
Gm12801,Gm12801,0,,
Gm12802,Gm12802,0,,
Gm12803,Gm12803,0,,
Gm12804,Gm12804,-0.001,-0.5167,0.218
Gm12805,Gm12805,0,,
Gm12806,Gm12806,0,,
Gm12807,Gm12807,0.0024,-0.0168,0.0059
Gm12808,Gm12808,0,,
Gm12811,Gm12811,0,,
Gm12812,Gm12812,0,,
Gm12813,Gm12813,0,,
Gm12814,Gm12814,0,,
Gm12815,Gm12815,0,,
Gm12816,Gm12816,0.0041,-0.8979,0.4327
Gm12817,Gm12817,0,,
Gm12818,Gm12818,0,,
Gm12819,Gm12819,0,,
Gm12820,Gm12820,0,,
Gm12821,Gm12821,0,,
Gm12823,Gm12823,0,,
Gm12824,Gm12824,0,,
Gm12825,Gm12825,0,,
Gm12826,Gm12826,0,,
Gm12827,Gm12827,0,,
Gm12828,Gm12828,0,,
Gm12829,Gm12829,0,,
Gm12830,Gm12830,0,,
Gm12831,Gm12831,0,,
Gm12832,Gm12832,0,,
Gm12833,Gm12833,0,,
Gm12834,Gm12834,0,,
Gm12835,Gm12835,0,,
Gm12836,Gm12836,0,,
Gm12837,Gm12837,0.0017,0.6927,0.3111
Gm12838,Gm12838,0,,
Gm12839,Gm12839,0,,
Gm12840,Gm12840,0,,
Gm12841,Gm12841,0,,
Gm12842,Gm12842,0.0104,1.2069,0.6431
Gm12843,Gm12843,0,,
Gm12844,Gm12844,0.0096,0.9835,0.4876
Gm12845,Gm12845,0,,
Gm12846,Gm12846,0,,
Gm12847,Gm12847,0,,
Gm12848,Gm12848,0,,
Gm12849,Gm12849,0,,
Gm12850,Gm12850,0,,
Gm12851,Gm12851,0,,
Gm12852,Gm12852,0.0049,0.3286,0.1293
Gm12853,Gm12853,0,,
Gm12854,Gm12854,0,,
Gm12855,Gm12855,0,,
Gm12856,Gm12856,0,,
Gm12857,Gm12857,0.0037,0.6927,0.3111
Gm12858,Gm12858,0.0029,0.6927,0.3111
Gm12859,Gm12859,0,,
Gm12860,Gm12860,0,,
Gm12861,Gm12861,0,,
Gm12862,Gm12862,0,,
Gm12863,Gm12863,0,,
Gm12864,Gm12864,0,,
Gm12865,Gm12865,0,,
Gm12866,Gm12866,0,,
Gm12867,Gm12867,0,,
Gm12868,Gm12868,0,,
Gm12869,Gm12869,0,,
Gm12870,Gm12870,0.0017,0.6927,0.3111
Gm12871,Gm12871,0,,
Gm12872,Gm12872,0,,
Gm12873,Gm12873,0,,
Gm12874,Gm12874,0,,
Gm12875,Gm12875,0,,
Gm12876,Gm12876,0,,
Gm12877,Gm12877,0,,
Gm12878,Gm12878,0,,
Gm12879,Gm12879,0,,
Gm12880,Gm12880,0,,
Gm12881,Gm12881,0,,
Gm12882,Gm12882,-0.0034,-1.431,0.8169
Gm12883,Gm12883,0,,
Gm12884,Gm12884,0,,
Gm12885,Gm12885,0,,
Gm12886,Gm12886,0,,
Gm12887,Gm12887,0,,
Gm12888,Gm12888,0,,
Gm12889,Gm12889,0,,
Gm12890,Gm12890,0,,
Gm12891,Gm12891,0.0013,0.6927,0.3111
Gm12892,Gm12892,-0.0057,-1.2744,0.6935
Gm12893,Gm12893,0,,
Gm12894,Gm12894,0,,
Gm12895,Gm12895,0,,
Gm12896,Gm12896,0,,
Gm12897,Gm12897,0,,
Gm12898,Gm12898,0,,
Gm12899,Gm12899,0,,
Gm129,Gm129,0,,
Gm12900,Gm12900,0.0383,1.7135,1.0624
Gm12901,Gm12901,-0.0017,-1.431,0.8169
Gm12902,Gm12902,0,,
Gm12903,Gm12903,0,,
Gm12904,Gm12904,0,,
Gm12905,Gm12905,0,,
Gm12906,Gm12906,0.0046,-1.14,0.5947
Gm12907,Gm12907,0,,
Gm12908,Gm12908,0,,
Gm12909,Gm12909,0,,
Gm12910,Gm12910,0,,
Gm12911,Gm12911,0,,
Gm12912,Gm12912,0.0193,0.6869,0.3079
Gm12913,Gm12913,0,,
Gm12914,Gm12914,0,,
Gm12915,Gm12915,0,,
Gm12916,Gm12916,0,,
Gm12917,Gm12917,-0.0009,-1.431,0.8169
Gm12918,Gm12918,0.0207,-1.0219,0.5131
Gm12919,Gm12919,0,,
Gm12920,Gm12920,0,,
Gm12922,Gm12922,-0.0049,-0.5787,0.2497
Gm12923,Gm12923,0,,
Gm12924,Gm12924,0,,
Gm12925,Gm12925,0,,
Gm12926,Gm12926,0,,
Gm12927,Gm12927,0,,
Gm12928,Gm12928,0,,
Gm12929,Gm12929,-0.0017,-1.431,0.8169
Gm12930,Gm12930,0,,
Gm12931,Gm12931,0,,
Gm12932,Gm12932,0,,
Gm12933,Gm12933,0.012,-0.0168,0.0059
Gm12934,Gm12934,0,,
Gm12935,Gm12935,0,,
Gm12936,Gm12936,0.0052,-0.3426,0.1356
Gm12937,Gm12937,0,,
Gm12939,Gm12939,0,,
Gm12940,Gm12940,-0.0337,-3.8065,3.8509
Gm12941,Gm12941,0,,
Gm12942,Gm12942,-0.0762,-5.5185,7.4662
Gm12943,Gm12943,-0.0179,-2.0974,1.4442
Gm12944,Gm12944,-0.0536,-3.6355,3.5569
Gm12945,Gm12945,0,,
Gm12946,Gm12946,0,,
Gm12947,Gm12947,0.0046,0.6927,0.3111
Gm12948,Gm12948,0,,
Gm12949,Gm12949,0,,
Gm12950,Gm12950,0,,
Gm12951,Gm12951,0,,
Gm12952,Gm12952,0,,
Gm12953,Gm12953,0,,
Gm12954,Gm12954,0,,
Gm12955,Gm12955,0,,
Gm12956,Gm12956,-0.0026,-1.431,0.8169
Gm12957,Gm12957,0.0025,0.6927,0.3111
Gm12958,Gm12958,0,,
Gm12959,Gm12959,0,,
Gm12960,Gm12960,0,,
Gm12961,Gm12961,0,,
Gm12962,Gm12962,0,,
Gm12963,Gm12963,0,,
Gm12965,Gm12965,0,,
Gm12966,Gm12966,-0.0028,-0.9001,0.4341
Gm12967,Gm12967,0.0201,0.3991,0.1612
Gm12968,Gm12968,0,,
Gm12969,Gm12969,0,,
Gm12970,Gm12970,0,,
Gm12971,Gm12971,0,,
Gm12972,Gm12972,0,,
Gm12973,Gm12973,0,,
Gm12974,Gm12974,0,,
Gm12976,Gm12976,0,,
Gm12977,Gm12977,0,,
Gm12978,Gm12978,-0.0018,-1.2501,0.6751
Gm12979,Gm12979,0,,
Gm12980,Gm12980,0,,
Gm12981,Gm12981,0,,
Gm12982,Gm12982,0,,
Gm12983,Gm12983,0,,
Gm12984,Gm12984,0,,
Gm12985,Gm12985,0,,
Gm12986,Gm12986,0,,
Gm12987,Gm12987,0.0528,-0.5398,0.2296
Gm12988,Gm12988,0,,
Gm12989,Gm12989,0.0331,-0.8213,0.3856
Gm12990,Gm12990,0.0077,-0.7301,0.3322
Gm12991,Gm12991,0,,
Gm12992,Gm12992,0,,
Gm12993,Gm12993,0,,
Gm12994,Gm12994,0,,
Gm12996,Gm12996,0,,
Gm12997,Gm12997,0,,
Gm12998,Gm12998,0,,
Gm12999,Gm12999,0,,
Gm13000,Gm13000,0,,
Gm13001,Gm13001,0,,
Gm13002,Gm13002,0,,
Gm13003,Gm13003,0,,
Gm13004,Gm13004,0.0119,0.1852,0.069
Gm13005,Gm13005,0,,
Gm13006,Gm13006,0,,
Gm13007,Gm13007,0,,
Gm13008,Gm13008,0,,
Gm13009,Gm13009,0.0058,0.6927,0.3111
Gm13010,Gm13010,0,,
Gm13011,Gm13011,0,,
Gm13012,Gm13012,0.0013,0.6927,0.3111
Gm13013,Gm13013,0,,
Gm13014,Gm13014,-0.0009,-1.431,0.8169
Gm13015,Gm13015,0.0057,-0.7301,0.3322
Gm13016,Gm13016,0,,
Gm13017,Gm13017,0,,
Gm13018,Gm13018,0,,
Gm13019,Gm13019,0,,
Gm13021,Gm13021,0,,
Gm13022,Gm13022,0,,
Gm13023,Gm13023,0,,
Gm13024,Gm13024,0,,
Gm13025,Gm13025,0,,
Gm13026,Gm13026,0,,
Gm13027,Gm13027,0,,
Gm13028,Gm13028,0,,
Gm13029,Gm13029,0,,
Gm13030,Gm13030,0,,
Gm13031,Gm13031,0.0071,0.6927,0.3111
Gm13032,Gm13032,0,,
Gm13033,Gm13033,0,,
Gm13034,Gm13034,-0.0035,-0.024,0.0084
Gm13035,Gm13035,0,,
Gm13036,Gm13036,0,,
Gm13037,Gm13037,0,,
Gm13038,Gm13038,-0.0017,-1.431,0.8169
Gm13039,Gm13039,0,,
Gm13040,Gm13040,0,,
Gm13041,Gm13041,0,,
Gm13042,Gm13042,0,,
Gm13043,Gm13043,0,,
Gm13044,Gm13044,0,,
Gm13045,Gm13045,0,,
Gm13046,Gm13046,0,,
Gm13047,Gm13047,0.0033,0.9835,0.4876
Gm13048,Gm13048,0.4202,2.7692,2.2503
Gm13049,Gm13049,0,,
Gm1305,Gm1305,0,,
Gm13050,Gm13050,0,,
Gm13051,Gm13051,0,,
Gm13052,Gm13052,0,,
Gm13053,Gm13053,0,,
Gm13054,Gm13054,-0.0086,-1.431,0.8169
Gm13055,Gm13055,0,,
Gm13056,Gm13056,0,,
Gm13057,Gm13057,0,,
Gm13058,Gm13058,0,,
Gm13059,Gm13059,0,,
Gm13060,Gm13060,0,,
Gm13061,Gm13061,0,,
Gm13062,Gm13062,0,,
Gm13063,Gm13063,0,,
Gm13064,Gm13064,0,,
Gm13065,Gm13065,-0.0116,-0.5226,0.2209
Gm13066,Gm13066,0,,
Gm13067,Gm13067,0,,
Gm13068,Gm13068,0,,
Gm13069,Gm13069,0,,
Gm13070,Gm13070,0,,
Gm13071,Gm13071,0,,
Gm13072,Gm13072,-0.0134,-1.3016,0.7144
Gm13073,Gm13073,0,,
Gm13074,Gm13074,0,,
Gm13075,Gm13075,0,,
Gm13076,Gm13076,0,,
Gm13077,Gm13077,0,,
Gm13078,Gm13078,0,,
Gm13079,Gm13079,0,,
Gm13080,Gm13080,0,,
Gm13081,Gm13081,0,,
Gm13082,Gm13082,0.0037,0.6927,0.3111
Gm13083,Gm13083,0,,
Gm13084,Gm13084,0,,
Gm13085,Gm13085,0,,
Gm13086,Gm13086,0,,
Gm13087,Gm13087,0,,
Gm13088,Gm13088,0,,
Gm13089,Gm13089,0,,
Gm13090,Gm13090,0,,
Gm13091,Gm13091,0,,
Gm13092,Gm13092,0.04,-1.3128,0.7229
Gm13093,Gm13093,0,,
Gm13094,Gm13094,0.0071,-0.5582,0.2391
Gm13096,Gm13096,0,,
Gm13097,Gm13097,0,,
Gm13098,Gm13098,0,,
Gm13100,Gm13100,0,,
Gm13101,Gm13101,0,,
Gm13102,Gm13102,0,,
Gm13103,Gm13103,0,,
Gm13104,Gm13104,0,,
Gm13105,Gm13105,0,,
Gm13106,Gm13106,0,,
Gm13108,Gm13108,0,,
Gm13109,Gm13109,0,,
Gm13110,Gm13110,0,,
Gm13111,Gm13111,-0.0017,-1.431,0.8169
Gm13112,Gm13112,0,,
Gm13113,Gm13113,0,,
Gm13114,Gm13114,0,,
Gm13115,Gm13115,0,,
Gm13116,Gm13116,0,,
Gm13117,Gm13117,0,,
Gm13118,Gm13118,0,,
Gm13119,Gm13119,0,,
Gm13120,Gm13120,0,,
Gm13121,Gm13121,0.0053,-0.0168,0.0059
Gm13122,Gm13122,0,,
Gm13123,Gm13123,0,,
Gm13124,Gm13124,0,,
Gm13125,Gm13125,0,,
Gm13126,Gm13126,0,,
Gm13127,Gm13127,-0.012,-2.0286,1.3716
Gm13128,Gm13128,0,,
Gm13130,Gm13130,0,,
Gm13131,Gm13131,0.0004,0.6927,0.3111
Gm13132,Gm13132,0.0354,1.2343,0.6634
Gm13133,Gm13133,0,,
Gm13134,Gm13134,0,,
Gm13135,Gm13135,-0.0001,-0.0216,0.0075
Gm13136,Gm13136,0.0174,0.5179,0.2186
Gm13137,Gm13137,0.0216,-0.2687,0.1034
Gm13138,Gm13138,0,,
Gm13139,Gm13139,-0.0378,-2.3017,1.6705
Gm13140,Gm13140,0.0003,0.3224,0.1266
Gm13141,Gm13141,0.0058,0.6927,0.3111
Gm13142,Gm13142,0,,
Gm13144,Gm13144,0,,
Gm13145,Gm13145,0,,
Gm13146,Gm13146,0,,
Gm13147,Gm13147,0,,
Gm13148,Gm13148,0,,
Gm13149,Gm13149,0,,
Gm13150,Gm13150,0,,
Gm13151,Gm13151,0,,
Gm13152,Gm13152,0,,
Gm13153,Gm13153,0,,
Gm13154,Gm13154,0,,
Gm13155,Gm13155,0,,
Gm13156,Gm13156,0,,
Gm13157,Gm13157,-0.0086,-1.6488,1.0035
Gm13158,Gm13158,0,,
Gm13160,Gm13160,0,,
Gm13162,Gm13162,0,,
Gm13163,Gm13163,0,,
Gm13165,Gm13165,0,,
Gm13166,Gm13166,0,,
Gm13167,Gm13167,0.0075,0.9835,0.4876
Gm13168,Gm13168,0,,
Gm13169,Gm13169,0.0021,0.6927,0.3111
Gm13170,Gm13170,0,,
Gm13171,Gm13171,0.0029,0.6927,0.3111
Gm13172,Gm13172,0,,
Gm13173,Gm13173,0,,
Gm13174,Gm13174,0,,
Gm13175,Gm13175,0,,
Gm13176,Gm13176,0,,
Gm13177,Gm13177,0,,
Gm13178,Gm13178,0,,
Gm13179,Gm13179,0,,
Gm13180,Gm13180,0,,
Gm13181,Gm13181,-0.0086,-2.0286,1.3716
Gm13182,Gm13182,0,,
Gm13183,Gm13183,0,,
Gm13184,Gm13184,0,,
Gm13185,Gm13185,0,,
Gm13186,Gm13186,-0.0009,-1.431,0.8169
Gm13187,Gm13187,0,,
Gm13188,Gm13188,0,,
Gm13189,Gm13189,0,,
Gm13191,Gm13191,0,,
Gm13192,Gm13192,0.1387,-1.2586,0.6816
Gm13193,Gm13193,0,,
Gm13194,Gm13194,0.0046,-0.0168,0.0059
Gm13195,Gm13195,0,,
Gm13196,Gm13196,0.0067,-1.4399,0.8242
Gm13197,Gm13197,0,,
Gm13198,Gm13198,0,,
Gm13199,Gm13199,0.0025,0.6927,0.3111
Gm13200,Gm13200,0,,
Gm13201,Gm13201,0,,
Gm13202,Gm13202,0.0049,-0.5167,0.218
Gm13203,Gm13203,0,,
Gm13204,Gm13204,0,,
Gm13205,Gm13205,-0.0043,-1.431,0.8169
Gm13206,Gm13206,0,,
Gm13207,Gm13207,0,,
Gm13209,Gm13209,0,,
Gm13210,Gm13210,0,,
Gm13211,Gm13211,0,,
Gm13212,Gm13212,-0.0007,-1.3016,0.7144
Gm13213,Gm13213,0.0199,-0.6427,0.2836
Gm13214,Gm13214,0,,
Gm13215,Gm13215,-0.0039,-0.0264,0.0092
Gm13216,Gm13216,-0.001,-1.153,0.604
Gm13217,Gm13217,0,,
Gm13218,Gm13218,0,,
Gm13219,Gm13219,0,,
Gm1322,Gm1322,0,,
Gm13220,Gm13220,0,,
Gm13221,Gm13221,0,,
Gm13222,Gm13222,0,,
Gm13223,Gm13223,0,,
Gm13224,Gm13224,0,,
Gm13225,Gm13225,0,,
Gm13226,Gm13226,0.0844,-2.6494,2.0935
Gm13227,Gm13227,0,,
Gm13228,Gm13228,0,,
Gm13229,Gm13229,0,,
Gm13230,Gm13230,0,,
Gm13231,Gm13231,-0.0095,-2.2551,1.6175
Gm13232,Gm13232,0,,
Gm13233,Gm13233,0,,
Gm13234,Gm13234,0,,
Gm13235,Gm13235,0,,
Gm13236,Gm13236,0,,
Gm13237,Gm13237,-0.0103,-2.4881,1.8914
Gm13238,Gm13238,0,,
Gm13239,Gm13239,0,,
Gm13240,Gm13240,-0.0026,-1.431,0.8169
Gm13241,Gm13241,0.0013,0.6927,0.3111
Gm13242,Gm13242,0,,
Gm13243,Gm13243,0,,
Gm13244,Gm13244,0,,
Gm13245,Gm13245,0,,
Gm13246,Gm13246,0,,
Gm13247,Gm13247,0,,
Gm13249,Gm13249,0,,
Gm13250,Gm13250,0,,
Gm13251,Gm13251,-0.0151,-2.5125,1.9213
Gm13252,Gm13252,0,,
Gm13253,Gm13253,0.0236,0.2343,0.089
Gm13254,Gm13254,0,,
Gm13255,Gm13255,0,,
Gm13256,Gm13256,0,,
Gm13257,Gm13257,0,,
Gm13258,Gm13258,0,,
Gm13259,Gm13259,0,,
Gm13260,Gm13260,0,,
Gm13261,Gm13261,0,,
Gm13262,Gm13262,0,,
Gm13263,Gm13263,0,,
Gm13264,Gm13264,0,,
Gm13265,Gm13265,0,,
Gm13266,Gm13266,0,,
Gm13267,Gm13267,0,,
Gm13268,Gm13268,-0.0288,-2.2673,1.6313
Gm13269,Gm13269,0,,
Gm13270,Gm13270,0,,
Gm13271,Gm13271,0,,
Gm13272,Gm13272,0,,
Gm13273,Gm13273,0,,
Gm13274,Gm13274,0,,
Gm13275,Gm13275,0,,
Gm13276,Gm13276,0,,
Gm13277,Gm13277,0,,
Gm13278,Gm13278,0,,
Gm13279,Gm13279,0,,
Gm13280,Gm13280,0,,
Gm13281,Gm13281,0,,
Gm13282,Gm13282,0,,
Gm13283,Gm13283,0,,
Gm13284,Gm13284,0,,
Gm13285,Gm13285,0,,
Gm13286,Gm13286,0,,
Gm13287,Gm13287,0,,
Gm13288,Gm13288,0,,
Gm13289,Gm13289,0,,
Gm13290,Gm13290,0,,
Gm13291,Gm13291,0,,
Gm13292,Gm13292,0.0017,0.6927,0.3111
Gm13293,Gm13293,0,,
Gm13294,Gm13294,0,,
Gm13295,Gm13295,0,,
Gm13296,Gm13296,0,,
Gm13297,Gm13297,0,,
Gm13298,Gm13298,0,,
Gm13299,Gm13299,0,,
Gm1330,Gm1330,0,,
Gm13300,Gm13300,0,,
Gm13301,Gm13301,0,,
Gm13302,Gm13302,0,,
Gm13303,Gm13303,0,,
Gm13304,Gm13304,0,,
Gm13305,Gm13305,-0.006,-1.431,0.8169
Gm13306,Gm13306,0,,
Gm13307,Gm13307,0,,
Gm13308,Gm13308,0,,
Gm13309,Gm13309,0,,
Gm13310,Gm13310,0,,
Gm13311,Gm13311,0,,
Gm13312,Gm13312,0,,
Gm13313,Gm13313,0,,
Gm13314,Gm13314,0,,
Gm13315,Gm13315,0,,
Gm13316,Gm13316,0,,
Gm13317,Gm13317,0,,
Gm13318,Gm13318,0,,
Gm13319,Gm13319,0,,
Gm1332,Gm1332,0,,
Gm13320,Gm13320,0.0037,0.6927,0.3111
Gm13321,Gm13321,0,,
Gm13322,Gm13322,0,,
Gm13323,Gm13323,0,,
Gm13324,Gm13324,0,,
Gm13325,Gm13325,0,,
Gm13326,Gm13326,0,,
Gm13327,Gm13327,0,,
Gm13328,Gm13328,0.0006,-0.7342,0.3346
Gm13329,Gm13329,0,,
Gm13330,Gm13330,0,,
Gm13331,Gm13331,0,,
Gm13332,Gm13332,0,,
Gm13333,Gm13333,0,,
Gm13334,Gm13334,0,,
Gm13335,Gm13335,0,,
Gm13336,Gm13336,0,,
Gm13337,Gm13337,-0.0034,-1.431,0.8169
Gm13338,Gm13338,0,,
Gm13339,Gm13339,0.4239,2.693,2.1499
Gm13340,Gm13340,0.374,2.1652,1.5175
Gm13341,Gm13341,0.1928,-0.6957,0.3128
Gm13342,Gm13342,-0.0066,-1.9928,1.3346
Gm13343,Gm13343,0,,
Gm13344,Gm13344,0,,
Gm13345,Gm13345,0,,
Gm13346,Gm13346,0,,
Gm13347,Gm13347,0,,
Gm13348,Gm13348,0,,
Gm13349,Gm13349,0,,
Gm1335,Gm1335,-0.0094,-1.431,0.8169
Gm13350,Gm13350,0,,
Gm13351,Gm13351,0,,
Gm13352,Gm13352,0,,
Gm13353,Gm13353,0,,
Gm13354,Gm13354,0,,
Gm13355,Gm13355,0,,
Gm13356,Gm13356,0,,
Gm13357,Gm13357,0,,
Gm13358,Gm13358,0,,
Gm13359,Gm13359,-0.0111,-1.2597,0.6824
Gm13360,Gm13360,0,,
Gm13361,Gm13361,0,,
Gm13362,Gm13362,0,,
Gm13363,Gm13363,0,,
Gm13364,Gm13364,0,,
Gm13365,Gm13365,0,,
Gm13366,Gm13366,0,,
Gm13367,Gm13367,0,,
Gm13368,Gm13368,0,,
Gm13369,Gm13369,-0.0026,-1.431,0.8169
Gm1337,Gm1337,0,,
Gm13370,Gm13370,-0.0017,-1.431,0.8169
Gm13371,Gm13371,0,,
Gm13372,Gm13372,0,,
Gm13373,Gm13373,0,,
Gm13375,Gm13375,0,,
Gm13376,Gm13376,0,,
Gm13377,Gm13377,0,,
Gm13378,Gm13378,-0.0039,-0.5226,0.2209
Gm13379,Gm13379,0,,
Gm13380,Gm13380,0,,
Gm13381,Gm13381,0,,
Gm13382,Gm13382,0,,
Gm13383,Gm13383,0,,
Gm13384,Gm13384,0,,
Gm13385,Gm13385,0,,
Gm13386,Gm13386,0,,
Gm13387,Gm13387,0,,
Gm13388,Gm13388,0,,
Gm13389,Gm13389,0,,
Gm13390,Gm13390,0,,
Gm13391,Gm13391,0.028,1.0455,0.529
Gm13392,Gm13392,-0.0121,-1.7998,1.1434
Gm13393,Gm13393,0,,
Gm13394,Gm13394,0,,
Gm13395,Gm13395,0,,
Gm13396,Gm13396,0,,
Gm13397,Gm13397,0,,
Gm13398,Gm13398,0,,
Gm13399,Gm13399,0,,
Gm13400,Gm13400,0,,
Gm13401,Gm13401,0,,
Gm13402,Gm13402,0,,
Gm13403,Gm13403,0,,
Gm13404,Gm13404,0,,
Gm13405,Gm13405,0,,
Gm13406,Gm13406,0,,
Gm13407,Gm13407,0,,
Gm13408,Gm13408,0.4589,4.0306,4.2547
Gm13409,Gm13409,0,,
Gm13410,Gm13410,0,,
Gm13411,Gm13411,0,,
Gm13412,Gm13412,0,,
Gm13413,Gm13413,0.0018,-0.7342,0.3346
Gm13414,Gm13414,-0.0009,-1.431,0.8169
Gm13415,Gm13415,0,,
Gm13416,Gm13416,0,,
Gm13417,Gm13417,0,,
Gm13418,Gm13418,0,,
Gm13419,Gm13419,0,,
Gm13420,Gm13420,0,,
Gm13421,Gm13421,0,,
Gm13422,Gm13422,-0.002,0.37,0.1479
Gm13423,Gm13423,0.005,0.6927,0.3111
Gm13424,Gm13424,0,,
Gm13425,Gm13425,0,,
Gm13426,Gm13426,0,,
Gm13427,Gm13427,0,,
Gm13428,Gm13428,0,,
Gm13429,Gm13429,0,,
Gm13430,Gm13430,-0.0009,-1.431,0.8169
Gm13431,Gm13431,0,,
Gm13432,Gm13432,0,,
Gm13433,Gm13433,0,,
Gm13434,Gm13434,0,,
Gm13435,Gm13435,0,,
Gm13436,Gm13436,0.1833,-0.2634,0.1011
Gm13437,Gm13437,-0.0111,-2.0286,1.3716
Gm13438,Gm13438,0,,
Gm13439,Gm13439,0,,
Gm13440,Gm13440,0,,
Gm13441,Gm13441,0,,
Gm13442,Gm13442,0,,
Gm13443,Gm13443,0.0013,0.6927,0.3111
Gm13444,Gm13444,0,,
Gm13445,Gm13445,-0.0206,-1.9569,1.2979
Gm13446,Gm13446,0,,
Gm13447,Gm13447,0,,
Gm13448,Gm13448,0,,
Gm13449,Gm13449,0,,
Gm13450,Gm13450,0.0079,0.6927,0.3111
Gm13451,Gm13451,0,,
Gm13452,Gm13452,0,,
Gm13453,Gm13453,0.0218,0.3328,0.1312
Gm13454,Gm13454,0,,
Gm13455,Gm13455,0,,
Gm13456,Gm13456,0.3307,3.3308,3.0625
Gm13457,Gm13457,0,,
Gm13458,Gm13458,0,,
Gm13459,Gm13459,0,,
Gm13460,Gm13460,0,,
Gm13461,Gm13461,0.0061,-1.5306,0.9001
Gm13462,Gm13462,0,,
Gm13463,Gm13463,0,,
Gm13464,Gm13464,0.0019,-1.2501,0.6751
Gm13465,Gm13465,0,,
Gm13466,Gm13466,0.0049,-0.3408,0.1347
Gm13467,Gm13467,0,,
Gm13468,Gm13468,0,,
Gm13469,Gm13469,0,,
Gm13470,Gm13470,0,,
Gm13471,Gm13471,0,,
Gm13472,Gm13472,0.0074,0.3328,0.1312
Gm13473,Gm13473,0,,
Gm13474,Gm13474,0,,
Gm13475,Gm13475,0,,
Gm13476,Gm13476,0.2227,-0.4419,0.1814
Gm13477,Gm13477,0,,
Gm13478,Gm13478,0,,
Gm13479,Gm13479,0,,
Gm13480,Gm13480,0,,
Gm13481,Gm13481,0,,
Gm13482,Gm13482,0,,
Gm13483,Gm13483,0,,
Gm13484,Gm13484,0,,
Gm13485,Gm13485,0,,
Gm13486,Gm13486,0,,
Gm13487,Gm13487,-0.0009,-0.5196,0.2194
Gm13488,Gm13488,0,,
Gm13489,Gm13489,0,,
Gm13490,Gm13490,0,,
Gm13491,Gm13491,0,,
Gm13492,Gm13492,0,,
Gm13493,Gm13493,-0.0049,-3.7642,3.777
Gm13494,Gm13494,0,,
Gm13495,Gm13495,0,,
Gm13496,Gm13496,0.0083,0.6927,0.3111
Gm13497,Gm13497,0,,
Gm13498,Gm13498,0.0091,0.6927,0.3111
Gm13499,Gm13499,0,,
Gm13500,Gm13500,0,,
Gm13501,Gm13501,0,,
Gm13502,Gm13502,-0.0044,-1.2501,0.6751
Gm13503,Gm13503,0,,
Gm13504,Gm13504,0,,
Gm13505,Gm13505,0,,
Gm13506,Gm13506,0,,
Gm13507,Gm13507,0,,
Gm13508,Gm13508,-0.0111,-2.4881,1.8914
Gm13509,Gm13509,0,,
Gm13510,Gm13510,0,,
Gm13511,Gm13511,0,,
Gm13517,Gm13517,0,,
Gm13518,Gm13518,0,,
Gm13519,Gm13519,0,,
Gm13520,Gm13520,0,,
Gm13521,Gm13521,0,,
Gm13522,Gm13522,0,,
Gm13523,Gm13523,0,,
Gm13524,Gm13524,0,,
Gm13525,Gm13525,-0.0057,-1.8379,1.18
Gm13526,Gm13526,0,,
Gm13527,Gm13527,0,,
Gm13528,Gm13528,0,,
Gm13529,Gm13529,0,,
Gm13530,Gm13530,0,,
Gm13531,Gm13531,0,,
Gm13532,Gm13532,0.2519,0.4,0.1617
Gm13533,Gm13533,0,,
Gm13534,Gm13534,0,,
Gm13535,Gm13535,0,,
Gm13536,Gm13536,0,,
Gm13537,Gm13537,0,,
Gm13538,Gm13538,0,,
Gm13539,Gm13539,0,,
Gm13540,Gm13540,-0.0034,-2.0286,1.3716
Gm13541,Gm13541,0,,
Gm13542,Gm13542,0,,
Gm13543,Gm13543,0,,
Gm13544,Gm13544,0,,
Gm13545,Gm13545,-0.0005,-0.5167,0.218
Gm13546,Gm13546,0,,
Gm13547,Gm13547,0,,
Gm13548,Gm13548,0,,
Gm13549,Gm13549,0,,
Gm13550,Gm13550,0,,
Gm13551,Gm13551,0,,
Gm13552,Gm13552,0,,
Gm13553,Gm13553,0,,
Gm13554,Gm13554,0,,
Gm13555,Gm13555,0,,
Gm13556,Gm13556,0,,
Gm13557,Gm13557,0,,
Gm13558,Gm13558,0,,
Gm13559,Gm13559,0,,
Gm13560,Gm13560,0,,
Gm13561,Gm13561,0,,
Gm13562,Gm13562,0,,
Gm13563,Gm13563,0,,
Gm13564,Gm13564,0,,
Gm13565,Gm13565,0,,
Gm13566,Gm13566,0,,
Gm13567,Gm13567,0,,
Gm13568,Gm13568,-0.0034,-1.431,0.8169
Gm13569,Gm13569,0,,
Gm13570,Gm13570,0,,
Gm13571,Gm13571,0,,
Gm13572,Gm13572,0,,
Gm13573,Gm13573,0.0176,0.2011,0.0754
Gm13574,Gm13574,0,,
Gm13575,Gm13575,0,,
Gm13576,Gm13576,0,,
Gm13577,Gm13577,0,,
Gm13578,Gm13578,0.002,-0.0192,0.0067
Gm13579,Gm13579,0,,
Gm13580,Gm13580,-0.0051,-1.431,0.8169
Gm13581,Gm13581,0,,
Gm13582,Gm13582,0,,
Gm13583,Gm13583,-0.0017,-1.431,0.8169
Gm13584,Gm13584,0,,
Gm13586,Gm13586,0,,
Gm13587,Gm13587,0,,
Gm13588,Gm13588,0,,
Gm13589,Gm13589,0,,
Gm13590,Gm13590,0,,
Gm13591,Gm13591,0,,
Gm13592,Gm13592,0.0066,-0.5167,0.218
Gm13593,Gm13593,0,,
Gm13594,Gm13594,0,,
Gm13595,Gm13595,0,,
Gm13596,Gm13596,0,,
Gm13597,Gm13597,0.0148,-2.0603,1.4048
Gm13598,Gm13598,0,,
Gm13599,Gm13599,0,,
Gm136,Gm136,0,,
Gm13600,Gm13600,0,,
Gm13601,Gm13601,0,,
Gm13602,Gm13602,0,,
Gm13603,Gm13603,0,,
Gm13604,Gm13604,0.0052,-2.1808,1.5347
Gm13605,Gm13605,0,,
Gm13606,Gm13606,0,,
Gm13607,Gm13607,0,,
Gm13608,Gm13608,0,,
Gm13609,Gm13609,0,,
Gm13610,Gm13610,0,,
Gm13611,Gm13611,0.0624,-0.5871,0.254
Gm13612,Gm13612,0,,
Gm13613,Gm13613,0,,
Gm13614,Gm13614,0,,
Gm13615,Gm13615,0,,
Gm13616,Gm13616,0,,
Gm13617,Gm13617,0,,
Gm13618,Gm13618,0,,
Gm13619,Gm13619,0,,
Gm13620,Gm13620,0,,
Gm13621,Gm13621,0,,
Gm13622,Gm13622,0.0086,-0.0168,0.0059
Gm13623,Gm13623,0.0145,1.2069,0.6431
Gm13624,Gm13624,0,,
Gm13625,Gm13625,0.0012,-0.0168,0.0059
Gm13626,Gm13626,0,,
Gm13627,Gm13627,0,,
Gm13629,Gm13629,0,,
Gm13630,Gm13630,0,,
Gm13631,Gm13631,0,,
Gm13632,Gm13632,0,,
Gm13633,Gm13633,0,,
Gm13634,Gm13634,0,,
Gm13635,Gm13635,0,,
Gm13636,Gm13636,0,,
Gm13637,Gm13637,0,,
Gm13638,Gm13638,0,,
Gm13640,Gm13640,0,,
Gm13641,Gm13641,-0.018,-2.2551,1.6175
Gm13642,Gm13642,0,,
Gm13643,Gm13643,0,,
Gm13644,Gm13644,0.0029,0.6927,0.3111
Gm13645,Gm13645,0,,
Gm13647,Gm13647,0,,
Gm13648,Gm13648,0,,
Gm13649,Gm13649,0,,
Gm13650,Gm13650,0,,
Gm13651,Gm13651,0.0029,0.6927,0.3111
Gm13652,Gm13652,0,,
Gm13653,Gm13653,-0.0228,-3.3451,3.0848
Gm13654,Gm13654,0.0746,-0.4752,0.1975
Gm13655,Gm13655,0,,
Gm13656,Gm13656,0,,
Gm13657,Gm13657,0,,
Gm13658,Gm13658,0,,
Gm13659,Gm13659,0,,
Gm13660,Gm13660,0,,
Gm13661,Gm13661,0,,
Gm13662,Gm13662,0,,
Gm13663,Gm13663,0,,
Gm13664,Gm13664,0,,
Gm13665,Gm13665,0.0202,0.8474,0.4014
Gm13666,Gm13666,-0.0023,-0.3482,0.1381
Gm13667,Gm13667,0,,
Gm13668,Gm13668,-0.0108,-1.8406,1.1825
Gm13669,Gm13669,0,,
Gm13670,Gm13670,0,,
Gm13672,Gm13672,0,,
Gm13673,Gm13673,0,,
Gm13674,Gm13674,0,,
Gm13675,Gm13675,0.0067,0.6927,0.3111
Gm13676,Gm13676,-0.0051,-1.431,0.8169
Gm13677,Gm13677,0,,
Gm13678,Gm13678,0,,
Gm13679,Gm13679,0,,
Gm13680,Gm13680,0.0189,-1.7617,1.1072
Gm13681,Gm13681,0,,
Gm13682,Gm13682,0,,
Gm13683,Gm13683,0,,
Gm13684,Gm13684,0,,
Gm13685,Gm13685,0.005,0.6927,0.3111
Gm13686,Gm13686,0,,
Gm13687,Gm13687,0,,
Gm13688,Gm13688,-0.0031,-0.024,0.0084
Gm13689,Gm13689,0,,
Gm13690,Gm13690,0,,
Gm13691,Gm13691,0,,
Gm13692,Gm13692,0,,
Gm13693,Gm13693,0,,
Gm13694,Gm13694,0,,
Gm13695,Gm13695,0,,
Gm13696,Gm13696,0,,
Gm13697,Gm13697,0,,
Gm13698,Gm13698,0,,
Gm13699,Gm13699,0.033,-1.0028,0.5004
Gm13700,Gm13700,0,,
Gm13701,Gm13701,0,,
Gm13702,Gm13702,0,,
Gm13703,Gm13703,0,,
Gm13704,Gm13704,0,,
Gm13705,Gm13705,-0.0103,-2.4881,1.8914
Gm13706,Gm13706,0,,
Gm13707,Gm13707,0,,
Gm13708,Gm13708,0,,
Gm13709,Gm13709,0,,
Gm13710,Gm13710,0.0017,0.6927,0.3111
Gm13711,Gm13711,0,,
Gm13712,Gm13712,-0.0082,-0.5226,0.2209
Gm13713,Gm13713,0.0017,0.6927,0.3111
Gm13714,Gm13714,0,,
Gm13715,Gm13715,0,,
Gm13716,Gm13716,0,,
Gm13717,Gm13717,-0.0017,-1.431,0.8169
Gm13718,Gm13718,0,,
Gm13719,Gm13719,-0.006,-1.431,0.8169
Gm13720,Gm13720,0,,
Gm13721,Gm13721,0,,
Gm13722,Gm13722,0,,
Gm13723,Gm13723,0,,
Gm13724,Gm13724,0,,
Gm13725,Gm13725,0,,
Gm13726,Gm13726,0,,
Gm13727,Gm13727,0,,
Gm13728,Gm13728,0,,
Gm13729,Gm13729,0,,
Gm13730,Gm13730,0,,
Gm13731,Gm13731,0.0071,0.6927,0.3111
Gm13732,Gm13732,0,,
Gm13733,Gm13733,0,,
Gm13734,Gm13734,0,,
Gm13735,Gm13735,0,,
Gm13736,Gm13736,0.0021,0.6927,0.3111
Gm13737,Gm13737,0,,
Gm13738,Gm13738,0,,
Gm13739,Gm13739,0,,
Gm13740,Gm13740,0.0326,1.5623,0.9274
Gm13741,Gm13741,0,,
Gm13742,Gm13742,0,,
Gm13743,Gm13743,-0.0087,-0.3501,0.1389
Gm13744,Gm13744,-0.0009,-1.431,0.8169
Gm13745,Gm13745,0,,
Gm13746,Gm13746,0,,
Gm13747,Gm13747,0,,
Gm13748,Gm13748,0,,
Gm13749,Gm13749,0,,
Gm13750,Gm13750,0.0071,0.6927,0.3111
Gm13751,Gm13751,0,,
Gm13752,Gm13752,0,,
Gm13753,Gm13753,0,,
Gm13754,Gm13754,0,,
Gm13755,Gm13755,0,,
Gm13756,Gm13756,0,,
Gm13757,Gm13757,0,,
Gm13758,Gm13758,0,,
Gm13759,Gm13759,0,,
Gm13760,Gm13760,0,,
Gm13761,Gm13761,0,,
Gm13762,Gm13762,0,,
Gm13763,Gm13763,0,,
Gm13764,Gm13764,0,,
Gm13765,Gm13765,0,,
Gm13767,Gm13767,-0.0017,-1.431,0.8169
Gm13768,Gm13768,0,,
Gm13769,Gm13769,0,,
Gm13770,Gm13770,0,,
Gm13771,Gm13771,0.0128,-0.0168,0.0059
Gm13772,Gm13772,0,,
Gm13773,Gm13773,0,,
Gm13775,Gm13775,0,,
Gm13776,Gm13776,0,,
Gm13777,Gm13777,-0.0214,-3.1419,2.775
Gm13778,Gm13778,0,,
Gm13780,Gm13780,0,,
Gm13781,Gm13781,0,,
Gm13782,Gm13782,0,,
Gm13783,Gm13783,0,,
Gm13784,Gm13784,0,,
Gm13785,Gm13785,0,,
Gm13786,Gm13786,0,,
Gm13787,Gm13787,0,,
Gm13788,Gm13788,0,,
Gm13789,Gm13789,0,,
Gm13790,Gm13790,0,,
Gm13791,Gm13791,0,,
Gm13792,Gm13792,0,,
Gm13793,Gm13793,0,,
Gm13794,Gm13794,0,,
Gm13795,Gm13795,0,,
Gm13796,Gm13796,0,,
Gm13797,Gm13797,0,,
Gm13798,Gm13798,0,,
Gm13799,Gm13799,0,,
Gm13800,Gm13800,0,,
Gm13801,Gm13801,0,,
Gm13802,Gm13802,0,,
Gm13803,Gm13803,-0.0065,-2.2551,1.6175
Gm13804,Gm13804,0,,
Gm13805,Gm13805,0,,
Gm13806,Gm13806,0,,
Gm13807,Gm13807,0,,
Gm13808,Gm13808,0,,
Gm13809,Gm13809,0,,
Gm13810,Gm13810,0,,
Gm13811,Gm13811,0,,
Gm13812,Gm13812,0,,
Gm13813,Gm13813,0,,
Gm13814,Gm13814,-0.0069,-1.431,0.8169
Gm13815,Gm13815,0.0067,-1.0852,0.5562
Gm13816,Gm13816,0,,
Gm13817,Gm13817,0,,
Gm13818,Gm13818,0,,
Gm13819,Gm13819,0,,
Gm13820,Gm13820,0,,
Gm13821,Gm13821,0,,
Gm13822,Gm13822,0.0058,0.6927,0.3111
Gm13823,Gm13823,0,,
Gm13824,Gm13824,0,,
Gm13825,Gm13825,0,,
Gm13826,Gm13826,0.2184,-0.2185,0.0825
Gm13827,Gm13827,0.0985,1.2076,0.6436
Gm13828,Gm13828,0,,
Gm13829,Gm13829,0,,
Gm13830,Gm13830,0,,
Gm13831,Gm13831,0,,
Gm13832,Gm13832,0,,
Gm13833,Gm13833,0,,
Gm13834,Gm13834,0,,
Gm13835,Gm13835,-0.005,-2.1003,1.4473
Gm13836,Gm13836,0,,
Gm13837,Gm13837,0,,
Gm13838,Gm13838,0,,
Gm13839,Gm13839,0,,
Gm13840,Gm13840,0.0021,0.6927,0.3111
Gm13841,Gm13841,-0.1641,-5.1498,6.5838
Gm13842,Gm13842,0,,
Gm13844,Gm13844,0,,
Gm13845,Gm13845,0,,
Gm13846,Gm13846,0,,
Gm13847,Gm13847,0,,
Gm13848,Gm13848,0,,
Gm13849,Gm13849,0,,
Gm13850,Gm13850,0,,
Gm13851,Gm13851,0,,
Gm13852,Gm13852,0,,
Gm13853,Gm13853,0,,
Gm13854,Gm13854,0,,
Gm13855,Gm13855,0,,
Gm13856,Gm13856,0,,
Gm13857,Gm13857,0,,
Gm13858,Gm13858,0,,
Gm13859,Gm13859,0,,
Gm13860,Gm13860,0,,
Gm13861,Gm13861,0,,
Gm13862,Gm13862,0,,
Gm13863,Gm13863,0,,
Gm13864,Gm13864,-0.0038,-0.2627,0.1008
Gm13865,Gm13865,0,,
Gm13866,Gm13866,0,,
Gm13867,Gm13867,0,,
Gm13868,Gm13868,0,,
Gm13869,Gm13869,0,,
Gm13870,Gm13870,0.0077,-2.9063,2.4369
Gm13871,Gm13871,0,,
Gm13872,Gm13872,0,,
Gm13873,Gm13873,0,,
Gm13874,Gm13874,0,,
Gm13875,Gm13875,-0.0051,-1.431,0.8169
Gm13876,Gm13876,0,,
Gm13877,Gm13877,0,,
Gm13878,Gm13878,0,,
Gm13879,Gm13879,0,,
Gm13880,Gm13880,-0.0017,-1.431,0.8169
Gm13881,Gm13881,0,,
Gm13882,Gm13882,-0.0017,-1.431,0.8169
Gm13883,Gm13883,0,,
Gm13884,Gm13884,0,,
Gm13885,Gm13885,0,,
Gm13886,Gm13886,-0.0073,-1.2597,0.6824
Gm13887,Gm13887,0,,
Gm13888,Gm13888,0,,
Gm13889,Gm13889,-0.173,-7.7321,13.9757
Gm13890,Gm13890,0,,
Gm13892,Gm13892,0,,
Gm13893,Gm13893,0,,
Gm13896,Gm13896,0,,
Gm13897,Gm13897,0,,
Gm13898,Gm13898,0,,
Gm13899,Gm13899,0,,
Gm13900,Gm13900,0,,
Gm13901,Gm13901,0,,
Gm13902,Gm13902,0,,
Gm13903,Gm13903,0,,
Gm13904,Gm13904,0,,
Gm13905,Gm13905,0,,
Gm13908,Gm13908,0,,
Gm13909,Gm13909,0,,
Gm13910,Gm13910,-0.001,-1.2501,0.6751
Gm13912,Gm13912,0,,
Gm13913,Gm13913,0,,
Gm13914,Gm13914,0,,
Gm13915,Gm13915,-0.0017,-1.431,0.8169
Gm13916,Gm13916,0.0008,0.6927,0.3111
Gm13919,Gm13919,0,,
Gm13920,Gm13920,0,,
Gm13921,Gm13921,0.0077,-0.0187,0.0065
Gm13922,Gm13922,0,,
Gm13923,Gm13923,0,,
Gm13924,Gm13924,0,,
Gm13925,Gm13925,0,,
Gm13928,Gm13928,0,,
Gm13929,Gm13929,0,,
Gm13930,Gm13930,0,,
Gm13932,Gm13932,0.0041,-0.5167,0.218
Gm13933,Gm13933,0,,
Gm13934,Gm13934,0,,
Gm13935,Gm13935,0.0182,0.1294,0.0472
Gm13936,Gm13936,0,,
Gm13937,Gm13937,0,,
Gm13938,Gm13938,0,,
Gm13939,Gm13939,0,,
Gm13940,Gm13940,0,,
Gm13941,Gm13941,0,,
Gm13942,Gm13942,0,,
Gm13943,Gm13943,0,,
Gm13944,Gm13944,0,,
Gm13945,Gm13945,0,,
Gm13946,Gm13946,0,,
Gm13947,Gm13947,0,,
Gm13950,Gm13950,0,,
Gm13952,Gm13952,0,,
Gm13953,Gm13953,0,,
Gm13954,Gm13954,0,,
Gm13958,Gm13958,0,,
Gm13961,Gm13961,0.0004,0.6927,0.3111
Gm13962,Gm13962,0,,
Gm13963,Gm13963,0,,
Gm13964,Gm13964,0,,
Gm13965,Gm13965,0,,
Gm13966,Gm13966,0,,
Gm13967,Gm13967,0,,
Gm13972,Gm13972,0,,
Gm13973,Gm13973,0,,
Gm13974,Gm13974,0,,
Gm13975,Gm13975,0,,
Gm13976,Gm13976,0,,
Gm13977,Gm13977,0,,
Gm13980,Gm13980,0,,
Gm13981,Gm13981,-0.0065,-0.5226,0.2209
Gm13982,Gm13982,0,,
Gm13983,Gm13983,0,,
Gm13985,Gm13985,0,,
Gm13986,Gm13986,0,,
Gm13988,Gm13988,0,,
Gm13989,Gm13989,0,,
Gm13990,Gm13990,0,,
Gm13991,Gm13991,0,,
Gm13992,Gm13992,0.0075,1.2069,0.6431
Gm13993,Gm13993,0,,
Gm13994,Gm13994,0,,
Gm13996,Gm13996,0,,
Gm13997,Gm13997,0,,
Gm13998,Gm13998,-0.0231,-3.0008,2.5698
Gm13999,Gm13999,0,,
Gm14000,Gm14000,-0.0192,-3.0788,2.6823
Gm14001,Gm14001,0,,
Gm14002,Gm14002,0,,
Gm14003,Gm14003,0,,
Gm14004,Gm14004,0,,
Gm14005,Gm14005,-0.0247,-2.8765,2.3957
Gm14006,Gm14006,0.0013,0.6927,0.3111
Gm14007,Gm14007,0,,
Gm14008,Gm14008,0,,
Gm14009,Gm14009,0,,
Gm1401,Gm1401,0,,
Gm14010,Gm14010,0,,
Gm14011,Gm14011,0,,
Gm14012,Gm14012,0,,
Gm14013,Gm14013,0,,
Gm14014,Gm14014,0,,
Gm14015,Gm14015,0,,
Gm14016,Gm14016,0,,
Gm14017,Gm14017,0.0049,-0.0168,0.0059
Gm14018,Gm14018,0,,
Gm14019,Gm14019,0,,
Gm14020,Gm14020,0.005,0.6927,0.3111
Gm14021,Gm14021,0,,
Gm14022,Gm14022,0,,
Gm14023,Gm14023,-0.0051,-1.431,0.8169
Gm14024,Gm14024,0,,
Gm14025,Gm14025,0,,
Gm14026,Gm14026,0.0058,0.3328,0.1312
Gm14027,Gm14027,0,,
Gm14028,Gm14028,0,,
Gm14029,Gm14029,0,,
Gm14030,Gm14030,0,,
Gm14031,Gm14031,0,,
Gm14032,Gm14032,0,,
Gm14033,Gm14033,0,,
Gm14034,Gm14034,0,,
Gm14035,Gm14035,0,,
Gm14036,Gm14036,-0.0026,-0.5226,0.2209
Gm14037,Gm14037,0,,
Gm14038,Gm14038,-0.0034,-1.431,0.8169
Gm14039,Gm14039,0.0109,-0.3799,0.1524
Gm14040,Gm14040,0,,
Gm14041,Gm14041,0,,
Gm14042,Gm14042,0,,
Gm14043,Gm14043,0,,
Gm14044,Gm14044,0.0275,-2.2575,1.6202
Gm14045,Gm14045,-0.0203,-2.2778,1.6432
Gm14046,Gm14046,-0.0154,-2.4881,1.8914
Gm14047,Gm14047,0,,
Gm14048,Gm14048,0.0134,-0.2805,0.1084
Gm14049,Gm14049,0,,
Gm14050,Gm14050,0,,
Gm14051,Gm14051,0,,
Gm14052,Gm14052,0,,
Gm14053,Gm14053,0.0232,1.7135,1.0624
Gm14054,Gm14054,0,,
Gm14055,Gm14055,0,,
Gm14056,Gm14056,0.0249,-0.0237,0.0083
Gm14057,Gm14057,-0.0017,-1.431,0.8169
Gm14058,Gm14058,0,,
Gm14059,Gm14059,0.0298,-2.8985,2.426
Gm14060,Gm14060,0,,
Gm14061,Gm14061,0,,
Gm14062,Gm14062,0,,
Gm14063,Gm14063,0,,
Gm14064,Gm14064,0,,
Gm14065,Gm14065,0,,
Gm14066,Gm14066,0,,
Gm14067,Gm14067,0,,
Gm14068,Gm14068,0,,
Gm14069,Gm14069,0,,
Gm14070,Gm14070,0,,
Gm14071,Gm14071,0,,
Gm14073,Gm14073,0,,
Gm14074,Gm14074,0,,
Gm14077,Gm14077,0,,
Gm14078,Gm14078,0.005,0.9835,0.4876
Gm14079,Gm14079,0,,
Gm14080,Gm14080,0,,
Gm14081,Gm14081,0.0013,0.6927,0.3111
Gm14082,Gm14082,0,,
Gm14083,Gm14083,0,,
Gm14085,Gm14085,0,,
Gm14086,Gm14086,0,,
Gm14087,Gm14087,0,,
Gm14088,Gm14088,-0.0223,-3.3517,3.0951
Gm14089,Gm14089,0,,
Gm14090,Gm14090,0,,
Gm14091,Gm14091,0,,
Gm14092,Gm14092,0,,
Gm14093,Gm14093,0,,
Gm14094,Gm14094,0.002,-1.2501,0.6751
Gm14095,Gm14095,0,,
Gm14097,Gm14097,0,,
Gm14098,Gm14098,0,,
Gm14099,Gm14099,0,,
Gm14100,Gm14100,0,,
Gm14101,Gm14101,0,,
Gm14102,Gm14102,0,,
Gm14103,Gm14103,0,,
Gm14104,Gm14104,0,,
Gm14105,Gm14105,0,,
Gm14106,Gm14106,0,,
Gm14107,Gm14107,0,,
Gm14108,Gm14108,0,,
Gm14109,Gm14109,-0.0017,-1.431,0.8169
Gm14110,Gm14110,0,,
Gm14111,Gm14111,0,,
Gm14113,Gm14113,0.0004,0.6927,0.3111
Gm14114,Gm14114,0,,
Gm14115,Gm14115,-0.006,-2.0286,1.3716
Gm14116,Gm14116,0,,
Gm14117,Gm14117,0,,
Gm14119,Gm14119,0,,
Gm14120,Gm14120,0,,
Gm14121,Gm14121,0.0074,-0.0168,0.0059
Gm14122,Gm14122,0.0017,0.6927,0.3111
Gm14123,Gm14123,-0.0017,-1.431,0.8169
Gm14124,Gm14124,0,,
Gm14125,Gm14125,0,,
Gm14126,Gm14126,0,,
Gm14127,Gm14127,-0.001,-0.0216,0.0075
Gm14128,Gm14128,0,,
Gm14129,Gm14129,0,,
Gm14130,Gm14130,0,,
Gm14131,Gm14131,0,,
Gm14132,Gm14132,0,,
Gm14133,Gm14133,0,,
Gm14135,Gm14135,0,,
Gm14136,Gm14136,0,,
Gm14137,Gm14137,0,,
Gm14138,Gm14138,0.0116,0.2365,0.0899
Gm14139,Gm14139,0,,
Gm14140,Gm14140,0,,
Gm14141,Gm14141,0,,
Gm14142,Gm14142,0,,
Gm14143,Gm14143,0,,
Gm14144,Gm14144,0,,
Gm14145,Gm14145,0,,
Gm14146,Gm14146,0,,
Gm14147,Gm14147,0,,
Gm14148,Gm14148,-0.0137,-1.431,0.8169
Gm14149,Gm14149,0,,
Gm14150,Gm14150,0.0065,-0.3445,0.1364
Gm14151,Gm14151,0,,
Gm14152,Gm14152,0,,
Gm14153,Gm14153,0,,
Gm14154,Gm14154,0,,
Gm14155,Gm14155,0,,
Gm14156,Gm14156,0,,
Gm14157,Gm14157,0,,
Gm14158,Gm14158,0,,
Gm14159,Gm14159,0,,
Gm14161,Gm14161,0,,
Gm14162,Gm14162,0,,
Gm14163,Gm14163,0,,
Gm14164,Gm14164,0,,
Gm14165,Gm14165,0.0681,0.178,0.0661
Gm14166,Gm14166,0.0277,-1.413,0.8023
Gm14167,Gm14167,0,,
Gm14168,Gm14168,-0.0009,-1.431,0.8169
Gm14169,Gm14169,0,,
Gm14170,Gm14170,0,,
Gm14172,Gm14172,0,,
Gm14173,Gm14173,0.0087,0.1866,0.0696
Gm14174,Gm14174,0,,
Gm14175,Gm14175,0.0019,-1.2501,0.6751
Gm14176,Gm14176,0,,
Gm14177,Gm14177,0,,
Gm14178,Gm14178,0,,
Gm14179,Gm14179,0,,
Gm14180,Gm14180,0,,
Gm14181,Gm14181,0,,
Gm14182,Gm14182,0,,
Gm14183,Gm14183,0,,
Gm14184,Gm14184,0,,
Gm14185,Gm14185,0,,
Gm14186,Gm14186,0,,
Gm14187,Gm14187,0,,
Gm14188,Gm14188,0,,
Gm14189,Gm14189,0,,
Gm14190,Gm14190,0,,
Gm14191,Gm14191,0,,
Gm14192,Gm14192,0,,
Gm14193,Gm14193,0,,
Gm14194,Gm14194,0,,
Gm14196,Gm14196,0,,
Gm14197,Gm14197,0,,
Gm14198,Gm14198,0,,
Gm14199,Gm14199,0,,
Gm14200,Gm14200,0.0004,-0.5167,0.218
Gm14201,Gm14201,0,,
Gm14202,Gm14202,0,,
Gm14204,Gm14204,0,,
Gm14205,Gm14205,0,,
Gm14206,Gm14206,0,,
Gm14207,Gm14207,0,,
Gm14208,Gm14208,0,,
Gm14209,Gm14209,0,,
Gm14210,Gm14210,0,,
Gm14211,Gm14211,0,,
Gm14212,Gm14212,0,,
Gm14213,Gm14213,0,,
Gm14214,Gm14214,0.0124,0.6126,0.2675
Gm14215,Gm14215,0,,
Gm14216,Gm14216,0,,
Gm14217,Gm14217,0.0225,-0.0175,0.0061
Gm14218,Gm14218,0,,
Gm14219,Gm14219,0,,
Gm14220,Gm14220,0,,
Gm14221,Gm14221,0,,
Gm14222,Gm14222,0,,
Gm14223,Gm14223,0,,
Gm14224,Gm14224,0,,
Gm14225,Gm14225,0,,
Gm14226,Gm14226,0,,
Gm14227,Gm14227,-0.0026,-1.2549,0.6788
Gm14228,Gm14228,0,,
Gm14229,Gm14229,0,,
Gm14230,Gm14230,0,,
Gm14231,Gm14231,-0.0007,0.8304,0.3911
Gm14232,Gm14232,0,,
Gm14233,Gm14233,-0.0145,-2.8765,2.3957
Gm14234,Gm14234,0,,
Gm14235,Gm14235,0,,
Gm14236,Gm14236,0,,
Gm14237,Gm14237,0,,
Gm14238,Gm14238,0,,
Gm14239,Gm14239,-0.001,-0.5167,0.218
Gm14240,Gm14240,0,,
Gm14241,Gm14241,0,,
Gm14242,Gm14242,0,,
Gm14243,Gm14243,0,,
Gm14244,Gm14244,0,,
Gm14245,Gm14245,0,,
Gm14246,Gm14246,0,,
Gm14247,Gm14247,0,,
Gm14248,Gm14248,0,,
Gm14249,Gm14249,0,,
Gm14250,Gm14250,0,,
Gm14251,Gm14251,0.0036,-0.3389,0.1339
Gm14252,Gm14252,0,,
Gm14253,Gm14253,-0.0049,-2.1824,1.5364
Gm14254,Gm14254,0,,
Gm14255,Gm14255,0,,
Gm14256,Gm14256,0,,
Gm14257,Gm14257,0,,
Gm14258,Gm14258,0,,
Gm14259,Gm14259,0,,
Gm14260,Gm14260,0,,
Gm14261,Gm14261,0,,
Gm14262,Gm14262,0,,
Gm14263,Gm14263,0.0127,-0.7301,0.3322
Gm14264,Gm14264,0,,
Gm14265,Gm14265,0,,
Gm14266,Gm14266,0,,
Gm14267,Gm14267,0,,
Gm14268,Gm14268,0,,
Gm14269,Gm14269,0,,
Gm14270,Gm14270,-0.0019,-2.1808,1.5347
Gm14271,Gm14271,0,,
Gm14272,Gm14272,0,,
Gm14273,Gm14273,0,,
Gm14274,Gm14274,0.0042,0.6927,0.3111
Gm14275,Gm14275,0,,
Gm14276,Gm14276,0,,
Gm14277,Gm14277,-0.0043,-1.4784,0.856
Gm14278,Gm14278,0,,
Gm14279,Gm14279,-0.001,-0.024,0.0084
Gm14280,Gm14280,0,,
Gm14281,Gm14281,0,,
Gm14282,Gm14282,0,,
Gm14283,Gm14283,0,,
Gm14284,Gm14284,-0.0077,-0.7524,0.3451
Gm14285,Gm14285,0,,
Gm14286,Gm14286,0,,
Gm14287,Gm14287,0,,
Gm14288,Gm14288,0,,
Gm14290,Gm14290,0,,
Gm14291,Gm14291,0,,
Gm14292,Gm14292,0.0033,0.6927,0.3111
Gm14293,Gm14293,0,,
Gm14294,Gm14294,0,,
Gm14295,Gm14295,0.0112,0.9835,0.4876
Gm14296,Gm14296,0.0008,0.6927,0.3111
Gm14297,Gm14297,0,,
Gm14298,Gm14298,0,,
Gm14299,Gm14299,0,,
Gm14300,Gm14300,0,,
Gm14301,Gm14301,0,,
Gm14302,Gm14302,0,,
Gm14303,Gm14303,0.5334,4.4646,5.0957
Gm14304,Gm14304,0,,
Gm14305,Gm14305,0,,
Gm14306,Gm14306,0,,
Gm14307,Gm14307,0,,
Gm14308,Gm14308,0,,
Gm14309,Gm14309,0,,
Gm14310,Gm14310,0,,
Gm14311,Gm14311,0,,
Gm14312,Gm14312,0,,
Gm14313,Gm14313,0,,
Gm14314,Gm14314,0,,
Gm14316,Gm14316,0,,
Gm14317,Gm14317,0,,
Gm14318,Gm14318,0,,
Gm14319,Gm14319,0,,
Gm14320,Gm14320,-0.0017,-1.431,0.8169
Gm14321,Gm14321,0.0017,0.6927,0.3111
Gm14322,Gm14322,0,,
Gm14323,Gm14323,0.0224,-0.2399,0.0913
Gm14324,Gm14324,0,,
Gm14325,Gm14325,-0.0018,-0.5167,0.218
Gm14326,Gm14326,0,,
Gm14327,Gm14327,0,,
Gm14328,Gm14328,-0.1004,-7.4101,12.8989
Gm14329,Gm14329,0,,
Gm14330,Gm14330,0,,
Gm14331,Gm14331,0,,
Gm14332,Gm14332,0,,
Gm14333,Gm14333,0,,
Gm14334,Gm14334,0,,
Gm14335,Gm14335,0,,
Gm14336,Gm14336,0.017,-0.6718,0.2996
Gm14337,Gm14337,-0.0891,-5.304,6.9458
Gm14339,Gm14339,0,,
Gm14340,Gm14340,0,,
Gm14341,Gm14341,0,,
Gm14342,Gm14342,0,,
Gm14343,Gm14343,0,,
Gm14344,Gm14344,0,,
Gm14345,Gm14345,0,,
Gm14346,Gm14346,0,,
Gm14347,Gm14347,0,,
Gm14348,Gm14348,0,,
Gm14349,Gm14349,0,,
Gm14350,Gm14350,0,,
Gm14351,Gm14351,0,,
Gm14352,Gm14352,0,,
Gm14353,Gm14353,0,,
Gm14354,Gm14354,0,,
Gm14355,Gm14355,0,,
Gm14356,Gm14356,0,,
Gm14357,Gm14357,0,,
Gm14358,Gm14358,0,,
Gm14359,Gm14359,0,,
Gm14360,Gm14360,0,,
Gm14361,Gm14361,0,,
Gm14362,Gm14362,0,,
Gm14363,Gm14363,0,,
Gm14364,Gm14364,0,,
Gm14365,Gm14365,0,,
Gm14366,Gm14366,0,,
Gm14367,Gm14367,0,,
Gm14368,Gm14368,0,,
Gm14369,Gm14369,0,,
Gm14370,Gm14370,0,,
Gm14371,Gm14371,0,,
Gm14372,Gm14372,0,,
Gm14373,Gm14373,-0.0017,-1.431,0.8169
Gm14374,Gm14374,0,,
Gm14375,Gm14375,0,,
Gm14376,Gm14376,0,,
Gm14377,Gm14377,0,,
Gm14378,Gm14378,0,,
Gm14379,Gm14379,0,,
Gm14380,Gm14380,0,,
Gm14381,Gm14381,0,,
Gm14382,Gm14382,0,,
Gm14383,Gm14383,0,,
Gm14385,Gm14385,0,,
Gm14387,Gm14387,0,,
Gm14388,Gm14388,-0.0049,-1.2501,0.6751
Gm14389,Gm14389,0,,
Gm14390,Gm14390,0,,
Gm14391,Gm14391,0.002,-0.5167,0.218
Gm14392,Gm14392,0,,
Gm14393,Gm14393,0,,
Gm14394,Gm14394,0,,
Gm14395,Gm14395,0,,
Gm14396,Gm14396,0,,
Gm14397,Gm14397,0,,
Gm14398,Gm14398,0.0013,0.6927,0.3111
Gm14399,Gm14399,0.0104,0.6927,0.3111
Gm14400,Gm14400,0,,
Gm14401,Gm14401,0,,
Gm14402,Gm14402,0,,
Gm14403,Gm14403,-0.0196,-3.5308,3.3826
Gm14404,Gm14404,0,,
Gm14405,Gm14405,0,,
Gm14406,Gm14406,0,,
Gm14407,Gm14407,0.0144,1.0486,0.5311
Gm14408,Gm14408,0,,
Gm14409,Gm14409,0,,
Gm14410,Gm14410,0,,
Gm14411,Gm14411,0,,
Gm14412,Gm14412,0,,
Gm14413,Gm14413,0,,
Gm14414,Gm14414,0,,
Gm14415,Gm14415,0,,
Gm14416,Gm14416,0,,
Gm14417,Gm14417,0,,
Gm14418,Gm14418,0,,
Gm14419,Gm14419,0,,
Gm14420,Gm14420,0,,
Gm14421,Gm14421,0,,
Gm14422,Gm14422,0,,
Gm14423,Gm14423,0,,
Gm14424,Gm14424,0,,
Gm14425,Gm14425,0,,
Gm14426,Gm14426,0,,
Gm14427,Gm14427,0.0013,0.6927,0.3111
Gm14428,Gm14428,0,,
Gm14429,Gm14429,0,,
Gm14430,Gm14430,0,,
Gm14431,Gm14431,0,,
Gm14432,Gm14432,0.0087,0.9835,0.4876
Gm14433,Gm14433,0,,
Gm14434,Gm14434,0,,
Gm14435,Gm14435,0,,
Gm14436,Gm14436,0,,
Gm14437,Gm14437,0,,
Gm14438,Gm14438,0.0145,0.9835,0.4876
Gm14439,Gm14439,0.0033,-0.0238,0.0083
Gm14440,Gm14440,0.0017,0.6927,0.3111
Gm14441,Gm14441,0.0624,1.1418,0.596
Gm14442,Gm14442,0,,
Gm14443,Gm14443,-0.0017,-1.431,0.8169
Gm14444,Gm14444,0,,
Gm14445,Gm14445,0,,
Gm14446,Gm14446,-0.0069,-1.431,0.8169
Gm14447,Gm14447,0,,
Gm14448,Gm14448,0,,
Gm14450,Gm14450,0,,
Gm14451,Gm14451,0,,
Gm14452,Gm14452,0,,
Gm14453,Gm14453,0,,
Gm14454,Gm14454,0,,
Gm14455,Gm14455,0,,
Gm14456,Gm14456,0.5942,5.5731,7.6016
Gm14457,Gm14457,0,,
Gm14458,Gm14458,0,,
Gm14459,Gm14459,0,,
Gm14460,Gm14460,0,,
Gm14461,Gm14461,0,,
Gm14463,Gm14463,0,,
Gm14464,Gm14464,0,,
Gm14465,Gm14465,0,,
Gm14466,Gm14466,0,,
Gm14467,Gm14467,0,,
Gm14469,Gm14469,0,,
Gm14470,Gm14470,0,,
Gm14471,Gm14471,0,,
Gm14472,Gm14472,-0.0043,-1.431,0.8169
Gm14473,Gm14473,-0.0086,-1.431,0.8169
Gm14474,Gm14474,0,,
Gm14475,Gm14475,0,,
Gm14476,Gm14476,0,,
Gm14477,Gm14477,0,,
Gm14478,Gm14478,0,,
Gm14479,Gm14479,0,,
Gm14480,Gm14480,-0.0044,-1.2501,0.6751
Gm14481,Gm14481,0,,
Gm14482,Gm14482,0,,
Gm14483,Gm14483,0,,
Gm14484,Gm14484,0,,
Gm14485,Gm14485,0,,
Gm14486,Gm14486,-0.0026,-1.431,0.8169
Gm14487,Gm14487,0,,
Gm14488,Gm14488,0,,
Gm14489,Gm14489,0,,
Gm14490,Gm14490,0,,
Gm14491,Gm14491,0,,
Gm14492,Gm14492,0,,
Gm14493,Gm14493,0,,
Gm14494,Gm14494,-0.0065,-2.6455,2.0885
Gm14495,Gm14495,0,,
Gm14496,Gm14496,0,,
Gm14497,Gm14497,0,,
Gm14498,Gm14498,0,,
Gm14499,Gm14499,0,,
Gm14500,Gm14500,0,,
Gm14501,Gm14501,0,,
Gm14502,Gm14502,0,,
Gm14503,Gm14503,0,,
Gm14504,Gm14504,0,,
Gm14505,Gm14505,0,,
Gm14506,Gm14506,-0.006,-1.431,0.8169
Gm14507,Gm14507,0,,
Gm14508,Gm14508,0,,
Gm14509,Gm14509,0,,
Gm14510,Gm14510,0,,
Gm14511,Gm14511,0,,
Gm14512,Gm14512,0,,
Gm14513,Gm14513,0.0333,0.3331,0.1313
Gm14514,Gm14514,0,,
Gm14515,Gm14515,0,,
Gm14516,Gm14516,0,,
Gm14517,Gm14517,0,,
Gm14518,Gm14518,0,,
Gm14519,Gm14519,0,,
Gm14520,Gm14520,0,,
Gm14521,Gm14521,0,,
Gm14523,Gm14523,0,,
Gm14524,Gm14524,0,,
Gm14525,Gm14525,0,,
Gm14526,Gm14526,0,,
Gm14527,Gm14527,0,,
Gm14528,Gm14528,0,,
Gm14529,Gm14529,0,,
Gm14530,Gm14530,0.0042,0.9835,0.4876
Gm14531,Gm14531,0,,
Gm14532,Gm14532,0,,
Gm14533,Gm14533,0,,
Gm14534,Gm14534,0,,
Gm14535,Gm14535,0.0131,-0.2879,0.1116
Gm14536,Gm14536,0,,
Gm14537,Gm14537,0,,
Gm14538,Gm14538,0.0037,0.6927,0.3111
Gm14539,Gm14539,0.0472,-1.91,1.2508
Gm14540,Gm14540,0,,
Gm14541,Gm14541,0.0171,-0.8853,0.4248
Gm14542,Gm14542,0,,
Gm14543,Gm14543,0,,
Gm14544,Gm14544,0,,
Gm14546,Gm14546,0,,
Gm14547,Gm14547,0,,
Gm14549,Gm14549,0,,
Gm14550,Gm14550,0,,
Gm14551,Gm14551,0,,
Gm14552,Gm14552,0,,
Gm14553,Gm14553,0,,
Gm14554,Gm14554,0,,
Gm14555,Gm14555,0,,
Gm14556,Gm14556,0,,
Gm14557,Gm14557,0,,
Gm14558,Gm14558,0,,
Gm14559,Gm14559,0,,
Gm14560,Gm14560,0,,
Gm14561,Gm14561,0,,
Gm14562,Gm14562,0,,
Gm14563,Gm14563,0,,
Gm14564,Gm14564,0,,
Gm14565,Gm14565,0,,
Gm14566,Gm14566,0,,
Gm14567,Gm14567,-0.0197,-1.3877,0.7819
Gm14568,Gm14568,0,,
Gm14569,Gm14569,0,,
Gm14570,Gm14570,0,,
Gm14571,Gm14571,0,,
Gm14572,Gm14572,0,,
Gm14573,Gm14573,0,,
Gm14574,Gm14574,0,,
Gm14575,Gm14575,0,,
Gm14576,Gm14576,0,,
Gm14577,Gm14577,0,,
Gm14578,Gm14578,0,,
Gm14579,Gm14579,0,,
Gm14580,Gm14580,0,,
Gm14581,Gm14581,0,,
Gm14582,Gm14582,0,,
Gm14584,Gm14584,0.0058,0.6927,0.3111
Gm14585,Gm14585,0.005,0.9835,0.4876
Gm14586,Gm14586,0.1944,-0.6433,0.284
Gm14587,Gm14587,0,,
Gm14588,Gm14588,0,,
Gm14589,Gm14589,0,,
Gm14590,Gm14590,0,,
Gm14591,Gm14591,0,,
Gm14592,Gm14592,0,,
Gm14593,Gm14593,0,,
Gm14594,Gm14594,0,,
Gm14595,Gm14595,0,,
Gm14596,Gm14596,0,,
Gm14597,Gm14597,0,,
Gm14598,Gm14598,0,,
Gm14599,Gm14599,-0.0026,-2.0286,1.3716
Gm14600,Gm14600,0,,
Gm14601,Gm14601,0,,
Gm14602,Gm14602,-0.0031,-0.5167,0.218
Gm14603,Gm14603,0,,
Gm14604,Gm14604,0,,
Gm14605,Gm14605,0,,
Gm14606,Gm14606,0,,
Gm14607,Gm14607,0,,
Gm14608,Gm14608,0.0108,0.9835,0.4876
Gm14609,Gm14609,0,,
Gm14610,Gm14610,0,,
Gm14611,Gm14611,0,,
Gm14612,Gm14612,0,,
Gm14613,Gm14613,0,,
Gm14614,Gm14614,0,,
Gm14615,Gm14615,0,,
Gm14616,Gm14616,0,,
Gm14617,Gm14617,0,,
Gm14618,Gm14618,0,,
Gm14619,Gm14619,0,,
Gm14620,Gm14620,0,,
Gm14621,Gm14621,0,,
Gm14622,Gm14622,0,,
Gm14623,Gm14623,0,,
Gm14624,Gm14624,0,,
Gm14625,Gm14625,0,,
Gm14626,Gm14626,0,,
Gm14627,Gm14627,-0.0026,-1.431,0.8169
Gm14628,Gm14628,0,,
Gm14629,Gm14629,0,,
Gm14630,Gm14630,0,,
Gm14631,Gm14631,0,,
Gm14632,Gm14632,0,,
Gm14633,Gm14633,0.0261,-0.2099,0.079
Gm14634,Gm14634,0,,
Gm14635,Gm14635,0,,
Gm14636,Gm14636,0,,
Gm14637,Gm14637,0,,
Gm14638,Gm14638,0,,
Gm14639,Gm14639,0,,
Gm14640,Gm14640,0,,
Gm14641,Gm14641,0,,
Gm14642,Gm14642,0,,
Gm14643,Gm14643,0,,
Gm14644,Gm14644,0,,
Gm14645,Gm14645,0,,
Gm14646,Gm14646,0,,
Gm14647,Gm14647,0,,
Gm14648,Gm14648,-0.0098,-1.2841,0.7009
Gm14649,Gm14649,0,,
Gm14650,Gm14650,0.0104,0.6927,0.3111
Gm14651,Gm14651,0,,
Gm14652,Gm14652,0,,
Gm14653,Gm14653,0,,
Gm14654,Gm14654,0,,
Gm14655,Gm14655,0,,
Gm14656,Gm14656,0,,
Gm14657,Gm14657,0,,
Gm14658,Gm14658,0,,
Gm14659,Gm14659,0,,
Gm14660,Gm14660,0,,
Gm14661,Gm14661,0,,
Gm14662,Gm14662,0,,
Gm14663,Gm14663,0,,
Gm14664,Gm14664,0,,
Gm14665,Gm14665,0,,
Gm14666,Gm14666,0,,
Gm14667,Gm14667,0,,
Gm14668,Gm14668,0,,
Gm14669,Gm14669,0,,
Gm14670,Gm14670,0,,
Gm14671,Gm14671,0,,
Gm14672,Gm14672,0,,
Gm14673,Gm14673,0,,
Gm14674,Gm14674,0,,
Gm14675,Gm14675,0,,
Gm14676,Gm14676,0,,
Gm14677,Gm14677,0,,
Gm14678,Gm14678,0,,
Gm14679,Gm14679,0,,
Gm14680,Gm14680,-0.0252,-2.1998,1.5556
Gm14681,Gm14681,0.0281,-1.4989,0.8732
Gm14682,Gm14682,0,,
Gm14683,Gm14683,0,,
Gm14684,Gm14684,0,,
Gm14685,Gm14685,0,,
Gm14686,Gm14686,-0.0026,-1.431,0.8169
Gm14687,Gm14687,0,,
Gm14688,Gm14688,0,,
Gm14689,Gm14689,0,,
Gm14690,Gm14690,0,,
Gm14692,Gm14692,0,,
Gm14693,Gm14693,0,,
Gm14694,Gm14694,0,,
Gm14695,Gm14695,0,,
Gm14696,Gm14696,0,,
Gm14697,Gm14697,0,,
Gm14698,Gm14698,0.024,1.3956,0.7883
Gm14699,Gm14699,0,,
Gm14700,Gm14700,0,,
Gm14701,Gm14701,0,,
Gm14702,Gm14702,0,,
Gm14703,Gm14703,0,,
Gm14704,Gm14704,0,,
Gm14705,Gm14705,0,,
Gm14706,Gm14706,0.0062,-0.0168,0.0059
Gm14707,Gm14707,0,,
Gm14708,Gm14708,0,,
Gm14709,Gm14709,0,,
Gm14710,Gm14710,0,,
Gm14711,Gm14711,0,,
Gm14712,Gm14712,0,,
Gm14713,Gm14713,0,,
Gm14714,Gm14714,0,,
Gm14715,Gm14715,0,,
Gm14716,Gm14716,0,,
Gm14717,Gm14717,0,,
Gm14718,Gm14718,0,,
Gm14719,Gm14719,0,,
Gm14720,Gm14720,0,,
Gm14721,Gm14721,0,,
Gm14722,Gm14722,0,,
Gm14723,Gm14723,0,,
Gm14724,Gm14724,0,,
Gm14725,Gm14725,0,,
Gm14726,Gm14726,0,,
Gm14727,Gm14727,0,,
Gm14728,Gm14728,0,,
Gm14729,Gm14729,0,,
Gm14730,Gm14730,0,,
Gm14731,Gm14731,0,,
Gm14732,Gm14732,0,,
Gm14733,Gm14733,0,,
Gm14734,Gm14734,0,,
Gm14735,Gm14735,0,,
Gm14736,Gm14736,0,,
Gm14737,Gm14737,0,,
Gm14738,Gm14738,0,,
Gm14739,Gm14739,0,,
Gm14740,Gm14740,0,,
Gm14741,Gm14741,0,,
Gm14742,Gm14742,0,,
Gm14743,Gm14743,0,,
Gm14744,Gm14744,0,,
Gm14745,Gm14745,0,,
Gm14746,Gm14746,0,,
Gm14747,Gm14747,0.0017,0.6927,0.3111
Gm14748,Gm14748,0,,
Gm14749,Gm14749,0,,
Gm14750,Gm14750,0,,
Gm14751,Gm14751,0,,
Gm14752,Gm14752,0,,
Gm14753,Gm14753,0,,
Gm14754,Gm14754,0,,
Gm14755,Gm14755,0,,
Gm14756,Gm14756,0,,
Gm14757,Gm14757,0,,
Gm14758,Gm14758,0,,
Gm14759,Gm14759,0,,
Gm14760,Gm14760,0,,
Gm14761,Gm14761,0,,
Gm14762,Gm14762,0,,
Gm14763,Gm14763,0,,
Gm14764,Gm14764,0,,
Gm14765,Gm14765,0,,
Gm14766,Gm14766,0,,
Gm14767,Gm14767,0,,
Gm14768,Gm14768,0,,
Gm14769,Gm14769,-0.006,-2.0286,1.3716
Gm14770,Gm14770,0,,
Gm14771,Gm14771,0,,
Gm14772,Gm14772,0,,
Gm14773,Gm14773,0,,
Gm14774,Gm14774,0,,
Gm14775,Gm14775,0.0029,0.6927,0.3111
Gm14776,Gm14776,0.0028,-0.5167,0.218
Gm14777,Gm14777,0,,
Gm14778,Gm14778,0,,
Gm14780,Gm14780,0.0008,-0.5167,0.218
Gm14781,Gm14781,0,,
Gm14782,Gm14782,0,,
Gm14783,Gm14783,0,,
Gm14784,Gm14784,0,,
Gm14785,Gm14785,0,,
Gm14786,Gm14786,0,,
Gm14787,Gm14787,0,,
Gm14788,Gm14788,0,,
Gm14789,Gm14789,0,,
Gm14790,Gm14790,0,,
Gm14791,Gm14791,0,,
Gm14792,Gm14792,0,,
Gm14793,Gm14793,0,,
Gm14794,Gm14794,-0.0009,-1.431,0.8169
Gm14795,Gm14795,0,,
Gm14796,Gm14796,0,,
Gm14797,Gm14797,0,,
Gm14798,Gm14798,0,,
Gm14799,Gm14799,0,,
Gm14800,Gm14800,0,,
Gm14801,Gm14801,0,,
Gm14802,Gm14802,0,,
Gm14803,Gm14803,0,,
Gm14804,Gm14804,0,,
Gm14805,Gm14805,0,,
Gm14806,Gm14806,0,,
Gm14807,Gm14807,0,,
Gm14808,Gm14808,0,,
Gm14809,Gm14809,0,,
Gm14810,Gm14810,0,,
Gm14811,Gm14811,0,,
Gm14812,Gm14812,0,,
Gm14813,Gm14813,0,,
Gm14814,Gm14814,0,,
Gm14815,Gm14815,0,,
Gm14816,Gm14816,0,,
Gm14817,Gm14817,0,,
Gm14818,Gm14818,0,,
Gm14819,Gm14819,0,,
Gm14820,Gm14820,0,,
Gm14821,Gm14821,0,,
Gm14822,Gm14822,0.0091,0.6927,0.3111
Gm14823,Gm14823,0,,
Gm14824,Gm14824,0,,
Gm14825,Gm14825,0,,
Gm14826,Gm14826,0,,
Gm14827,Gm14827,0,,
Gm14828,Gm14828,0,,
Gm14829,Gm14829,0,,
Gm14830,Gm14830,-0.0108,-2.5573,1.9768
Gm14831,Gm14831,0,,
Gm14832,Gm14832,0,,
Gm14833,Gm14833,0,,
Gm14834,Gm14834,0,,
Gm14835,Gm14835,0,,
Gm14836,Gm14836,0,,
Gm14837,Gm14837,0,,
Gm14838,Gm14838,0,,
Gm14839,Gm14839,0,,
Gm14840,Gm14840,0.0053,-0.0168,0.0059
Gm14841,Gm14841,0,,
Gm14842,Gm14842,0,,
Gm14843,Gm14843,0,,
Gm14844,Gm14844,0,,
Gm14845,Gm14845,0,,
Gm14846,Gm14846,0,,
Gm14847,Gm14847,0,,
Gm14848,Gm14848,0,,
Gm14849,Gm14849,0,,
Gm14850,Gm14850,0,,
Gm14851,Gm14851,0,,
Gm14852,Gm14852,0,,
Gm14853,Gm14853,-0.0031,-0.5226,0.2209
Gm14854,Gm14854,0,,
Gm14855,Gm14855,0,,
Gm14856,Gm14856,0,,
Gm14857,Gm14857,0.0083,0.6927,0.3111
Gm14858,Gm14858,0,,
Gm14859,Gm14859,0,,
Gm14860,Gm14860,0,,
Gm14861,Gm14861,-0.0051,-1.431,0.8169
Gm14862,Gm14862,0,,
Gm14863,Gm14863,0,,
Gm14864,Gm14864,0,,
Gm14865,Gm14865,0,,
Gm14866,Gm14866,0,,
Gm14867,Gm14867,-0.0009,-1.431,0.8169
Gm14868,Gm14868,0,,
Gm14869,Gm14869,0,,
Gm14870,Gm14870,0,,
Gm14871,Gm14871,0,,
Gm14872,Gm14872,0,,
Gm14873,Gm14873,0,,
Gm14874,Gm14874,0,,
Gm14875,Gm14875,0,,
Gm14876,Gm14876,0,,
Gm14877,Gm14877,0,,
Gm14878,Gm14878,0,,
Gm14879,Gm14879,0,,
Gm14880,Gm14880,0,,
Gm14881,Gm14881,0,,
Gm14882,Gm14882,0,,
Gm14883,Gm14883,0,,
Gm14884,Gm14884,0,,
Gm14885,Gm14885,0,,
Gm14886,Gm14886,0,,
Gm14887,Gm14887,0,,
Gm14888,Gm14888,0,,
Gm14889,Gm14889,0,,
Gm14890,Gm14890,0,,
Gm14891,Gm14891,0,,
Gm14892,Gm14892,-0.0009,-1.431,0.8169
Gm14893,Gm14893,0,,
Gm14894,Gm14894,0,,
Gm14895,Gm14895,0,,
Gm14896,Gm14896,0,,
Gm14897,Gm14897,0,,
Gm14898,Gm14898,0,,
Gm14899,Gm14899,0,,
Gm14900,Gm14900,0,,
Gm14901,Gm14901,0,,
Gm14902,Gm14902,0,,
Gm14903,Gm14903,0,,
Gm14904,Gm14904,0,,
Gm14905,Gm14905,0,,
Gm14906,Gm14906,0,,
Gm14907,Gm14907,0,,
Gm14908,Gm14908,0,,
Gm14909,Gm14909,0,,
Gm14910,Gm14910,0,,
Gm14911,Gm14911,0,,
Gm14912,Gm14912,0,,
Gm14913,Gm14913,0,,
Gm14914,Gm14914,0,,
Gm14915,Gm14915,0,,
Gm14916,Gm14916,0,,
Gm14917,Gm14917,0,,
Gm14918,Gm14918,0,,
Gm14919,Gm14919,0,,
Gm14920,Gm14920,0,,
Gm14921,Gm14921,-0.006,-1.431,0.8169
Gm14922,Gm14922,0,,
Gm14923,Gm14923,0,,
Gm14925,Gm14925,0,,
Gm14926,Gm14926,0,,
Gm14927,Gm14927,0,,
Gm14928,Gm14928,0.0013,0.6927,0.3111
Gm14929,Gm14929,0,,
Gm14930,Gm14930,0,,
Gm14931,Gm14931,0,,
Gm14932,Gm14932,0,,
Gm14933,Gm14933,0,,
Gm14934,Gm14934,0.0345,-0.6115,0.2669
Gm14935,Gm14935,0,,
Gm14936,Gm14936,0,,
Gm14937,Gm14937,0,,
Gm14938,Gm14938,0,,
Gm14939,Gm14939,0,,
Gm14940,Gm14940,0,,
Gm14941,Gm14941,0,,
Gm14942,Gm14942,0,,
Gm14943,Gm14943,0,,
Gm14944,Gm14944,0,,
Gm14945,Gm14945,0,,
Gm14946,Gm14946,0,,
Gm14947,Gm14947,0,,
Gm14950,Gm14950,0,,
Gm14951,Gm14951,0,,
Gm14957,Gm14957,0,,
Gm14958,Gm14958,0.002,-0.5167,0.218
Gm14963,Gm14963,0,,
Gm14964,Gm14964,0.0029,0.6927,0.3111
Gm14965,Gm14965,0,,
Gm14966,Gm14966,0,,
Gm14967,Gm14967,0,,
Gm14968,Gm14968,0,,
Gm14969,Gm14969,0,,
Gm14970,Gm14970,0,,
Gm14971,Gm14971,0,,
Gm14972,Gm14972,0,,
Gm14973,Gm14973,0,,
Gm14974,Gm14974,0,,
Gm14975,Gm14975,0,,
Gm14976,Gm14976,0,,
Gm14977,Gm14977,0,,
Gm14978,Gm14978,0,,
Gm14979,Gm14979,0,,
Gm14980,Gm14980,0,,
Gm14981,Gm14981,0,,
Gm14982,Gm14982,0,,
Gm14983,Gm14983,0,,
Gm14984,Gm14984,0,,
Gm14985,Gm14985,0,,
Gm14986,Gm14986,0,,
Gm14987,Gm14987,0,,
Gm14988,Gm14988,0,,
Gm14989,Gm14989,0,,
Gm14990,Gm14990,0,,
Gm14991,Gm14991,0,,
Gm14992,Gm14992,0,,
Gm14993,Gm14993,0,,
Gm14994,Gm14994,0,,
Gm14995,Gm14995,0,,
Gm14996,Gm14996,0,,
Gm14997,Gm14997,0,,
Gm14998,Gm14998,0,,
Gm14999,Gm14999,0,,
Gm15000,Gm15000,0,,
Gm15001,Gm15001,0,,
Gm15002,Gm15002,0.0029,0.6927,0.3111
Gm15003,Gm15003,0,,
Gm15004,Gm15004,0,,
Gm15005,Gm15005,0,,
Gm15006,Gm15006,0,,
Gm15007,Gm15007,0,,
Gm15008,Gm15008,0,,
Gm15009,Gm15009,-0.0034,-1.431,0.8169
Gm15010,Gm15010,0,,
Gm15011,Gm15011,0,,
Gm15012,Gm15012,0,,
Gm15013,Gm15013,0.0163,-0.5656,0.2429
Gm15014,Gm15014,0,,
Gm15015,Gm15015,0,,
Gm15016,Gm15016,-0.0017,-1.431,0.8169
Gm15017,Gm15017,0,,
Gm15018,Gm15018,0,,
Gm15019,Gm15019,0,,
Gm15020,Gm15020,0,,
Gm15021,Gm15021,0,,
Gm15022,Gm15022,0,,
Gm15023,Gm15023,0,,
Gm15024,Gm15024,0,,
Gm15025,Gm15025,0,,
Gm15026,Gm15026,0,,
Gm15027,Gm15027,0,,
Gm15028,Gm15028,0,,
Gm15029,Gm15029,0,,
Gm15030,Gm15030,0,,
Gm15031,Gm15031,0,,
Gm15032,Gm15032,0.0127,-0.5743,0.2474
Gm15033,Gm15033,0,,
Gm15034,Gm15034,0,,
Gm15035,Gm15035,0,,
Gm15036,Gm15036,0,,
Gm15037,Gm15037,0,,
Gm15038,Gm15038,0,,
Gm15039,Gm15039,0,,
Gm15040,Gm15040,0,,
Gm15041,Gm15041,0,,
Gm15042,Gm15042,0,,
Gm15043,Gm15043,0,,
Gm15044,Gm15044,0,,
Gm15045,Gm15045,0,,
Gm15046,Gm15046,0,,
Gm15047,Gm15047,0,,
Gm15048,Gm15048,0,,
Gm15049,Gm15049,0,,
Gm15050,Gm15050,0,,
Gm15051,Gm15051,0,,
Gm15052,Gm15052,0,,
Gm15053,Gm15053,0,,
Gm15054,Gm15054,0,,
Gm15055,Gm15055,0,,
Gm15056,Gm15056,0,,
Gm15057,Gm15057,0,,
Gm15058,Gm15058,0,,
Gm15060,Gm15060,0,,
Gm15061,Gm15061,0,,
Gm15062,Gm15062,0,,
Gm15063,Gm15063,0,,
Gm15064,Gm15064,0,,
Gm15065,Gm15065,0,,
Gm15066,Gm15066,0,,
Gm15067,Gm15067,-0.0006,-1.3687,0.7668
Gm15068,Gm15068,0,,
Gm15069,Gm15069,0,,
Gm15070,Gm15070,0,,
Gm15071,Gm15071,-0.0034,-1.431,0.8169
Gm15073,Gm15073,0,,
Gm15074,Gm15074,0,,
Gm15075,Gm15075,0,,
Gm15076,Gm15076,0,,
Gm15077,Gm15077,0,,
Gm15078,Gm15078,0,,
Gm15079,Gm15079,0,,
Gm15080,Gm15080,0,,
Gm15081,Gm15081,0,,
Gm15082,Gm15082,0,,
Gm15083,Gm15083,0,,
Gm15084,Gm15084,0,,
Gm15085,Gm15085,0,,
Gm15086,Gm15086,0,,
Gm15087,Gm15087,0,,
Gm15088,Gm15088,0,,
Gm15089,Gm15089,0,,
Gm15090,Gm15090,0,,
Gm15091,Gm15091,0,,
Gm15092,Gm15092,0,,
Gm15093,Gm15093,0,,
Gm15094,Gm15094,0,,
Gm15095,Gm15095,0,,
Gm15096,Gm15096,0,,
Gm15097,Gm15097,0,,
Gm15098,Gm15098,0,,
Gm15099,Gm15099,0,,
Gm15100,Gm15100,0,,
Gm15101,Gm15101,0,,
Gm15102,Gm15102,0,,
Gm15103,Gm15103,0,,
Gm15104,Gm15104,0,,
Gm15105,Gm15105,0,,
Gm15106,Gm15106,0,,
Gm15107,Gm15107,0,,
Gm15108,Gm15108,0,,
Gm15109,Gm15109,0,,
Gm15110,Gm15110,0,,
Gm15111,Gm15111,0,,
Gm15112,Gm15112,0,,
Gm15113,Gm15113,0,,
Gm15114,Gm15114,0,,
Gm15115,Gm15115,0,,
Gm15116,Gm15116,0,,
Gm15118,Gm15118,0.0128,-0.8455,0.4003
Gm15120,Gm15120,0,,
Gm15121,Gm15121,0,,
Gm15122,Gm15122,0,,
Gm15123,Gm15123,0,,
Gm15124,Gm15124,0,,
Gm15125,Gm15125,0,,
Gm15126,Gm15126,0,,
Gm15127,Gm15127,0,,
Gm15128,Gm15128,0,,
Gm15129,Gm15129,0,,
Gm15130,Gm15130,0,,
Gm15131,Gm15131,0.0162,0.9835,0.4876
Gm15132,Gm15132,0,,
Gm15133,Gm15133,0,,
Gm15135,Gm15135,-0.006,-1.431,0.8169
Gm15136,Gm15136,0,,
Gm15137,Gm15137,0,,
Gm15138,Gm15138,0,,
Gm15139,Gm15139,0,,
Gm15140,Gm15140,0,,
Gm15141,Gm15141,0,,
Gm15142,Gm15142,0,,
Gm15143,Gm15143,0,,
Gm15144,Gm15144,0,,
Gm15145,Gm15145,0,,
Gm15146,Gm15146,0,,
Gm15147,Gm15147,0,,
Gm15148,Gm15148,0.1871,0.4886,0.204
Gm15149,Gm15149,0,,
Gm15151,Gm15151,0.018,-0.0153,0.0053
Gm15152,Gm15152,0,,
Gm15153,Gm15153,0,,
Gm15154,Gm15154,0,,
Gm15155,Gm15155,0,,
Gm15156,Gm15156,0,,
Gm15157,Gm15157,0.012,0.6927,0.3111
Gm15158,Gm15158,0,,
Gm15159,Gm15159,0,,
Gm15160,Gm15160,0,,
Gm15161,Gm15161,0,,
Gm15162,Gm15162,0,,
Gm15163,Gm15163,0.0071,0.9835,0.4876
Gm15164,Gm15164,0.0075,0.6927,0.3111
Gm15165,Gm15165,0,,
Gm15166,Gm15166,0,,
Gm15167,Gm15167,0,,
Gm15168,Gm15168,0,,
Gm15169,Gm15169,0,,
Gm15170,Gm15170,0,,
Gm15171,Gm15171,0,,
Gm15172,Gm15172,0,,
Gm15173,Gm15173,0,,
Gm15174,Gm15174,0,,
Gm15175,Gm15175,0,,
Gm15176,Gm15176,0,,
Gm15177,Gm15177,0,,
Gm15178,Gm15178,0,,
Gm15179,Gm15179,0,,
Gm15180,Gm15180,0,,
Gm15181,Gm15181,0,,
Gm15182,Gm15182,0,,
Gm15183,Gm15183,0,,
Gm15185,Gm15185,0,,
Gm15186,Gm15186,0.0013,0.6927,0.3111
Gm15187,Gm15187,0,,
Gm15188,Gm15188,0,,
Gm15189,Gm15189,0,,
Gm15190,Gm15190,0.0091,0.6927,0.3111
Gm15191,Gm15191,0.0052,-0.5598,0.2399
Gm15192,Gm15192,0,,
Gm15193,Gm15193,0,,
Gm15194,Gm15194,0,,
Gm15195,Gm15195,0,,
Gm15196,Gm15196,-0.0034,-1.431,0.8169
Gm15197,Gm15197,0,,
Gm15198,Gm15198,0.0782,1.6299,0.9867
Gm15199,Gm15199,0,,
Gm15200,Gm15200,0,,
Gm15201,Gm15201,0,,
Gm15202,Gm15202,0,,
Gm15203,Gm15203,0,,
Gm15204,Gm15204,0.0191,0.9835,0.4876
Gm15205,Gm15205,0,,
Gm15206,Gm15206,0,,
Gm15207,Gm15207,0,,
Gm15208,Gm15208,0,,
Gm15209,Gm15209,0,,
Gm15210,Gm15210,-0.0339,-3.2414,2.9246
Gm15211,Gm15211,0,,
Gm15212,Gm15212,0,,
Gm15213,Gm15213,0,,
Gm15214,Gm15214,0,,
Gm15215,Gm15215,0,,
Gm15216,Gm15216,0,,
Gm15217,Gm15217,0,,
Gm15218,Gm15218,0,,
Gm15219,Gm15219,0,,
Gm15220,Gm15220,0,,
Gm15221,Gm15221,0,,
Gm15222,Gm15222,0,,
Gm15223,Gm15223,0.0078,-0.0168,0.0059
Gm15224,Gm15224,0,,
Gm15225,Gm15225,0,,
Gm15226,Gm15226,0,,
Gm15227,Gm15227,0,,
Gm15228,Gm15228,0,,
Gm15229,Gm15229,0,,
Gm15230,Gm15230,0,,
Gm15231,Gm15231,0,,
Gm15232,Gm15232,0,,
Gm15233,Gm15233,0,,
Gm15234,Gm15234,0,,
Gm15235,Gm15235,0,,
Gm15236,Gm15236,0,,
Gm15237,Gm15237,0,,
Gm15238,Gm15238,0,,
Gm15239,Gm15239,0,,
Gm15240,Gm15240,0,,
Gm15241,Gm15241,0,,
Gm15242,Gm15242,0,,
Gm15243,Gm15243,0,,
Gm15244,Gm15244,0,,
Gm15245,Gm15245,0,,
Gm15246,Gm15246,0,,
Gm15247,Gm15247,-0.0026,-1.431,0.8169
Gm15249,Gm15249,0,,
Gm15250,Gm15250,0,,
Gm15251,Gm15251,0,,
Gm15252,Gm15252,0,,
Gm15253,Gm15253,0,,
Gm15254,Gm15254,0,,
Gm15255,Gm15255,0,,
Gm15256,Gm15256,0,,
Gm15257,Gm15257,0,,
Gm15258,Gm15258,0,,
Gm15259,Gm15259,0,,
Gm15260,Gm15260,0,,
Gm15261,Gm15261,0,,
Gm15262,Gm15262,0,,
Gm15263,Gm15263,0,,
Gm15264,Gm15264,0,,
Gm15265,Gm15265,0,,
Gm15266,Gm15266,0,,
Gm15267,Gm15267,0.001,-0.0216,0.0075
Gm15268,Gm15268,0,,
Gm15269,Gm15269,0,,
Gm1527,Gm1527,0,,
Gm15270,Gm15270,0,,
Gm15271,Gm15271,0,,
Gm15272,Gm15272,0,,
Gm15273,Gm15273,0,,
Gm15274,Gm15274,0,,
Gm15275,Gm15275,0,,
Gm15276,Gm15276,0,,
Gm15277,Gm15277,0,,
Gm15278,Gm15278,0,,
Gm15279,Gm15279,0,,
Gm15280,Gm15280,0,,
Gm15281,Gm15281,0,,
Gm15282,Gm15282,0,,
Gm15283,Gm15283,0,,
Gm15284,Gm15284,0,,
Gm15285,Gm15285,0,,
Gm15286,Gm15286,0,,
Gm15287,Gm15287,0,,
Gm15288,Gm15288,0,,
Gm15289,Gm15289,0,,
Gm15290,Gm15290,0,,
Gm15292,Gm15292,0,,
Gm15293,Gm15293,0,,
Gm15294,Gm15294,0,,
Gm15295,Gm15295,0,,
Gm15297,Gm15297,0,,
Gm15298,Gm15298,0,,
Gm15299,Gm15299,0,,
Gm15300,Gm15300,0,,
Gm15302,Gm15302,0,,
Gm15303,Gm15303,0,,
Gm15304,Gm15304,0,,
Gm15305,Gm15305,0,,
Gm15308,Gm15308,0,,
Gm15309,Gm15309,0,,
Gm15310,Gm15310,0,,
Gm15311,Gm15311,0,,
Gm15312,Gm15312,0,,
Gm15313,Gm15313,0,,
Gm15314,Gm15314,0,,
Gm15315,Gm15315,0,,
Gm15316,Gm15316,0,,
Gm15317,Gm15317,0,,
Gm15318,Gm15318,0,,
Gm15319,Gm15319,0,,
Gm15320,Gm15320,0,,
Gm15321,Gm15321,0,,
Gm15322,Gm15322,0,,
Gm15323,Gm15323,0,,
Gm15324,Gm15324,0,,
Gm15325,Gm15325,0,,
Gm15326,Gm15326,-0.0117,-2.6476,2.0912
Gm15327,Gm15327,0,,
Gm15328,Gm15328,0,,
Gm15329,Gm15329,0,,
Gm15331,Gm15331,0,,
Gm15332,Gm15332,0,,
Gm15333,Gm15333,0,,
Gm15334,Gm15334,0,,
Gm15335,Gm15335,0,,
Gm15336,Gm15336,0,,
Gm15337,Gm15337,0,,
Gm15338,Gm15338,0,,
Gm15339,Gm15339,0,,
Gm15340,Gm15340,0,,
Gm15341,Gm15341,0,,
Gm15342,Gm15342,0,,
Gm15343,Gm15343,0,,
Gm15344,Gm15344,-0.0112,-3.4301,3.2194
Gm15345,Gm15345,0,,
Gm15346,Gm15346,0,,
Gm15347,Gm15347,0,,
Gm15348,Gm15348,0,,
Gm15349,Gm15349,-0.0044,-1.2525,0.6769
Gm15350,Gm15350,0,,
Gm15351,Gm15351,0,,
Gm15352,Gm15352,0,,
Gm15353,Gm15353,0,,
Gm15354,Gm15354,0,,
Gm15355,Gm15355,0,,
Gm15356,Gm15356,0,,
Gm15357,Gm15357,0,,
Gm15358,Gm15358,0,,
Gm15359,Gm15359,0,,
Gm15361,Gm15361,-0.0023,-1.2501,0.6751
Gm15362,Gm15362,0,,
Gm15363,Gm15363,0,,
Gm15364,Gm15364,0,,
Gm15365,Gm15365,0,,
Gm15366,Gm15366,0,,
Gm15367,Gm15367,0,,
Gm15368,Gm15368,0,,
Gm15369,Gm15369,0,,
Gm15370,Gm15370,0,,
Gm15371,Gm15371,0,,
Gm15372,Gm15372,0,,
Gm15373,Gm15373,0,,
Gm15374,Gm15374,0,,
Gm15375,Gm15375,0,,
Gm15376,Gm15376,0,,
Gm15377,Gm15377,0,,
Gm15379,Gm15379,0,,
Gm15381,Gm15381,0,,
Gm15382,Gm15382,0,,
Gm15383,Gm15383,0,,
Gm15384,Gm15384,0,,
Gm15385,Gm15385,0,,
Gm15386,Gm15386,0,,
Gm15387,Gm15387,0,,
Gm15388,Gm15388,0.0029,0.9835,0.4876
Gm15389,Gm15389,0,,
Gm15390,Gm15390,0.0025,0.6927,0.3111
Gm15391,Gm15391,0,,
Gm15392,Gm15392,0,,
Gm15393,Gm15393,-0.0026,-1.431,0.8169
Gm15394,Gm15394,0,,
Gm15395,Gm15395,0,,
Gm15396,Gm15396,0,,
Gm15397,Gm15397,0,,
Gm15398,Gm15398,0,,
Gm15399,Gm15399,0,,
Gm15400,Gm15400,0.0033,-0.0168,0.0059
Gm15401,Gm15401,0,,
Gm15402,Gm15402,0,,
Gm15403,Gm15403,0,,
Gm15404,Gm15404,0,,
Gm15405,Gm15405,0,,
Gm15406,Gm15406,0,,
Gm15407,Gm15407,0,,
Gm15408,Gm15408,0,,
Gm15409,Gm15409,0,,
Gm15410,Gm15410,0,,
Gm15411,Gm15411,0,,
Gm15412,Gm15412,0,,
Gm15413,Gm15413,0,,
Gm15414,Gm15414,0,,
Gm15415,Gm15415,0,,
Gm15416,Gm15416,0,,
Gm15417,Gm15417,0.0041,-1.3782,0.7743
Gm15418,Gm15418,0,,
Gm15419,Gm15419,0,,
Gm15420,Gm15420,0.0031,-0.5167,0.218
Gm15421,Gm15421,0.0149,-1.9076,1.2484
Gm15422,Gm15422,0,,
Gm15423,Gm15423,0,,
Gm15425,Gm15425,0,,
Gm15426,Gm15426,0,,
Gm15427,Gm15427,0.4872,4.0995,4.383
Gm15428,Gm15428,0,,
Gm15429,Gm15429,0,,
Gm15430,Gm15430,0.1071,-0.1843,0.0686
Gm15431,Gm15431,-0.0266,-3.1628,2.8062
Gm15432,Gm15432,-0.0023,-0.5167,0.218
Gm15433,Gm15433,0,,
Gm15436,Gm15436,0,,
Gm15437,Gm15437,0,,
Gm15439,Gm15439,0,,
Gm15440,Gm15440,0.0389,-0.0187,0.0065
Gm15441,Gm15441,0,,
Gm15442,Gm15442,0,,
Gm15443,Gm15443,0,,
Gm15444,Gm15444,0,,
Gm15445,Gm15445,0,,
Gm15446,Gm15446,0.0033,-0.7301,0.3322
Gm15448,Gm15448,0,,
Gm15449,Gm15449,0,,
Gm15450,Gm15450,0.0491,-0.812,0.3801
Gm15452,Gm15452,0.0041,-0.0216,0.0075
Gm15453,Gm15453,0.0054,0.9835,0.4876
Gm15454,Gm15454,0.0042,0.6927,0.3111
Gm15455,Gm15455,0.0054,-0.0168,0.0059
Gm15457,Gm15457,0,,
Gm15458,Gm15458,0,,
Gm15459,Gm15459,-0.0341,-3.8869,3.9934
Gm15460,Gm15460,-0.0009,-1.431,0.8169
Gm15461,Gm15461,0,,
Gm15462,Gm15462,0.0013,0.6927,0.3111
Gm15463,Gm15463,0,,
Gm15464,Gm15464,-0.005,-2.2115,1.5686
Gm15465,Gm15465,0,,
Gm15466,Gm15466,0.0058,-0.5167,0.218
Gm15467,Gm15467,0.0276,-0.9912,0.4927
Gm15469,Gm15469,0,,
Gm15470,Gm15470,0,,
Gm15471,Gm15471,0,,
Gm15472,Gm15472,0,,
Gm15473,Gm15473,0,,
Gm15474,Gm15474,0,,
Gm15475,Gm15475,0,,
Gm15476,Gm15476,0,,
Gm15477,Gm15477,0,,
Gm15478,Gm15478,0,,
Gm15479,Gm15479,0,,
Gm15480,Gm15480,0,,
Gm15481,Gm15481,-0.0196,-3.2197,2.8916
Gm15482,Gm15482,0,,
Gm15483,Gm15483,0.0141,0.9835,0.4876
Gm15484,Gm15484,-0.0118,-1.3782,0.7743
Gm15485,Gm15485,0,,
Gm15486,Gm15486,0,,
Gm15487,Gm15487,0.0021,0.6927,0.3111
Gm15488,Gm15488,0,,
Gm15489,Gm15489,0,,
Gm15490,Gm15490,0,,
Gm15491,Gm15491,0,,
Gm15492,Gm15492,0,,
Gm15493,Gm15493,0,,
Gm15494,Gm15494,0,,
Gm15495,Gm15495,0,,
Gm15496,Gm15496,0,,
Gm15497,Gm15497,0.0118,0.4725,0.1961
Gm15498,Gm15498,0,,
Gm15499,Gm15499,0,,
Gm15500,Gm15500,0.2165,0.885,0.4246
Gm15501,Gm15501,0.1027,-1.2016,0.6392
Gm15502,Gm15502,0,,
Gm15503,Gm15503,0.0075,0.9835,0.4876
Gm15504,Gm15504,0.0301,-0.0228,0.008
Gm15506,Gm15506,0,,
Gm15507,Gm15507,0,,
Gm15508,Gm15508,0,,
Gm15509,Gm15509,0,,
Gm15510,Gm15510,0,,
Gm15511,Gm15511,0,,
Gm15512,Gm15512,0,,
Gm15513,Gm15513,0,,
Gm15514,Gm15514,0,,
Gm15515,Gm15515,0,,
Gm15516,Gm15516,0.017,0.6927,0.3111
Gm15517,Gm15517,0,,
Gm15518,Gm15518,0,,
Gm15519,Gm15519,0.0008,0.6927,0.3111
Gm15520,Gm15520,0,,
Gm15521,Gm15521,0,,
Gm15522,Gm15522,0,,
Gm15523,Gm15523,0,,
Gm15524,Gm15524,0,,
Gm15525,Gm15525,0,,
Gm15526,Gm15526,0.0075,0.6927,0.3111
Gm15527,Gm15527,0,,
Gm15528,Gm15528,0,,
Gm15529,Gm15529,0,,
Gm15530,Gm15530,0,,
Gm15531,Gm15531,0.0302,-0.1987,0.0744
Gm15532,Gm15532,0,,
Gm15533,Gm15533,0,,
Gm15534,Gm15534,0,,
Gm15535,Gm15535,-0.0043,-1.431,0.8169
Gm15536,Gm15536,0.2322,-0.3265,0.1284
Gm15537,Gm15537,0.0156,-0.7301,0.3322
Gm15538,Gm15538,0.005,0.6927,0.3111
Gm15539,Gm15539,-0.0009,-1.431,0.8169
Gm15540,Gm15540,0,,
Gm15541,Gm15541,0,,
Gm15542,Gm15542,-0.0006,-0.8967,0.432
Gm15543,Gm15543,0,,
Gm15544,Gm15544,0,,
Gm15545,Gm15545,0,,
Gm15546,Gm15546,0,,
Gm15547,Gm15547,0,,
Gm15548,Gm15548,0,,
Gm15549,Gm15549,0,,
Gm15550,Gm15550,0,,
Gm15551,Gm15551,0,,
Gm15552,Gm15552,0,,
Gm15553,Gm15553,0,,
Gm15554,Gm15554,0,,
Gm15555,Gm15555,0,,
Gm15556,Gm15556,-0.0017,-1.431,0.8169
Gm15557,Gm15557,0,,
Gm15558,Gm15558,0,,
Gm15559,Gm15559,0,,
Gm15560,Gm15560,0,,
Gm15561,Gm15561,0,,
Gm15562,Gm15562,0,,
Gm15563,Gm15563,0,,
Gm15564,Gm15564,0.0638,0.3061,0.1195
Gm15565,Gm15565,-0.0354,-3.1332,2.7622
Gm15566,Gm15566,0.0083,1.2069,0.6431
Gm15567,Gm15567,0.0004,0.6927,0.3111
Gm15568,Gm15568,0.005,0.6927,0.3111
Gm15569,Gm15569,0,,
Gm15570,Gm15570,0,,
Gm15571,Gm15571,0,,
Gm15572,Gm15572,0,,
Gm15573,Gm15573,0,,
Gm15574,Gm15574,0,,
Gm15575,Gm15575,0,,
Gm15576,Gm15576,0,,
Gm15577,Gm15577,0,,
Gm15578,Gm15578,0,,
Gm15579,Gm15579,0,,
Gm15580,Gm15580,0.0013,0.6927,0.3111
Gm15581,Gm15581,0,,
Gm15582,Gm15582,0,,
Gm15583,Gm15583,0,,
Gm15584,Gm15584,0,,
Gm15585,Gm15585,0,,
Gm15586,Gm15586,0,,
Gm15587,Gm15587,0,,
Gm15588,Gm15588,0,,
Gm15589,Gm15589,0,,
Gm15590,Gm15590,0.0501,-1.8505,1.1922
Gm15591,Gm15591,0,,
Gm15592,Gm15592,0,,
Gm15593,Gm15593,-0.0017,-1.431,0.8169
Gm15594,Gm15594,0,,
Gm15595,Gm15595,0,,
Gm15596,Gm15596,0.0325,0.4142,0.1683
Gm15597,Gm15597,0,,
Gm15598,Gm15598,0,,
Gm15599,Gm15599,0.0008,0.6927,0.3111
Gm156,Gm156,0,,
Gm15600,Gm15600,0,,
Gm15601,Gm15601,0,,
Gm15602,Gm15602,-0.0051,-2.0286,1.3716
Gm15603,Gm15603,0,,
Gm15604,Gm15604,0.0087,1.3956,0.7883
Gm15605,Gm15605,0,,
Gm15606,Gm15606,0,,
Gm15607,Gm15607,0,,
Gm15608,Gm15608,0,,
Gm15609,Gm15609,0,,
Gm15610,Gm15610,0.0144,-1.6741,1.0263
Gm15611,Gm15611,0,,
Gm15612,Gm15612,0,,
Gm15613,Gm15613,0,,
Gm15614,Gm15614,0,,
Gm15615,Gm15615,0,,
Gm15616,Gm15616,0,,
Gm15617,Gm15617,0,,
Gm15618,Gm15618,0,,
Gm15619,Gm15619,0,,
Gm15620,Gm15620,0,,
Gm15621,Gm15621,0,,
Gm15622,Gm15622,0,,
Gm15623,Gm15623,0,,
Gm15624,Gm15624,0,,
Gm15625,Gm15625,0,,
Gm15626,Gm15626,0,,
Gm15627,Gm15627,0,,
Gm15628,Gm15628,0,,
Gm15629,Gm15629,0,,
Gm15631,Gm15631,0,,
Gm15632,Gm15632,0,,
Gm15633,Gm15633,0.0083,0.6927,0.3111
Gm15634,Gm15634,0,,
Gm15635,Gm15635,0,,
Gm15636,Gm15636,0,,
Gm15637,Gm15637,0,,
Gm15638,Gm15638,0,,
Gm15639,Gm15639,0,,
Gm1564,Gm1564,0,,
Gm15640,Gm15640,0,,
Gm15641,Gm15641,0,,
Gm15642,Gm15642,0,,
Gm15643,Gm15643,0,,
Gm15644,Gm15644,-0.0103,-1.431,0.8169
Gm15645,Gm15645,0,,
Gm15646,Gm15646,0,,
Gm15647,Gm15647,0,,
Gm15648,Gm15648,0,,
Gm15649,Gm15649,0,,
Gm15650,Gm15650,0,,
Gm15651,Gm15651,0,,
Gm15652,Gm15652,0,,
Gm15653,Gm15653,0,,
Gm15654,Gm15654,0,,
Gm15655,Gm15655,0,,
Gm15656,Gm15656,0,,
Gm15657,Gm15657,0,,
Gm15658,Gm15658,0,,
Gm15659,Gm15659,0,,
Gm15660,Gm15660,0,,
Gm15661,Gm15661,0.014,0.1053,0.038
Gm15662,Gm15662,0.0348,0.9285,0.452
Gm15663,Gm15663,0,,
Gm15664,Gm15664,0,,
Gm15665,Gm15665,0,,
Gm15666,Gm15666,0,,
Gm15667,Gm15667,0,,
Gm15668,Gm15668,0,,
Gm15669,Gm15669,0,,
Gm15670,Gm15670,0,,
Gm15671,Gm15671,0,,
Gm15672,Gm15672,0,,
Gm15673,Gm15673,0,,
Gm15674,Gm15674,0,,
Gm15675,Gm15675,0,,
Gm15676,Gm15676,0,,
Gm15677,Gm15677,0,,
Gm15678,Gm15678,0,,
Gm15679,Gm15679,0,,
Gm1568,Gm1568,0,,
Gm15680,Gm15680,0,,
Gm15681,Gm15681,0,,
Gm15682,Gm15682,-0.0128,-2.4881,1.8914
Gm15683,Gm15683,-0.0098,-1.1715,0.6172
Gm15684,Gm15684,0,,
Gm15685,Gm15685,0,,
Gm15686,Gm15686,0,,
Gm15687,Gm15687,0,,
Gm15688,Gm15688,0,,
Gm15689,Gm15689,0,,
Gm15690,Gm15690,0,,
Gm15691,Gm15691,0,,
Gm15692,Gm15692,0.0141,0.9835,0.4876
Gm15693,Gm15693,0,,
Gm15694,Gm15694,0.001,-1.2501,0.6751
Gm15696,Gm15696,0,,
Gm15697,Gm15697,0,,
Gm15698,Gm15698,0,,
Gm15699,Gm15699,0,,
Gm15700,Gm15700,0,,
Gm15701,Gm15701,0,,
Gm15702,Gm15702,0,,
Gm15703,Gm15703,0.0017,0.6927,0.3111
Gm15704,Gm15704,0,,
Gm15705,Gm15705,0,,
Gm15706,Gm15706,0,,
Gm15707,Gm15707,0,,
Gm15708,Gm15708,-0.0077,-2.0286,1.3716
Gm15709,Gm15709,0,,
Gm15710,Gm15710,0.6305,5.7255,7.9867
Gm15711,Gm15711,0,,
Gm15712,Gm15712,0,,
Gm15713,Gm15713,0,,
Gm15714,Gm15714,0,,
Gm15715,Gm15715,0,,
Gm15716,Gm15716,0,,
Gm15717,Gm15717,0,,
Gm15718,Gm15718,-0.0043,-1.431,0.8169
Gm15719,Gm15719,0,,
Gm15720,Gm15720,0,,
Gm15721,Gm15721,0,,
Gm15722,Gm15722,0,,
Gm15723,Gm15723,0,,
Gm15724,Gm15724,0,,
Gm15725,Gm15725,0.1558,0.1244,0.0453
Gm15726,Gm15726,-0.0034,-1.431,0.8169
Gm15727,Gm15727,-0.0043,-1.431,0.8169
Gm15728,Gm15728,-0.0017,-0.5226,0.2209
Gm15729,Gm15729,0,,
Gm15730,Gm15730,-0.0017,-1.431,0.8169
Gm15731,Gm15731,0,,
Gm15732,Gm15732,0,,
Gm15733,Gm15733,-0.0077,-1.431,0.8169
Gm15734,Gm15734,0,,
Gm15735,Gm15735,0,,
Gm15736,Gm15736,-0.0017,-1.431,0.8169
Gm15737,Gm15737,0,,
Gm15738,Gm15738,0,,
Gm15739,Gm15739,0,,
Gm1574,Gm1574,0,,
Gm15740,Gm15740,0,,
Gm15741,Gm15741,0,,
Gm15742,Gm15742,0,,
Gm15743,Gm15743,0,,
Gm15744,Gm15744,-0.0051,-2.0286,1.3716
Gm15745,Gm15745,-0.0069,-1.2525,0.6769
Gm15746,Gm15746,0,,
Gm15747,Gm15747,0,,
Gm15749,Gm15749,0,,
Gm15750,Gm15750,0,,
Gm15751,Gm15751,0,,
Gm15752,Gm15752,0,,
Gm15753,Gm15753,-0.0006,-0.4423,0.1816
Gm15754,Gm15754,0,,
Gm15755,Gm15755,0,,
Gm15756,Gm15756,0,,
Gm15757,Gm15757,-0.0017,-1.431,0.8169
Gm15758,Gm15758,0,,
Gm15759,Gm15759,0,,
Gm15760,Gm15760,0,,
Gm15762,Gm15762,0,,
Gm15763,Gm15763,0,,
Gm15764,Gm15764,0,,
Gm15765,Gm15765,0,,
Gm15766,Gm15766,-0.0032,-1.2979,0.7115
Gm15767,Gm15767,0,,
Gm15770,Gm15770,0,,
Gm15771,Gm15771,0,,
Gm15772,Gm15772,0.0676,-0.991,0.4926
Gm15773,Gm15773,0.0075,0.9835,0.4876
Gm15774,Gm15774,0,,
Gm15775,Gm15775,0,,
Gm15776,Gm15776,-0.0129,-2.0726,1.4178
Gm15777,Gm15777,0,,
Gm15778,Gm15778,0.0008,0.6927,0.3111
Gm15779,Gm15779,-0.0151,-2.9977,2.5653
Gm15780,Gm15780,0,,
Gm15781,Gm15781,0,,
Gm15782,Gm15782,0,,
Gm15783,Gm15783,0,,
Gm15784,Gm15784,0,,
Gm15785,Gm15785,0,,
Gm15786,Gm15786,0,,
Gm15787,Gm15787,0,,
Gm15788,Gm15788,0,,
Gm15789,Gm15789,0,,
Gm15790,Gm15790,0,,
Gm15791,Gm15791,0,,
Gm15792,Gm15792,0,,
Gm15793,Gm15793,0.0209,-1.5258,0.896
Gm15794,Gm15794,0,,
Gm15795,Gm15795,0.0412,0.3099,0.1211
Gm15796,Gm15796,0.0049,0.6126,0.2675
Gm15797,Gm15797,0.0008,0.6927,0.3111
Gm15798,Gm15798,-0.0122,-2.5496,1.9672
Gm15799,Gm15799,0,,
Gm15800,Gm15800,-0.0081,-1.8759,1.2171
Gm15801,Gm15801,0,,
Gm15802,Gm15802,0,,
Gm15803,Gm15803,0,,
Gm15806,Gm15806,0,,
Gm15807,Gm15807,0,,
Gm15808,Gm15808,0,,
Gm15809,Gm15809,0,,
Gm15810,Gm15810,0,,
Gm15812,Gm15812,0,,
Gm15813,Gm15813,0,,
Gm15815,Gm15815,0,,
Gm15816,Gm15816,0,,
Gm15817,Gm15817,-0.0034,-1.431,0.8169
Gm15818,Gm15818,0,,
Gm15819,Gm15819,0,,
Gm15820,Gm15820,0,,
Gm15821,Gm15821,0,,
Gm15823,Gm15823,-0.0034,-1.431,0.8169
Gm15824,Gm15824,0,,
Gm15825,Gm15825,0,,
Gm15826,Gm15826,0,,
Gm15828,Gm15828,0,,
Gm15829,Gm15829,0,,
Gm15830,Gm15830,0,,
Gm15831,Gm15831,0,,
Gm15832,Gm15832,-0.012,-2.0286,1.3716
Gm15833,Gm15833,0,,
Gm15834,Gm15834,0,,
Gm15835,Gm15835,0,,
Gm15836,Gm15836,-0.0094,-1.431,0.8169
Gm15838,Gm15838,0,,
Gm15839,Gm15839,0,,
Gm15840,Gm15840,0,,
Gm15841,Gm15841,0,,
Gm15842,Gm15842,0,,
Gm15843,Gm15843,-0.0103,-1.2638,0.6855
Gm15844,Gm15844,0,,
Gm15845,Gm15845,0,,
Gm15846,Gm15846,0.0083,0.6927,0.3111
Gm15847,Gm15847,0,,
Gm15848,Gm15848,0,,
Gm15849,Gm15849,0,,
Gm15850,Gm15850,0,,
Gm15851,Gm15851,0,,
Gm15852,Gm15852,0,,
Gm15853,Gm15853,0,,
Gm15854,Gm15854,0,,
Gm15856,Gm15856,0,,
Gm15857,Gm15857,0,,
Gm15859,Gm15859,-0.0017,-1.431,0.8169
Gm15860,Gm15860,0,,
Gm15861,Gm15861,0,,
Gm15862,Gm15862,0,,
Gm15863,Gm15863,0,,
Gm15864,Gm15864,0,,
Gm15865,Gm15865,0,,
Gm15866,Gm15866,0,,
Gm15867,Gm15867,0,,
Gm15868,Gm15868,0,,
Gm15869,Gm15869,0,,
Gm1587,Gm1587,0,,
Gm15870,Gm15870,0,,
Gm15871,Gm15871,-0.0017,-1.431,0.8169
Gm15872,Gm15872,0,,
Gm15873,Gm15873,0,,
Gm15875,Gm15875,0,,
Gm15877,Gm15877,0,,
Gm15878,Gm15878,0,,
Gm15879,Gm15879,-0.0051,-1.431,0.8169
Gm15880,Gm15880,-0.0205,-3.2197,2.8916
Gm15881,Gm15881,0,,
Gm15882,Gm15882,0,,
Gm15883,Gm15883,0,,
Gm15884,Gm15884,0,,
Gm15885,Gm15885,0,,
Gm15886,Gm15886,0,,
Gm15887,Gm15887,0.0081,-0.0221,0.0077
Gm15888,Gm15888,0.0116,0.9835,0.4876
Gm15889,Gm15889,0,,
Gm15890,Gm15890,0,,
Gm15891,Gm15891,0,,
Gm15892,Gm15892,0,,
Gm15893,Gm15893,0,,
Gm15894,Gm15894,0,,
Gm15895,Gm15895,0,,
Gm15896,Gm15896,-0.0034,-1.431,0.8169
Gm15897,Gm15897,0,,
Gm15898,Gm15898,0,,
Gm15899,Gm15899,0,,
Gm15900,Gm15900,0.0116,0.6927,0.3111
Gm15901,Gm15901,0,,
Gm15902,Gm15902,0,,
Gm15903,Gm15903,0,,
Gm15904,Gm15904,0,,
Gm15905,Gm15905,0,,
Gm15906,Gm15906,0,,
Gm15907,Gm15907,0,,
Gm15908,Gm15908,0,,
Gm15910,Gm15910,0,,
Gm15911,Gm15911,0,,
Gm15912,Gm15912,0,,
Gm15913,Gm15913,0,,
Gm15914,Gm15914,0,,
Gm15915,Gm15915,0,,
Gm15916,Gm15916,0,,
Gm15917,Gm15917,0,,
Gm15918,Gm15918,0,,
Gm15919,Gm15919,0,,
Gm15920,Gm15920,0.0023,-1.3365,0.7414
Gm15921,Gm15921,-0.0158,-3.0024,2.5721
Gm15922,Gm15922,0.0013,0.6927,0.3111
Gm15923,Gm15923,0,,
Gm15925,Gm15925,0,,
Gm15926,Gm15926,0,,
Gm15927,Gm15927,0,,
Gm15928,Gm15928,0,,
Gm15929,Gm15929,0,,
Gm15930,Gm15930,0,,
Gm15931,Gm15931,0.0013,0.6927,0.3111
Gm15932,Gm15932,0,,
Gm15933,Gm15933,0,,
Gm15934,Gm15934,0,,
Gm15935,Gm15935,0,,
Gm15936,Gm15936,0,,
Gm15937,Gm15937,0,,
Gm15938,Gm15938,0,,
Gm15939,Gm15939,0,,
Gm15940,Gm15940,0,,
Gm15941,Gm15941,0,,
Gm15942,Gm15942,0,,
Gm15943,Gm15943,0,,
Gm15945,Gm15945,0,,
Gm15946,Gm15946,0.0101,-1.1525,0.6036
Gm15947,Gm15947,0,,
Gm15948,Gm15948,0,,
Gm15949,Gm15949,0,,
Gm15950,Gm15950,0,,
Gm15951,Gm15951,0,,
Gm15952,Gm15952,0.0033,0.6927,0.3111
Gm15953,Gm15953,0,,
Gm15954,Gm15954,0,,
Gm15956,Gm15956,0,,
Gm15957,Gm15957,0,,
Gm15958,Gm15958,0,,
Gm15959,Gm15959,0,,
Gm15961,Gm15961,0,,
Gm15962,Gm15962,0,,
Gm15963,Gm15963,-0.0009,-1.431,0.8169
Gm15964,Gm15964,0.0004,-0.5167,0.218
Gm15965,Gm15965,0,,
Gm15966,Gm15966,0,,
Gm15967,Gm15967,0,,
Gm15968,Gm15968,0,,
Gm15969,Gm15969,0,,
Gm15970,Gm15970,0,,
Gm15971,Gm15971,0,,
Gm15972,Gm15972,0,,
Gm15974,Gm15974,0,,
Gm15975,Gm15975,0.0129,0.9835,0.4876
Gm15976,Gm15976,0,,
Gm15978,Gm15978,0,,
Gm15979,Gm15979,0,,
Gm15980,Gm15980,0,,
Gm15981,Gm15981,0,,
Gm15982,Gm15982,0,,
Gm15983,Gm15983,0,,
Gm15984,Gm15984,0,,
Gm15985,Gm15985,0,,
Gm15986,Gm15986,0,,
Gm15987,Gm15987,-0.0017,-1.431,0.8169
Gm15988,Gm15988,0,,
Gm15989,Gm15989,0,,
Gm15990,Gm15990,0,,
Gm15991,Gm15991,0,,
Gm15992,Gm15992,0,,
Gm15994,Gm15994,0,,
Gm15995,Gm15995,0,,
Gm15996,Gm15996,0,,
Gm15997,Gm15997,0,,
Gm15998,Gm15998,0,,
Gm15999,Gm15999,0,,
Gm16000,Gm16000,0,,
Gm16001,Gm16001,0,,
Gm16002,Gm16002,0,,
Gm16004,Gm16004,0,,
Gm16005,Gm16005,0.0004,0.6927,0.3111
Gm16006,Gm16006,0,,
Gm16007,Gm16007,0,,
Gm16008,Gm16008,0,,
Gm16010,Gm16010,0,,
Gm16011,Gm16011,0,,
Gm16012,Gm16012,0,,
Gm16013,Gm16013,0,,
Gm16014,Gm16014,0,,
Gm16015,Gm16015,0,,
Gm16016,Gm16016,0,,
Gm16017,Gm16017,0,,
Gm16019,Gm16019,0,,
Gm16020,Gm16020,0.0485,0.288,0.1116
Gm16021,Gm16021,0.0042,0.6927,0.3111
Gm16022,Gm16022,0,,
Gm16023,Gm16023,0,,
Gm16024,Gm16024,0,,
Gm16025,Gm16025,0,,
Gm16026,Gm16026,-0.0002,0.3245,0.1275
Gm16027,Gm16027,0,,
Gm16028,Gm16028,0,,
Gm16029,Gm16029,0,,
Gm16030,Gm16030,0,,
Gm16031,Gm16031,0,,
Gm16032,Gm16032,0,,
Gm16033,Gm16033,0,,
Gm16034,Gm16034,0,,
Gm16035,Gm16035,0,,
Gm16036,Gm16036,0,,
Gm16038,Gm16038,0,,
Gm16039,Gm16039,0.0408,-0.5566,0.2382
Gm16040,Gm16040,0.0025,0.6927,0.3111
Gm16041,Gm16041,0,,
Gm16042,Gm16042,0,,
Gm16043,Gm16043,0,,
Gm16044,Gm16044,0,,
Gm16045,Gm16045,0,,
Gm16046,Gm16046,0,,
Gm16047,Gm16047,0,,
Gm16048,Gm16048,0,,
Gm16049,Gm16049,0,,
Gm1604A,Gm1604A,0,,
Gm1604b,Gm1604b,0,,
Gm16051,Gm16051,0,,
Gm16052,Gm16052,0,,
Gm16053,Gm16053,-0.0057,-3.1126,2.7317
Gm16054,Gm16054,0,,
Gm16055,Gm16055,0,,
Gm16056,Gm16056,0,,
Gm16057,Gm16057,0,,
Gm16058,Gm16058,0,,
Gm16059,Gm16059,0,,
Gm16060,Gm16060,0.0255,-0.0153,0.0053
Gm16061,Gm16061,0.0403,1.9829,1.3244
Gm16062,Gm16062,-0.0213,-2.4881,1.8914
Gm16063,Gm16063,0,,
Gm16064,Gm16064,-0.0034,-1.431,0.8169
Gm16065,Gm16065,0,,
Gm16066,Gm16066,0,,
Gm16067,Gm16067,0,,
Gm16068,Gm16068,0,,
Gm16069,Gm16069,0,,
Gm16070,Gm16070,0,,
Gm16071,Gm16071,0,,
Gm16072,Gm16072,0.0028,0.3245,0.1275
Gm16073,Gm16073,0,,
Gm16074,Gm16074,0,,
Gm16075,Gm16075,0,,
Gm16076,Gm16076,0,,
Gm16077,Gm16077,0,,
Gm16078,Gm16078,0,,
Gm16079,Gm16079,0,,
Gm16080,Gm16080,0,,
Gm16081,Gm16081,0,,
Gm16082,Gm16082,0.0083,-1.1459,0.5989
Gm16083,Gm16083,-0.0034,-1.431,0.8169
Gm16084,Gm16084,0,,
Gm16085,Gm16085,0,,
Gm16086,Gm16086,0,,
Gm16087,Gm16087,0,,
Gm16088,Gm16088,0,,
Gm16089,Gm16089,0.012,-0.8467,0.401
Gm16090,Gm16090,0,,
Gm16091,Gm16091,0,,
Gm16092,Gm16092,0,,
Gm16093,Gm16093,0,,
Gm16094,Gm16094,0,,
Gm16095,Gm16095,0,,
Gm16096,Gm16096,0,,
Gm16098,Gm16098,0,,
Gm16099,Gm16099,0,,
Gm16100,Gm16100,0,,
Gm16101,Gm16101,0,,
Gm16102,Gm16102,0,,
Gm16103,Gm16103,0,,
Gm16104,Gm16104,0.0015,-0.5167,0.218
Gm16105,Gm16105,0,,
Gm16106,Gm16106,0,,
Gm16107,Gm16107,0,,
Gm16108,Gm16108,0,,
Gm16110,Gm16110,0,,
Gm16111,Gm16111,0.0316,-0.9322,0.4544
Gm16112,Gm16112,0,,
Gm16113,Gm16113,0,,
Gm16114,Gm16114,0,,
Gm16116,Gm16116,0,,
Gm16117,Gm16117,0,,
Gm16118,Gm16118,0.0176,0.3915,0.1577
Gm16119,Gm16119,0,,
Gm16120,Gm16120,0,,
Gm16121,Gm16121,0,,
Gm16122,Gm16122,0,,
Gm16123,Gm16123,0,,
Gm16124,Gm16124,0.0054,-0.5167,0.218
Gm16125,Gm16125,0,,
Gm16126,Gm16126,0,,
Gm16127,Gm16127,0,,
Gm16128,Gm16128,0,,
Gm16129,Gm16129,0,,
Gm16130,Gm16130,0,,
Gm16131,Gm16131,0,,
Gm16132,Gm16132,0,,
Gm16133,Gm16133,0,,
Gm16134,Gm16134,0.0076,0.8355,0.3942
Gm16135,Gm16135,0,,
Gm16136,Gm16136,0,,
Gm16137,Gm16137,0,,
Gm16138,Gm16138,0,,
Gm16139,Gm16139,-0.0034,-1.431,0.8169
Gm1614,Gm1614,0,,
Gm16140,Gm16140,0,,
Gm16141,Gm16141,0,,
Gm16142,Gm16142,0,,
Gm16143,Gm16143,0,,
Gm16144,Gm16144,0,,
Gm16145,Gm16145,0,,
Gm16146,Gm16146,0,,
Gm16147,Gm16147,0,,
Gm16148,Gm16148,0.0096,0.9835,0.4876
Gm16149,Gm16149,0.0058,0.6927,0.3111
Gm16150,Gm16150,0,,
Gm16151,Gm16151,0,,
Gm16152,Gm16152,0,,
Gm16153,Gm16153,0,,
Gm16154,Gm16154,0,,
Gm16155,Gm16155,0,,
Gm16156,Gm16156,0,,
Gm16157,Gm16157,0,,
Gm16158,Gm16158,0,,
Gm16159,Gm16159,0,,
Gm16160,Gm16160,0,,
Gm16161,Gm16161,0,,
Gm16162,Gm16162,0,,
Gm16163,Gm16163,0,,
Gm16164,Gm16164,0,,
Gm16165,Gm16165,0.0021,0.6927,0.3111
Gm16166,Gm16166,-0.0069,-1.431,0.8169
Gm16167,Gm16167,0,,
Gm16168,Gm16168,0,,
Gm16169,Gm16169,0,,
Gm16170,Gm16170,0,,
Gm16171,Gm16171,0,,
Gm16172,Gm16172,0,,
Gm16174,Gm16174,0.005,0.6927,0.3111
Gm16175,Gm16175,0,,
Gm16176,Gm16176,0,,
Gm16177,Gm16177,-0.0043,-2.0286,1.3716
Gm16178,Gm16178,0,,
Gm16179,Gm16179,0,,
Gm16180,Gm16180,0,,
Gm16181,Gm16181,0.0086,-0.5566,0.2382
Gm16183,Gm16183,0,,
Gm16184,Gm16184,0,,
Gm16185,Gm16185,0,,
Gm16186,Gm16186,0,,
Gm16187,Gm16187,-0.0051,-1.431,0.8169
Gm16188,Gm16188,0,,
Gm16189,Gm16189,0,,
Gm16190,Gm16190,0,,
Gm16191,Gm16191,0,,
Gm16192,Gm16192,-0.0051,-1.431,0.8169
Gm16193,Gm16193,0,,
Gm16194,Gm16194,0,,
Gm16195,Gm16195,0,,
Gm16196,Gm16196,0,,
Gm16197,Gm16197,0,,
Gm16198,Gm16198,0,,
Gm16199,Gm16199,0.0029,0.6927,0.3111
Gm16200,Gm16200,0.0113,-0.0255,0.0089
Gm16201,Gm16201,0,,
Gm16202,Gm16202,0,,
Gm16203,Gm16203,0,,
Gm16204,Gm16204,0,,
Gm16205,Gm16205,0,,
Gm16206,Gm16206,0,,
Gm16207,Gm16207,0,,
Gm16208,Gm16208,0,,
Gm16209,Gm16209,0,,
Gm16210,Gm16210,-0.012,-1.431,0.8169
Gm16211,Gm16211,0,,
Gm16212,Gm16212,0,,
Gm16213,Gm16213,0,,
Gm16214,Gm16214,0,,
Gm16215,Gm16215,0,,
Gm16216,Gm16216,0,,
Gm16217,Gm16217,0,,
Gm16218,Gm16218,0,,
Gm16219,Gm16219,0,,
Gm16220,Gm16220,0,,
Gm16221,Gm16221,0,,
Gm16222,Gm16222,0,,
Gm16223,Gm16223,0,,
Gm16224,Gm16224,0,,
Gm16225,Gm16225,0,,
Gm16226,Gm16226,0,,
Gm16227,Gm16227,0,,
Gm16228,Gm16228,0,,
Gm16229,Gm16229,0,,
Gm16230,Gm16230,0.0058,0.6927,0.3111
Gm16231,Gm16231,0,,
Gm16232,Gm16232,0,,
Gm16233,Gm16233,0,,
Gm16234,Gm16234,0,,
Gm16235,Gm16235,0,,
Gm16236,Gm16236,0,,
Gm16237,Gm16237,0,,
Gm16238,Gm16238,0.3281,2.315,1.6859
Gm16239,Gm16239,0,,
Gm16240,Gm16240,0,,
Gm16241,Gm16241,0,,
Gm16242,Gm16242,0,,
Gm16243,Gm16243,0,,
Gm16244,Gm16244,-0.0086,-1.431,0.8169
Gm16245,Gm16245,0,,
Gm16246,Gm16246,0,,
Gm16247,Gm16247,0.1694,-1.0828,0.5546
Gm16248,Gm16248,0,,
Gm16249,Gm16249,0,,
Gm16250,Gm16250,0,,
Gm16251,Gm16251,0,,
Gm16252,Gm16252,0,,
Gm16253,Gm16253,0,,
Gm16254,Gm16254,0,,
Gm16255,Gm16255,0,,
Gm16256,Gm16256,0,,
Gm16257,Gm16257,0,,
Gm16258,Gm16258,0,,
Gm16259,Gm16259,0,,
Gm16260,Gm16260,-0.0135,-1.175,0.6198
Gm16261,Gm16261,0,,
Gm16262,Gm16262,0,,
Gm16263,Gm16263,0,,
Gm16265,Gm16265,0,,
Gm16266,Gm16266,-0.0051,-2.0286,1.3716
Gm16267,Gm16267,0,,
Gm16268,Gm16268,0,,
Gm16269,Gm16269,0,,
Gm16270,Gm16270,0,,
Gm16271,Gm16271,0,,
Gm16272,Gm16272,0.0037,0.6927,0.3111
Gm16273,Gm16273,0,,
Gm16274,Gm16274,0,,
Gm16275,Gm16275,0,,
Gm16276,Gm16276,-0.0043,-1.431,0.8169
Gm16277,Gm16277,0,,
Gm16278,Gm16278,0,,
Gm16279,Gm16279,0,,
Gm16280,Gm16280,0,,
Gm16282,Gm16282,0,,
Gm16283,Gm16283,0,,
Gm16284,Gm16284,0,,
Gm16285,Gm16285,0,,
Gm16286,Gm16286,-0.0947,-5.0916,6.4496
Gm16287,Gm16287,0,,
Gm16288,Gm16288,0.1161,-1.2571,0.6804
Gm16289,Gm16289,0,,
Gm16290,Gm16290,0,,
Gm16291,Gm16291,0,,
Gm16292,Gm16292,0,,
Gm16294,Gm16294,0,,
Gm16295,Gm16295,0,,
Gm16296,Gm16296,0,,
Gm16297,Gm16297,0,,
Gm16298,Gm16298,0.0158,0.6927,0.3111
Gm16299,Gm16299,0,,
Gm16300,Gm16300,0,,
Gm16301,Gm16301,-0.006,-1.431,0.8169
Gm16302,Gm16302,0,,
Gm16303,Gm16303,0.0004,-0.5167,0.218
Gm16304,Gm16304,0.005,0.6927,0.3111
Gm16305,Gm16305,0,,
Gm16306,Gm16306,0,,
Gm16307,Gm16307,0,,
Gm16308,Gm16308,0,,
Gm16309,Gm16309,0,,
Gm1631,Gm1631,0,,
Gm16310,Gm16310,0,,
Gm16311,Gm16311,0,,
Gm16312,Gm16312,0,,
Gm16314,Gm16314,0,,
Gm16315,Gm16315,-0.0026,-1.431,0.8169
Gm16316,Gm16316,0,,
Gm16317,Gm16317,0,,
Gm16318,Gm16318,0,,
Gm16320,Gm16320,0,,
Gm16321,Gm16321,0,,
Gm16322,Gm16322,0,,
Gm16323,Gm16323,0,,
Gm16325,Gm16325,0,,
Gm16326,Gm16326,0,,
Gm16327,Gm16327,0,,
Gm16328,Gm16328,0,,
Gm16329,Gm16329,0,,
Gm16330,Gm16330,0,,
Gm16331,Gm16331,0,,
Gm16332,Gm16332,0,-0.039,0.0137
Gm16333,Gm16333,0,,
Gm16334,Gm16334,0,,
Gm16335,Gm16335,-0.0026,-1.431,0.8169
Gm16336,Gm16336,0,,
Gm16337,Gm16337,0,,
Gm16338,Gm16338,0,,
Gm16339,Gm16339,0,,
Gm16340,Gm16340,0,,
Gm16341,Gm16341,0,,
Gm16342,Gm16342,0,,
Gm16343,Gm16343,0,,
Gm16344,Gm16344,0,,
Gm16345,Gm16345,0,,
Gm16346,Gm16346,0,,
Gm16347,Gm16347,0,,
Gm16348,Gm16348,0,,
Gm16349,Gm16349,0,,
Gm16350,Gm16350,0,,
Gm16351,Gm16351,0,,
Gm16352,Gm16352,0,,
Gm16353,Gm16353,0,,
Gm16354,Gm16354,0,,
Gm16355,Gm16355,0,,
Gm16356,Gm16356,0,,
Gm16357,Gm16357,0,,
Gm16358,Gm16358,0,,
Gm16359,Gm16359,0,,
Gm16360,Gm16360,0,,
Gm16361,Gm16361,0,,
Gm16362,Gm16362,0,,
Gm16363,Gm16363,0,,
Gm16364,Gm16364,0,,
Gm16365,Gm16365,0,,
Gm16368,Gm16368,0,,
Gm16372,Gm16372,-0.0051,-1.431,0.8169
Gm16373,Gm16373,0.0017,0.6927,0.3111
Gm16378,Gm16378,0.0008,0.6927,0.3111
Gm16379,Gm16379,-0.0411,-4.0973,4.3788
Gm16380,Gm16380,0,,
Gm16381,Gm16381,0,,
Gm16382,Gm16382,0.0113,1.0368,0.5231
Gm16383,Gm16383,0,,
Gm16386,Gm16386,-0.0043,-1.431,0.8169
Gm16387,Gm16387,0,,
Gm16388,Gm16388,0,,
Gm16390,Gm16390,0,,
Gm16391,Gm16391,0,,
Gm16394,Gm16394,-0.0034,-1.431,0.8169
Gm16397,Gm16397,0,,
Gm16400,Gm16400,0,,
Gm16401,Gm16401,0,,
Gm16404,Gm16404,0,,
Gm16405,Gm16405,0,,
Gm16407,Gm16407,0,,
Gm16409,Gm16409,-0.0134,-0.9154,0.4437
Gm16410,Gm16410,0,,
Gm16411,Gm16411,0,,
Gm16412,Gm16412,0,,
Gm16415,Gm16415,-0.0048,-1.2998,0.7129
Gm16416,Gm16416,0.0091,0.9835,0.4876
Gm16418,Gm16418,0.0411,0.5648,0.2424
Gm16420,Gm16420,0,,
Gm16421,Gm16421,0,,
Gm16422,Gm16422,0,,
Gm16423,Gm16423,0,,
Gm16424,Gm16424,0,,
Gm16425,Gm16425,0,,
Gm16427,Gm16427,0,,
Gm16428,Gm16428,0,,
Gm16429,Gm16429,0,,
Gm16430,Gm16430,0,,
Gm16431,Gm16431,0,,
Gm16432,Gm16432,0,,
Gm16433,Gm16433,0.0019,0.3245,0.1275
Gm16434,Gm16434,0,,
Gm16436,Gm16436,0,,
Gm16437,Gm16437,0.0017,0.6927,0.3111
Gm16439,Gm16439,0.0015,-1.2501,0.6751
Gm16440,Gm16440,0,,
Gm16441,Gm16441,0,,
Gm16442,Gm16442,0,,
Gm16445,Gm16445,0,,
Gm16451,Gm16451,0,,
Gm16454,Gm16454,0,,
Gm16456,Gm16456,0,,
Gm16458,Gm16458,0,,
Gm16459,Gm16459,0,,
Gm16460,Gm16460,0,,
Gm16462,Gm16462,0,,
Gm16463,Gm16463,0,,
Gm16464,Gm16464,0,,
Gm16465,Gm16465,-0.0017,-1.431,0.8169
Gm16469,Gm16469,0.0478,-0.5419,0.2307
Gm16471,Gm16471,0,,
Gm16477,Gm16477,0.0141,-2.1859,1.5402
Gm16478,Gm16478,0,,
Gm16479,Gm16479,0,,
Gm16480,Gm16480,0,,
Gm16481,Gm16481,0,,
Gm16484,Gm16484,0,,
Gm16485,Gm16485,0,,
Gm16487,Gm16487,0,,
Gm16490,Gm16490,0.0062,-0.0168,0.0059
Gm16493,Gm16493,-0.0043,-2.0286,1.3716
Gm16494,Gm16494,0,,
Gm16496,Gm16496,-0.0051,-1.431,0.8169
Gm16499,Gm16499,0,,
Gm16500,Gm16500,0,,
Gm16501,Gm16501,0,,
Gm16503,Gm16503,0,,
Gm16506,Gm16506,0,,
Gm16508,Gm16508,0,,
Gm16510,Gm16510,0,,
Gm16511,Gm16511,0,,
Gm16512,Gm16512,0,,
Gm16513,Gm16513,0,,
Gm16515,Gm16515,-0.0378,-3.8545,3.9357
Gm16516,Gm16516,-0.0145,-1.8116,1.1546
Gm16517,Gm16517,-0.0625,-2.8429,2.3497
Gm16518,Gm16518,0,,
Gm16519,Gm16519,0.0047,-0.8095,0.3786
Gm16520,Gm16520,0,,
Gm16522,Gm16522,0,,
Gm16523,Gm16523,0,,
Gm16529,Gm16529,0,,
Gm16532,Gm16532,0,,
Gm16533,Gm16533,0,,
Gm16534,Gm16534,0,,
Gm16535,Gm16535,0,,
Gm16536,Gm16536,-0.0155,-1.7849,1.1292
Gm16537,Gm16537,-0.0065,-0.7425,0.3394
Gm16538,Gm16538,0,,
Gm16539,Gm16539,0,,
Gm16540,Gm16540,0,,
Gm16541,Gm16541,0,,
Gm16542,Gm16542,0,,
Gm16543,Gm16543,0,,
Gm16545,Gm16545,0,,
Gm16546,Gm16546,0,,
Gm16547,Gm16547,0,,
Gm16548,Gm16548,0,,
Gm16549,Gm16549,0,,
Gm16550,Gm16550,0,,
Gm16551,Gm16551,0,,
Gm16552,Gm16552,0,,
Gm16553,Gm16553,0,,
Gm16554,Gm16554,0,,
Gm16555,Gm16555,0,,
Gm16556,Gm16556,0,,
Gm16557,Gm16557,0,,
Gm16558,Gm16558,0,,
Gm16559,Gm16559,0,,
Gm16560,Gm16560,0,,
Gm16561,Gm16561,0,,
Gm16563,Gm16563,0,,
Gm16564,Gm16564,0,,
Gm16565,Gm16565,0,,
Gm16566,Gm16566,0,,
Gm16567,Gm16567,0,,
Gm16568,Gm16568,0,,
Gm16569,Gm16569,0,,
Gm16570,Gm16570,0,,
Gm16571,Gm16571,0,,
Gm16572,Gm16572,0,,
Gm16573,Gm16573,0,,
Gm16574,Gm16574,0,,
Gm16575,Gm16575,0,,
Gm16576,Gm16576,0,,
Gm16577,Gm16577,0,,
Gm16578,Gm16578,0,,
Gm16579,Gm16579,0,,
Gm16580,Gm16580,0.1368,0.0462,0.0163
Gm16581,Gm16581,0,,
Gm16582,Gm16582,0,,
Gm16583,Gm16583,0,,
Gm16584,Gm16584,0,,
Gm16585,Gm16585,0.0002,-1.3735,0.7706
Gm16586,Gm16586,0,,
Gm16587,Gm16587,0,,
Gm16588,Gm16588,0,,
Gm16589,Gm16589,-0.0072,-3.1249,2.75
Gm16591,Gm16591,0,,
Gm16592,Gm16592,0,,
Gm16593,Gm16593,0,,
Gm16594,Gm16594,0,,
Gm16595,Gm16595,0,,
Gm16596,Gm16596,0,,
Gm16597,Gm16597,0,,
Gm16598,Gm16598,0,,
Gm16599,Gm16599,0,,
Gm166,Gm166,0,,
Gm16600,Gm16600,0,,
Gm16601,Gm16601,0,,
Gm16602,Gm16602,0,,
Gm16603,Gm16603,0,,
Gm16604,Gm16604,0,,
Gm16606,Gm16606,0,,
Gm16608,Gm16608,0,,
Gm16609,Gm16609,0,,
Gm1661,Gm1661,0,,
Gm16610,Gm16610,0,,
Gm16611,Gm16611,0,,
Gm16612,Gm16612,0,,
Gm16613,Gm16613,0,,
Gm16615,Gm16615,0,,
Gm16617,Gm16617,0,,
Gm16618,Gm16618,0,,
Gm16619,Gm16619,0,,
Gm16621,Gm16621,0,,
Gm16624,Gm16624,0,,
Gm16625,Gm16625,-0.0258,-2.8239,2.3238
Gm16626,Gm16626,0,,
Gm16627,Gm16627,0.0116,1.3956,0.7883
Gm16628,Gm16628,0,,
Gm16629,Gm16629,0,,
Gm16630,Gm16630,0,,
Gm16631,Gm16631,0,,
Gm16632,Gm16632,0,,
Gm16633,Gm16633,0,,
Gm16637,Gm16637,0,,
Gm16638,Gm16638,0,,
Gm16639,Gm16639,0,,
Gm16641,Gm16641,0.0041,-0.0255,0.0089
Gm16652,Gm16652,0,,
Gm16653,Gm16653,0,,
Gm16654,Gm16654,0,,
Gm16655,Gm16655,0,,
Gm16656,Gm16656,0,,
Gm16657,Gm16657,0,,
Gm16658,Gm16658,0,,
Gm16659,Gm16659,0,,
Gm16660,Gm16660,0,,
Gm16661,Gm16661,0,,
Gm16662,Gm16662,0,,
Gm16664,Gm16664,0,,
Gm16665,Gm16665,0,,
Gm16666,Gm16666,0,,
Gm16667,Gm16667,0,,
Gm16668,Gm16668,0,,
Gm16669,Gm16669,0,,
Gm1667,Gm1667,0,,
Gm16670,Gm16670,0,,
Gm16671,Gm16671,0,,
Gm16672,Gm16672,0,,
Gm16673,Gm16673,0,,
Gm16674,Gm16674,0,,
Gm16675,Gm16675,0,,
Gm16677,Gm16677,0,,
Gm16682,Gm16682,0,,
Gm16683,Gm16683,0,,
Gm16684,Gm16684,0,,
Gm16685,Gm16685,0,,
Gm16686,Gm16686,0,,
Gm16693,Gm16693,0,,
Gm16694,Gm16694,0,,
Gm16695,Gm16695,0,,
Gm16696,Gm16696,0,,
Gm16698,Gm16698,0,,
Gm16699,Gm16699,0,,
Gm16700,Gm16700,0,,
Gm16701,Gm16701,0,,
Gm16702,Gm16702,0,,
Gm16703,Gm16703,0,,
Gm16704,Gm16704,-0.0138,-2.5558,1.9749
Gm16705,Gm16705,0,,
Gm16706,Gm16706,0,,
Gm16707,Gm16707,0,,
Gm16708,Gm16708,0,,
Gm16709,Gm16709,0,,
Gm16710,Gm16710,0,,
Gm16711,Gm16711,0,,
Gm16712,Gm16712,0,,
Gm16714,Gm16714,0,,
Gm16715,Gm16715,0,,
Gm16716,Gm16716,0,,
Gm16717,Gm16717,0,,
Gm16718,Gm16718,0,,
Gm16719,Gm16719,0,,
Gm16720,Gm16720,0,,
Gm16721,Gm16721,0,,
Gm16722,Gm16722,0,,
Gm16723,Gm16723,-0.0086,-1.431,0.8169
Gm16724,Gm16724,0,,
Gm16725,Gm16725,0,,
Gm16726,Gm16726,0,,
Gm16727,Gm16727,0,,
Gm16728,Gm16728,0,,
Gm1673,Gm1673,-0.4067,-11.253,28.6503
Gm16731,Gm16731,0.0025,0.6927,0.3111
Gm16733,Gm16733,0,,
Gm16734,Gm16734,0,,
Gm16735,Gm16735,0,,
Gm16736,Gm16736,0,,
Gm16737,Gm16737,0,,
Gm16738,Gm16738,0,,
Gm16739,Gm16739,0,,
Gm16740,Gm16740,0.017,1.3956,0.7883
Gm16741,Gm16741,0,,
Gm16742,Gm16742,0,,
Gm16743,Gm16743,0,,
Gm16744,Gm16744,0,,
Gm16745,Gm16745,0,,
Gm16746,Gm16746,0,,
Gm16747,Gm16747,0,,
Gm16748,Gm16748,0,,
Gm16749,Gm16749,-0.0026,-1.431,0.8169
Gm16750,Gm16750,0,,
Gm16751,Gm16751,0,,
Gm16754,Gm16754,0,,
Gm16755,Gm16755,0,,
Gm16758,Gm16758,0,,
Gm16759,Gm16759,0,,
Gm16760,Gm16760,0,,
Gm16761,Gm16761,0,,
Gm16762,Gm16762,0,,
Gm16764,Gm16764,0,,
Gm16765,Gm16765,0,,
Gm16766,Gm16766,0,,
Gm16767,Gm16767,0,,
Gm16768,Gm16768,0,,
Gm16769,Gm16769,0,,
Gm16772,Gm16772,0,,
Gm16773,Gm16773,0,,
Gm16774,Gm16774,0,,
Gm16781,Gm16781,0,,
Gm16782,Gm16782,0,,
Gm16783,Gm16783,0,,
Gm16784,Gm16784,0,,
Gm16785,Gm16785,0,,
Gm16786,Gm16786,0,,
Gm16789,Gm16789,0,,
Gm1679,Gm1679,0,,
Gm16790,Gm16790,-0.0602,-4.9507,6.1311
Gm16791,Gm16791,0,,
Gm16792,Gm16792,0,,
Gm16793,Gm16793,0,,
Gm16794,Gm16794,0,,
Gm16795,Gm16795,0,,
Gm16796,Gm16796,0,,
Gm16799,Gm16799,0,,
Gm16801,Gm16801,0,,
Gm16810,Gm16810,0,,
Gm16811,Gm16811,0,,
Gm16812,Gm16812,0,,
Gm16813,Gm16813,0,,
Gm16814,Gm16814,0,,
Gm16815,Gm16815,0,,
Gm16816,Gm16816,0,,
Gm16817,Gm16817,0,,
Gm16818,Gm16818,0,,
Gm16819,Gm16819,0,,
Gm16820,Gm16820,0,,
Gm16821,Gm16821,0,,
Gm16822,Gm16822,0,,
Gm16823,Gm16823,0,,
Gm16824,Gm16824,0,,
Gm16825,Gm16825,0.0296,0.3328,0.1312
Gm16827,Gm16827,0,,
Gm16828,Gm16828,0,,
Gm16829,Gm16829,0,,
Gm16830,Gm16830,0,,
Gm16831,Gm16831,0,,
Gm16832,Gm16832,0,,
Gm16833,Gm16833,0,,
Gm16834,Gm16834,0.0029,0.6927,0.3111
Gm16835,Gm16835,0,,
Gm16836,Gm16836,0.0095,0.3328,0.1312
Gm16837,Gm16837,0,,
Gm16838,Gm16838,0,,
Gm16839,Gm16839,0,,
Gm16841,Gm16841,0,,
Gm16842,Gm16842,0,,
Gm16843,Gm16843,0,,
Gm16845,Gm16845,-0.0051,-2.0286,1.3716
Gm16847,Gm16847,0,,
Gm16853,Gm16853,0,,
Gm16854,Gm16854,0,,
Gm16857,Gm16857,0,,
Gm16858,Gm16858,0,,
Gm16860,Gm16860,0,,
Gm16861,Gm16861,-0.0017,-2.0286,1.3716
Gm16862,Gm16862,-0.0009,-1.431,0.8169
Gm16863,Gm16863,0,,
Gm16865,Gm16865,0,,
Gm16866,Gm16866,0,,
Gm16867,Gm16867,-0.0027,-1.2979,0.7115
Gm16869,Gm16869,0.0089,-1.5318,0.9011
Gm16871,Gm16871,0,,
Gm16875,Gm16875,0,,
Gm16876,Gm16876,0,,
Gm16877,Gm16877,0,,
Gm16878,Gm16878,0,,
Gm16879,Gm16879,0,,
Gm16880,Gm16880,0,,
Gm16881,Gm16881,-0.0034,-1.431,0.8169
Gm16882,Gm16882,0,,
Gm16884,Gm16884,0,,
Gm16885,Gm16885,0,,
Gm16886,Gm16886,0,,
Gm16887,Gm16887,0,,
Gm16888,Gm16888,0,,
Gm16889,Gm16889,0,,
Gm16890,Gm16890,0,,
Gm16891,Gm16891,0,,
Gm16892,Gm16892,0,,
Gm16894,Gm16894,0,,
Gm16896,Gm16896,0,,
Gm16897,Gm16897,-0.0026,-1.431,0.8169
Gm16898,Gm16898,0,,
Gm16899,Gm16899,0,,
Gm16900,Gm16900,0,,
Gm16901,Gm16901,0,,
Gm16907,Gm16907,0,,
Gm16908,Gm16908,0,,
Gm16912,Gm16912,0,,
Gm16913,Gm16913,0,,
Gm16915,Gm16915,0,,
Gm16916,Gm16916,0,,
Gm16918,Gm16918,0,,
Gm16919,Gm16919,0,,
Gm16920,Gm16920,0,,
Gm16921,Gm16921,0,,
Gm16922,Gm16922,0,,
Gm16923,Gm16923,0,,
Gm16924,Gm16924,0,,
Gm16925,Gm16925,0,,
Gm16926,Gm16926,0,,
Gm16927,Gm16927,0,,
Gm16928,Gm16928,0,,
Gm16929,Gm16929,0,,
Gm16930,Gm16930,0,,
Gm16931,Gm16931,0,,
Gm16932,Gm16932,0,,
Gm16933,Gm16933,0,,
Gm16934,Gm16934,0,,
Gm16936,Gm16936,0,,
Gm16938,Gm16938,0.0021,0.6927,0.3111
Gm16940,Gm16940,0,,
Gm16941,Gm16941,0,,
Gm16942,Gm16942,0,,
Gm16947,Gm16947,0,,
Gm16948,Gm16948,0,,
Gm16949,Gm16949,0,,
Gm16950,Gm16950,0,,
Gm16952,Gm16952,0,,
Gm16953,Gm16953,0,,
Gm16954,Gm16954,0,,
Gm16956,Gm16956,0,,
Gm16957,Gm16957,0,,
Gm16958,Gm16958,0,,
Gm16960,Gm16960,0,,
Gm16961,Gm16961,0.005,0.6927,0.3111
Gm16962,Gm16962,0,,
Gm16964,Gm16964,0,,
Gm16965,Gm16965,0,,
Gm16966,Gm16966,0,,
Gm16967,Gm16967,0,,
Gm16968,Gm16968,0,,
Gm16969,Gm16969,0,,
Gm16970,Gm16970,0,,
Gm16971,Gm16971,0,,
Gm16972,Gm16972,0.007,-0.0168,0.0059
Gm16973,Gm16973,-0.0124,-1.2597,0.6824
Gm16976,Gm16976,0,,
Gm16977,Gm16977,0,,
Gm16978,Gm16978,0,,
Gm16979,Gm16979,0,,
Gm1698,Gm1698,0,,
Gm16980,Gm16980,0,,
Gm16981,Gm16981,0,,
Gm16982,Gm16982,0,,
Gm16983,Gm16983,-0.0026,-1.431,0.8169
Gm16984,Gm16984,0,,
Gm16986,Gm16986,0,,
Gm16987,Gm16987,0,,
Gm16988,Gm16988,0,,
Gm16989,Gm16989,0,,
Gm16990,Gm16990,0,,
Gm16994,Gm16994,0,,
Gm16996,Gm16996,0,,
Gm16997,Gm16997,0,,
Gm16998,Gm16998,0,,
Gm16999,Gm16999,0,,
Gm17000,Gm17000,0,,
Gm17002,Gm17002,0,,
Gm17003,Gm17003,0,,
Gm17004,Gm17004,0,,
Gm17006,Gm17006,0,,
Gm17007,Gm17007,0,,
Gm17008,Gm17008,0,,
Gm17009,Gm17009,0,,
Gm17010,Gm17010,0,,
Gm17011,Gm17011,0,,
Gm17012,Gm17012,0.0046,0.6927,0.3111
Gm17014,Gm17014,0,,
Gm17015,Gm17015,0,,
Gm17017,Gm17017,0,,
Gm17018,Gm17018,0,,
Gm17019,Gm17019,0,,
Gm17020,Gm17020,0,,
Gm17021,Gm17021,0,,
Gm17022,Gm17022,0,,
Gm17023,Gm17023,0,,
Gm17024,Gm17024,0,,
Gm17025,Gm17025,0,,
Gm17026,Gm17026,0,,
Gm17027,Gm17027,0,,
Gm17028,Gm17028,0,,
Gm17029,Gm17029,0,,
Gm17030,Gm17030,0,,
Gm17031,Gm17031,0,,
Gm17032,Gm17032,0,,
Gm17033,Gm17033,0,,
Gm17034,Gm17034,0,,
Gm17035,Gm17035,0,,
Gm17036,Gm17036,0,,
Gm17037,Gm17037,0,,
Gm17038,Gm17038,0,,
Gm17039,Gm17039,0,,
Gm17040,Gm17040,0,,
Gm17041,Gm17041,0,,
Gm17042,Gm17042,0,,
Gm17043,Gm17043,0,,
Gm17044,Gm17044,0,,
Gm17045,Gm17045,0,,
Gm17046,Gm17046,0,,
Gm17047,Gm17047,0,,
Gm17048,Gm17048,0,,
Gm17049,Gm17049,0,,
Gm17050,Gm17050,0,,
Gm17051,Gm17051,0,,
Gm17052,Gm17052,0,,
Gm17053,Gm17053,0,,
Gm17054,Gm17054,0,,
Gm17055,Gm17055,0,,
Gm17056,Gm17056,0,,
Gm17057,Gm17057,0,,
Gm17058,Gm17058,0,,
Gm17059,Gm17059,0,,
Gm17060,Gm17060,0.0083,0.6927,0.3111
Gm17061,Gm17061,0,,
Gm17062,Gm17062,0,,
Gm17063,Gm17063,0,,
Gm17064,Gm17064,0,,
Gm17065,Gm17065,0,,
Gm17066,Gm17066,-0.0225,-1.958,1.299
Gm17067,Gm17067,0,,
Gm17068,Gm17068,0,,
Gm17069,Gm17069,0,,
Gm17070,Gm17070,0,,
Gm17071,Gm17071,0,,
Gm17072,Gm17072,0,,
Gm17073,Gm17073,0,,
Gm17074,Gm17074,0,,
Gm17075,Gm17075,0,,
Gm17076,Gm17076,0,,
Gm17077,Gm17077,0,,
Gm17078,Gm17078,0,,
Gm17079,Gm17079,0,,
Gm17080,Gm17080,0,,
Gm17081,Gm17081,0,,
Gm17082,Gm17082,0,,
Gm17083,Gm17083,0.0008,0.6927,0.3111
Gm17084,Gm17084,-0.0613,-3.6005,3.4981
Gm17085,Gm17085,0,,
Gm17086,Gm17086,0,,
Gm17087,Gm17087,0,,
Gm17088,Gm17088,-0.0017,-1.431,0.8169
Gm17089,Gm17089,0,,
Gm17090,Gm17090,0,,
Gm17091,Gm17091,0,,
Gm17092,Gm17092,0,,
Gm17093,Gm17093,0,,
Gm17094,Gm17094,0,,
Gm17095,Gm17095,0,,
Gm17096,Gm17096,0,,
Gm17097,Gm17097,0,,
Gm17098,Gm17098,0,,
Gm17099,Gm17099,0,,
Gm17100,Gm17100,0,,
Gm17101,Gm17101,0,,
Gm17102,Gm17102,0,,
Gm17103,Gm17103,0,,
Gm17104,Gm17104,0,,
Gm17105,Gm17105,0,,
Gm17106,Gm17106,0,,
Gm17107,Gm17107,0,,
Gm17108,Gm17108,0,,
Gm17109,Gm17109,0,,
Gm17110,Gm17110,0,,
Gm17111,Gm17111,0,,
Gm17112,Gm17112,0.0017,0.6927,0.3111
Gm17113,Gm17113,0,,
Gm17114,Gm17114,0,,
Gm17115,Gm17115,0,,
Gm17116,Gm17116,0,,
Gm17117,Gm17117,0,,
Gm17118,Gm17118,0,,
Gm17119,Gm17119,0,,
Gm17120,Gm17120,0,,
Gm17121,Gm17121,0,,
Gm17122,Gm17122,0.0029,0.6927,0.3111
Gm17124,Gm17124,0,,
Gm17125,Gm17125,0,,
Gm17126,Gm17126,0,,
Gm17127,Gm17127,0,,
Gm17128,Gm17128,0,,
Gm17129,Gm17129,0,,
Gm17130,Gm17130,0,,
Gm17131,Gm17131,0,,
Gm17132,Gm17132,0,,
Gm17133,Gm17133,0,,
Gm17134,Gm17134,0,,
Gm17135,Gm17135,0,,
Gm17136,Gm17136,0,,
Gm17137,Gm17137,0,,
Gm17138,Gm17138,0,,
Gm17139,Gm17139,0,,
Gm17140,Gm17140,0,,
Gm17141,Gm17141,0,,
Gm17142,Gm17142,0,,
Gm17143,Gm17143,0,,
Gm17144,Gm17144,0,,
Gm17145,Gm17145,0,,
Gm17146,Gm17146,0,,
Gm17147,Gm17147,0,,
Gm17148,Gm17148,0,,
Gm17149,Gm17149,0.0071,0.6927,0.3111
Gm17150,Gm17150,0.0087,1.3956,0.7883
Gm17151,Gm17151,0,,
Gm17152,Gm17152,0,,
Gm17153,Gm17153,0,,
Gm17154,Gm17154,0,,
Gm17155,Gm17155,0,,
Gm17156,Gm17156,0,,
Gm17157,Gm17157,0,,
Gm17158,Gm17158,0,,
Gm17159,Gm17159,0,,
Gm17160,Gm17160,-0.0034,-1.431,0.8169
Gm17161,Gm17161,0,,
Gm17162,Gm17162,0,,
Gm17163,Gm17163,0,,
Gm17164,Gm17164,0,,
Gm17165,Gm17165,0,,
Gm17166,Gm17166,0,,
Gm17167,Gm17167,0,,
Gm17168,Gm17168,0,,
Gm17169,Gm17169,0,,
Gm17170,Gm17170,0,,
Gm17171,Gm17171,0,,
Gm17172,Gm17172,0,,
Gm17173,Gm17173,0,,
Gm17174,Gm17174,0,,
Gm17175,Gm17175,0,,
Gm17176,Gm17176,0,,
Gm17177,Gm17177,0,,
Gm17178,Gm17178,0,,
Gm17179,Gm17179,0,,
Gm17180,Gm17180,0,,
Gm17181,Gm17181,0,,
Gm17182,Gm17182,0,,
Gm17183,Gm17183,0,,
Gm17184,Gm17184,0,,
Gm17185,Gm17185,0,,
Gm17186,Gm17186,0,,
Gm17187,Gm17187,0,,
Gm17188,Gm17188,0,,
Gm17189,Gm17189,0,,
Gm17190,Gm17190,0,,
Gm17191,Gm17191,0,,
Gm17192,Gm17192,0,,
Gm17193,Gm17193,0,,
Gm17194,Gm17194,0,,
Gm17195,Gm17195,-0.0117,-0.765,0.3523
Gm17196,Gm17196,0,,
Gm17197,Gm17197,0,,
Gm17198,Gm17198,0,,
Gm17199,Gm17199,-0.006,-1.431,0.8169
Gm1720,Gm1720,0,,
Gm17200,Gm17200,0,,
Gm17201,Gm17201,0,,
Gm17202,Gm17202,0,,
Gm17203,Gm17203,0,,
Gm17204,Gm17204,0,,
Gm17205,Gm17205,0,,
Gm17206,Gm17206,0,,
Gm17207,Gm17207,0,,
Gm17208,Gm17208,0,,
Gm17209,Gm17209,0,,
Gm17210,Gm17210,0,,
Gm17211,Gm17211,0,,
Gm17212,Gm17212,0,,
Gm17213,Gm17213,0,,
Gm17214,Gm17214,0.0025,-1.2942,0.7086
Gm17215,Gm17215,0,,
Gm17216,Gm17216,0,,
Gm17217,Gm17217,0,,
Gm17218,Gm17218,0,,
Gm17219,Gm17219,0,,
Gm17220,Gm17220,0,,
Gm17221,Gm17221,0,,
Gm17222,Gm17222,0.0021,0.6927,0.3111
Gm17223,Gm17223,0,,
Gm17224,Gm17224,0,,
Gm17225,Gm17225,0,,
Gm17226,Gm17226,0,,
Gm17227,Gm17227,0,,
Gm17228,Gm17228,0,,
Gm17229,Gm17229,0,,
Gm17230,Gm17230,0,,
Gm17231,Gm17231,0,,
Gm17232,Gm17232,0,,
Gm17233,Gm17233,0,,
Gm17234,Gm17234,0,,
Gm17235,Gm17235,0.0004,0.6927,0.3111
Gm17236,Gm17236,0,,
Gm17237,Gm17237,0,,
Gm17238,Gm17238,0,,
Gm17239,Gm17239,0,,
Gm17240,Gm17240,0,,
Gm17241,Gm17241,0.1181,0.0084,0.0029
Gm17242,Gm17242,0,,
Gm17243,Gm17243,0,,
Gm17244,Gm17244,0,,
Gm17245,Gm17245,0,,
Gm17246,Gm17246,0,,
Gm17247,Gm17247,0,,
Gm17248,Gm17248,0,,
Gm17249,Gm17249,0,,
Gm17250,Gm17250,0,,
Gm17251,Gm17251,0.0023,-0.7342,0.3346
Gm17252,Gm17252,0,,
Gm17253,Gm17253,0,,
Gm17254,Gm17254,0,,
Gm17255,Gm17255,0,,
Gm17256,Gm17256,0,,
Gm17257,Gm17257,0.0069,-0.7288,0.3315
Gm17258,Gm17258,0,,
Gm17259,Gm17259,0.008,-1.2501,0.6751
Gm17260,Gm17260,0,,
Gm17261,Gm17261,0,,
Gm17262,Gm17262,0,,
Gm17263,Gm17263,0,,
Gm17264,Gm17264,0,,
Gm17265,Gm17265,0,,
Gm17266,Gm17266,0,,
Gm17267,Gm17267,0,,
Gm17268,Gm17268,0,,
Gm17269,Gm17269,0,,
Gm17270,Gm17270,0,,
Gm17271,Gm17271,0.0134,1.672,1.0245
Gm17272,Gm17272,0,,
Gm17273,Gm17273,0,,
Gm17274,Gm17274,0,,
Gm17275,Gm17275,0,,
Gm17276,Gm17276,0,,
Gm17277,Gm17277,0,,
Gm17278,Gm17278,0,,
Gm17279,Gm17279,0,,
Gm17280,Gm17280,0,,
Gm17281,Gm17281,0,,
Gm17282,Gm17282,0,,
Gm17283,Gm17283,0,,
Gm17284,Gm17284,0,,
Gm17285,Gm17285,0,,
Gm17286,Gm17286,0,,
Gm17287,Gm17287,0,,
Gm17288,Gm17288,0,,
Gm17289,Gm17289,0,,
Gm17290,Gm17290,0,,
Gm17291,Gm17291,0,,
Gm17292,Gm17292,0,,
Gm17293,Gm17293,0,,
Gm17294,Gm17294,0,,
Gm17295,Gm17295,0,,
Gm17296,Gm17296,0,,
Gm17297,Gm17297,0,,
Gm17298,Gm17298,0,,
Gm17299,Gm17299,0,,
Gm17300,Gm17300,0,,
Gm17301,Gm17301,-0.0034,-1.431,0.8169
Gm17302,Gm17302,0,,
Gm17303,Gm17303,0,,
Gm17304,Gm17304,0,,
Gm17305,Gm17305,0,,
Gm17306,Gm17306,-0.0009,-1.431,0.8169
Gm17307,Gm17307,0,,
Gm17308,Gm17308,0,,
Gm17309,Gm17309,0,,
Gm17310,Gm17310,0,,
Gm17311,Gm17311,0,,
Gm17312,Gm17312,-0.0009,-1.431,0.8169
Gm17315,Gm17315,0,,
Gm17316,Gm17316,0,,
Gm17317,Gm17317,0,,
Gm17320,Gm17320,0,,
Gm17321,Gm17321,0,,
Gm17322,Gm17322,0,,
Gm17323,Gm17323,0,,
Gm17324,Gm17324,-0.0043,-1.431,0.8169
Gm17325,Gm17325,0,,
Gm17326,Gm17326,0,,
Gm17327,Gm17327,0.0037,0.6927,0.3111
Gm17328,Gm17328,0,,
Gm17329,Gm17329,0,,
Gm17330,Gm17330,0,,
Gm17332,Gm17332,0,,
Gm17333,Gm17333,0,,
Gm17334,Gm17334,0,,
Gm17335,Gm17335,0,,
Gm17336,Gm17336,0,,
Gm17337,Gm17337,0,,
Gm17338,Gm17338,0,,
Gm17339,Gm17339,0,,
Gm17340,Gm17340,0,,
Gm17341,Gm17341,0,,
Gm17342,Gm17342,0,,
Gm17343,Gm17343,0,,
Gm17344,Gm17344,0,,
Gm17345,Gm17345,0,,
Gm17346,Gm17346,0,,
Gm17347,Gm17347,0,,
Gm17348,Gm17348,0,,
Gm17349,Gm17349,0,,
Gm17350,Gm17350,0,,
Gm17351,Gm17351,0,,
Gm17352,Gm17352,-0.0034,-1.431,0.8169
Gm17353,Gm17353,0,,
Gm17354,Gm17354,0,,
Gm17355,Gm17355,0,,
Gm17356,Gm17356,0,,
Gm17357,Gm17357,0,,
Gm17358,Gm17358,0,,
Gm17359,Gm17359,0,,
Gm17360,Gm17360,0,,
Gm17361,Gm17361,0,,
Gm17362,Gm17362,0,,
Gm17363,Gm17363,0,,
Gm17364,Gm17364,0,,
Gm17365,Gm17365,0,,
Gm17366,Gm17366,0,,
Gm17367,Gm17367,0,,
Gm17368,Gm17368,0,,
Gm17369,Gm17369,-0.0043,-1.431,0.8169
Gm17370,Gm17370,0,,
Gm17371,Gm17371,0,,
Gm17372,Gm17372,0,,
Gm17373,Gm17373,0,,
Gm17374,Gm17374,0,,
Gm17375,Gm17375,0,,
Gm17376,Gm17376,0,,
Gm17377,Gm17377,0,,
Gm17378,Gm17378,0,,
Gm17379,Gm17379,0,,
Gm17380,Gm17380,0,,
Gm17381,Gm17381,0,,
Gm17382,Gm17382,0,,
Gm17383,Gm17383,0.0434,-1.2571,0.6804
Gm17384,Gm17384,0,,
Gm17385,Gm17385,0,,
Gm17386,Gm17386,0,,
Gm17387,Gm17387,0,,
Gm17388,Gm17388,0,,
Gm17390,Gm17390,0,,
Gm17391,Gm17391,0,,
Gm17392,Gm17392,0,,
Gm17393,Gm17393,0,,
Gm17394,Gm17394,0,,
Gm17395,Gm17395,0,,
Gm17396,Gm17396,0,,
Gm17397,Gm17397,0,,
Gm17398,Gm17398,0,,
Gm17399,Gm17399,0.0033,0.6927,0.3111
Gm17400,Gm17400,0,,
Gm17401,Gm17401,0,,
Gm17402,Gm17402,0,,
Gm17403,Gm17403,-0.0026,-1.431,0.8169
Gm17404,Gm17404,0,,
Gm17405,Gm17405,0,,
Gm17406,Gm17406,0,,
Gm17407,Gm17407,0,,
Gm17408,Gm17408,-0.0137,-2.8765,2.3957
Gm17409,Gm17409,0,,
Gm17410,Gm17410,0,,
Gm17411,Gm17411,0,,
Gm17412,Gm17412,0,,
Gm17413,Gm17413,0,,
Gm17414,Gm17414,0,,
Gm17415,Gm17415,0.0385,1.052,0.5334
Gm17416,Gm17416,0,,
Gm17417,Gm17417,0,,
Gm17418,Gm17418,0,,
Gm17419,Gm17419,0.0129,0.9835,0.4876
Gm17420,Gm17420,0,,
Gm17421,Gm17421,0,,
Gm17422,Gm17422,0,,
Gm17423,Gm17423,0,,
Gm17424,Gm17424,0,,
Gm17425,Gm17425,0,,
Gm17426,Gm17426,0,,
Gm17427,Gm17427,0,,
Gm17428,Gm17428,0,,
Gm17429,Gm17429,0,,
Gm17430,Gm17430,-0.0058,-1.4533,0.8352
Gm17431,Gm17431,0,,
Gm17432,Gm17432,-0.0043,-1.431,0.8169
Gm17433,Gm17433,0,,
Gm17434,Gm17434,0,,
Gm17435,Gm17435,0,,
Gm17436,Gm17436,0,,
Gm17437,Gm17437,0,,
Gm17438,Gm17438,0,,
Gm17439,Gm17439,0,,
Gm17440,Gm17440,0,,
Gm17441,Gm17441,-0.0281,-1.431,0.8169
Gm17442,Gm17442,0,,
Gm17443,Gm17443,0,,
Gm17444,Gm17444,0,,
Gm17445,Gm17445,0,,
Gm17446,Gm17446,0,,
Gm17447,Gm17447,0.0128,0.3307,0.1303
Gm17448,Gm17448,0,,
Gm17449,Gm17449,0,,
Gm17450,Gm17450,0.0073,-0.7321,0.3334
Gm17451,Gm17451,0,,
Gm17452,Gm17452,0,,
Gm17453,Gm17453,0,,
Gm17454,Gm17454,0,,
Gm17455,Gm17455,0,,
Gm17456,Gm17456,0,,
Gm17458,Gm17458,0,,
Gm17459,Gm17459,0,,
Gm17460,Gm17460,-0.0009,-1.431,0.8169
Gm17461,Gm17461,0,,
Gm17462,Gm17462,0,,
Gm17463,Gm17463,0,,
Gm17464,Gm17464,0,,
Gm17465,Gm17465,0.0046,0.6927,0.3111
Gm17466,Gm17466,0,,
Gm17467,Gm17467,0,,
Gm17468,Gm17468,0,,
Gm17469,Gm17469,0,,
Gm17470,Gm17470,0,,
Gm17471,Gm17471,0,,
Gm17472,Gm17472,0,,
Gm17473,Gm17473,0,,
Gm17474,Gm17474,0,,
Gm17475,Gm17475,0,,
Gm17476,Gm17476,0,,
Gm17477,Gm17477,0,,
Gm17478,Gm17478,0,,
Gm17479,Gm17479,0,,
Gm17480,Gm17480,0,,
Gm17481,Gm17481,0,,
Gm17482,Gm17482,0,,
Gm17483,Gm17483,0,,
Gm17484,Gm17484,0,,
Gm17485,Gm17485,0,,
Gm17486,Gm17486,0,,
Gm17487,Gm17487,0,,
Gm17488,Gm17488,0,,
Gm17489,Gm17489,0,,
Gm17490,Gm17490,0,,
Gm17491,Gm17491,-0.0043,-0.5226,0.2209
Gm17492,Gm17492,0,,
Gm17493,Gm17493,0,,
Gm17494,Gm17494,0,,
Gm17495,Gm17495,0,,
Gm17496,Gm17496,0,,
Gm17497,Gm17497,0,,
Gm17498,Gm17498,0,,
Gm17499,Gm17499,0,,
Gm17500,Gm17500,0,,
Gm17501,Gm17501,0,,
Gm17502,Gm17502,0,,
Gm17503,Gm17503,0,,
Gm17504,Gm17504,0,,
Gm17505,Gm17505,0,,
Gm17506,Gm17506,0.0161,-0.0278,0.0098
Gm17507,Gm17507,0,,
Gm17508,Gm17508,0,,
Gm17509,Gm17509,0,,
Gm17510,Gm17510,0.0037,0.6927,0.3111
Gm17511,Gm17511,-0.0181,-2.0057,1.3479
Gm17512,Gm17512,0,,
Gm17513,Gm17513,0,,
Gm17514,Gm17514,0,,
Gm17515,Gm17515,0,,
Gm17516,Gm17516,0,,
Gm17517,Gm17517,0,,
Gm17518,Gm17518,0,,
Gm17519,Gm17519,0,,
Gm17520,Gm17520,0,,
Gm17521,Gm17521,0,,
Gm17522,Gm17522,0,,
Gm17523,Gm17523,-0.0043,-1.431,0.8169
Gm17524,Gm17524,0,,
Gm17525,Gm17525,0,,
Gm17526,Gm17526,0,,
Gm17527,Gm17527,0.0013,0.6927,0.3111
Gm17528,Gm17528,0,,
Gm17529,Gm17529,0,,
Gm17530,Gm17530,0.0182,1.2069,0.6431
Gm17531,Gm17531,0,,
Gm17532,Gm17532,0,,
Gm17534,Gm17534,0,,
Gm17535,Gm17535,0,,
Gm17536,Gm17536,0,,
Gm17537,Gm17537,0,,
Gm17538,Gm17538,0.0026,-1.8012,1.1447
Gm17539,Gm17539,0,,
Gm17540,Gm17540,0,,
Gm17541,Gm17541,0.0487,1.7657,1.111
Gm17542,Gm17542,0,,
Gm17543,Gm17543,0,,
Gm17544,Gm17544,0,,
Gm17545,Gm17545,0,,
Gm17546,Gm17546,0,,
Gm17547,Gm17547,0,,
Gm17548,Gm17548,0,,
Gm17549,Gm17549,0,,
Gm17550,Gm17550,0,,
Gm17551,Gm17551,0,,
Gm17552,Gm17552,0,,
Gm17553,Gm17553,0,,
Gm17554,Gm17554,0,,
Gm17555,Gm17555,0,,
Gm17556,Gm17556,0,,
Gm17557,Gm17557,-0.0034,-1.431,0.8169
Gm17558,Gm17558,0,,
Gm17559,Gm17559,0,,
Gm17560,Gm17560,0,,
Gm17561,Gm17561,0,,
Gm17562,Gm17562,0,,
Gm17563,Gm17563,0,,
Gm17564,Gm17564,0,,
Gm17565,Gm17565,0,,
Gm17566,Gm17566,0,,
Gm17567,Gm17567,0,,
Gm17568,Gm17568,0,,
Gm17569,Gm17569,0,,
Gm17570,Gm17570,0,,
Gm17571,Gm17571,0,,
Gm17572,Gm17572,0,,
Gm17573,Gm17573,0,,
Gm17574,Gm17574,0,,
Gm17575,Gm17575,0,,
Gm17576,Gm17576,0,,
Gm17577,Gm17577,0,,
Gm17578,Gm17578,-0.006,-2.4881,1.8914
Gm17579,Gm17579,0,,
Gm1758,Gm1758,0,,
Gm17580,Gm17580,0,,
Gm17581,Gm17581,0,,
Gm17582,Gm17582,0,,
Gm17583,Gm17583,0,,
Gm17584,Gm17584,0,,
Gm17585,Gm17585,0,,
Gm17586,Gm17586,0.017,0.2381,0.0906
Gm17587,Gm17587,0,,
Gm17588,Gm17588,0,,
Gm17589,Gm17589,0.005,0.6927,0.3111
Gm17590,Gm17590,0,,
Gm17591,Gm17591,0,,
Gm17592,Gm17592,0.0042,0.9835,0.4876
Gm17593,Gm17593,0,,
Gm17594,Gm17594,0,,
Gm17595,Gm17595,0,,
Gm17596,Gm17596,0.0073,-0.5167,0.218
Gm17597,Gm17597,0,,
Gm17598,Gm17598,0,,
Gm17599,Gm17599,0,,
Gm17600,Gm17600,0,,
Gm17601,Gm17601,0,,
Gm17602,Gm17602,0,,
Gm17603,Gm17603,0,,
Gm17604,Gm17604,0,,
Gm17605,Gm17605,0,,
Gm17606,Gm17606,0,,
Gm17607,Gm17607,0,,
Gm17608,Gm17608,0.0046,0.6927,0.3111
Gm17609,Gm17609,0,,
Gm17610,Gm17610,0,,
Gm17611,Gm17611,0,,
Gm17612,Gm17612,0,,
Gm17613,Gm17613,0,,
Gm17614,Gm17614,0,,
Gm17615,Gm17615,0,,
Gm17616,Gm17616,0,,
Gm17617,Gm17617,0,,
Gm17618,Gm17618,0,,
Gm17619,Gm17619,0,,
Gm17620,Gm17620,0,,
Gm17621,Gm17621,0,,
Gm17622,Gm17622,0,,
Gm17623,Gm17623,0,,
Gm17624,Gm17624,0.0029,-1.0266,0.5163
Gm17625,Gm17625,0,,
Gm17626,Gm17626,0,,
Gm17627,Gm17627,0,,
Gm17628,Gm17628,0,,
Gm17629,Gm17629,0,,
Gm17630,Gm17630,0.0054,0.6927,0.3111
Gm17631,Gm17631,0,,
Gm17632,Gm17632,0,,
Gm17633,Gm17633,0,,
Gm17634,Gm17634,0,,
Gm17635,Gm17635,0,,
Gm17636,Gm17636,0,,
Gm17637,Gm17637,0,,
Gm17638,Gm17638,0,,
Gm17639,Gm17639,0,,
Gm17640,Gm17640,0,,
Gm17641,Gm17641,0,,
Gm17642,Gm17642,0,,
Gm17643,Gm17643,0,,
Gm17644,Gm17644,0,,
Gm17645,Gm17645,0,,
Gm17646,Gm17646,0,,
Gm17647,Gm17647,0,,
Gm17648,Gm17648,0,,
Gm17649,Gm17649,0,,
Gm17650,Gm17650,0,,
Gm17651,Gm17651,0,,
Gm17652,Gm17652,0,,
Gm17653,Gm17653,0,,
Gm17654,Gm17654,0,,
Gm17655,Gm17655,0,,
Gm17656,Gm17656,0,,
Gm17657,Gm17657,0,,
Gm17658,Gm17658,0,,
Gm17659,Gm17659,0,,
Gm17660,Gm17660,0,,
Gm17661,Gm17661,0,,
Gm17662,Gm17662,0,,
Gm17663,Gm17663,0,,
Gm17664,Gm17664,0,,
Gm17665,Gm17665,0,,
Gm17667,Gm17667,0,,
Gm17668,Gm17668,0,,
Gm17669,Gm17669,-0.0001,0.3224,0.1266
Gm17670,Gm17670,0,,
Gm17671,Gm17671,0,,
Gm17672,Gm17672,0,,
Gm17673,Gm17673,0,,
Gm17674,Gm17674,0,,
Gm17675,Gm17675,0,,
Gm17676,Gm17676,0,,
Gm17677,Gm17677,0,,
Gm17678,Gm17678,0,,
Gm17679,Gm17679,0,,
Gm17680,Gm17680,0,,
Gm17681,Gm17681,0.0062,0.6927,0.3111
Gm17682,Gm17682,0,,
Gm17683,Gm17683,0,,
Gm17684,Gm17684,0,,
Gm17685,Gm17685,0,,
Gm17686,Gm17686,0,,
Gm17687,Gm17687,0,,
Gm17688,Gm17688,0,,
Gm17689,Gm17689,0,,
Gm17690,Gm17690,0,,
Gm17691,Gm17691,0,,
Gm17692,Gm17692,0,,
Gm17693,Gm17693,0,,
Gm17694,Gm17694,0,,
Gm17695,Gm17695,0,,
Gm17696,Gm17696,0,,
Gm17697,Gm17697,0,,
Gm17698,Gm17698,0,,
Gm17699,Gm17699,0,,
Gm17700,Gm17700,0,,
Gm17701,Gm17701,0,,
Gm17702,Gm17702,0,,
Gm17703,Gm17703,0,,
Gm17704,Gm17704,0,,
Gm17705,Gm17705,-0.0406,-2.8765,2.3957
Gm17706,Gm17706,0,,
Gm17708,Gm17708,0,,
Gm17709,Gm17709,0.0029,0.6927,0.3111
Gm17710,Gm17710,0,,
Gm17711,Gm17711,-0.0094,-1.431,0.8169
Gm17712,Gm17712,-0.0009,-1.431,0.8169
Gm17713,Gm17713,0,,
Gm17714,Gm17714,0,,
Gm17715,Gm17715,0,,
Gm17716,Gm17716,0,,
Gm17717,Gm17717,0,,
Gm17718,Gm17718,0,,
Gm17719,Gm17719,0,,
Gm17720,Gm17720,0,,
Gm17721,Gm17721,0,,
Gm17722,Gm17722,0,,
Gm17723,Gm17723,0,,
Gm17724,Gm17724,0,,
Gm17725,Gm17725,0,,
Gm17726,Gm17726,0,,
Gm17727,Gm17727,0,,
Gm17728,Gm17728,0,,
Gm17729,Gm17729,0,,
Gm17730,Gm17730,0,,
Gm17731,Gm17731,0,,
Gm17732,Gm17732,0,,
Gm17733,Gm17733,0,,
Gm17734,Gm17734,0,,
Gm17735,Gm17735,0,,
Gm17782,Gm17782,0,,
Gm17919,Gm17919,0,,
Gm18128,Gm18128,0,,
Gm1815,Gm1815,0.0025,0.6927,0.3111
Gm1818,Gm1818,-0.0044,-2.2551,1.6175
Gm18191,Gm18191,0,,
Gm18199,Gm18199,0,,
Gm18200,Gm18200,0,,
Gm18201,Gm18201,0,,
Gm18202,Gm18202,0,,
Gm1821,Gm1821,-0.0057,-1.8904,1.2314
Gm1826,Gm1826,0,,
Gm18354,Gm18354,0,,
Gm18358,Gm18358,0,,
Gm18359,Gm18359,0,,
Gm18360,Gm18360,0,,
Gm1840,Gm1840,0.0032,-1.2942,0.7086
Gm1848,Gm1848,-0.0016,-1.4491,0.8318
Gm18520,Gm18520,0,,
Gm18522,Gm18522,0,,
Gm18560,Gm18560,0,,
Gm18604,Gm18604,0,,
Gm1862,Gm1862,0.0017,0.6927,0.3111
Gm1866,Gm1866,0,,
Gm18733,Gm18733,0,,
Gm18734,Gm18734,0,,
Gm18737,Gm18737,0.0062,-0.5167,0.218
Gm18779,Gm18779,0,,
Gm18808,Gm18808,0,,
Gm18833,Gm18833,0,,
Gm18958,Gm18958,0,,
Gm19203,Gm19203,0,,
Gm19246,Gm19246,0.0236,0.9835,0.4876
Gm1947,Gm1947,-0.0086,-1.431,0.8169
Gm1965,Gm1965,0,,
Gm1966,Gm1966,0.0051,-0.3426,0.1356
Gm1968,Gm1968,0,,
Gm1973,Gm1973,0,,
Gm1975,Gm1975,0,,
Gm1977,Gm1977,0,,
Gm1979,Gm1979,0,,
Gm1980,Gm1980,0,,
Gm19807,Gm19807,-0.0003,-1.8012,1.1447
Gm19840,Gm19840,0,,
Gm1987,Gm1987,0,,
Gm1989,Gm1989,0,,
Gm1992,Gm1992,0,,
Gm1993,Gm1993,0,,
Gm19980,Gm19980,0,,
Gm2000,Gm2000,0.13,-1.2465,0.6725
Gm2001,Gm2001,0,,
Gm2002,Gm2002,0,,
Gm2003,Gm2003,0,,
Gm2004,Gm2004,0,,
Gm2005,Gm2005,0,,
Gm2007,Gm2007,0,,
Gm2012,Gm2012,0,,
Gm2016,Gm2016,0,,
Gm2018,Gm2018,0,,
Gm2020,Gm2020,0,,
Gm2023,Gm2023,0,,
Gm2026,Gm2026,0,,
Gm20287,Gm20287,0,,
Gm2030,Gm2030,0,,
Gm2035,Gm2035,0,,
Gm20388,Gm20388,0,,
Gm20389,Gm20389,0,,
Gm20391,Gm20391,0,,
Gm20392,Gm20392,0,,
Gm20393,Gm20393,0,,
Gm20395,Gm20395,0,,
Gm20398,Gm20398,0,,
Gm20399,Gm20399,0,,
Gm20401,Gm20401,0,,
Gm20403,Gm20403,0,,
Gm20408,Gm20408,0,,
Gm20409,Gm20409,0,,
Gm20410,Gm20410,0,,
Gm20411,Gm20411,0,,
Gm20413,Gm20413,0,,
Gm20414,Gm20414,0,,
Gm20415,Gm20415,0,,
Gm20417,Gm20417,0,,
Gm20418,Gm20418,0,,
Gm20419,Gm20419,0,,
Gm2042,Gm2042,0,,
Gm20420,Gm20420,0,,
Gm20422,Gm20422,0,,
Gm20423,Gm20423,0,,
Gm20424,Gm20424,0,,
Gm20426,Gm20426,0,,
Gm20427,Gm20427,0.0705,0.0188,0.0066
Gm20429,Gm20429,-0.0009,-1.431,0.8169
Gm20433,Gm20433,0,,
Gm20434,Gm20434,0,,
Gm20435,Gm20435,0,,
Gm20436,Gm20436,0,,
Gm20437,Gm20437,0,,
Gm20438,Gm20438,0,,
Gm20439,Gm20439,0,,
Gm2044,Gm2044,0,,
Gm20440,Gm20440,0,,
Gm20442,Gm20442,0,,
Gm20443,Gm20443,0,,
Gm20446,Gm20446,0,,
Gm20447,Gm20447,0,,
Gm20448,Gm20448,0,,
Gm20449,Gm20449,0,,
Gm20450,Gm20450,0,,
Gm20451,Gm20451,0,,
Gm20452,Gm20452,0,,
Gm20453,Gm20453,0,,
Gm20454,Gm20454,0,,
Gm20457,Gm20457,0,,
Gm2046,Gm2046,0,,
Gm20460,Gm20460,-0.0069,-1.431,0.8169
Gm20461,Gm20461,0,,
Gm20462,Gm20462,0,,
Gm20463,Gm20463,0,,
Gm20464,Gm20464,0,,
Gm20465,Gm20465,0,,
Gm20466,Gm20466,0,,
Gm20467,Gm20467,0,,
Gm20468,Gm20468,0,,
Gm20471,Gm20471,0,,
Gm20479,Gm20479,0,,
Gm20480,Gm20480,0,,
Gm20481,Gm20481,0,,
Gm20482,Gm20482,0,,
Gm20483,Gm20483,0,,
Gm20484,Gm20484,0,,
Gm20488,Gm20488,0,,
Gm20489,Gm20489,0,,
Gm20493,Gm20493,0,,
Gm20495,Gm20495,0,,
Gm20496,Gm20496,0,,
Gm20497,Gm20497,0,,
Gm20499,Gm20499,0,,
Gm20503,Gm20503,-0.0009,-0.5167,0.218
Gm20504,Gm20504,0,,
Gm20505,Gm20505,0,,
Gm20506,Gm20506,0.0218,-0.0187,0.0065
Gm20507,Gm20507,-0.0167,-3.0008,2.5698
Gm20508,Gm20508,0,,
Gm20509,Gm20509,0,,
Gm20512,Gm20512,0,,
Gm20513,Gm20513,0,,
Gm20514,Gm20514,0,,
Gm20515,Gm20515,0,,
Gm20516,Gm20516,0,,
Gm20518,Gm20518,0.0042,0.6927,0.3111
Gm20521,Gm20521,0.0017,0.9835,0.4876
Gm20522,Gm20522,0,,
Gm20523,Gm20523,0,,
Gm20524,Gm20524,0,,
Gm20525,Gm20525,0,,
Gm20526,Gm20526,0,,
Gm20527,Gm20527,0,,
Gm20530,Gm20530,0,,
Gm20532,Gm20532,0,,
Gm20534,Gm20534,0,,
Gm20537,Gm20537,0,,
Gm20541,Gm20541,0.0008,0.6927,0.3111
Gm20542,Gm20542,0,,
Gm20543,Gm20543,0,,
Gm20545,Gm20545,0,,
Gm20546,Gm20546,0,,
Gm20547,Gm20547,0.01,1.3956,0.7883
Gm20549,Gm20549,0,,
Gm2056,Gm2056,0,,
Gm2058,Gm2058,-0.0087,-2.9011,2.4296
Gm2061,Gm2061,0,,
Gm2066,Gm2066,0,,
Gm2075,Gm2075,0,,
Gm2078,Gm2078,0,,
Gm2092,Gm2092,0,,
Gm2093,Gm2093,0,,
Gm2101,Gm2101,0,,
Gm2104,Gm2104,0,,
Gm2108,Gm2108,0,,
Gm2115,Gm2115,0,,
Gm2117,Gm2117,0,,
Gm2128,Gm2128,0,,
Gm2135,Gm2135,0,,
Gm2155,Gm2155,0,,
Gm216,Gm216,-0.0129,-1.2549,0.6788
Gm2163,Gm2163,0,,
Gm2165,Gm2165,0,,
Gm2174,Gm2174,0,,
Gm2178,Gm2178,0,,
Gm2182,Gm2182,0,,
Gm2199,Gm2199,0,,
Gm22,Gm22,0,,
Gm2200,Gm2200,0,,
Gm221,Gm221,0,,
Gm2214,Gm2214,-0.0001,-0.0216,0.0075
Gm2221,Gm2221,0,,
Gm2223,Gm2223,-0.012,-0.5226,0.2209
Gm2228,Gm2228,0.047,1.6947,1.0452
Gm2231,Gm2231,0,,
Gm2237,Gm2237,0.0069,-0.5661,0.2431
Gm2244,Gm2244,0,,
Gm2245,Gm2245,0,,
Gm2288,Gm2288,0,,
Gm2301,Gm2301,0,,
Gm2302,Gm2302,0,,
Gm2308,Gm2308,0,,
Gm2309,Gm2309,0,,
Gm2318,Gm2318,0,,
Gm2343,Gm2343,0,,
Gm2348,Gm2348,0,,
Gm2366,Gm2366,0,,
Gm2381,Gm2381,0,,
Gm2382,Gm2382,-0.0655,-3.9973,4.1933
Gm2389,Gm2389,0,,
Gm239,Gm239,0,,
Gm2399,Gm2399,0,,
Gm2411,Gm2411,0,,
Gm2415,Gm2415,0,,
Gm2420,Gm2420,0,,
Gm2423,Gm2423,-0.0086,-1.431,0.8169
Gm2431,Gm2431,0,,
Gm2442,Gm2442,0,,
Gm2449,Gm2449,0,,
Gm2464,Gm2464,0,,
Gm2500,Gm2500,0,,
Gm2506,Gm2506,0,,
Gm2529,Gm2529,-0.006,-1.431,0.8169
Gm2541,Gm2541,0,,
Gm2542,Gm2542,0,,
Gm2566,Gm2566,0,,
Gm2568,Gm2568,0,,
Gm2574,Gm2574,-0.0007,-2.1759,1.5293
Gm26,Gm26,0,,
Gm2606,Gm2606,0,,
Gm2619,Gm2619,0,,
Gm2635,Gm2635,0,,
Gm2636,Gm2636,0,,
Gm2639,Gm2639,0,,
Gm266,Gm266,0.0033,0.6927,0.3111
Gm2663,Gm2663,0,,
Gm2666,Gm2666,0,,
Gm2670,Gm2670,0,,
Gm2673,Gm2673,0,,
Gm2694,Gm2694,0,,
Gm2709,Gm2709,0,,
Gm2716,Gm2716,0,,
Gm2735,Gm2735,-0.0048,-0.7384,0.337
Gm2759,Gm2759,0,,
Gm2768,Gm2768,0,,
Gm2777,Gm2777,0,,
Gm2783,Gm2783,0,,
Gm2784,Gm2784,0,,
Gm2788,Gm2788,0,,
Gm2790,Gm2790,0,,
Gm2792,Gm2792,0,,
Gm2799,Gm2799,0,,
Gm2800,Gm2800,0,,
Gm281,Gm281,0,,
Gm2810,Gm2810,-0.0184,-2.2092,1.5661
Gm2822,Gm2822,0,,
Gm2824,Gm2824,0,,
Gm2825,Gm2825,0,,
Gm2831,Gm2831,0,,
Gm2832,Gm2832,0,,
Gm2833,Gm2833,0,,
Gm2838,Gm2838,0,,
Gm2843,Gm2843,0,,
Gm2855,Gm2855,0,,
Gm2858,Gm2858,0,,
Gm2862,Gm2862,0,,
Gm2863,Gm2863,0,,
Gm2864,Gm2864,0,,
Gm2866,Gm2866,0,,
Gm2869,Gm2869,0,,
Gm2871,Gm2871,-0.0026,-1.431,0.8169
Gm2877,Gm2877,0,,
Gm2878,Gm2878,0,,
Gm2882,Gm2882,0,,
Gm2885,Gm2885,0,,
Gm2888,Gm2888,0,,
Gm2892,Gm2892,0,,
Gm2895,Gm2895,0,,
Gm2897,Gm2897,0,,
Gm2904,Gm2904,0,,
Gm2913,Gm2913,0,,
Gm2916,Gm2916,0,,
Gm2927,Gm2927,0,,
Gm2930,Gm2930,0,,
Gm2933,Gm2933,0,,
Gm2940,Gm2940,0,,
Gm2951,Gm2951,0,,
Gm2956,Gm2956,0,,
Gm2959,Gm2959,0,,
Gm2962,Gm2962,0.024,-0.1982,0.0742
Gm2963,Gm2963,0,,
Gm2964,Gm2964,0,,
Gm2966,Gm2966,0,,
Gm2971,Gm2971,0,,
Gm2974,Gm2974,0,,
Gm2976,Gm2976,0,,
Gm2986,Gm2986,-0.0103,-1.2549,0.6788
Gm2990,Gm2990,0,,
Gm2991,Gm2991,-0.0026,-1.431,0.8169
Gm2a,Gm2a,-0.1856,-5.2196,6.7464
Gm3002,Gm3002,0,,
Gm3005,Gm3005,0,,
Gm3008,Gm3008,0,,
Gm3012,Gm3012,0,,
Gm3015,Gm3015,0,,
Gm3020,Gm3020,0,,
Gm3025,Gm3025,0,,
Gm3027,Gm3027,0,,
Gm3029,Gm3029,0,,
Gm3030,Gm3030,0,,
Gm3033,Gm3033,0,,
Gm3043,Gm3043,0,,
Gm3047,Gm3047,0,,
Gm3053,Gm3053,0,,
Gm3054,Gm3054,0,,
Gm3055,Gm3055,0,,
Gm3072,Gm3072,0,,
Gm3076,Gm3076,-0.0026,-1.2501,0.6751
Gm3077,Gm3077,0,,
Gm3084,Gm3084,0,,
Gm3086,Gm3086,0,,
Gm3089,Gm3089,0,,
Gm3090,Gm3090,0,,
Gm3091,Gm3091,0,,
Gm3095,Gm3095,0,,
Gm3099,Gm3099,0,,
Gm3102,Gm3102,0,,
Gm3104,Gm3104,0,,
Gm3106,Gm3106,0,,
Gm3109,Gm3109,0,,
Gm3111,Gm3111,0,,
Gm3115,Gm3115,0,,
Gm3123,Gm3123,0,,
Gm3127,Gm3127,0,,
Gm3129,Gm3129,0,,
Gm3138,Gm3138,0,,
Gm3140,Gm3140,0,,
Gm3141,Gm3141,0,,
Gm3144,Gm3144,0,,
Gm3147,Gm3147,0,,
Gm3149,Gm3149,0,,
Gm3150,Gm3150,-0.0052,-2.2551,1.6175
Gm3159,Gm3159,0,,
Gm3160,Gm3160,0,,
Gm3164,Gm3164,0,,
Gm3176,Gm3176,0,,
Gm318,Gm318,0,,
Gm3182,Gm3182,0,,
Gm3187,Gm3187,0,,
Gm3191,Gm3191,0,,
Gm3194,Gm3194,-0.0077,-2.0286,1.3716
Gm3200,Gm3200,0,,
Gm3208,Gm3208,0,,
Gm3209,Gm3209,0,,
Gm3216,Gm3216,0,,
Gm3221,Gm3221,0,,
Gm3222,Gm3222,0,,
Gm3233,Gm3233,0,,
Gm3235,Gm3235,0,,
Gm3238,Gm3238,0,,
Gm3239,Gm3239,0,,
Gm3242,Gm3242,0,,
Gm3244,Gm3244,-0.0052,-0.0264,0.0092
Gm3248,Gm3248,0.0008,-0.5167,0.218
Gm3250,Gm3250,0,,
Gm3252,Gm3252,-0.0137,-1.431,0.8169
Gm3259,Gm3259,0,,
Gm3261,Gm3261,0,,
Gm3264,Gm3264,0,,
Gm3267,Gm3267,0,,
Gm3269,Gm3269,0,,
Gm3272,Gm3272,0,,
Gm3275,Gm3275,0,,
Gm3278,Gm3278,0,,
Gm3286,Gm3286,0,,
Gm3287,Gm3287,0,,
Gm3294,Gm3294,0,,
Gm3298,Gm3298,0.0033,0.6927,0.3111
Gm3302,Gm3302,0,,
Gm3317,Gm3317,0,,
Gm3319,Gm3319,0,,
Gm3326,Gm3326,0,,
Gm3327,Gm3327,0,,
Gm3329,Gm3329,0,,
Gm3339,Gm3339,0,,
Gm3344,Gm3344,0,,
Gm3345,Gm3345,0,,
Gm3355,Gm3355,-0.0207,-2.5339,1.9477
Gm3358,Gm3358,0,,
Gm336,Gm336,0,,
Gm3362,Gm3362,0.0009,-2.615,2.0494
Gm3366,Gm3366,0,,
Gm3370,Gm3370,0,,
Gm3371,Gm3371,0,,
Gm3376,Gm3376,0,,
Gm3383,Gm3383,0,,
Gm3386,Gm3386,-0.0131,-3.2946,3.0064
Gm3395,Gm3395,0,,
Gm340,Gm340,0.0021,0.6927,0.3111
Gm3401,Gm3401,0,,
Gm3402,Gm3402,0,,
Gm3404,Gm3404,0,,
Gm3408,Gm3408,0,,
Gm3409,Gm3409,0,,
Gm3415,Gm3415,0,,
Gm3417,Gm3417,0,,
Gm3424,Gm3424,0,,
Gm3435,Gm3435,0.0004,0.6927,0.3111
Gm3436,Gm3436,-0.0292,-2.8279,2.3293
Gm3443,Gm3443,0,,
Gm3448,Gm3448,0,,
Gm3452,Gm3452,0.0032,-0.5167,0.218
Gm3453,Gm3453,0,,
Gm3460,Gm3460,0,,
Gm3468,Gm3468,0.0012,-0.0168,0.0059
Gm347,Gm347,0.0153,0.6927,0.3111
Gm3470,Gm3470,0,,
Gm3476,Gm3476,0,,
Gm3483,Gm3483,0,,
Gm3485,Gm3485,0,,
Gm3486,Gm3486,0,,
Gm3488,Gm3488,0,,
Gm3494,Gm3494,0,,
Gm3495,Gm3495,0,,
Gm3500,Gm3500,0,,
Gm3510,Gm3510,0,,
Gm3511,Gm3511,0.0466,-2.7842,2.2703
Gm3512,Gm3512,0,,
Gm3513,Gm3513,0,,
Gm3518,Gm3518,0,,
Gm3526,Gm3526,0,,
Gm3531,Gm3531,0.0062,0.9835,0.4876
Gm3532,Gm3532,0,,
Gm3537,Gm3537,0,,
Gm3542,Gm3542,0,,
Gm3543,Gm3543,0,,
Gm355,Gm355,0,,
Gm3550,Gm3550,0.013,-0.6475,0.2862
Gm3555,Gm3555,0.0104,0.6927,0.3111
Gm3558,Gm3558,0,,
Gm3563,Gm3563,0,,
Gm3571,Gm3571,-0.0111,-2.8765,2.3957
Gm3573,Gm3573,0,,
Gm3578,Gm3578,0,,
Gm3584,Gm3584,0,,
Gm3585,Gm3585,0,,
Gm3589,Gm3589,0,,
Gm3591,Gm3591,0,,
Gm3594,Gm3594,0,,
Gm3595,Gm3595,0,,
Gm3597,Gm3597,0,,
Gm3603,Gm3603,0,,
Gm3604,Gm3604,-0.0017,-1.431,0.8169
Gm3608,Gm3608,0.0267,-0.0168,0.0059
Gm3611,Gm3611,0,,
Gm3616,Gm3616,0,,
Gm3618,Gm3618,0,,
Gm362,Gm362,0,,
Gm3625,Gm3625,0,,
Gm3629,Gm3629,0,,
Gm3633,Gm3633,0,,
Gm3636,Gm3636,0,,
Gm364,Gm364,0,,
Gm3642,Gm3642,0,,
Gm3644,Gm3644,0,,
Gm3646,Gm3646,0,,
Gm3654,Gm3654,0,,
Gm3657,Gm3657,0,,
Gm3662,Gm3662,0,,
Gm3667,Gm3667,-0.0017,-1.431,0.8169
Gm3669,Gm3669,0,,
Gm3675,Gm3675,0,,
Gm3676,Gm3676,0,,
Gm3677,Gm3677,0,,
Gm3681,Gm3681,0,,
Gm3685,Gm3685,0,,
Gm3687,Gm3687,0,,
Gm3695,Gm3695,-0.0142,-1.8072,1.1504
Gm3696,Gm3696,0,,
Gm3699,Gm3699,0.017,0.4028,0.163
Gm3701,Gm3701,0,,
Gm3706,Gm3706,0,,
Gm371,Gm371,0,,
Gm3712,Gm3712,0,,
Gm3715,Gm3715,0,,
Gm3719,Gm3719,0,,
Gm3724,Gm3724,0.0128,-0.0168,0.0059
Gm3727,Gm3727,0,,
Gm3739,Gm3739,-0.0031,-0.0264,0.0092
Gm3750,Gm3750,0,,
Gm3752,Gm3752,0,,
Gm3755,Gm3755,0,,
Gm3756,Gm3756,0,,
Gm3757,Gm3757,0,,
Gm3760,Gm3760,0,,
Gm3763,Gm3763,0,,
Gm3764,Gm3764,0,,
Gm3765,Gm3765,0,,
Gm3776,Gm3776,0,,
Gm378,Gm378,0,,
Gm3788,Gm3788,-0.1606,-6.6532,10.5425
Gm381,Gm381,0,,
Gm382,Gm382,0,,
Gm3828,Gm3828,0,,
Gm3833,Gm3833,0,,
Gm3834,Gm3834,0,,
Gm3835,Gm3835,-0.0065,-0.5226,0.2209
Gm3839,Gm3839,0,,
Gm3848,Gm3848,0,,
Gm3851,Gm3851,0,,
Gm3852,Gm3852,0,,
Gm3867,Gm3867,0,,
Gm3880,Gm3880,0,,
Gm3892,Gm3892,0,,
Gm3893,Gm3893,0,,
Gm3906,Gm3906,-0.0009,-1.431,0.8169
Gm3912,Gm3912,0,,
Gm3928,Gm3928,0,,
Gm3931,Gm3931,0,,
Gm3940,Gm3940,-0.0155,-2.1966,1.5521
Gm3943,Gm3943,0,,
Gm3944,Gm3944,0,,
Gm3956,Gm3956,0,,
Gm3962,Gm3962,0,,
Gm3972,Gm3972,0,,
Gm3978,Gm3978,0,,
Gm3985,Gm3985,0,,
Gm3991,Gm3991,0,,
Gm40,Gm40,0,,
Gm4011,Gm4011,0,,
Gm4023,Gm4023,0,,
Gm4027,Gm4027,0,,
Gm4033,Gm4033,0,,
Gm4040,Gm4040,0,,
Gm4064,Gm4064,0,,
Gm4066,Gm4066,0,,
Gm4070,Gm4070,-0.0011,-1.3798,0.7756
Gm4073,Gm4073,0,,
Gm41,Gm41,0,,
Gm410,Gm410,0,,
Gm4109,Gm4109,0,,
Gm4117,Gm4117,0,,
Gm4128,Gm4128,0,,
Gm4133,Gm4133,0,,
Gm4134,Gm4134,0,,
Gm4141,Gm4141,0,,
Gm4144,Gm4144,0,,
Gm4149,Gm4149,0.3474,2.5669,1.9888
Gm4152,Gm4152,-0.0034,-1.431,0.8169
Gm4167,Gm4167,0.0054,0.6927,0.3111
Gm4169,Gm4169,0.0017,0.6927,0.3111
Gm4172,Gm4172,0,,
Gm4175,Gm4175,0,,
Gm4177,Gm4177,0,,
Gm4179,Gm4179,0,,
Gm4181,Gm4181,0,,
Gm4187,Gm4187,0,,
Gm4201,Gm4201,0,,
Gm4204,Gm4204,0.0593,-2.175,1.5283
Gm4207,Gm4207,0,,
Gm4211,Gm4211,0,,
Gm4214,Gm4214,0,,
Gm4216,Gm4216,0,,
Gm4219,Gm4219,0,,
Gm4220,Gm4220,0,,
Gm4221,Gm4221,-0.0034,-2.0286,1.3716
Gm4222,Gm4222,0,,
Gm4234,Gm4234,0,,
Gm4242,Gm4242,0,,
Gm4245,Gm4245,0,,
Gm4246,Gm4246,0,,
Gm4252,Gm4252,0,,
Gm4256,Gm4256,0,,
Gm4262,Gm4262,0,,
Gm4271,Gm4271,0,,
Gm4279,Gm4279,0,,
Gm428,Gm428,0,,
Gm4285,Gm4285,0,,
Gm4287,Gm4287,0,,
Gm4294,Gm4294,0.1197,-1.0554,0.5358
Gm4297,Gm4297,0,,
Gm4301,Gm4301,0,,
Gm4302,Gm4302,0,,
Gm4303,Gm4303,0,,
Gm4305,Gm4305,0,,
Gm4307,Gm4307,0,,
Gm4308,Gm4308,0,,
Gm4312,Gm4312,0,,
Gm4340,Gm4340,0,,
Gm4342,Gm4342,0.0353,-0.1568,0.0578
Gm4349,Gm4349,-0.0017,-1.431,0.8169
Gm4353,Gm4353,0,,
Gm436,Gm436,0,,
Gm4362,Gm4362,0,,
Gm438,Gm438,0,,
Gm4392,Gm4392,0,,
Gm44,Gm44,0,,
Gm4409,Gm4409,0,,
Gm4419,Gm4419,0,,
Gm4450,Gm4450,0,,
Gm4459,Gm4459,0.0369,0.3156,0.1236
Gm4461,Gm4461,0,,
Gm4462,Gm4462,-0.0026,-1.2525,0.6769
Gm4468,Gm4468,0.0122,-0.0221,0.0077
Gm447,Gm447,-0.0035,-1.2501,0.6751
Gm4473,Gm4473,0,,
Gm4477,Gm4477,0,,
Gm4478,Gm4478,-0.0048,-1.4589,0.8398
Gm4482,Gm4482,0,,
Gm4485,Gm4485,0.0017,0.6927,0.3111
Gm4487,Gm4487,0,,
Gm4491,Gm4491,0,,
Gm4498,Gm4498,0,,
Gm4511,Gm4511,0,,
Gm4524,Gm4524,0,,
Gm4535,Gm4535,0.0004,-0.5167,0.218
Gm454,Gm454,0,,
Gm4540,Gm4540,-0.0258,-2.0666,1.4115
Gm4545,Gm4545,0,,
Gm4553,Gm4553,0,,
Gm4558,Gm4558,0,,
Gm4559,Gm4559,0,,
Gm4567,Gm4567,0,,
Gm4577,Gm4577,0,,
Gm4596,Gm4596,0.0037,0.6927,0.3111
Gm46,Gm46,0,,
Gm4604,Gm4604,0.3973,2.0618,1.4064
Gm4609,Gm4609,0,,
Gm4613,Gm4613,0.0593,-1.9047,1.2455
Gm4631,Gm4631,0,,
Gm4651,Gm4651,0,,
Gm4660,Gm4660,-0.0077,-1.431,0.8169
Gm4666,Gm4666,0,,
Gm4673,Gm4673,0,,
Gm4675,Gm4675,0,,
Gm4684,Gm4684,0,,
Gm4694,Gm4694,-0.0017,-1.431,0.8169
Gm4695,Gm4695,0,,
Gm4707,Gm4707,0.0055,-1.8771,1.2182
Gm4723,Gm4723,0,,
Gm4724,Gm4724,0,,
Gm4725,Gm4725,0,,
Gm4726,Gm4726,0,,
Gm4732,Gm4732,0,,
Gm4736,Gm4736,0,,
Gm4737,Gm4737,-0.0034,-2.0286,1.3716
Gm4743,Gm4743,0,,
Gm4744,Gm4744,0,,
Gm4745,Gm4745,0,,
Gm4746,Gm4746,0,,
Gm4750,Gm4750,0.0613,-0.0862,0.0309
Gm4755,Gm4755,0,,
Gm4758,Gm4758,0,,
Gm4759,Gm4759,0,,
Gm4760,Gm4760,0.0037,0.9835,0.4876
Gm4763,Gm4763,0,,
Gm4764,Gm4764,0,,
Gm4766,Gm4766,0,,
Gm4767,Gm4767,0,,
Gm4772,Gm4772,0,,
Gm4773,Gm4773,0,,
Gm4775,Gm4775,0,,
Gm4776,Gm4776,0,,
Gm4778,Gm4778,0,,
Gm4779,Gm4779,0,,
Gm4781,Gm4781,0,,
Gm4782,Gm4782,-0.0034,-1.431,0.8169
Gm4784,Gm4784,0.0037,0.6927,0.3111
Gm4787,Gm4787,0,,
Gm4788,Gm4788,-0.0098,-2.2012,1.5571
Gm4789,Gm4789,0,,
Gm4792,Gm4792,0,,
Gm4793,Gm4793,0,,
Gm4794,Gm4794,0,,
Gm4795,Gm4795,0.0029,0.9835,0.4876
Gm4798,Gm4798,0,,
Gm4799,Gm4799,-0.0152,-1.038,0.5239
Gm4822,Gm4822,0,,
Gm4825,Gm4825,0,,
Gm4830,Gm4830,0,,
Gm4831,Gm4831,0,,
Gm4832,Gm4832,0.002,-0.4083,0.1655
Gm4835,Gm4835,0,,
Gm4836,Gm4836,0,,
Gm4840,Gm4840,0,,
Gm4841,Gm4841,0,,
Gm4846,Gm4846,0,,
Gm4847,Gm4847,0,,
Gm4852,Gm4852,0,,
Gm4853,Gm4853,0.0107,-0.0187,0.0065
Gm4858,Gm4858,0,,
Gm4861,Gm4861,0,,
Gm4862,Gm4862,0,,
Gm4868,Gm4868,0,,
Gm4871,Gm4871,0,,
Gm4875,Gm4875,-0.0034,-1.431,0.8169
Gm4876,Gm4876,0,,
Gm4877,Gm4877,-0.0069,-1.431,0.8169
Gm4879,Gm4879,0.0056,-0.5645,0.2423
Gm4883,Gm4883,0.0112,1.3956,0.7883
Gm4884,Gm4884,0,,
Gm4885,Gm4885,0,,
Gm4886,Gm4886,0,,
Gm4887,Gm4887,-0.0086,-1.431,0.8169
Gm4889,Gm4889,0,,
Gm4890,Gm4890,-0.0056,-0.5226,0.2209
Gm4891,Gm4891,0.012,-0.6414,0.283
Gm4893,Gm4893,0,,
Gm4894,Gm4894,0,,
Gm4895,Gm4895,-0.0043,-2.0286,1.3716
Gm4902,Gm4902,0.1739,0.5012,0.2103
Gm4904,Gm4904,0,,
Gm4906,Gm4906,0,,
Gm4907,Gm4907,0,,
Gm4908,Gm4908,0.0003,-0.5167,0.218
Gm4909,Gm4909,0,,
Gm4910,Gm4910,0,,
Gm4911,Gm4911,0,,
Gm4912,Gm4912,0,,
Gm4913,Gm4913,0,,
Gm4914,Gm4914,0,,
Gm4915,Gm4915,0,,
Gm4916,Gm4916,0,,
Gm4917,Gm4917,0,,
Gm4918,Gm4918,0.0071,0.6927,0.3111
Gm4919,Gm4919,0,,
Gm4922,Gm4922,0,,
Gm4924,Gm4924,0.0079,0.6927,0.3111
Gm4925,Gm4925,0,,
Gm4926,Gm4926,0,,
Gm4934,Gm4934,0,,
Gm4937,Gm4937,0,,
Gm4938,Gm4938,0,,
Gm4943,Gm4943,0.0015,-0.0216,0.0075
Gm4945,Gm4945,0.0075,-0.5661,0.2431
Gm4950,Gm4950,0.0043,-0.8214,0.3857
Gm4951,Gm4951,-0.0146,-1.7883,1.1324
Gm4952,Gm4952,0,,
Gm4953,Gm4953,0.0087,0.6927,0.3111
Gm4954,Gm4954,0.0017,0.6927,0.3111
Gm4955,Gm4955,0.0757,0.6089,0.2655
Gm4956,Gm4956,0,,
Gm4963,Gm4963,0.0256,-1.7484,1.0947
Gm4968,Gm4968,0.0055,-0.3445,0.1364
Gm4969,Gm4969,0,,
Gm4971,Gm4971,0,,
Gm4978,Gm4978,0.0007,-0.5167,0.218
Gm498,Gm498,0,,
Gm4980,Gm4980,0,,
Gm4981,Gm4981,0,,
Gm4982,Gm4982,0,,
Gm4983,Gm4983,0,,
Gm4984,Gm4984,0,,
Gm4985,Gm4985,0,,
Gm4986,Gm4986,0.0278,-1.1483,0.6006
Gm4987,Gm4987,0.0382,-0.4718,0.1958
Gm4989,Gm4989,0,,
Gm4991,Gm4991,0.0085,-0.0168,0.0059
Gm4992,Gm4992,0,,
Gm4993,Gm4993,0,,
Gm4994,Gm4994,0.0023,-0.7363,0.3358
Gm4995,Gm4995,0,,
Gm4996,Gm4996,0,,
Gm4997,Gm4997,0.0288,-0.8426,0.3985
Gm5045,Gm5045,0.0064,-0.895,0.4309
Gm5046,Gm5046,0,,
Gm505,Gm505,0,,
Gm5054,Gm5054,-0.3733,-9.5254,20.784
Gm5058,Gm5058,0,,
Gm5060,Gm5060,0,,
Gm5062,Gm5062,0,,
Gm5065,Gm5065,0,,
Gm5067,Gm5067,0,,
Gm5068,Gm5068,0,,
Gm5069,Gm5069,0,,
Gm5071,Gm5071,0,,
Gm5072,Gm5072,0,,
Gm5073,Gm5073,0,,
Gm5074,Gm5074,0,,
Gm5077,Gm5077,0,,
Gm5082,Gm5082,0,,
Gm5083,Gm5083,0,,
Gm5084,Gm5084,0,,
Gm5087,Gm5087,0,,
Gm5089,Gm5089,0,,
Gm5090,Gm5090,0,,
Gm5091,Gm5091,0,,
Gm5093,Gm5093,0.0023,-0.4816,0.2006
Gm5096,Gm5096,0,,
Gm5097,Gm5097,0,,
Gm5101,Gm5101,0,,
Gm5105,Gm5105,0,,
Gm5106,Gm5106,0,,
Gm5111,Gm5111,0,,
Gm5113,Gm5113,0.0013,0.6927,0.3111
Gm5114,Gm5114,0,,
Gm5116,Gm5116,0,,
Gm5121,Gm5121,0.014,0.2444,0.0932
Gm5123,Gm5123,0,,
Gm5124,Gm5124,0.0079,0.9835,0.4876
Gm5125,Gm5125,0,,
Gm5126,Gm5126,0,,
Gm5127,Gm5127,0,,
Gm5128,Gm5128,0,,
Gm5129,Gm5129,0,,
Gm5132,Gm5132,0,,
Gm5133,Gm5133,0,,
Gm5134,Gm5134,-0.0137,-2.8765,2.3957
Gm5135,Gm5135,0,,
Gm5138,Gm5138,0.012,0.6927,0.3111
Gm514,Gm514,0,,
Gm5142,Gm5142,0,,
Gm5145,Gm5145,0,,
Gm5146,Gm5146,0,,
Gm5148,Gm5148,0,,
Gm5150,Gm5150,0,,
Gm5151,Gm5151,0,,
Gm5152,Gm5152,0,,
Gm5155,Gm5155,0,,
Gm5156,Gm5156,0,,
Gm5160,Gm5160,0.0075,0.9835,0.4876
Gm5161,Gm5161,0,,
Gm5166,Gm5166,0,,
Gm5167,Gm5167,0,,
Gm5168,Gm5168,0,,
Gm5169,Gm5169,0,,
Gm5174,Gm5174,0,,
Gm5176,Gm5176,0,,
Gm5185,Gm5185,0,,
Gm5187,Gm5187,0.0074,-0.0238,0.0083
Gm5196,Gm5196,0,,
Gm52,Gm52,0,,
Gm5215,Gm5215,0,,
Gm5218,Gm5218,-0.0154,-2.8765,2.3957
Gm5227,Gm5227,0,,
Gm5228,Gm5228,-0.004,-1.3798,0.7756
Gm5229,Gm5229,0,,
Gm5239,Gm5239,0.2541,0.6633,0.2949
Gm5244,Gm5244,0.5131,4.9115,6.044
Gm5246,Gm5246,0,,
Gm525,Gm525,0,,
Gm5255,Gm5255,0,,
Gm5257,Gm5257,0.0198,0.6126,0.2675
Gm5258,Gm5258,0,,
Gm5263,Gm5263,0,,
Gm5265,Gm5265,0,,
Gm5269,Gm5269,0,,
Gm527,Gm527,0.0004,-0.5167,0.218
Gm5270,Gm5270,-0.0319,-4.1996,4.5728
Gm5277,Gm5277,0.096,1.6686,1.0214
Gm5278,Gm5278,0.0128,0.8601,0.4092
Gm5286,Gm5286,0,,
Gm5287,Gm5287,0,,
Gm5292,Gm5292,-0.0155,-2.8927,2.418
Gm5299,Gm5299,0.0495,-0.3341,0.1318
Gm53,Gm53,0,,
Gm5301,Gm5301,0,,
Gm5303,Gm5303,0,,
Gm5316,Gm5316,0,,
Gm5319,Gm5319,0,,
Gm5321,Gm5321,-0.0014,-1.3544,0.7554
Gm5326,Gm5326,0,,
Gm5327,Gm5327,0,,
Gm5329,Gm5329,0,,
Gm5331,Gm5331,0,,
Gm5341,Gm5341,0,,
Gm5346,Gm5346,0,,
Gm5353,Gm5353,0.0054,0.9835,0.4876
Gm5356,Gm5356,-0.0026,-1.431,0.8169
Gm5373,Gm5373,0,,
Gm5379,Gm5379,0,,
Gm5380,Gm5380,0,,
Gm5381,Gm5381,0,,
Gm5382,Gm5382,0,,
Gm5383,Gm5383,0,,
Gm5384,Gm5384,-0.0077,-2.4881,1.8914
Gm5385,Gm5385,0,,
Gm5386,Gm5386,0,,
Gm5387,Gm5387,0,,
Gm5388,Gm5388,0,,
Gm5389,Gm5389,0,,
Gm5390,Gm5390,0,,
Gm5391,Gm5391,-0.0209,-2.6647,2.1131
Gm5392,Gm5392,-0.0062,-1.7925,1.1363
Gm5393,Gm5393,0,,
Gm5394,Gm5394,0,,
Gm5395,Gm5395,0,,
Gm5396,Gm5396,0,,
Gm5397,Gm5397,0,,
Gm5398,Gm5398,0,,
Gm5400,Gm5400,0,,
Gm5401,Gm5401,0,,
Gm5402,Gm5402,0,,
Gm5403,Gm5403,0,,
Gm5405,Gm5405,0,,
Gm5406,Gm5406,0.0008,-0.5167,0.218
Gm5407,Gm5407,0,,
Gm5409,Gm5409,0,,
Gm5414,Gm5414,0,,
Gm5415,Gm5415,0,,
Gm5416,Gm5416,0,,
Gm5417,Gm5417,0,,
Gm5419,Gm5419,0,,
Gm5420,Gm5420,0,,
Gm5422,Gm5422,-0.0003,-1.3054,0.7172
Gm5423,Gm5423,0,,
Gm5424,Gm5424,-0.0026,-1.431,0.8169
Gm5428,Gm5428,0.0656,-0.6278,0.2756
Gm5431,Gm5431,-0.0211,-3.8849,3.9898
Gm5432,Gm5432,0,,
Gm5434,Gm5434,0,,
Gm5436,Gm5436,0.0255,-1.3475,0.75
Gm5444,Gm5444,0,,
Gm5446,Gm5446,0,,
Gm5447,Gm5447,0,,
Gm5449,Gm5449,-0.003,-0.5226,0.2209
Gm5451,Gm5451,0.049,-1.5141,0.8861
Gm5453,Gm5453,0.0282,0.3872,0.1558
Gm5454,Gm5454,0,,
Gm5455,Gm5455,0,,
Gm5456,Gm5456,0,,
Gm5457,Gm5457,0.0013,0.6927,0.3111
Gm5458,Gm5458,0.0017,0.6927,0.3111
Gm5459,Gm5459,0,,
Gm5460,Gm5460,0,,
Gm5464,Gm5464,-0.0069,-1.431,0.8169
Gm5465,Gm5465,0,,
Gm5466,Gm5466,0,,
Gm5468,Gm5468,0,,
Gm5471,Gm5471,-0.0069,-0.7425,0.3394
Gm5474,Gm5474,0.015,-1.437,0.8219
Gm5475,Gm5475,0,,
Gm5479,Gm5479,0,,
Gm5481,Gm5481,-0.0205,-3.2197,2.8916
Gm5483,Gm5483,0,,
Gm5490,Gm5490,0,,
Gm5494,Gm5494,0,,
Gm5499,Gm5499,0,,
Gm550,Gm550,0,,
Gm5501,Gm5501,0,,
Gm5506,Gm5506,-0.0173,-1.1724,0.6179
Gm5507,Gm5507,-0.0009,-1.2501,0.6751
Gm5510,Gm5510,0,,
Gm5512,Gm5512,0,,
Gm5513,Gm5513,0,,
Gm5514,Gm5514,-0.0125,-0.8308,0.3914
Gm5518,Gm5518,0.0186,-0.0278,0.0098
Gm5519,Gm5519,0,,
Gm5526,Gm5526,0.0065,0.6108,0.2665
Gm5528,Gm5528,0.0366,0.6882,0.3086
Gm5529,Gm5529,0.0029,0.9835,0.4876
Gm5530,Gm5530,0,,
Gm5531,Gm5531,0,,
Gm5532,Gm5532,0,,
Gm5533,Gm5533,0,,
Gm5535,Gm5535,0,,
Gm5537,Gm5537,0,,
Gm5538,Gm5538,0,,
Gm5540,Gm5540,0,,
Gm5544,Gm5544,0,,
Gm5546,Gm5546,0,,
Gm5548,Gm5548,0,,
Gm5549,Gm5549,0,,
Gm5551,Gm5551,-0.0009,-1.431,0.8169
Gm5555,Gm5555,0,,
Gm5559,Gm5559,-0.1861,-4.7371,5.664
Gm5560,Gm5560,-0.0131,-1.3845,0.7794
Gm5561,Gm5561,0.1764,0.3959,0.1598
Gm5564,Gm5564,0,,
Gm5566,Gm5566,0.0127,1.0471,0.5301
Gm5567,Gm5567,0,,
Gm5570,Gm5570,0,,
Gm5576,Gm5576,-0.0086,-1.3091,0.7201
Gm5577,Gm5577,0,,
Gm5578,Gm5578,0.0207,1.5623,0.9274
Gm5580,Gm5580,0,,
Gm5581,Gm5581,0,,
Gm5582,Gm5582,0,,
Gm5583,Gm5583,0,,
Gm5590,Gm5590,0,,
Gm5591,Gm5591,0,,
Gm5592,Gm5592,0,,
Gm5593,Gm5593,0,,
Gm5594,Gm5594,0,,
Gm5595,Gm5595,-0.0031,-0.5167,0.218
Gm5600,Gm5600,0,,
Gm5601,Gm5601,-0.0662,-4.0205,4.2361
Gm5602,Gm5602,-0.0017,-1.431,0.8169
Gm5607,Gm5607,0,,
Gm561,Gm561,-0.0816,-4.2248,4.6213
Gm5611,Gm5611,0.0375,0.161,0.0594
Gm5612,Gm5612,0,,
Gm5614,Gm5614,0.0289,0.494,0.2067
Gm5615,Gm5615,0,,
Gm5616,Gm5616,-0.0069,-1.431,0.8169
Gm5617,Gm5617,-0.0314,-5.1167,6.5074
Gm5619,Gm5619,0,,
Gm5620,Gm5620,0.0115,0.2413,0.0919
Gm5621,Gm5621,0.0241,-0.0167,0.0058
Gm5622,Gm5622,0,,
Gm5623,Gm5623,0.0128,0.3328,0.1312
Gm5624,Gm5624,0,,
Gm5633,Gm5633,0,,
Gm5634,Gm5634,0,,
Gm5635,Gm5635,0,,
Gm5637,Gm5637,0.0112,1.3956,0.7883
Gm5638,Gm5638,0,,
Gm5639,Gm5639,0,,
Gm5640,Gm5640,0,,
Gm5641,Gm5641,0,,
Gm5642,Gm5642,0,,
Gm5643,Gm5643,0,,
Gm5644,Gm5644,0.0418,-1.4757,0.8538
Gm5645,Gm5645,0,,
Gm5646,Gm5646,0,,
Gm5647,Gm5647,0,,
Gm5648,Gm5648,0,,
Gm5656,Gm5656,0,,
Gm5662,Gm5662,0,,
Gm5665,Gm5665,0,,
Gm5670,Gm5670,0,,
Gm5678,Gm5678,0.0058,0.6927,0.3111
Gm568,Gm568,0,,
Gm5682,Gm5682,0,,
Gm5687,Gm5687,0.0072,-0.285,0.1103
Gm5689,Gm5689,-0.0034,-1.431,0.8169
Gm5697,Gm5697,0.0006,-0.7363,0.3358
Gm5698,Gm5698,0,,
Gm5699,Gm5699,0,,
Gm5705,Gm5705,0,,
Gm5708,Gm5708,0,,
Gm572,Gm572,0,,
Gm5721,Gm5721,0,,
Gm5724,Gm5724,0,,
Gm5725,Gm5725,0,,
Gm5726,Gm5726,0,,
Gm5728,Gm5728,0,,
Gm5742,Gm5742,0,,
Gm5745,Gm5745,-0.0027,-1.2998,0.7129
Gm5751,Gm5751,0,,
Gm5752,Gm5752,0,,
Gm5753,Gm5753,0,,
Gm5754,Gm5754,0,,
Gm5755,Gm5755,0,,
Gm5757,Gm5757,0,,
Gm5759,Gm5759,0,,
Gm5760,Gm5760,0,,
Gm5761,Gm5761,0,,
Gm5762,Gm5762,0,,
Gm5763,Gm5763,0,,
Gm5764,Gm5764,0.0011,-1.2501,0.6751
Gm5766,Gm5766,0,,
Gm5770,Gm5770,0,,
Gm5771,Gm5771,0,,
Gm5773,Gm5773,0,,
Gm5776,Gm5776,0.0144,-1.8523,1.194
Gm5778,Gm5778,-0.0103,-2.0286,1.3716
Gm5784,Gm5784,0,,
Gm5786,Gm5786,0.0116,0.9835,0.4876
Gm5792,Gm5792,0,,
Gm5793,Gm5793,0,,
Gm5795,Gm5795,0,,
Gm5796,Gm5796,0,,
Gm5797,Gm5797,0,,
Gm5798,Gm5798,0,,
Gm5799,Gm5799,0,,
Gm5800,Gm5800,0,,
Gm5801,Gm5801,-0.0043,-1.431,0.8169
Gm5803,Gm5803,0,,
Gm5805,Gm5805,0.3299,1.731,1.0786
Gm5806,Gm5806,-0.0009,-1.431,0.8169
Gm5809,Gm5809,0,,
Gm5812,Gm5812,-0.0142,-2.3553,1.7327
Gm5815,Gm5815,0,,
Gm5819,Gm5819,0,,
Gm5822,Gm5822,0.0015,-0.0216,0.0075
Gm5828,Gm5828,0.01,1.2069,0.6431
Gm5829,Gm5829,-0.0002,-1.2501,0.6751
Gm5830,Gm5830,0,,
Gm5832,Gm5832,0,,
Gm5834,Gm5834,0,,
Gm5843,Gm5843,0,,
Gm5844,Gm5844,0.0281,-0.337,0.1331
Gm5848,Gm5848,0.011,-0.4353,0.1783
Gm5852,Gm5852,0,,
Gm5859,Gm5859,0,,
Gm5860,Gm5860,0,,
Gm5861,Gm5861,0,,
Gm5862,Gm5862,0,,
Gm5863,Gm5863,-0.0158,-2.1923,1.5473
Gm5867,Gm5867,0.0008,-0.5167,0.218
Gm5868,Gm5868,0,,
Gm5870,Gm5870,0.0199,1.3956,0.7883
Gm5874,Gm5874,0,,
Gm5878,Gm5878,0,,
Gm5879,Gm5879,0.0421,-2.2163,1.574
Gm5883,Gm5883,-0.0108,-2.195,1.5503
Gm5884,Gm5884,-0.0026,-1.431,0.8169
Gm5887,Gm5887,0,,
Gm5890,Gm5890,0,,
Gm5891,Gm5891,0,,
Gm5893,Gm5893,0,,
Gm5895,Gm5895,0,,
Gm5897,Gm5897,0,,
Gm5898,Gm5898,0.0294,0.2064,0.0776
Gm5900,Gm5900,-0.0009,-1.431,0.8169
Gm5901,Gm5901,0,,
Gm5903,Gm5903,0,,
Gm5908,Gm5908,0.0196,0.2806,0.1085
Gm5909,Gm5909,-0.0003,0.2271,0.086
Gm5912,Gm5912,0,,
Gm5913,Gm5913,0,,
Gm5915,Gm5915,-0.0013,-1.2501,0.6751
Gm5916,Gm5916,0,,
Gm5918,Gm5918,0.009,-0.8933,0.4298
Gm5919,Gm5919,0,,
Gm5921,Gm5921,0.0903,0.3892,0.1567
Gm5924,Gm5924,0,,
Gm5925,Gm5925,0,,
Gm5926,Gm5926,0,,
Gm5929,Gm5929,0,,
Gm5930,Gm5930,0,,
Gm5931,Gm5931,0,,
Gm5934,Gm5934,0.0008,0.6927,0.3111
Gm5935,Gm5935,0,,
Gm5936,Gm5936,0,,
Gm5937,Gm5937,0,,
Gm5938,Gm5938,0,,
Gm5939,Gm5939,0.0029,0.6927,0.3111
Gm5940,Gm5940,0,,
Gm5941,Gm5941,0,,
Gm5942,Gm5942,-0.0103,-0.5226,0.2209
Gm5943,Gm5943,0,,
Gm5944,Gm5944,0.003,-2.1808,1.5347
Gm5946,Gm5946,-0.0017,-1.431,0.8169
Gm5947,Gm5947,0,,
Gm595,Gm595,0,,
Gm5958,Gm5958,0,,
Gm5959,Gm5959,0,,
Gm5963,Gm5963,0.3132,0.9824,0.4869
Gm5965,Gm5965,0,,
Gm5967,Gm5967,0,,
Gm597,Gm597,0,,
Gm5970,Gm5970,0,,
Gm5972,Gm5972,0,,
Gm5989,Gm5989,0,,
Gm600,Gm600,0,,
Gm6003,Gm6003,0,,
Gm6004,Gm6004,0,,
Gm6019,Gm6019,0,,
Gm6020,Gm6020,0,,
Gm6023,Gm6023,0.1524,-0.2461,0.0939
Gm6024,Gm6024,0,,
Gm6025,Gm6025,0,,
Gm6026,Gm6026,0,,
Gm6027,Gm6027,0,,
Gm6030,Gm6030,0.1574,-1.0594,0.5384
Gm6031,Gm6031,0,,
Gm6034,Gm6034,0,,
Gm6036,Gm6036,0,,
Gm6038,Gm6038,0,,
Gm6039,Gm6039,0.0047,-1.038,0.5239
Gm6040,Gm6040,0,,
Gm6043,Gm6043,0.0004,0.6927,0.3111
Gm6044,Gm6044,0.0029,0.6927,0.3111
Gm6047,Gm6047,0,,
Gm6054,Gm6054,0.0009,-1.3703,0.768
Gm6055,Gm6055,0.015,-2.5596,1.9797
Gm6058,Gm6058,0,,
Gm606,Gm606,0,,
Gm6062,Gm6062,-0.0116,-1.8075,1.1506
Gm6065,Gm6065,0.004,0.3286,0.1293
Gm6067,Gm6067,0,,
Gm6071,Gm6071,-0.0015,-1.7679,1.1131
Gm6079,Gm6079,0,,
Gm608,Gm608,-0.0165,-2.8156,2.3125
Gm6081,Gm6081,0,,
Gm6083,Gm6083,0,,
Gm6084,Gm6084,0,,
Gm6086,Gm6086,0,,
Gm6088,Gm6088,0.0033,0.6927,0.3111
Gm609,Gm609,0,,
Gm6091,Gm6091,0,,
Gm6092,Gm6092,0,,
Gm6096,Gm6096,-0.0023,-0.5167,0.218
Gm6097,Gm6097,-0.0038,-2.1127,1.4606
Gm6104,Gm6104,0,,
Gm6109,Gm6109,0.0046,-0.0467,0.0165
Gm6113,Gm6113,0,,
Gm6116,Gm6116,0,,
Gm6117,Gm6117,0,,
Gm6121,Gm6121,0,,
Gm6128,Gm6128,0,,
Gm6132,Gm6132,0.0084,-1.2942,0.7086
Gm6133,Gm6133,0.0286,-0.4291,0.1753
Gm6134,Gm6134,-0.0108,-1.2805,0.6981
Gm6136,Gm6136,0.1019,-0.9957,0.4957
Gm6139,Gm6139,0,,
Gm614,Gm614,0,,
Gm6141,Gm6141,0,,
Gm6142,Gm6142,-0.0324,-1.1715,0.6172
Gm6152,Gm6152,0,,
Gm6153,Gm6153,0.0067,0.6927,0.3111
Gm6155,Gm6155,0.0293,-2.3204,1.6921
Gm6158,Gm6158,0.0021,0.6927,0.3111
Gm6161,Gm6161,0,,
Gm6164,Gm6164,0,,
Gm6166,Gm6166,-0.1171,-8.0961,15.246
Gm6168,Gm6168,0,,
Gm6169,Gm6169,-0.02,-2.4825,1.8845
Gm6175,Gm6175,0,,
Gm6176,Gm6176,0,,
Gm6177,Gm6177,0.0017,-0.8984,0.433
Gm6180,Gm6180,0.0016,-0.0168,0.0059
Gm6181,Gm6181,-0.0142,-1.3035,0.7158
Gm6182,Gm6182,0,,
Gm6184,Gm6184,0,,
Gm6189,Gm6189,0,,
Gm6190,Gm6190,0,,
Gm6195,Gm6195,0,,
Gm6202,Gm6202,0.1359,-1.591,0.9523
Gm6205,Gm6205,0,,
Gm6206,Gm6206,0.0054,0.9835,0.4876
Gm6207,Gm6207,0,,
Gm6211,Gm6211,0,,
Gm6215,Gm6215,-0.0017,-1.431,0.8169
Gm6219,Gm6219,0,,
Gm6221,Gm6221,0,,
Gm6222,Gm6222,-0.0057,-1.8012,1.1447
Gm6225,Gm6225,0,,
Gm6226,Gm6226,0,,
Gm6228,Gm6228,0,,
Gm6238,Gm6238,-0.0043,-1.431,0.8169
Gm6245,Gm6245,0,,
Gm6252,Gm6252,0.264,0.2984,0.1161
Gm6253,Gm6253,0,,
Gm6254,Gm6254,0.0075,0.6927,0.3111
Gm6257,Gm6257,-0.0022,-0.5226,0.2209
Gm626,Gm626,0,,
Gm6263,Gm6263,0,,
Gm6264,Gm6264,0,,
Gm6265,Gm6265,0.0994,0.116,0.0421
Gm6268,Gm6268,0,,
Gm6269,Gm6269,0,,
Gm6270,Gm6270,0,,
Gm6272,Gm6272,0.1008,0.636,0.28
Gm6274,Gm6274,-0.0021,-1.4353,0.8204
Gm6275,Gm6275,0,,
Gm6276,Gm6276,0,,
Gm6277,Gm6277,0.0112,0.9835,0.4876
Gm628,Gm628,0,,
Gm6280,Gm6280,0,,
Gm6285,Gm6285,0.0123,-0.9701,0.4789
Gm6286,Gm6286,0.0173,-1.1953,0.6346
Gm6288,Gm6288,0,,
Gm6289,Gm6289,0,,
Gm6292,Gm6292,0,,
Gm6293,Gm6293,0.0033,-0.0192,0.0067
Gm6297,Gm6297,0,,
Gm6298,Gm6298,-0.006,-1.431,0.8169
Gm6304,Gm6304,0.0053,-1.2501,0.6751
Gm6305,Gm6305,-0.0026,-1.431,0.8169
Gm6309,Gm6309,0,,
Gm6310,Gm6310,0,,
Gm6311,Gm6311,0.0191,-2.2498,1.6116
Gm6313,Gm6313,0,,
Gm6316,Gm6316,0.0003,-0.5167,0.218
Gm6320,Gm6320,0,,
Gm6322,Gm6322,0,,
Gm6325,Gm6325,0,,
Gm6327,Gm6327,0,,
Gm6335,Gm6335,-0.0018,-0.5167,0.218
Gm6337,Gm6337,0,,
Gm6341,Gm6341,0.012,-0.4724,0.1961
Gm6344,Gm6344,0.0153,0.8474,0.4014
Gm6346,Gm6346,0,,
Gm6351,Gm6351,0,,
Gm6356,Gm6356,0,,
Gm6358,Gm6358,0,,
Gm6361,Gm6361,0,,
Gm6363,Gm6363,0.0037,-0.5167,0.218
Gm6365,Gm6365,0,,
Gm6367,Gm6367,0,,
Gm6368,Gm6368,0.0349,-0.8852,0.4248
Gm6369,Gm6369,0,,
Gm6370,Gm6370,0,,
Gm6373,Gm6373,0,,
Gm6374,Gm6374,0.0062,0.6927,0.3111
Gm6377,Gm6377,-0.0066,-1.7815,1.126
Gm6378,Gm6378,0.0001,-0.5693,0.2447
Gm6382,Gm6382,0.0021,0.9835,0.4876
Gm6395,Gm6395,0.005,0.9835,0.4876
Gm6396,Gm6396,0,,
Gm6397,Gm6397,0,,
Gm6401,Gm6401,0,,
Gm6404,Gm6404,-0.0077,-1.431,0.8169
Gm6406,Gm6406,0,,
Gm6410,Gm6410,0,,
Gm6415,Gm6415,0.1089,-0.6661,0.2964
Gm6418,Gm6418,0,,
Gm6419,Gm6419,0.0108,0.6927,0.3111
Gm6420,Gm6420,0,,
Gm6421,Gm6421,0.0086,-1.2501,0.6751
Gm6425,Gm6425,0,,
Gm6427,Gm6427,0,,
Gm6428,Gm6428,0,,
Gm6429,Gm6429,-0.0086,-1.431,0.8169
Gm6430,Gm6430,0.0082,0.3286,0.1293
Gm6433,Gm6433,0.0052,-0.3408,0.1347
Gm6434,Gm6434,-0.006,-2.0286,1.3716
Gm6435,Gm6435,0,,
Gm6441,Gm6441,-0.0031,0.1694,0.0627
Gm6444,Gm6444,-0.0262,-2.7826,2.2681
Gm6446,Gm6446,0,,
Gm6447,Gm6447,0,,
Gm6450,Gm6450,0.0098,-1.6181,0.9762
Gm6451,Gm6451,-0.0029,-1.5419,0.9098
Gm6455,Gm6455,0,,
Gm6457,Gm6457,0.0102,-0.2207,0.0834
Gm6460,Gm6460,0,,
Gm6461,Gm6461,0,,
Gm6462,Gm6462,0,,
Gm6465,Gm6465,0,,
Gm6467,Gm6467,0.0068,-1.445,0.8284
Gm6468,Gm6468,0,,
Gm6471,Gm6471,0,,
Gm6476,Gm6476,0.0026,-1.9767,1.3181
Gm6478,Gm6478,0,,
Gm648,Gm648,0,,
Gm6480,Gm6480,0,,
Gm6482,Gm6482,0,,
Gm6483,Gm6483,-0.026,-4.1443,4.4674
Gm6484,Gm6484,0,,
Gm6485,Gm6485,0,,
Gm6486,Gm6486,0,,
Gm649,Gm649,0,,
Gm6490,Gm6490,0,,
Gm6491,Gm6491,0,,
Gm6493,Gm6493,-0.0077,-1.431,0.8169
Gm6494,Gm6494,0,,
Gm6498,Gm6498,-0.0017,-1.431,0.8169
Gm650,Gm650,0,,
Gm6500,Gm6500,0,,
Gm6502,Gm6502,0,,
Gm6505,Gm6505,-0.0037,-1.3703,0.768
Gm6506,Gm6506,0.0013,0.6927,0.3111
Gm6507,Gm6507,0,,
Gm6509,Gm6509,0,,
Gm6517,Gm6517,0,,
Gm6525,Gm6525,0.0223,1.5623,0.9274
Gm6526,Gm6526,0,,
Gm6531,Gm6531,0.0008,-0.0168,0.0059
Gm6536,Gm6536,0,,
Gm6539,Gm6539,0,,
Gm6541,Gm6541,0,,
Gm6542,Gm6542,-0.0124,-2.2981,1.6665
Gm6543,Gm6543,-0.0194,-2.826,2.3267
Gm6548,Gm6548,0.0108,1.3956,0.7883
Gm6551,Gm6551,0,,
Gm6553,Gm6553,0,,
Gm6557,Gm6557,0,,
Gm6563,Gm6563,0.0112,-0.7329,0.3339
Gm6564,Gm6564,0.0364,-0.0148,0.0051
Gm6565,Gm6565,0.0007,-0.0216,0.0075
Gm6568,Gm6568,-0.0017,-1.431,0.8169
Gm6569,Gm6569,0,,
Gm6570,Gm6570,0.0336,-0.0139,0.0049
Gm6571,Gm6571,0,,
Gm6574,Gm6574,0,,
Gm6576,Gm6576,0.0071,-1.3672,0.7655
Gm6578,Gm6578,-0.0094,-2.4881,1.8914
Gm6580,Gm6580,0,,
Gm6583,Gm6583,-0.0009,-1.431,0.8169
Gm6584,Gm6584,0,,
Gm6586,Gm6586,0,,
Gm6587,Gm6587,0,,
Gm6588,Gm6588,0,,
Gm6591,Gm6591,0,,
Gm6592,Gm6592,0,,
Gm6594,Gm6594,0,,
Gm6604,Gm6604,0,,
Gm6611,Gm6611,0,,
Gm6612,Gm6612,-0.0026,-0.5226,0.2209
Gm6613,Gm6613,0.0245,-0.1786,0.0664
Gm6614,Gm6614,0,,
Gm6616,Gm6616,0.0379,1.8528,1.1945
Gm6619,Gm6619,0,,
Gm6620,Gm6620,0,,
Gm6623,Gm6623,0,,
Gm6630,Gm6630,-0.0031,-0.5167,0.218
Gm6633,Gm6633,0,,
Gm6634,Gm6634,0,,
Gm6635,Gm6635,0.0086,0.6126,0.2675
Gm6640,Gm6640,-0.0009,-1.431,0.8169
Gm6644,Gm6644,0.0478,-0.3337,0.1316
Gm6645,Gm6645,0,,
Gm6646,Gm6646,0.005,0.6927,0.3111
Gm6647,Gm6647,0,,
Gm6650,Gm6650,0,,
Gm6654,Gm6654,0.0043,-0.8933,0.4298
Gm6657,Gm6657,0,,
Gm6658,Gm6658,0,,
Gm6659,Gm6659,0,,
Gm6660,Gm6660,0,,
Gm6662,Gm6662,0,,
Gm6664,Gm6664,0,,
Gm6665,Gm6665,0,,
Gm6666,Gm6666,0,,
Gm6669,Gm6669,0,,
Gm6673,Gm6673,0,,
Gm6676,Gm6676,0,,
Gm6682,Gm6682,0,,
Gm6684,Gm6684,0,,
Gm6685,Gm6685,0,,
Gm6689,Gm6689,0.0036,0.3286,0.1293
Gm6696,Gm6696,0,,
Gm6706,Gm6706,0,,
Gm6710,Gm6710,-0.0031,-1.2501,0.6751
Gm6712,Gm6712,0,,
Gm6713,Gm6713,0,,
Gm6721,Gm6721,0,,
Gm6723,Gm6723,0,,
Gm6724,Gm6724,-0.0017,-1.431,0.8169
Gm6726,Gm6726,-0.0017,-1.431,0.8169
Gm6728,Gm6728,0.0017,0.6927,0.3111
Gm6729,Gm6729,0,,
Gm6733,Gm6733,-0.0127,-0.0408,0.0144
Gm6736,Gm6736,0,,
Gm6740,Gm6740,0,,
Gm6741,Gm6741,0,,
Gm6743,Gm6743,0,,
Gm6744,Gm6744,0,,
Gm6746,Gm6746,0,,
Gm6749,Gm6749,0,,
Gm6754,Gm6754,0,,
Gm6755,Gm6755,0,,
Gm6756,Gm6756,0,,
Gm6758,Gm6758,0.0016,-0.5167,0.218
Gm6760,Gm6760,0,,
Gm6762,Gm6762,0.0021,0.6927,0.3111
Gm6763,Gm6763,0,,
Gm6767,Gm6767,0.0098,-1.3672,0.7655
Gm6768,Gm6768,0.0062,0.6927,0.3111
Gm6772,Gm6772,0,,
Gm6776,Gm6776,0,,
Gm6781,Gm6781,0,,
Gm6783,Gm6783,0,,
Gm6787,Gm6787,0,,
Gm6788,Gm6788,0,,
Gm6790,Gm6790,0.0846,1.2314,0.6612
Gm6792,Gm6792,0,,
Gm6793,Gm6793,0.0037,0.6927,0.3111
Gm6797,Gm6797,0,,
Gm6798,Gm6798,0,,
Gm6802,Gm6802,0,,
Gm6803,Gm6803,0,,
Gm6804,Gm6804,0,,
Gm6806,Gm6806,0,,
Gm6807,Gm6807,0.0169,-3.1434,2.7773
Gm6808,Gm6808,-0.0188,-2.4881,1.8914
Gm6811,Gm6811,0,,
Gm6812,Gm6812,0,,
Gm6816,Gm6816,0,,
Gm6821,Gm6821,0,,
Gm6822,Gm6822,0.0042,0.9835,0.4876
Gm6823,Gm6823,-0.0064,-1.4603,0.841
Gm6826,Gm6826,0,,
Gm6829,Gm6829,0,,
Gm6834,Gm6834,0.0371,0.5418,0.2306
Gm684,Gm684,0,,
Gm6843,Gm6843,0.0091,1.3956,0.7883
Gm6846,Gm6846,0,,
Gm6851,Gm6851,0.0211,-0.0157,0.0055
Gm6863,Gm6863,0.0469,-2.0452,1.389
Gm6871,Gm6871,0,,
Gm6872,Gm6872,0,,
Gm6877,Gm6877,0,,
Gm6878,Gm6878,0,,
Gm6880,Gm6880,0,,
Gm6881,Gm6881,0,,
Gm6882,Gm6882,0,,
Gm6884,Gm6884,0,,
Gm6887,Gm6887,0.0025,0.6927,0.3111
Gm6890,Gm6890,0,,
Gm6893,Gm6893,0,,
Gm6897,Gm6897,0,,
Gm6899,Gm6899,0,,
Gm6900,Gm6900,-0.0154,-2.2394,1.5998
Gm6901,Gm6901,0,,
Gm6902,Gm6902,0,,
Gm6903,Gm6903,0,,
Gm6904,Gm6904,0.0108,-0.5167,0.218
Gm6905,Gm6905,0.0028,-1.4307,0.8167
Gm6907,Gm6907,0,,
Gm6910,Gm6910,0,,
Gm6912,Gm6912,0,,
Gm6913,Gm6913,0.0032,0.3286,0.1293
Gm6917,Gm6917,0.0025,0.6927,0.3111
Gm6918,Gm6918,0,,
Gm6919,Gm6919,0.005,-0.5167,0.218
Gm6921,Gm6921,-0.0017,-1.431,0.8169
Gm6923,Gm6923,0,,
Gm6927,Gm6927,0,,
Gm6938,Gm6938,0,,
Gm6939,Gm6939,0,,
Gm694,Gm694,0,,
Gm6941,Gm6941,0,,
Gm6950,Gm6950,0,,
Gm6952,Gm6952,0,,
Gm6954,Gm6954,0,,
Gm6956,Gm6956,0,,
Gm6960,Gm6960,0,,
Gm6963,Gm6963,0,,
Gm6964,Gm6964,0,,
Gm6969,Gm6969,0.0443,-0.7281,0.3311
Gm6970,Gm6970,0,,
Gm6973,Gm6973,0,,
Gm6977,Gm6977,-0.0163,-2.4558,1.8521
Gm6981,Gm6981,0.005,0.6927,0.3111
Gm6982,Gm6982,0,,
Gm6984,Gm6984,0.0008,-2.5603,1.9806
Gm6985,Gm6985,0,,
Gm6987,Gm6987,-0.0039,-0.5226,0.2209
Gm6990,Gm6990,0,,
Gm6994,Gm6994,0,,
Gm6996,Gm6996,0,,
Gm6999,Gm6999,0,,
Gm70,Gm70,0,,
Gm7005,Gm7005,0,,
Gm7008,Gm7008,0,,
Gm7023,Gm7023,0,,
Gm7027,Gm7027,0.0461,0.8651,0.4123
Gm7029,Gm7029,0,,
Gm7030,Gm7030,0,,
Gm7031,Gm7031,0,,
Gm7052,Gm7052,0,,
Gm7058,Gm7058,0,,
Gm7061,Gm7061,0,,
Gm7071,Gm7071,0,,
Gm7073,Gm7073,0,,
Gm7075,Gm7075,0,,
Gm7076,Gm7076,0,,
Gm7079,Gm7079,0.4247,2.0128,1.3553
Gm7084,Gm7084,0,,
Gm7091,Gm7091,0.0046,-0.7455,0.341
Gm7092,Gm7092,0,,
Gm7094,Gm7094,0,,
Gm7097,Gm7097,0,,
Gm7099,Gm7099,-0.0009,-1.431,0.8169
Gm7102,Gm7102,0,,
Gm7103,Gm7103,0,,
Gm7108,Gm7108,-0.0022,-0.5226,0.2209
Gm711,Gm711,0,,
Gm7110,Gm7110,0,,
Gm7112,Gm7112,0,,
Gm7113,Gm7113,0,,
Gm7117,Gm7117,0.0263,0.5624,0.2412
Gm7120,Gm7120,0,,
Gm7123,Gm7123,0.0219,-0.0195,0.0068
Gm7124,Gm7124,0,,
Gm7125,Gm7125,0.0021,0.6927,0.3111
Gm7129,Gm7129,-0.0196,-2.4881,1.8914
Gm7134,Gm7134,0,,
Gm7137,Gm7137,0,,
Gm7138,Gm7138,0,,
Gm7146,Gm7146,0,,
Gm7147,Gm7147,0,,
Gm7148,Gm7148,0,,
Gm715,Gm715,0,,
Gm7150,Gm7150,0,,
Gm7152,Gm7152,0,,
Gm7153,Gm7153,0,,
Gm7155,Gm7155,0,,
Gm7157,Gm7157,0,,
Gm7158,Gm7158,0,,
Gm7162,Gm7162,0,,
Gm7164,Gm7164,0,,
Gm7168,Gm7168,0,,
Gm7173,Gm7173,0,,
Gm7175,Gm7175,0,,
Gm7177,Gm7177,0,,
Gm7180,Gm7180,0,,
Gm7189,Gm7189,0,,
Gm7190,Gm7190,0,,
Gm7199,Gm7199,0,,
Gm7204,Gm7204,0.0084,0.2381,0.0906
Gm7205,Gm7205,0,,
Gm7206,Gm7206,-0.0166,-2.9923,2.5577
Gm7209,Gm7209,-0.006,-2.0286,1.3716
Gm7211,Gm7211,0,,
Gm7212,Gm7212,0,,
Gm7219,Gm7219,0,,
Gm7221,Gm7221,0,,
Gm7222,Gm7222,0,,
Gm7224,Gm7224,0,,
Gm7230,Gm7230,0,,
Gm7233,Gm7233,0,,
Gm7235,Gm7235,0,,
Gm7236,Gm7236,-0.0154,-1.8116,1.1546
Gm7237,Gm7237,0,,
Gm7241,Gm7241,0,,
Gm7244,Gm7244,0,,
Gm7247,Gm7247,0,,
Gm725,Gm725,0,,
Gm7251,Gm7251,0.0021,0.6927,0.3111
Gm7257,Gm7257,0,,
Gm7263,Gm7263,0.0006,-0.8984,0.433
Gm7271,Gm7271,0,,
Gm7275,Gm7275,0,,
Gm7276,Gm7276,0,,
Gm7278,Gm7278,0,,
Gm7281,Gm7281,0.0033,0.6927,0.3111
Gm7284,Gm7284,0,,
Gm7289,Gm7289,-0.0023,-0.0216,0.0075
Gm7290,Gm7290,0.2475,1.653,1.0073
Gm7292,Gm7292,-0.0017,-1.431,0.8169
Gm7293,Gm7293,-0.0131,-2.1779,1.5314
Gm7308,Gm7308,0.0023,-0.2864,0.111
Gm7309,Gm7309,0,,
Gm7312,Gm7312,0.0191,1.3956,0.7883
Gm7316,Gm7316,0,,
Gm732,Gm732,0,,
Gm7324,Gm7324,0.0059,-1.3652,0.764
Gm7325,Gm7325,0,,
Gm7327,Gm7327,0.0046,0.6927,0.3111
Gm7331,Gm7331,0.2215,0.9518,0.467
Gm7332,Gm7332,-0.0099,-1.7747,1.1195
Gm7334,Gm7334,0.0049,-0.0255,0.0089
Gm7335,Gm7335,-0.0026,-1.431,0.8169
Gm7336,Gm7336,-0.1057,-6.0034,8.714
Gm7337,Gm7337,0,,
Gm7340,Gm7340,0,,
Gm7346,Gm7346,0,,
Gm7347,Gm7347,0,,
Gm7349,Gm7349,0,,
Gm7350,Gm7350,0,,
Gm7352,Gm7352,0,,
Gm7353,Gm7353,0.0029,0.9835,0.4876
Gm7354,Gm7354,0,,
Gm7356,Gm7356,0,,
Gm7358,Gm7358,0,,
Gm7360,Gm7360,0,,
Gm7361,Gm7361,-0.0017,-1.431,0.8169
Gm7363,Gm7363,0.0392,-2.4863,1.8891
Gm7365,Gm7365,0,,
Gm7367,Gm7367,0,,
Gm7375,Gm7375,0,,
Gm7381,Gm7381,0,,
Gm7386,Gm7386,0,,
Gm7391,Gm7391,0,,
Gm7398,Gm7398,0,,
Gm7399,Gm7399,0.0013,0.6927,0.3111
Gm7405,Gm7405,0,,
Gm7408,Gm7408,0,,
Gm7415,Gm7415,0,,
Gm7416,Gm7416,0,,
Gm7418,Gm7418,-0.0073,-1.7815,1.126
Gm7420,Gm7420,0,,
Gm7421,Gm7421,0,,
Gm7429,Gm7429,0.0131,-0.7329,0.3339
Gm7437,Gm7437,0,,
Gm7438,Gm7438,0,,
Gm7452,Gm7452,0.0017,0.6927,0.3111
Gm7457,Gm7457,0,,
Gm7461,Gm7461,0,,
Gm7485,Gm7485,0,,
Gm7488,Gm7488,-0.0065,-0.5226,0.2209
Gm7489,Gm7489,0,,
Gm749,Gm749,0,,
Gm7493,Gm7493,0,,
Gm7494,Gm7494,0,,
Gm7502,Gm7502,0.0046,0.9835,0.4876
Gm7518,Gm7518,0,,
Gm7534,Gm7534,0,,
Gm7535,Gm7535,0.0069,-0.0255,0.0089
Gm7536,Gm7536,0.1137,-0.2128,0.0802
Gm7541,Gm7541,0,,
Gm7546,Gm7546,0,,
Gm7551,Gm7551,0,,
Gm7555,Gm7555,0.0013,-0.8967,0.432
Gm7567,Gm7567,0.0366,-0.1352,0.0494
Gm7568,Gm7568,0,,
Gm757,Gm757,0,,
Gm7571,Gm7571,0,,
Gm7579,Gm7579,0,,
Gm7580,Gm7580,0,,
Gm7582,Gm7582,0,,
Gm7586,Gm7586,0,,
Gm7589,Gm7589,-0.0001,-1.0958,0.5636
Gm7590,Gm7590,0,,
Gm7592,Gm7592,0,,
Gm7598,Gm7598,-0.0154,-1.431,0.8169
Gm7599,Gm7599,0,,
Gm7601,Gm7601,0,,
Gm7609,Gm7609,0,,
Gm7613,Gm7613,0,,
Gm7616,Gm7616,0,,
Gm7618,Gm7618,0.0212,-1.1307,0.5881
Gm7628,Gm7628,0,,
Gm7638,Gm7638,0,,
Gm7643,Gm7643,0,,
Gm7647,Gm7647,0,,
Gm765,Gm765,0,,
Gm7651,Gm7651,0,,
Gm7657,Gm7657,0,,
Gm7658,Gm7658,0.0961,-0.4663,0.1932
Gm766,Gm766,0,,
Gm7664,Gm7664,0,,
Gm7665,Gm7665,0,,
Gm7666,Gm7666,0.0147,-0.8726,0.417
Gm7670,Gm7670,0.0277,-0.1987,0.0744
Gm7671,Gm7671,0,,
Gm7676,Gm7676,0,,
Gm7677,Gm7677,0,,
Gm7682,Gm7682,0,,
Gm7689,Gm7689,0.0078,0.3328,0.1312
Gm7694,Gm7694,0,,
Gm7696,Gm7696,0,,
Gm7697,Gm7697,0,,
Gm7698,Gm7698,0,,
Gm7700,Gm7700,0,,
Gm7701,Gm7701,0,,
Gm7704,Gm7704,0,,
Gm7707,Gm7707,0,,
Gm7711,Gm7711,0,,
Gm7713,Gm7713,0,,
Gm7714,Gm7714,0,,
Gm7722,Gm7722,0.0288,-0.7343,0.3347
Gm7729,Gm7729,0,,
Gm773,Gm773,0,,
Gm7731,Gm7731,0,,
Gm7732,Gm7732,0,,
Gm7735,Gm7735,0,,
Gm7736,Gm7736,0,,
Gm7742,Gm7742,0,,
Gm7746,Gm7746,0,,
Gm7749,Gm7749,0.0054,0.6927,0.3111
Gm7781,Gm7781,0,,
Gm7782,Gm7782,0,,
Gm7785,Gm7785,0,,
Gm7790,Gm7790,0,,
Gm7792,Gm7792,0,,
Gm7799,Gm7799,0.0354,1.0399,0.5252
Gm7803,Gm7803,0,,
Gm7805,Gm7805,0,,
Gm7808,Gm7808,0.0324,0.5376,0.2285
Gm7809,Gm7809,0.0038,-0.8967,0.432
Gm7816,Gm7816,0.0021,0.6927,0.3111
Gm7819,Gm7819,0,,
Gm7820,Gm7820,0,,
Gm7821,Gm7821,0,,
Gm7822,Gm7822,0,,
Gm7823,Gm7823,0,,
Gm7831,Gm7831,0.0039,-0.0216,0.0075
Gm7834,Gm7834,0,,
Gm7840,Gm7840,0,,
Gm7841,Gm7841,0,,
Gm7846,Gm7846,0.004,-0.0168,0.0059
Gm7847,Gm7847,-0.0007,-1.7679,1.1131
Gm7849,Gm7849,0,,
Gm7850,Gm7850,0,,
Gm7851,Gm7851,0,,
Gm7853,Gm7853,0,,
Gm7854,Gm7854,0,,
Gm7855,Gm7855,0,,
Gm7856,Gm7856,0,,
Gm7857,Gm7857,-0.0043,-1.2597,0.6824
Gm7860,Gm7860,0.0157,-0.0168,0.0059
Gm7861,Gm7861,0,,
Gm7862,Gm7862,0.0305,1.8528,1.1945
Gm7866,Gm7866,-0.0024,-1.626,0.9832
Gm7869,Gm7869,0,,
Gm7873,Gm7873,0,,
Gm7876,Gm7876,0,,
Gm7879,Gm7879,0,,
Gm7887,Gm7887,0.0053,-0.0216,0.0075
Gm7889,Gm7889,0,,
Gm7901,Gm7901,0.0046,0.9835,0.4876
Gm7903,Gm7903,0,,
Gm7905,Gm7905,0,,
Gm7910,Gm7910,0,,
Gm7916,Gm7916,0,,
Gm7919,Gm7919,0,,
Gm7925,Gm7925,0,,
Gm7927,Gm7927,0.0042,0.6927,0.3111
Gm7929,Gm7929,0,,
Gm7931,Gm7931,0.0033,0.6927,0.3111
Gm7932,Gm7932,0,,
Gm7935,Gm7935,0.007,0.2302,0.0873
Gm7936,Gm7936,0.0112,-0.3883,0.1563
Gm7942,Gm7942,0,,
Gm7945,Gm7945,0,,
Gm7950,Gm7950,0,,
Gm7951,Gm7951,0,,
Gm7953,Gm7953,0,,
Gm7954,Gm7954,0,,
Gm7957,Gm7957,0,,
Gm7958,Gm7958,0,,
Gm7964,Gm7964,0.0081,-0.3408,0.1347
Gm7966,Gm7966,0.0029,0.6927,0.3111
Gm7970,Gm7970,0,,
Gm7971,Gm7971,0,,
Gm7973,Gm7973,0.0041,-0.0168,0.0059
Gm7974,Gm7974,0,,
Gm7978,Gm7978,0,,
Gm7980,Gm7980,0,,
Gm7982,Gm7982,0,,
Gm7984,Gm7984,-0.0017,-1.431,0.8169
Gm7991,Gm7991,0,,
Gm7995,Gm7995,0,,
Gm8005,Gm8005,0,,
Gm8011,Gm8011,0,,
Gm8017,Gm8017,0.1633,0.4127,0.1676
Gm8018,Gm8018,0,,
Gm8019,Gm8019,-0.0162,-2.0286,1.3716
Gm8020,Gm8020,0,,
Gm8024,Gm8024,0,,
Gm8032,Gm8032,0,,
Gm8036,Gm8036,0,,
Gm8038,Gm8038,0,,
Gm8046,Gm8046,0,,
Gm805,Gm805,0,,
Gm8050,Gm8050,0,,
Gm8051,Gm8051,0,,
Gm8054,Gm8054,0.007,-0.0168,0.0059
Gm8055,Gm8055,0.0078,-1.2501,0.6751
Gm806,Gm806,0,,
Gm8061,Gm8061,-0.0026,-1.431,0.8169
Gm8062,Gm8062,0.0083,0.9835,0.4876
Gm8065,Gm8065,0,,
Gm8068,Gm8068,0,,
Gm807,Gm807,0,,
Gm8074,Gm8074,0,,
Gm8078,Gm8078,0,,
Gm8080,Gm8080,0,,
Gm8082,Gm8082,0,,
Gm8084,Gm8084,0,,
Gm8087,Gm8087,0,,
Gm8089,Gm8089,0,,
Gm8091,Gm8091,0,,
Gm8093,Gm8093,0.0249,0.7729,0.3569
Gm8094,Gm8094,0,,
Gm8097,Gm8097,-0.0043,-1.431,0.8169
Gm8098,Gm8098,0,,
Gm8104,Gm8104,0,,
Gm8107,Gm8107,0,,
Gm8108,Gm8108,0,,
Gm8111,Gm8111,0,,
Gm8112,Gm8112,0,,
Gm8113,Gm8113,0,,
Gm8114,Gm8114,0,,
Gm8116,Gm8116,-0.0043,-0.5226,0.2209
Gm8121,Gm8121,0.0197,0.4104,0.1665
Gm8122,Gm8122,0,,
Gm8123,Gm8123,0,,
Gm8126,Gm8126,0,,
Gm8127,Gm8127,0,,
Gm8129,Gm8129,0.1955,0.4818,0.2007
Gm813,Gm813,0,,
Gm8137,Gm8137,0,,
Gm8138,Gm8138,0,,
Gm8145,Gm8145,0,,
Gm815,Gm815,0,,
Gm8152,Gm8152,0.0215,1.3956,0.7883
Gm8158,Gm8158,0,,
Gm8159,Gm8159,0,,
Gm8161,Gm8161,0,,
Gm8163,Gm8163,0,,
Gm8164,Gm8164,0,,
Gm8165,Gm8165,0,,
Gm8172,Gm8172,0.0108,0.9835,0.4876
Gm8174,Gm8174,0.0058,0.2286,0.0866
Gm8178,Gm8178,0,,
Gm8180,Gm8180,0,,
Gm8181,Gm8181,0,,
Gm8185,Gm8185,0.002,-0.7342,0.3346
Gm8186,Gm8186,0.1188,0.3885,0.1564
Gm8194,Gm8194,0,,
Gm8199,Gm8199,0,,
Gm8200,Gm8200,0,,
Gm8202,Gm8202,0,,
Gm8203,Gm8203,-0.0228,-2.6988,2.1575
Gm8206,Gm8206,0,,
Gm8207,Gm8207,0,,
Gm8210,Gm8210,-0.0128,-2.0286,1.3716
Gm8212,Gm8212,0,,
Gm8213,Gm8213,0.0159,0.2413,0.0919
Gm8214,Gm8214,0,,
Gm8215,Gm8215,0,,
Gm8216,Gm8216,0,,
Gm8217,Gm8217,0.0021,0.6927,0.3111
Gm8220,Gm8220,0,,
Gm8221,Gm8221,0,,
Gm8223,Gm8223,0,,
Gm8224,Gm8224,0,,
Gm8225,Gm8225,-0.0017,-1.431,0.8169
Gm8226,Gm8226,-0.0086,-1.2573,0.6806
Gm8229,Gm8229,0,,
Gm8232,Gm8232,0,,
Gm8237,Gm8237,0,,
Gm8244,Gm8244,0,,
Gm8246,Gm8246,0,,
Gm8247,Gm8247,0,,
Gm8250,Gm8250,0.022,0.6089,0.2655
Gm8251,Gm8251,0,,
Gm8256,Gm8256,0,,
Gm8257,Gm8257,0,,
Gm8258,Gm8258,0,,
Gm826,Gm826,-0.0018,-0.5167,0.218
Gm8260,Gm8260,0,,
Gm8261,Gm8261,0,,
Gm8264,Gm8264,0,,
Gm8265,Gm8265,0,,
Gm8266,Gm8266,0,,
Gm8267,Gm8267,0,,
Gm8271,Gm8271,0,,
Gm8279,Gm8279,0,,
Gm8281,Gm8281,0,,
Gm8289,Gm8289,0,,
Gm829,Gm829,0,,
Gm8290,Gm8290,0.0029,-0.0192,0.0067
Gm8292,Gm8292,0.3708,1.0906,0.56
Gm8297,Gm8297,0,,
Gm830,Gm830,0,,
Gm8300,Gm8300,0,,
Gm8302,Gm8302,-0.0075,-1.0483,0.5309
Gm8303,Gm8303,0,,
Gm8305,Gm8305,0,,
Gm831,Gm831,0,,
Gm8310,Gm8310,0,,
Gm8312,Gm8312,0,,
Gm8317,Gm8317,0.0082,0.3286,0.1293
Gm8320,Gm8320,0,,
Gm8323,Gm8323,0,,
Gm8324,Gm8324,0,,
Gm8325,Gm8325,-0.0577,-3.8746,3.9715
Gm8327,Gm8327,0,,
Gm8329,Gm8329,0.002,-0.7301,0.3322
Gm833,Gm833,0,,
Gm8330,Gm8330,0,,
Gm8331,Gm8331,0,,
Gm8332,Gm8332,0,,
Gm8334,Gm8334,0,,
Gm8338,Gm8338,0,,
Gm8340,Gm8340,0,,
Gm8344,Gm8344,0,,
Gm8346,Gm8346,0,,
Gm8348,Gm8348,0,,
Gm8355,Gm8355,0.0218,-1.0103,0.5054
Gm8356,Gm8356,0,,
Gm8362,Gm8362,0,,
Gm8366,Gm8366,0,,
Gm8369,Gm8369,0,,
Gm8374,Gm8374,0,,
Gm8378,Gm8378,0,,
Gm8379,Gm8379,0.0021,0.6927,0.3111
Gm8383,Gm8383,0,,
Gm8385,Gm8385,0,,
Gm839,Gm839,0,,
Gm8394,Gm8394,0.0011,-0.8984,0.433
Gm8396,Gm8396,0,,
Gm8398,Gm8398,0,,
Gm8399,Gm8399,0.0021,0.6927,0.3111
Gm8401,Gm8401,0,,
Gm8402,Gm8402,0,,
Gm8410,Gm8410,0,,
Gm8420,Gm8420,0.0098,0.4725,0.1961
Gm8421,Gm8421,0,,
Gm8424,Gm8424,0,,
Gm8425,Gm8425,0.0034,-1.7143,1.0631
Gm8428,Gm8428,0,,
Gm8429,Gm8429,0,,
Gm8430,Gm8430,0.2522,0.6396,0.282
Gm8439,Gm8439,0,,
Gm8444,Gm8444,0.0038,-1.1499,0.6017
Gm8453,Gm8453,0,,
Gm8459,Gm8459,0,,
Gm8464,Gm8464,0.0201,-0.0307,0.0108
Gm8475,Gm8475,0,,
Gm8482,Gm8482,0,,
Gm8501,Gm8501,0,,
Gm8503,Gm8503,-0.0026,-1.431,0.8169
Gm8508,Gm8508,0.0013,0.6927,0.3111
Gm8522,Gm8522,0.0021,0.6927,0.3111
Gm8526,Gm8526,-0.0386,-4.1753,4.5265
Gm853,Gm853,0,,
Gm8534,Gm8534,0,,
Gm8540,Gm8540,0,,
Gm8545,Gm8545,0,,
Gm8550,Gm8550,0,,
Gm8556,Gm8556,0,,
Gm8566,Gm8566,0.0324,-0.7012,0.3159
Gm8569,Gm8569,0,,
Gm8577,Gm8577,0,,
Gm8580,Gm8580,-0.0034,-1.431,0.8169
Gm8582,Gm8582,0,,
Gm8584,Gm8584,0,,
Gm8587,Gm8587,0,,
Gm8595,Gm8595,0,,
Gm8597,Gm8597,0,,
Gm8603,Gm8603,0,,
Gm8606,Gm8606,0.0203,0.3328,0.1312
Gm8615,Gm8615,0.0052,-0.5167,0.218
Gm8617,Gm8617,0,,
Gm8618,Gm8618,0.022,-0.013,0.0045
Gm8619,Gm8619,0,,
Gm8623,Gm8623,0.0514,-0.4403,0.1807
Gm8624,Gm8624,0.1574,-1.0849,0.556
Gm8644,Gm8644,0,,
Gm8648,Gm8648,-0.0039,-0.5226,0.2209
Gm8653,Gm8653,0,,
Gm8659,Gm8659,-0.006,-1.431,0.8169
Gm8660,Gm8660,0,,
Gm8661,Gm8661,0,,
Gm8662,Gm8662,-0.0121,-1.7067,1.0561
Gm8666,Gm8666,-0.0048,-1.7713,1.1163
Gm8668,Gm8668,0,,
Gm867,Gm867,0,,
Gm8677,Gm8677,0,,
Gm8682,Gm8682,0,,
Gm8688,Gm8688,0,,
Gm8692,Gm8692,0.1451,-1.2931,0.7078
Gm8693,Gm8693,0,,
Gm8695,Gm8695,0,,
Gm8696,Gm8696,0.0007,-0.5167,0.218
Gm8701,Gm8701,0,,
Gm8705,Gm8705,-0.0043,-1.431,0.8169
Gm8711,Gm8711,0,,
Gm8713,Gm8713,0,,
Gm8715,Gm8715,0,,
Gm8720,Gm8720,0,,
Gm8721,Gm8721,0,,
Gm8722,Gm8722,0.0079,0.3328,0.1312
Gm8723,Gm8723,0,,
Gm8724,Gm8724,0.0091,-1.5856,0.9476
Gm8730,Gm8730,0.3552,3.4862,3.3099
Gm8731,Gm8731,-0.0084,-1.0439,0.5279
Gm8737,Gm8737,0,,
Gm8741,Gm8741,-0.0005,-0.5167,0.218
Gm8749,Gm8749,0,,
Gm8750,Gm8750,0,,
Gm8752,Gm8752,0,,
Gm8754,Gm8754,0,,
Gm8757,Gm8757,0,,
Gm8759,Gm8759,-0.0061,-3.2282,2.9046
Gm8761,Gm8761,0,,
Gm8765,Gm8765,0,,
Gm8766,Gm8766,0,,
Gm8770,Gm8770,0.0008,0.6927,0.3111
Gm8773,Gm8773,0,,
Gm8775,Gm8775,0,,
Gm8778,Gm8778,0,,
Gm8783,Gm8783,-0.0043,-1.431,0.8169
Gm8787,Gm8787,0,,
Gm88,Gm88,0,,
Gm8801,Gm8801,0,,
Gm8802,Gm8802,0,,
Gm8805,Gm8805,0.098,0.3329,0.1312
Gm8806,Gm8806,0,,
Gm8809,Gm8809,0,,
Gm8810,Gm8810,0,,
Gm8812,Gm8812,0,,
Gm8813,Gm8813,0,,
Gm8814,Gm8814,-0.0026,-1.431,0.8169
Gm8815,Gm8815,0,,
Gm8817,Gm8817,0,,
Gm8818,Gm8818,0,,
Gm8822,Gm8822,0.0021,0.8627,0.4108
Gm8832,Gm8832,0,,
Gm8835,Gm8835,0,,
Gm8837,Gm8837,0,,
Gm8839,Gm8839,0,,
Gm884,Gm884,0,,
Gm8840,Gm8840,0.0186,1.3956,0.7883
Gm8841,Gm8841,-0.0467,-3.9482,4.1039
Gm8844,Gm8844,0,,
Gm8849,Gm8849,0,,
Gm885,Gm885,-0.1264,-5.8044,8.1897
Gm8855,Gm8855,0,,
Gm8857,Gm8857,0,,
Gm8858,Gm8858,0,,
Gm8864,Gm8864,-0.0022,-0.7384,0.337
Gm8865,Gm8865,0,,
Gm8868,Gm8868,0,,
Gm8871,Gm8871,0,,
Gm8876,Gm8876,0,,
Gm8877,Gm8877,0,,
Gm8878,Gm8878,-0.0051,-1.431,0.8169
Gm8879,Gm8879,0,,
Gm8880,Gm8880,0.0171,-0.3408,0.1347
Gm8882,Gm8882,0,,
Gm889,Gm889,-0.039,-4.1212,4.4239
Gm8890,Gm8890,0,,
Gm8893,Gm8893,0,,
Gm8894,Gm8894,-0.0034,-2.0286,1.3716
Gm8895,Gm8895,0,,
Gm8897,Gm8897,0,,
Gm8898,Gm8898,0,,
Gm8902,Gm8902,-0.0024,-1.6062,0.9657
Gm8906,Gm8906,0,,
Gm8908,Gm8908,0,,
Gm8909,Gm8909,0,,
Gm8910,Gm8910,-0.004,-1.2979,0.7115
Gm8914,Gm8914,0,,
Gm8916,Gm8916,0,,
Gm8922,Gm8922,0,,
Gm8923,Gm8923,0,,
Gm8926,Gm8926,0,,
Gm8935,Gm8935,0,,
Gm8946,Gm8946,0.0067,0.6927,0.3111
Gm8973,Gm8973,0.0219,0.6108,0.2665
Gm8975,Gm8975,0,,
Gm8978,Gm8978,0,,
Gm8979,Gm8979,0,,
Gm8980,Gm8980,0,,
Gm8988,Gm8988,0,,
Gm8989,Gm8989,0,,
Gm8991,Gm8991,0.0269,-0.2273,0.0861
Gm8994,Gm8994,0,,
Gm8995,Gm8995,-0.0145,-2.8765,2.3957
Gm9,Gm9,0,,
Gm900,Gm900,0,,
Gm9000,Gm9000,0.3542,1.8753,1.2165
Gm9001,Gm9001,0.0024,-0.7301,0.3322
Gm9003,Gm9003,0,,
Gm9005,Gm9005,0.0025,0.6927,0.3111
Gm9006,Gm9006,0,,
Gm9008,Gm9008,0.0023,-1.3703,0.768
Gm9009,Gm9009,0.0013,0.6927,0.3111
Gm9013,Gm9013,0.0071,-0.8967,0.432
Gm9017,Gm9017,0,,
Gm9025,Gm9025,-0.0015,-1.7254,1.0733
Gm9027,Gm9027,0,,
Gm9034,Gm9034,0,,
Gm904,Gm904,0,,
Gm9040,Gm9040,0,,
Gm9043,Gm9043,0,,
Gm9044,Gm9044,0,,
Gm9045,Gm9045,0,,
Gm9046,Gm9046,0,,
Gm9047,Gm9047,0,,
Gm9048,Gm9048,0,,
Gm9049,Gm9049,0,,
Gm9050,Gm9050,0,,
Gm9051,Gm9051,0,,
Gm9059,Gm9059,0,,
Gm906,Gm906,0,,
Gm9060,Gm9060,0,,
Gm9062,Gm9062,0,,
Gm9064,Gm9064,0,,
Gm9071,Gm9071,0,,
Gm9075,Gm9075,0,,
Gm9078,Gm9078,0,,
Gm9083,Gm9083,-0.0196,-2.8765,2.3957
Gm9085,Gm9085,0,,
Gm9089,Gm9089,0,,
Gm9095,Gm9095,0.0103,-0.0168,0.0059
Gm9097,Gm9097,0.0008,0.6927,0.3111
Gm9103,Gm9103,0,,
Gm9104,Gm9104,0.0242,0.1804,0.0671
Gm9105,Gm9105,0.0008,-0.5167,0.218
Gm9107,Gm9107,0,,
Gm9109,Gm9109,0,,
Gm9112,Gm9112,0,,
Gm9115,Gm9115,0.0029,0.6927,0.3111
Gm9116,Gm9116,0,,
Gm9117,Gm9117,0,,
Gm9119,Gm9119,0,,
Gm9125,Gm9125,0,,
Gm9126,Gm9126,0,,
Gm9133,Gm9133,0,,
Gm9140,Gm9140,0,,
Gm9141,Gm9141,0,,
Gm9143,Gm9143,0.0135,-0.0351,0.0123
Gm9144,Gm9144,0,,
Gm9153,Gm9153,0.0189,-0.6342,0.279
Gm9154,Gm9154,0.0003,-1.0365,0.5229
Gm9157,Gm9157,0,,
Gm9159,Gm9159,0,,
Gm9164,Gm9164,0.0012,-0.0168,0.0059
Gm9166,Gm9166,0,,
Gm9174,Gm9174,0,,
Gm9182,Gm9182,-0.0026,-1.431,0.8169
Gm9183,Gm9183,0,,
Gm9200,Gm9200,0.0066,-0.0168,0.0059
Gm9208,Gm9208,0,,
Gm9218,Gm9218,0,,
Gm9222,Gm9222,0,,
Gm9225,Gm9225,0,,
Gm9232,Gm9232,0,,
Gm9234,Gm9234,-0.006,-2.4881,1.8914
Gm9235,Gm9235,0,,
Gm9242,Gm9242,0,,
Gm9244,Gm9244,0,,
Gm9246,Gm9246,0.0013,0.6927,0.3111
Gm9252,Gm9252,0,,
Gm9257,Gm9257,0,,
Gm9266,Gm9266,0,,
Gm9268,Gm9268,-0.0043,-1.431,0.8169
Gm9294,Gm9294,0.0257,-1.6473,1.0022
Gm9307,Gm9307,-0.0015,-1.8012,1.1447
Gm9308,Gm9308,0,,
Gm9311,Gm9311,0,,
Gm9312,Gm9312,0,,
Gm9329,Gm9329,0,,
Gm9343,Gm9343,0,,
Gm9354,Gm9354,0.001,-0.8916,0.4288
Gm9359,Gm9359,0,,
Gm9364,Gm9364,0,,
Gm9372,Gm9372,0.0049,-0.5167,0.218
Gm9376,Gm9376,0,,
Gm9378,Gm9378,-0.0074,-1.3072,0.7187
Gm9385,Gm9385,0.061,-1.5507,0.9173
Gm9386,Gm9386,0,,
Gm9387,Gm9387,0,,
Gm9392,Gm9392,0.0032,-0.7342,0.3346
Gm9396,Gm9396,0.015,-2.38,1.7616
Gm94,Gm94,0,,
Gm9427,Gm9427,0,,
Gm9428,Gm9428,0,,
Gm9429,Gm9429,0,,
Gm9430,Gm9430,0,,
Gm9431,Gm9431,0.0058,0.6927,0.3111
Gm9432,Gm9432,0.0174,-0.3612,0.1439
Gm9434,Gm9434,0,,
Gm9435,Gm9435,0.0046,0.6927,0.3111
Gm9436,Gm9436,0,,
Gm9439,Gm9439,-0.0086,-2.0286,1.3716
Gm9440,Gm9440,0,,
Gm9458,Gm9458,0,,
Gm9479,Gm9479,0,,
Gm949,Gm949,0,,
Gm9493,Gm9493,0.2363,0.4801,0.1999
Gm9498,Gm9498,0,,
Gm9506,Gm9506,0,,
Gm9513,Gm9513,0,,
Gm9516,Gm9516,0,,
Gm9530,Gm9530,0.0033,-0.5167,0.218
Gm9531,Gm9531,0.0058,0.9835,0.4876
Gm9550,Gm9550,0,,
Gm9566,Gm9566,0,,
Gm9573,Gm9573,0,,
Gm9574,Gm9574,0,,
Gm9575,Gm9575,0.0119,-0.0168,0.0059
Gm9577,Gm9577,0,,
Gm9581,Gm9581,-0.0027,-1.3035,0.7158
Gm9587,Gm9587,0,,
Gm9590,Gm9590,0,,
Gm9593,Gm9593,0,,
Gm9597,Gm9597,0,,
Gm9599,Gm9599,0,,
Gm960,Gm960,0,,
Gm9602,Gm9602,0,,
Gm9603,Gm9603,0,,
Gm9611,Gm9611,0,,
Gm9612,Gm9612,0,,
Gm9613,Gm9613,-0.0017,-1.431,0.8169
Gm962,Gm962,0.0104,1.3956,0.7883
Gm9625,Gm9625,0.0244,-1.0631,0.541
Gm9631,Gm9631,0,,
Gm9670,Gm9670,0,,
Gm9671,Gm9671,0,,
Gm9672,Gm9672,0,,
Gm9673,Gm9673,0,,
Gm9696,Gm9696,0,,
Gm9697,Gm9697,0,,
Gm97,Gm97,0,,
Gm9703,Gm9703,0.1443,-1.4803,0.8577
Gm9705,Gm9705,0,,
Gm9719,Gm9719,-0.0137,-2.2625,1.6259
Gm9725,Gm9725,0,,
Gm9726,Gm9726,0,,
Gm9727,Gm9727,-0.0017,-0.5226,0.2209
Gm973,Gm973,0,,
Gm9732,Gm9732,0,,
Gm9733,Gm9733,0,,
Gm9740,Gm9740,0,,
Gm9742,Gm9742,0,,
Gm9745,Gm9745,0,,
Gm9746,Gm9746,0,,
Gm9747,Gm9747,0,,
Gm9750,Gm9750,0,,
Gm9752,Gm9752,0,,
Gm9754,Gm9754,0,,
Gm9755,Gm9755,-0.0142,-0.7384,0.337
Gm9758,Gm9758,0,,
Gm9761,Gm9761,0,,
Gm9762,Gm9762,-0.0137,-2.6527,2.0978
Gm9763,Gm9763,-0.0009,-0.5167,0.218
Gm9765,Gm9765,0,,
Gm9766,Gm9766,0.002,-0.5167,0.218
Gm9767,Gm9767,0,,
Gm9769,Gm9769,-0.0006,-0.7342,0.3346
Gm9770,Gm9770,0,,
Gm9772,Gm9772,0,,
Gm9774,Gm9774,-0.0217,-2.8121,2.3079
Gm9775,Gm9775,0,,
Gm9776,Gm9776,-0.0051,-2.0286,1.3716
Gm9780,Gm9780,0,,
Gm9781,Gm9781,0.077,0.6916,0.3105
Gm9782,Gm9782,0,,
Gm9783,Gm9783,0,,
Gm9785,Gm9785,0,,
Gm9786,Gm9786,-0.0176,-1.7815,1.126
Gm9788,Gm9788,0,,
Gm9789,Gm9789,0,,
Gm9790,Gm9790,-0.0069,-1.8075,1.1506
Gm9791,Gm9791,0,,
Gm9793,Gm9793,0,,
Gm9795,Gm9795,0,,
Gm9796,Gm9796,-0.0128,-2.4881,1.8914
Gm9797,Gm9797,0.0004,0.6927,0.3111
Gm9799,Gm9799,0,,
Gm98,Gm98,0,,
Gm9800,Gm9800,-0.0106,-1.8107,1.1537
Gm9801,Gm9801,0,,
Gm9803,Gm9803,0.0057,-0.7413,0.3386
Gm9804,Gm9804,0,,
Gm9805,Gm9805,0,,
Gm9806,Gm9806,0,,
Gm9808,Gm9808,0.085,0.3794,0.1522
Gm9812,Gm9812,0,,
Gm9814,Gm9814,0,,
Gm9816,Gm9816,-0.0009,-1.431,0.8169
Gm9817,Gm9817,0,,
Gm9818,Gm9818,0,,
Gm9821,Gm9821,0,,
Gm9823,Gm9823,0,,
Gm9825,Gm9825,-0.0001,-1.2501,0.6751
Gm9826,Gm9826,0,,
Gm9828,Gm9828,0,,
Gm9829,Gm9829,0,,
Gm9830,Gm9830,0.021,1.3976,0.7898
Gm9833,Gm9833,0.0096,-0.3408,0.1347
Gm9835,Gm9835,-0.0199,0.1813,0.0675
Gm9836,Gm9836,0,,
Gm9837,Gm9837,0,,
Gm9839,Gm9839,0,,
Gm9840,Gm9840,-0.0112,-2.651,2.0956
Gm9843,Gm9843,0.5866,5.7793,8.1248
Gm9844,Gm9844,-0.0711,-3.8603,3.9459
Gm9845,Gm9845,0.0004,0.6927,0.3111
Gm9846,Gm9846,0.116,-0.5236,0.2214
Gm9847,Gm9847,-0.0034,-1.431,0.8169
Gm9848,Gm9848,0,,
Gm9850,Gm9850,0,,
Gm9851,Gm9851,0,,
Gm9853,Gm9853,0.0025,0.6927,0.3111
Gm9855,Gm9855,0,,
Gm9857,Gm9857,0,,
Gm9858,Gm9858,0.0633,-1.6402,0.9958
Gm9864,Gm9864,0,,
Gm9866,Gm9866,0,,
Gm9867,Gm9867,0,,
Gm9869,Gm9869,0,,
Gm9870,Gm9870,0,,
Gm9871,Gm9871,0,,
Gm9873,Gm9873,-0.0222,-1.431,0.8169
Gm9874,Gm9874,0,,
Gm9875,Gm9875,0,,
Gm9877,Gm9877,0.0029,0.6927,0.3111
Gm9880,Gm9880,0,,
Gm9881,Gm9881,0,,
Gm9884,Gm9884,0,,
Gm9885,Gm9885,0,,
Gm9887,Gm9887,0,,
Gm9888,Gm9888,0.0071,0.6927,0.3111
Gm9889,Gm9889,0,,
Gm9890,Gm9890,0,,
Gm9892,Gm9892,-0.0352,-3.1664,2.8115
Gm9894,Gm9894,0,,
Gm9897,Gm9897,0,,
Gm9898,Gm9898,0,,
Gm9899,Gm9899,0,,
Gm9900,Gm9900,0,,
Gm9901,Gm9901,0,,
Gm9903,Gm9903,0,,
Gm9905,Gm9905,0,,
Gm9912,Gm9912,0,,
Gm9913,Gm9913,0,,
Gm9915,Gm9915,0,,
Gm9917,Gm9917,0,,
Gm9918,Gm9918,0,,
Gm9920,Gm9920,0.0017,0.6927,0.3111
Gm9922,Gm9922,0,,
Gm9923,Gm9923,0,,
Gm9924,Gm9924,0,,
Gm9925,Gm9925,0,,
Gm9929,Gm9929,0,,
Gm9930,Gm9930,0,,
Gm9931,Gm9931,0,,
Gm9932,Gm9932,0,,
Gm9933,Gm9933,0.0025,0.6927,0.3111
Gm9934,Gm9934,0,,
Gm9936,Gm9936,0,,
Gm9938,Gm9938,0.0029,0.6927,0.3111
Gm9939,Gm9939,0,,
Gm9944,Gm9944,0,,
Gm9945,Gm9945,0,,
Gm9946,Gm9946,0,,
Gm9947,Gm9947,0,,
Gm9949,Gm9949,0,,
Gm9951,Gm9951,0,,
Gm9953,Gm9953,0,,
Gm9954,Gm9954,0,,
Gm9955,Gm9955,0,,
Gm9956,Gm9956,0,,
Gm9958,Gm9958,0,,
Gm9959,Gm9959,0,,
Gm996,Gm996,-0.007,-1.2501,0.6751
Gm9961,Gm9961,0,,
Gm9962,Gm9962,0,,
Gm9964,Gm9964,0,,
Gm9966,Gm9966,0,,
Gm9967,Gm9967,0,,
Gm9968,Gm9968,0,,
Gm9969,Gm9969,0,,
Gm9970,Gm9970,-0.0069,-1.431,0.8169
Gm9972,Gm9972,0,,
Gm9974,Gm9974,0,,
Gm9978,Gm9978,0,,
Gm9979,Gm9979,0,,
Gm9982,Gm9982,0.0007,-0.5167,0.218
Gm9985,Gm9985,0,,
Gm9987,Gm9987,0,,
Gm9988,Gm9988,0,,
Gm9989,Gm9989,0,,
Gm9990,Gm9990,0,,
Gm9991,Gm9991,0,,
Gm9992,Gm9992,0,,
Gm9994,Gm9994,0,,
Gm9996,Gm9996,0,,
Gm9999,Gm9999,0.0002,-1.2942,0.7086
Gmcl1,Gmcl1,-0.0171,-2.5601,1.9803
Gmcl1l,Gmcl1l,0,,
Gmds,Gmds,-0.0011,-1.7895,1.1335
Gmeb1,Gmeb1,0.0127,-0.3767,0.151
Gmeb2,Gmeb2,-0.0201,-1.7849,1.1292
Gmfb,Gmfb,0.0712,-1.2439,0.6705
Gmfg,Gmfg,0.0276,-0.2261,0.0856
Gmip,Gmip,-0.0228,-3.5193,3.3638
Gml,Gml,0,,
Gmnn,Gmnn,0.0078,-0.7301,0.3322
Gmppa,Gmppa,-0.0321,-2.3592,1.7372
Gmppb,Gmppb,0.0044,0.6033,0.2626
Gmpr,Gmpr,-0.065,-3.8223,3.8787
Gmpr2,Gmpr2,0.0236,-1.273,0.6925
Gmps,Gmps,0.0581,-0.3341,0.1318
Gna11,Gna11,-0.0252,-2.1807,1.5345
Gna12,Gna12,-0.1336,-5.276,6.8794
Gna13,Gna13,-0.1108,-4.2167,4.6057
Gna14,Gna14,-0.0043,-1.431,0.8169
Gna15,Gna15,-0.1078,-4.0016,4.2013
Gnai1,Gnai1,0.0035,-0.5167,0.218
Gnai2,Gnai2,0.6769,4.4307,5.0272
Gnai3,Gnai3,0.0515,-1.3387,0.7431
Gnal,Gnal,0.0071,0.6927,0.3111
Gnao1,Gnao1,0,,
Gnaq,Gnaq,-0.0981,-4.1016,4.3868
Gnas,Gnas,-0.4143,-7.11,11.9355
Gnat1,Gnat1,0,,
Gnat2,Gnat2,0,,
Gnat3,Gnat3,0,,
Gnaz,Gnaz,0.0214,0.8852,0.4247
Gnb1,Gnb1,0.1415,-1.7881,1.1322
Gnb1l,Gnb1l,-0.0109,-0.9069,0.4384
Gnb2,Gnb2,0.1048,-1.0872,0.5576
Gnb2l1,Gnb2l1,0.3326,2.479,1.8802
Gnb3,Gnb3,0,,
Gnb4,Gnb4,-0.0043,-1.431,0.8169
Gnb5,Gnb5,-0.0213,-1.8054,1.1486
Gne,Gne,0.023,1.0471,0.5301
Gng10,Gng10,0.765,4.5025,5.1729
Gng11,Gng11,0,,
Gng12,Gng12,-0.1306,-7.0236,11.665
Gng13,Gng13,0.0306,0.4813,0.2005
Gng2,Gng2,0.1134,-0.3777,0.1514
Gng2-ps1,Gng2-ps1,0,,
Gng3,Gng3,0.0025,0.6927,0.3111
Gng4,Gng4,0,,
Gng5,Gng5,-0.0625,-5.4887,7.3926
Gng7,Gng7,0.0046,0.6927,0.3111
Gng8,Gng8,0,,
Gngt1,Gngt1,0,,
Gngt2,Gngt2,-0.0063,-3.7429,3.7401
Gnl1,Gnl1,0.0455,-1.2086,0.6444
Gnl2,Gnl2,0.0085,-2.8263,2.3271
Gnl3,Gnl3,0.0001,-2.1605,1.5124
Gnl3l,Gnl3l,0.0174,0.3801,0.1525
Gnmt,Gnmt,0,,
Gnpat,Gnpat,0.0328,-2.2667,1.6306
Gnpda1,Gnpda1,-0.0321,-2.3466,1.7225
Gnpda2,Gnpda2,-0.1093,-3.0339,2.6172
Gnpnat1,Gnpnat1,0.0099,0.2318,0.0879
Gnptab,Gnptab,-0.1164,-4.6646,5.5096
Gnptg,Gnptg,0.021,-3.234,2.9133
Gnrh1,Gnrh1,0,,
Gnrhr,Gnrhr,0,,
Gns,Gns,-0.2544,-5.5095,7.4438
Golga1,Golga1,-0.0056,-0.7441,0.3402
Golga2,Golga2,-0.0491,-3.8217,3.8776
Golga3,Golga3,0.0468,-1.7977,1.1413
Golga4,Golga4,0.2197,-0.3365,0.1328
Golga5,Golga5,-0.0375,-4.2092,4.5912
Golga7,Golga7,0.008,-1.5437,0.9113
Golga7b,Golga7b,-0.0051,-1.431,0.8169
Golgb1,Golgb1,0.0009,-2.4135,1.8014
Golim4,Golim4,0.0476,-1.0963,0.5639
Golm1,Golm1,-0.0213,-3.7934,3.828
Golph3,Golph3,0.0024,-2.709,2.1708
Golph3l,Golph3l,-0.0286,-2.2087,1.5655
Golt1a,Golt1a,0,,
Golt1b,Golt1b,0.0251,-2.6802,2.1332
Gon4l,Gon4l,0.0415,-1.1527,0.6038
Gopc,Gopc,-0.0188,-2.2281,1.5871
Gorab,Gorab,-0.0052,-0.5226,0.2209
Gorasp1,Gorasp1,-0.0672,-3.4325,3.2232
Gorasp2,Gorasp2,0.0053,-2.3147,1.6855
Gosr1,Gosr1,-0.0517,-2.578,2.0027
Gosr2,Gosr2,0.0815,0.416,0.1691
Got1,Got1,-0.1037,-5.9793,8.6494
Got1l1,Got1l1,0,,
Got2,Got2,0.0672,-1.1026,0.5683
Got2-ps1,Got2-ps1,0,,
Gp1ba,Gp1ba,0,,
Gp1bb,Gp1bb,-0.0017,-1.431,0.8169
Gp2,Gp2,0,,
Gp49a,Gp49a,-0.0067,-1.7187,1.0671
Gp5,Gp5,0,,
Gp6,Gp6,0,,
Gp9,Gp9,0.0853,1.37,0.7678
Gpa33,Gpa33,0,,
Gpaa1,Gpaa1,-0.0642,-5.3073,6.9536
Gpam,Gpam,0.0159,-1.1432,0.597
Gpank1,Gpank1,-0.044,-4.0342,4.2613
Gpat2,Gpat2,-0.0077,-2.0286,1.3716
Gpatch1,Gpatch1,0.0115,-2.1885,1.5432
Gpatch2,Gpatch2,-0.0319,-2.2113,1.5684
Gpatch3,Gpatch3,-0.0077,-1.8095,1.1526
Gpatch4,Gpatch4,0.0161,-0.8979,0.4327
Gpatch8,Gpatch8,0.0219,-0.0239,0.0083
Gpbar1,Gpbar1,0,,
Gpbp1,Gpbp1,-0.0115,-2.2312,1.5906
Gpbp1l1,Gpbp1l1,-0.0045,-1.2456,0.6718
Gpc1,Gpc1,0.0007,-0.7321,0.3334
Gpc2,Gpc2,0.0674,-1.9483,1.2892
Gpc3,Gpc3,0,,
Gpc4,Gpc4,-0.0034,-2.0286,1.3716
Gpc5,Gpc5,0,,
Gpc6,Gpc6,0,,
Gpcpd1,Gpcpd1,-0.0581,-4.245,4.6603
Gpd1,Gpd1,-0.0014,-1.2501,0.6751
Gpd1l,Gpd1l,0.0625,-1.494,0.8691
Gpd2,Gpd2,-0.0394,-2.5258,1.9377
Gpha2,Gpha2,0,,
Gphb5,Gphb5,0,,
Gphn,Gphn,0.0233,-0.8903,0.4279
Gpi1,Gpi1,-0.1719,-5.8012,8.1814
Gpihbp1,Gpihbp1,0,,
Gpkow,Gpkow,0.0228,-1.8844,1.2254
Gpld1,Gpld1,0,,
Gpm6a,Gpm6a,0.0075,0.6927,0.3111
Gpm6b,Gpm6b,0.0246,-0.895,0.4309
Gpn1,Gpn1,0.0045,-0.3956,0.1597
Gpn2,Gpn2,0.0011,-1.8905,1.2314
Gpn3,Gpn3,-0.019,-2.2551,1.6175
Gpnmb,Gpnmb,-1.1932,-12.2516,33.7832
Gpr1,Gpr1,0,,
Gpr101,Gpr101,0,,
Gpr107,Gpr107,-0.0459,-4.8063,5.8131
Gpr108,Gpr108,-0.0407,-3.6165,3.5249
Gpr110,Gpr110,0,,
Gpr111,Gpr111,0,,
Gpr112,Gpr112,0,,
Gpr113,Gpr113,0,,
Gpr114,Gpr114,0,,
Gpr115,Gpr115,0,,
Gpr116,Gpr116,0,,
Gpr119,Gpr119,0,,
Gpr12,Gpr12,0,,
Gpr123,Gpr123,0,,
Gpr124,Gpr124,0,,
Gpr125,Gpr125,-0.0081,-1.0424,0.5269
Gpr126,Gpr126,0,,
Gpr128,Gpr128,0,,
Gpr132,Gpr132,0,,
Gpr133,Gpr133,0,,
Gpr135,Gpr135,0,,
Gpr137,Gpr137,0.0082,-2.7427,2.2151
Gpr137b,Gpr137b,-0.0622,-4.1385,4.4565
Gpr137b-ps,Gpr137b-ps,0.0023,-1.2961,0.7101
Gpr137c,Gpr137c,0.0017,0.6927,0.3111
Gpr139,Gpr139,0,,
Gpr141,Gpr141,0,,
Gpr142,Gpr142,0,,
Gpr143,Gpr143,0,,
Gpr144,Gpr144,0,,
Gpr146,Gpr146,-0.0995,-4.9872,6.2128
Gpr149,Gpr149,0,,
Gpr15,Gpr15,0,,
Gpr150,Gpr150,-0.006,-1.431,0.8169
Gpr151,Gpr151,0,,
Gpr152,Gpr152,0,,
Gpr153,Gpr153,-0.0017,-1.431,0.8169
Gpr155,Gpr155,-0.0092,-2.8593,2.372
Gpr156,Gpr156,0,,
Gpr157,Gpr157,-0.0526,-4.9783,6.1929
Gpr158,Gpr158,0,,
Gpr160,Gpr160,-0.0062,-2.295,1.6629
Gpr161,Gpr161,0,,
Gpr162,Gpr162,-0.0014,-1.8012,1.1447
Gpr165,Gpr165,0,,
Gpr17,Gpr17,0,,
Gpr171,Gpr171,-0.0051,-1.431,0.8169
Gpr172b,Gpr172b,-0.0137,-2.5558,1.9749
Gpr173,Gpr173,0,,
Gpr174,Gpr174,0,,
Gpr176,Gpr176,0,,
Gpr179,Gpr179,0,,
Gpr18,Gpr18,0.0003,-0.5167,0.218
Gpr180,Gpr180,-0.0378,-1.943,1.2838
Gpr182,Gpr182,0,,
Gpr183,Gpr183,-0.0859,-5.5395,7.5181
Gpr19,Gpr19,0.0115,0.3328,0.1312
Gpr20,Gpr20,0,,
Gpr21,Gpr21,0,,
Gpr22,Gpr22,0,,
Gpr25,Gpr25,0,,
Gpr26,Gpr26,0,,
Gpr27,Gpr27,0,,
Gpr3,Gpr3,-0.0051,-1.431,0.8169
Gpr30,Gpr30,-0.0243,-2.6527,2.0978
Gpr31c,Gpr31c,0,,
Gpr33,Gpr33,0,,
Gpr34,Gpr34,-0.0833,-4.2492,4.6685
Gpr35,Gpr35,0.0585,1.2187,0.6518
Gpr37,Gpr37,0,,
Gpr37l1,Gpr37l1,0.0174,0.6927,0.3111
Gpr39,Gpr39,0,,
Gpr4,Gpr4,0,,
Gpr44,Gpr44,0,,
Gpr45,Gpr45,0,,
Gpr50,Gpr50,0,,
Gpr55,Gpr55,0,,
Gpr56,Gpr56,0.2676,2.1815,1.5355
Gpr6,Gpr6,0,,
Gpr61,Gpr61,0,,
Gpr62,Gpr62,0,,
Gpr63,Gpr63,0,,
Gpr64,Gpr64,0,,
Gpr65,Gpr65,-0.2029,-6.3751,9.738
Gpr68,Gpr68,0,,
Gpr75,Gpr75,0,,
Gpr77,Gpr77,-0.0143,-2.0795,1.4251
Gpr81,Gpr81,0,,
Gpr82,Gpr82,0.0033,0.6927,0.3111
Gpr83,Gpr83,-0.0034,-1.431,0.8169
Gpr84,Gpr84,-0.1733,-6.0718,8.8979
Gpr85,Gpr85,0,,
Gpr87,Gpr87,0,,
Gpr88,Gpr88,0,,
Gpr89,Gpr89,-0.0196,-2.1818,1.5357
Gpr97,Gpr97,0,,
Gpr98,Gpr98,0,,
Gprasp1,Gprasp1,0.0247,-1.5417,0.9096
Gprasp2,Gprasp2,0.0015,-0.3445,0.1364
Gprc5a,Gprc5a,0,,
Gprc5b,Gprc5b,-0.0051,-1.431,0.8169
Gprc5c,Gprc5c,0,,
Gprc5d,Gprc5d,0,,
Gprc6a,Gprc6a,0,,
Gprin1,Gprin1,0,,
Gprin2,Gprin2,0,,
Gprin3,Gprin3,0,,
Gps1,Gps1,-0.0146,-2.8515,2.3614
Gps2,Gps2,0.0324,-1.4692,0.8484
Gpsm1,Gpsm1,-0.0041,-1.0409,0.5259
Gpsm2,Gpsm2,0.0083,-0.5167,0.218
Gpsm3,Gpsm3,0.0349,-2.4999,1.9058
Gpt,Gpt,0.0021,0.9835,0.4876
Gpt2,Gpt2,-0.0027,-1.2942,0.7086
Gpx1,Gpx1,0.2712,-1.0269,0.5165
Gpx2,Gpx2,0,,
Gpx2-ps1,Gpx2-ps1,0,,
Gpx3,Gpx3,0.066,-1.6763,1.0284
Gpx4,Gpx4,-0.0153,-2.9975,2.565
Gpx5,Gpx5,-0.0026,-1.431,0.8169
Gpx6,Gpx6,0,,
Gpx7,Gpx7,0,,
Gpx8,Gpx8,0,,
Gramd1a,Gramd1a,0.0457,-2.6546,2.1001
Gramd1b,Gramd1b,0.0313,0.1595,0.0588
Gramd1c,Gramd1c,0,,
Gramd2,Gramd2,0,,
Gramd3,Gramd3,-0.0017,-1.431,0.8169
Gramd4,Gramd4,-0.0069,-2.4881,1.8914
Grap,Grap,0.2139,4.1113,4.4051
Grap2,Grap2,0,,
Grasp,Grasp,-0.0111,-2.0286,1.3716
Grb10,Grb10,0,,
Grb14,Grb14,0,,
Grb2,Grb2,0.1319,-2.5071,1.9147
Grb7,Grb7,0,,
Grcc10,Grcc10,-0.0116,-1.1697,0.616
Greb1,Greb1,0,,
Greb1l,Greb1l,0,,
Grem1,Grem1,0,,
Grem2,Grem2,0,,
Grhl1,Grhl1,0,,
Grhl2,Grhl2,-0.0043,-1.431,0.8169
Grhl3,Grhl3,0,,
Grhpr,Grhpr,-0.0208,-3.0884,2.6962
Gria1,Gria1,0,,
Gria2,Gria2,0,,
Gria3,Gria3,0,,
Gria4,Gria4,0,,
Grid1,Grid1,0,,
Grid2,Grid2,-0.0069,-1.431,0.8169
Grid2ip,Grid2ip,0,,
Grifin,Grifin,0,,
Grik1,Grik1,0,,
Grik2,Grik2,0,,
Grik3,Grik3,0,,
Grik4,Grik4,-0.0043,-2.0286,1.3716
Grik5,Grik5,0,,
Grin1,Grin1,0,,
Grin2a,Grin2a,0,,
Grin2b,Grin2b,0,,
Grin2c,Grin2c,0,,
Grin2d,Grin2d,0,,
Grin3a,Grin3a,0,,
Grin3b,Grin3b,0,,
Grina,Grina,-0.1678,-5.985,8.6647
Grinl1a,Grinl1a,-0.031,-2.1107,1.4584
Grip1,Grip1,0,,
Grip2,Grip2,0,,
Gripap1,Gripap1,0.0353,0.1452,0.0533
Grk1,Grk1,0,,
Grk4,Grk4,0.0025,0.6927,0.3111
Grk5,Grk5,-0.0061,-1.8012,1.1447
Grk6,Grk6,0.0063,-1.6249,0.9822
Grlf1,Grlf1,-0.0126,-3.2021,2.8651
Grm1,Grm1,0,,
Grm2,Grm2,0,,
Grm3,Grm3,0.0029,0.6927,0.3111
Grm4,Grm4,0,,
Grm5,Grm5,0.0104,0.6927,0.3111
Grm6,Grm6,0,,
Grm7,Grm7,0,,
Grm8,Grm8,0,,
Grn,Grn,-0.7469,-9.7695,21.8177
Grp,Grp,0,,
Grpel1,Grpel1,0.0172,-1.7569,1.1027
Grpel2,Grpel2,-0.0106,-2.2196,1.5777
Grpr,Grpr,0,,
Grrp1,Grrp1,-0.0069,-1.431,0.8169
Grsf1,Grsf1,-0.1003,-5.4191,7.2227
Grtp1,Grtp1,0.0021,-0.8984,0.433
Grwd1,Grwd1,-0.0223,-2.5234,1.9347
Grxcr1,Grxcr1,0,,
Grxcr2,Grxcr2,0,,
Gsbs,Gsbs,0,,
Gsc,Gsc,0,,
Gsc2,Gsc2,0,,
Gsdma,Gsdma,0,,
Gsdma2,Gsdma2,0,,
Gsdma3,Gsdma3,0,,
Gsdmc,Gsdmc,0,,
Gsdmc2,Gsdmc2,0,,
Gsdmc3,Gsdmc3,0,,
Gsdmc4,Gsdmc4,0,,
Gsdmcl1,Gsdmcl1,0,,
Gsdmd,Gsdmd,-0.0572,-5.4039,7.1857
Gse1,Gse1,-0.0567,-4.0928,4.3704
Gsg1,Gsg1,0.018,-0.828,0.3897
Gsg1l,Gsg1l,0,,
Gsg2,Gsg2,-0.0264,-1.2597,0.6824
Gsk3a,Gsk3a,0.0043,-2.6769,2.129
Gsk3b,Gsk3b,-0.0677,-5.4419,7.2781
Gsn,Gsn,-0.008,-2.5041,1.9109
Gspt1,Gspt1,0.1176,-0.8207,0.3853
Gspt2,Gspt2,0,,
Gsr,Gsr,0.0096,-0.9207,0.4471
Gss,Gss,0.0023,-0.3464,0.1372
Gsta1,Gsta1,0.0029,0.6927,0.3111
Gsta2,Gsta2,0,,
Gsta3,Gsta3,0,,
Gsta4,Gsta4,-0.0323,-2.0286,1.3716
Gstcd,Gstcd,-0.0218,-1.2597,0.6824
Gstk1,Gstk1,0.0119,-0.4711,0.1955
Gstm1,Gstm1,-0.0149,-2.5113,1.9198
Gstm2,Gstm2,0,,
Gstm2-ps1,Gstm2-ps1,0,,
Gstm3,Gstm3,0,,
Gstm4,Gstm4,0.0062,-0.0168,0.0059
Gstm5,Gstm5,-0.0298,-4.2517,4.6733
Gstm6,Gstm6,0,,
Gstm7,Gstm7,-0.0094,-1.431,0.8169
Gsto1,Gsto1,0.0814,-1.5664,0.9309
Gsto2,Gsto2,0,,
Gstp1,Gstp1,0,,
Gstp2,Gstp2,0,,
Gstt1,Gstt1,0.0111,-0.0168,0.0059
Gstt2,Gstt2,0,,
Gstt3,Gstt3,-0.0057,-0.0391,0.0138
Gstt4,Gstt4,0,,
Gstz1,Gstz1,0.0094,-1.1485,0.6008
Gsx1,Gsx1,0,,
Gsx2,Gsx2,0,,
Gt(ROSA)26Sor,Gt(ROSA)26Sor,0.0411,0.3447,0.1365
Gtdc1,Gtdc1,0.0446,-0.3851,0.1548
Gtf2a1,Gtf2a1,-0.0164,-2.4249,1.815
Gtf2a1l,Gtf2a1l,0,,
Gtf2a2,Gtf2a2,-0.0135,-2.316,1.687
Gtf2b,Gtf2b,-0.0539,-4.5912,5.3558
Gtf2e1,Gtf2e1,-0.0012,-1.7013,1.0512
Gtf2e2,Gtf2e2,-0.0141,-1.6202,0.978
Gtf2f1,Gtf2f1,-0.0264,-2.7044,2.1648
Gtf2f2,Gtf2f2,0.03,-0.503,0.2111
Gtf2h1,Gtf2h1,0.0092,-1.3518,0.7534
Gtf2h2,Gtf2h2,0.0935,-1.0673,0.5439
Gtf2h3,Gtf2h3,0.0083,-0.5167,0.218
Gtf2h4,Gtf2h4,-0.0103,-1.3054,0.7172
Gtf2h5,Gtf2h5,-0.0232,-2.3052,1.6746
Gtf2i,Gtf2i,0.0036,-2.6213,2.0575
Gtf2ird1,Gtf2ird1,-0.0016,-1.788,1.1321
Gtf2ird2,Gtf2ird2,-0.0149,-1.8459,1.1877
Gtf3a,Gtf3a,-0.0654,-4.2598,4.6891
Gtf3c1,Gtf3c1,-0.0177,-0.5477,0.2337
Gtf3c2,Gtf3c2,-0.0932,-3.5848,3.4719
Gtf3c3,Gtf3c3,-0.0103,-1.3128,0.723
Gtf3c4,Gtf3c4,-0.0725,-5.5625,7.5753
Gtf3c5,Gtf3c5,-0.0103,-1.8137,1.1566
Gtf3c6,Gtf3c6,0.0549,-2.4587,1.8556
Gtl3,Gtl3,-0.026,-3.5565,3.425
Gtpbp1,Gtpbp1,0.0136,-2.3671,1.7464
Gtpbp10,Gtpbp10,-0.0025,-1.2979,0.7115
Gtpbp2,Gtpbp2,-0.0084,-2.5444,1.9607
Gtpbp3,Gtpbp3,0.0062,-0.8941,0.4303
Gtpbp4,Gtpbp4,0.1766,1.3503,0.7522
Gtpbp5,Gtpbp5,0.0056,-2.1779,1.5314
Gtpbp6,Gtpbp6,-0.022,-2.8927,2.418
Gtpbp8,Gtpbp8,0.0059,-0.9052,0.4373
Gtse1,Gtse1,0.0013,0.6927,0.3111
Gtsf1,Gtsf1,0,,
Gtsf1l,Gtsf1l,0,,
Guca1a,Guca1a,-0.0603,-3.6282,3.5445
Guca1b,Guca1b,0,,
Guca2a,Guca2a,0,,
Guca2b,Guca2b,0,,
Gucy1a2,Gucy1a2,0,,
Gucy1a3,Gucy1a3,0,,
Gucy1b2,Gucy1b2,0,,
Gucy1b3,Gucy1b3,0,,
Gucy2c,Gucy2c,0,,
Gucy2d,Gucy2d,0,,
Gucy2e,Gucy2e,0,,
Gucy2f,Gucy2f,0,,
Gucy2g,Gucy2g,-0.0009,-1.431,0.8169
Guf1,Guf1,0.0427,1.5623,0.9274
Guk1,Guk1,-0.016,-2.5499,1.9676
Gulo,Gulo,-0.0017,-1.431,0.8169
Gulp1,Gulp1,0,,
Gusb,Gusb,-0.8351,-10.7995,26.4609
Gvin1,Gvin1,-0.002,-1.0335,0.5209
Gxylt1,Gxylt1,0.0116,-2.6008,2.0315
Gxylt2,Gxylt2,0,,
Gyg,Gyg,-0.106,-6.2122,9.2818
Gyk,Gyk,-0.0025,-3.669,3.6135
Gykl1,Gykl1,0,,
Gyltl1b,Gyltl1b,0,,
Gypa,Gypa,0,,
Gypc,Gypc,0,,
Gys1,Gys1,0.0038,-0.475,0.1974
Gys2,Gys2,0,,
Gzf1,Gzf1,0.0638,-0.0194,0.0068
Gzma,Gzma,0,,
Gzmb,Gzmb,0,,
Gzmc,Gzmc,0,,
Gzmd,Gzmd,0,,
Gzme,Gzme,0,,
Gzmf,Gzmf,0,,
Gzmg,Gzmg,0,,
Gzmk,Gzmk,0,,
Gzmm,Gzmm,0,,
Gzmn,Gzmn,0,,
H13,H13,0.0292,-2.9661,2.5206
H19,H19,0,,
H1f0,H1f0,-0.0168,-1.3766,0.7731
H1fnt,H1fnt,0,,
H1foo,H1foo,0,,
H1fx,H1fx,-0.0043,-1.431,0.8169
H2-Aa,H2-Aa,-0.0794,-4.2815,4.7314
H2-Ab1,H2-Ab1,-0.1651,-6.1864,9.2106
H2-Bl,H2-Bl,0,,
H2-D1,H2-D1,-0.045,-1.6029,0.9627
H2-DMa,H2-DMa,-0.1165,-5.312,6.9649
H2-DMb1,H2-DMb1,-0.0761,-5.0015,6.245
H2-DMb2,H2-DMb2,-0.026,-2.8941,2.4199
H2-Ea-ps,H2-Ea-ps,0,,
H2-Eb1,H2-Eb1,-0.1066,-5.4403,7.2742
H2-Eb2,H2-Eb2,0,,
H2-K1,H2-K1,-0.523,-8.2561,15.8226
H2-K2,H2-K2,-0.0136,-2.8141,2.3106
H2-Ke2,H2-Ke2,-0.0229,-2.0865,1.4325
H2-Ke6,H2-Ke6,0.0054,-0.5167,0.218
H2-M1,H2-M1,0,,
H2-M10.1,H2-M10.1,0,,
H2-M10.2,H2-M10.2,0,,
H2-M10.3,H2-M10.3,0,,
H2-M10.4,H2-M10.4,0,,
H2-M10.5,H2-M10.5,0,,
H2-M10.6,H2-M10.6,0,,
H2-M11,H2-M11,0,,
H2-M2,H2-M2,0,,
H2-M3,H2-M3,-0.0988,-5.4393,7.2716
H2-M5,H2-M5,0,,
H2-M6-ps,H2-M6-ps,0,,
H2-M9,H2-M9,0,,
H2-Oa,H2-Oa,-0.0676,-4.5274,5.2239
H2-Ob,H2-Ob,-0.1348,-6.031,8.7879
H2-Q10,H2-Q10,0,,
H2-Q2,H2-Q2,0,,
H2-Q4,H2-Q4,0.0044,-0.2652,0.1019
H2-Q6,H2-Q6,-0.0701,-3.137,2.7678
H2-Q7,H2-Q7,-0.0435,-2.7048,2.1653
H2-Q8,H2-Q8,0.0029,0.6927,0.3111
H2-T10,H2-T10,0.0175,-0.5566,0.2382
H2-T22,H2-T22,-0.0192,-3.3989,3.1697
H2-T23,H2-T23,-0.2873,-8.1575,15.4659
H2-T24,H2-T24,0.0169,0.8457,0.4004
H2-T3,H2-T3,0,,
H2-T9,H2-T9,0,,
H28,H28,0,,
H2afb1,H2afb1,0,,
H2afb2-ps,H2afb2-ps,0,,
H2afb3-ps,H2afb3-ps,0,,
H2afj,H2afj,0.1143,-2.9437,2.4891
H2afv,H2afv,0.0801,-1.1918,0.632
H2afx,H2afx,0.0039,-0.4365,0.1788
H2afy,H2afy,0.1278,-1.065,0.5423
H2afy2,H2afy2,0,,
H2afy3,H2afy3,0,,
H2afz,H2afz,-0.0151,-4.4658,5.0981
H3f3a,H3f3a,0.1246,-1.8977,1.2386
H3f3a-ps1,H3f3a-ps1,0,,
H3f3a-ps2,H3f3a-ps2,0,,
H3f3b,H3f3b,-0.2387,-5.8173,8.2233
H3f3c,H3f3c,0,,
H47,H47,-0.1335,-6.6336,10.4846
H60b,H60b,-0.0009,-1.431,0.8169
H60c,H60c,-0.0034,-1.431,0.8169
H6pd,H6pd,-0.0074,-1.5547,0.9207
HAR1F,HAR1F,0,,
Haao,Haao,-0.0249,-1.2926,0.7074
Habp2,Habp2,0,,
Habp4,Habp4,-0.0357,-3.8849,3.9898
Hace1,Hace1,-0.014,-0.0585,0.0208
Hacl1,Hacl1,0.0006,-1.2961,0.7101
Hadh,Hadh,0.0469,-2.4303,1.8214
Hadha,Hadha,0.1332,-1.7116,1.0607
Hadhb,Hadhb,0.0239,-1.9302,1.271
Hagh,Hagh,-0.0233,-2.3753,1.7561
Haghl,Haghl,-0.0004,-1.3703,0.768
Hal,Hal,0.0041,-0.5167,0.218
Hamp,Hamp,0,,
Hamp2,Hamp2,0,,
Hand1,Hand1,0,,
Hand2,Hand2,0,,
Hao1,Hao1,0,,
Hao2,Hao2,0,,
Hap1,Hap1,-0.0039,-0.5226,0.2209
Hapln1,Hapln1,0,,
Hapln2,Hapln2,0,,
Hapln3,Hapln3,0,,
Hapln4,Hapln4,0,,
Harbi1,Harbi1,0.0086,-1.7679,1.1131
Hars,Hars,0.0193,0.1264,0.046
Hars2,Hars2,0.0028,-0.7413,0.3386
Has1,Has1,0,,
Has2,Has2,0,,
Has2as,Has2as,0,,
Has3,Has3,0,,
Hat1,Hat1,-0.0333,-3.3376,3.0732
Haus1,Haus1,-0.0116,-2.651,2.0956
Haus2,Haus2,-0.0054,-2.7993,2.2906
Haus3,Haus3,-0.0274,-2.2024,1.5585
Haus4,Haus4,0.0098,-0.0187,0.0065
Haus5,Haus5,-0.0059,-2.7057,2.1665
Haus6,Haus6,-0.002,-0.3445,0.1364
Haus7,Haus7,0.0064,-0.2894,0.1122
Haus8,Haus8,0.0056,-2.2808,1.6466
Havcr1,Havcr1,0,,
Havcr2,Havcr2,-0.0329,-4.1343,4.4485
Hax1,Hax1,-0.003,-1.4742,0.8526
Hba-a1,Hba-a1,0,,
Hba-a2,Hba-a2,0.0062,0.6927,0.3111
Hba-ps4,Hba-ps4,0,,
Hba-x,Hba-x,0,,
Hbb-b1,Hbb-b1,0,,
Hbb-b2,Hbb-b2,0.0037,0.6927,0.3111
Hbb-bh0,Hbb-bh0,0,,
Hbb-bh1,Hbb-bh1,0,,
Hbb-bh2,Hbb-bh2,0,,
Hbb-bh3,Hbb-bh3,0,,
Hbb-y,Hbb-y,0,,
Hbegf,Hbegf,-0.0022,-1.2573,0.6806
Hbp1,Hbp1,-0.0697,-4.0468,4.2847
Hbq1a,Hbq1a,0,,
Hbq1b,Hbq1b,0,,
Hbs1l,Hbs1l,0.0103,-0.7994,0.3726
Hbxip,Hbxip,-0.0369,-4.0363,4.2652
Hc,Hc,0,,
Hccs,Hccs,0.0046,0.1455,0.0534
Hcfc1,Hcfc1,0.024,-1.1281,0.5862
Hcfc1r1,Hcfc1r1,0.0601,-2.4818,1.8836
Hcfc2,Hcfc2,0.0002,-0.3445,0.1364
Hck,Hck,0.0325,-1.4331,0.8187
Hcls1,Hcls1,0.0835,-2.8225,2.3219
Hcn1,Hcn1,0,,
Hcn2,Hcn2,0,,
Hcn3,Hcn3,0,,
Hcn4,Hcn4,0,,
Hcrt,Hcrt,0,,
Hcrtr1,Hcrtr1,0,,
Hcrtr2,Hcrtr2,0,,
Hcst,Hcst,-0.0817,-5.3391,7.0295
Hdac1,Hdac1,0.0301,-0.6834,0.3059
Hdac10,Hdac10,0.0507,-0.7343,0.3347
Hdac11,Hdac11,-0.0865,-6.5616,10.2738
Hdac2,Hdac2,0.0433,-1.6645,1.0177
Hdac3,Hdac3,-0.0009,-1.431,0.8169
Hdac4,Hdac4,-0.0494,-3.6159,3.5239
Hdac5,Hdac5,-0.0161,-3.3621,3.1115
Hdac6,Hdac6,-0.024,-2.1821,1.536
Hdac7,Hdac7,0.0025,0.6927,0.3111
Hdac8,Hdac8,-0.0049,-1.2979,0.7115
Hdac9,Hdac9,-0.0411,-2.9101,2.4421
Hdc,Hdc,0,,
Hddc2,Hddc2,0.0212,-0.5939,0.2576
Hddc3,Hddc3,0.0071,1.2069,0.6431
Hdgf,Hdgf,0.022,-1.9843,1.3259
Hdgfl1,Hdgfl1,0,,
Hdgfrp2,Hdgfrp2,0.0344,0.3229,0.1268
Hdgfrp3,Hdgfrp3,0.0104,1.2069,0.6431
Hdhd1a,Hdhd1a,0,,
Hdhd2,Hdhd2,0.0045,-3.35,3.0925
Hdhd3,Hdhd3,0,,
Hdlbp,Hdlbp,0.0814,-3.4174,3.1991
Hdx,Hdx,0,,
Heatr1,Heatr1,0.0132,-0.3622,0.1444
Heatr2,Heatr2,-0.0022,-0.5226,0.2209
Heatr3,Heatr3,0.0009,-1.1565,0.6064
Heatr5a,Heatr5a,0.0976,-0.8025,0.3744
Heatr5b,Heatr5b,0.0329,1.0518,0.5333
Heatr6,Heatr6,-0.0547,-2.9734,2.5309
Heatr7a,Heatr7a,0.0937,-0.0374,0.0132
Heatr7b1,Heatr7b1,0,,
Heatr7b2,Heatr7b2,0,,
Heatr8,Heatr8,0,,
Hebp1,Hebp1,0.0285,-1.5641,0.9289
Hebp2,Hebp2,-0.0034,-1.431,0.8169
Heca,Heca,-0.0215,-1.8498,1.1915
Hectd1,Hectd1,-0.01,-3.2753,2.9765
Hectd2,Hectd2,-0.0244,-1.477,0.8549
Hectd3,Hectd3,0.0658,-0.6576,0.2918
Hecw1,Hecw1,-0.0026,-1.431,0.8169
Hecw2,Hecw2,0,,
Heg1,Heg1,0,,
Helb,Helb,-0.0129,-1.8116,1.1546
Hells,Hells,0.0092,-0.7301,0.3322
Helq,Helq,0.0008,0.6927,0.3111
Helt,Helt,0,,
Helz,Helz,0.026,-1.1865,0.6281
Hemgn,Hemgn,0,,
Hemk1,Hemk1,-0.0069,-2.0286,1.3716
Hemt1,Hemt1,0,,
Hepacam,Hepacam,0,,
Hepacam2,Hepacam2,0,,
Heph,Heph,0,,
Hephl1,Hephl1,0,,
Herc1,Herc1,-0.0064,-2.9199,2.4558
Herc2,Herc2,0.1214,-0.5723,0.2463
Herc3,Herc3,-0.0129,-1.8054,1.1486
Herc4,Herc4,-0.0029,-1.9961,1.338
Herc6,Herc6,-0.0395,-3.3478,3.089
Herpud1,Herpud1,0.0493,-2.5397,1.9549
Herpud2,Herpud2,-0.036,-3.5562,3.4245
Hes1,Hes1,0.0129,1.3956,0.7883
Hes2,Hes2,0,,
Hes3,Hes3,0,,
Hes5,Hes5,0,,
Hes6,Hes6,-0.0224,-2.8482,2.3568
Hes7,Hes7,0,,
Hesx1,Hesx1,0,,
Hexa,Hexa,-0.6891,-9.3731,20.1524
Hexb,Hexb,-0.5319,-8.6637,17.3402
Hexdc,Hexdc,0.0067,0.9835,0.4876
Hexim1,Hexim1,-0.0154,-2.1401,1.4902
Hexim2,Hexim2,0.0073,-0.5167,0.218
Hey1,Hey1,0,,
Hey2,Hey2,0,,
Heyl,Heyl,-0.0017,-1.431,0.8169
Hfe,Hfe,0.0157,-2.7831,2.2688
Hfe2,Hfe2,0,,
Hfm1,Hfm1,0,,
Hgd,Hgd,0,,
Hgf,Hgf,0.0156,-0.5167,0.218
Hgfac,Hgfac,0,,
Hgs,Hgs,-0.0103,-3.3245,3.0527
Hgsnat,Hgsnat,-0.0211,-2.0149,1.3574
Hhat,Hhat,0,,
Hhatl,Hhatl,0,,
Hhex,Hhex,-0.0346,-5.0482,6.3506
Hhip,Hhip,-0.0094,-1.431,0.8169
Hhipl1,Hhipl1,0,,
Hhla1,Hhla1,0,,
Hiat1,Hiat1,-0.0516,-3.8611,3.9474
Hiatl1,Hiatl1,-0.0166,-3.3387,3.0748
Hibadh,Hibadh,0.0294,-1.359,0.7591
Hibch,Hibch,-0.0283,-1.9074,1.2482
Hic1,Hic1,0,,
Hic2,Hic2,-0.0172,-0.5068,0.213
Hif1a,Hif1a,-0.4849,-8.8655,18.1183
Hif1an,Hif1an,0.0074,-1.6109,0.9698
Hif3a,Hif3a,0,,
Higd1a,Higd1a,-0.0087,-1.4547,0.8364
Higd1b,Higd1b,0,,
Higd2a,Higd2a,0.1622,-1.4834,0.8603
Hils1,Hils1,0,,
Hinfp,Hinfp,-0.0048,-0.5226,0.2209
Hint1,Hint1,0.0829,-2.818,2.3159
Hint2,Hint2,0.0307,-2.0221,1.3648
Hint3,Hint3,0.0402,-1.45,0.8325
Hip1,Hip1,-0.0099,-2.5077,1.9153
Hip1r,Hip1r,0.0017,0.6927,0.3111
Hipk1,Hipk1,0.1216,-1.1605,0.6093
Hipk2,Hipk2,0.0697,2.4044,1.7905
Hipk3,Hipk3,0.0906,-1.7037,1.0534
Hipk4,Hipk4,0,,
Hira,Hira,0.0076,-0.0363,0.0128
Hirip3,Hirip3,-0.0175,-0.5226,0.2209
Hist1h1a,Hist1h1a,0.0207,0.6927,0.3111
Hist1h1b,Hist1h1b,-0.0026,-1.431,0.8169
Hist1h1c,Hist1h1c,-0.0299,-3.9359,4.0815
Hist1h1d,Hist1h1d,0.003,-0.0272,0.0095
Hist1h1e,Hist1h1e,0.0673,1.0561,0.5362
Hist1h1t,Hist1h1t,0,,
Hist1h2aa,Hist1h2aa,0,,
Hist1h2ab,Hist1h2ab,0,,
Hist1h2ac,Hist1h2ac,0.0139,-0.5167,0.218
Hist1h2ad,Hist1h2ad,0,,
Hist1h2ae,Hist1h2ae,-0.0094,-1.8137,1.1566
Hist1h2af,Hist1h2af,-0.0162,-1.431,0.8169
Hist1h2ag,Hist1h2ag,0,,
Hist1h2ah,Hist1h2ah,0,,
Hist1h2ai,Hist1h2ai,0,,
Hist1h2aj,Hist1h2aj,0,,
Hist1h2ak,Hist1h2ak,0.0046,0.6927,0.3111
Hist1h2al,Hist1h2al,-0.0145,-2.0286,1.3716
Hist1h2an,Hist1h2an,-0.0017,-1.431,0.8169
Hist1h2ao,Hist1h2ao,-0.0258,-2.5633,1.9843
Hist1h2ap,Hist1h2ap,-0.0129,-1.8095,1.1526
Hist1h2ba,Hist1h2ba,0,,
Hist1h2bb,Hist1h2bb,0,,
Hist1h2bc,Hist1h2bc,-0.1528,-5.9388,8.5418
Hist1h2be,Hist1h2be,0.0099,-0.0168,0.0059
Hist1h2bf,Hist1h2bf,0,,
Hist1h2bg,Hist1h2bg,0.0067,0.9835,0.4876
Hist1h2bh,Hist1h2bh,0,,
Hist1h2bj,Hist1h2bj,0,,
Hist1h2bk,Hist1h2bk,0,,
Hist1h2bl,Hist1h2bl,0,,
Hist1h2bm,Hist1h2bm,0,,
Hist1h2bn,Hist1h2bn,0,,
Hist1h2bp,Hist1h2bp,0,,
Hist1h2bq,Hist1h2bq,0.0004,0.6927,0.3111
Hist1h2br,Hist1h2br,0,,
Hist1h3a,Hist1h3a,0,,
Hist1h3b,Hist1h3b,0,,
Hist1h3c,Hist1h3c,0.0054,0.6927,0.3111
Hist1h3d,Hist1h3d,0,,
Hist1h3e,Hist1h3e,0,,
Hist1h3f,Hist1h3f,0,,
Hist1h3g,Hist1h3g,0,,
Hist1h3h,Hist1h3h,0,,
Hist1h3i,Hist1h3i,0,,
Hist1h4a,Hist1h4a,0,,
Hist1h4b,Hist1h4b,0,,
Hist1h4c,Hist1h4c,-0.0008,-1.8012,1.1447
Hist1h4d,Hist1h4d,-0.007,-0.4869,0.2032
Hist1h4f,Hist1h4f,0,,
Hist1h4h,Hist1h4h,0,,
Hist1h4i,Hist1h4i,-0.036,-3.0166,2.5924
Hist1h4j,Hist1h4j,0,,
Hist1h4k,Hist1h4k,0,,
Hist1h4m,Hist1h4m,0,,
Hist1h4n,Hist1h4n,0,,
Hist2h2aa1,Hist2h2aa1,0,,
Hist2h2aa2,Hist2h2aa2,0.0025,-0.5167,0.218
Hist2h2ab,Hist2h2ab,0,,
Hist2h2ac,Hist2h2ac,-0.0051,-1.431,0.8169
Hist2h2bb,Hist2h2bb,0,,
Hist2h2be,Hist2h2be,-0.0059,-1.7713,1.1163
Hist2h3b,Hist2h3b,0,,
Hist2h3c1,Hist2h3c1,-0.0745,-4.7129,5.6122
Hist2h3c2,Hist2h3c2,-0.0009,-1.431,0.8169
Hist2h4,Hist2h4,-0.0009,-0.5167,0.218
Hist3h2a,Hist3h2a,-0.0224,-2.4514,1.8468
Hist3h2ba,Hist3h2ba,-0.0051,-2.0286,1.3716
Hist3h2bb-ps,Hist3h2bb-ps,0,,
Hist4h4,Hist4h4,0,,
Hivep1,Hivep1,0.0386,0.774,0.3576
Hivep2,Hivep2,-0.0086,-1.431,0.8169
Hivep3,Hivep3,-0.1015,-4.203,4.5794
Hjurp,Hjurp,0.0161,-1.3562,0.7569
Hk1,Hk1,-0.0501,-2.2243,1.5829
Hk2,Hk2,0.0466,-3.6748,3.6233
Hk3,Hk3,0.0643,-1.3992,0.7912
Hkdc1,Hkdc1,0,,
Hlcs,Hlcs,-0.0048,-1.8012,1.1447
Hlf,Hlf,0.0431,1.3956,0.7883
Hltf,Hltf,0.0533,-1.4603,0.841
Hlx,Hlx,-0.1011,-6.3447,9.6519
Hmbox1,Hmbox1,0.0197,-1.3517,0.7533
Hmbs,Hmbs,-0.0054,-1.1631,0.6112
Hmcn1,Hmcn1,0,,
Hmcn2,Hmcn2,0,,
Hmg1l1,Hmg1l1,0,,
Hmg20a,Hmg20a,-0.0281,-2.0785,1.4241
Hmg20b,Hmg20b,0.076,-1.2758,0.6946
Hmga1,Hmga1,0,,
Hmga1-rs1,Hmga1-rs1,0.0008,0.6927,0.3111
Hmga2,Hmga2,0,,
Hmgb1,Hmgb1,0.0392,0.2352,0.0893
Hmgb1-ps1,Hmgb1-ps1,0.0052,-0.4816,0.2006
Hmgb1-ps2,Hmgb1-ps2,0.0067,0.6927,0.3111
Hmgb1-ps3,Hmgb1-ps3,0.0007,-0.5167,0.218
Hmgb1-ps4,Hmgb1-ps4,0.0067,0.9835,0.4876
Hmgb1-ps5,Hmgb1-ps5,-0.0009,-0.0264,0.0092
Hmgb1-ps6,Hmgb1-ps6,0,,
Hmgb1-rs18,Hmgb1-rs18,0,,
Hmgb1l,Hmgb1l,0,,
Hmgb2,Hmgb2,-0.0086,-1.576,0.9392
Hmgb3,Hmgb3,0,,
Hmgb4,Hmgb4,0,,
Hmgcl,Hmgcl,-0.0194,-2.5485,1.9659
Hmgcll1,Hmgcll1,0,,
Hmgcr,Hmgcr,-0.0394,-4.1053,4.3939
Hmgcs2,Hmgcs2,0,,
Hmgn1,Hmgn1,0.1637,-0.878,0.4203
Hmgn2,Hmgn2,0,,
Hmgn2-ps1,Hmgn2-ps1,0.0158,1.5623,0.9274
Hmgn2l6,Hmgn2l6,0,,
Hmgn3,Hmgn3,-0.0562,-4.7288,5.6461
Hmgn5,Hmgn5,0.0584,-0.2043,0.0767
Hmgxb3,Hmgxb3,0.0081,-1.3641,0.7631
Hmgxb4,Hmgxb4,0.0036,-0.6487,0.2869
Hmha1,Hmha1,0.1168,-2.1106,1.4584
Hmmr,Hmmr,-0.0043,-1.431,0.8169
Hmox1,Hmox1,-0.0292,-4.5181,5.2049
Hmox2,Hmox2,0.024,-2.489,1.8924
Hmx1,Hmx1,0,,
Hmx2,Hmx2,0,,
Hmx3,Hmx3,0,,
Hn1,Hn1,0.1193,-0.9501,0.4659
Hn1l,Hn1l,0.072,-0.9712,0.4796
Hnf1a,Hnf1a,0,,
Hnf1b,Hnf1b,0,,
Hnf4a,Hnf4a,0,,
Hnf4g,Hnf4g,0,,
Hnmt,Hnmt,-0.0025,-1.9051,1.2459
Hnrnpa0,Hnrnpa0,-0.0002,-2.1086,1.4562
Hnrnpa1,Hnrnpa1,0.0071,-0.0348,0.0122
Hnrnpa1l2-ps,Hnrnpa1l2-ps,0,,
Hnrnpa2b1,Hnrnpa2b1,0.0136,-3.5984,3.4946
Hnrnpa3,Hnrnpa3,0.0254,-1.9388,1.2797
Hnrnpab,Hnrnpab,0.1102,-2.449,1.8438
Hnrnpc,Hnrnpc,0.0407,-3.6847,3.6402
Hnrnpd,Hnrnpd,0.0937,0.5768,0.2487
Hnrnpf,Hnrnpf,0.0864,-0.9946,0.4949
Hnrnph1,Hnrnph1,0.0321,-2.8784,2.3983
Hnrnph2,Hnrnph2,-0.0005,-1.4721,0.8508
Hnrnph3,Hnrnph3,-0.0049,-1.353,0.7543
Hnrnpk,Hnrnpk,-0.0437,-4.4576,5.0816
Hnrnpl,Hnrnpl,0.0039,-3.7704,3.7879
Hnrnpm,Hnrnpm,0.1136,-1.9437,1.2846
Hnrnpr,Hnrnpr,0.0075,-2.0699,1.415
Hnrnpu,Hnrnpu,0.1333,-0.8127,0.3805
Hnrnpul1,Hnrnpul1,0.0039,-3.218,2.8891
Hnrnpul2,Hnrnpul2,-0.0342,-3.1084,2.7256
Hnrpdl,Hnrpdl,0.0236,-3.234,2.9134
Hnrpll,Hnrpll,0.0062,-1.7781,1.1227
Hoga1,Hoga1,0.0067,0.6927,0.3111
Homer1,Homer1,-0.0586,-1.7295,1.0772
Homer2,Homer2,0.0003,-0.5167,0.218
Homer3,Homer3,-0.0112,-1.8965,1.2374
Homez,Homez,0.0041,-0.3445,0.1364
Hook1,Hook1,0,,
Hook2,Hook2,-0.0423,-1.8057,1.149
Hook3,Hook3,0.0441,-2.3498,1.7263
Hopx,Hopx,-0.0293,-0.5226,0.2209
Hormad1,Hormad1,0,,
Hormad2,Hormad2,0,,
Hoxa1,Hoxa1,0,,
Hoxa10,Hoxa10,0,,
Hoxa11,Hoxa11,0,,
Hoxa11as,Hoxa11as,0,,
Hoxa13,Hoxa13,0,,
Hoxa2,Hoxa2,0,,
Hoxa3,Hoxa3,0,,
Hoxa4,Hoxa4,0,,
Hoxa5,Hoxa5,0,,
Hoxa6,Hoxa6,0,,
Hoxa7,Hoxa7,-0.0026,-1.431,0.8169
Hoxa9,Hoxa9,0,,
Hoxb1,Hoxb1,0,,
Hoxb13,Hoxb13,0,,
Hoxb2,Hoxb2,0,,
Hoxb3,Hoxb3,0,,
Hoxb3os,Hoxb3os,0,,
Hoxb4,Hoxb4,0,,
Hoxb5,Hoxb5,0,,
Hoxb6,Hoxb6,0,,
Hoxb7,Hoxb7,0,,
Hoxb8,Hoxb8,0,,
Hoxb9,Hoxb9,0,,
Hoxc10,Hoxc10,0,,
Hoxc11,Hoxc11,0,,
Hoxc12,Hoxc12,0,,
Hoxc13,Hoxc13,0,,
Hoxc4,Hoxc4,0,,
Hoxc5,Hoxc5,0,,
Hoxc6,Hoxc6,0,,
Hoxc8,Hoxc8,0,,
Hoxc9,Hoxc9,0,,
Hoxd1,Hoxd1,0,,
Hoxd10,Hoxd10,0,,
Hoxd11,Hoxd11,0,,
Hoxd12,Hoxd12,0,,
Hoxd13,Hoxd13,0,,
Hoxd3,Hoxd3,0,,
Hoxd4,Hoxd4,0,,
Hoxd8,Hoxd8,0,,
Hoxd9,Hoxd9,0,,
Hp,Hp,0,,
Hp1bp3,Hp1bp3,0.059,-2.3306,1.7039
Hpca,Hpca,-0.0017,-1.431,0.8169
Hpcal1,Hpcal1,-0.0408,-3.6572,3.5934
Hpcal4,Hpcal4,-0.0026,-1.431,0.8169
Hpd,Hpd,0,,
Hpdl,Hpdl,0,,
Hpgd,Hpgd,0.3343,0.135,0.0493
Hpgds,Hpgds,0.4591,0.9028,0.4357
Hpn,Hpn,0.0089,-1.8012,1.1447
Hprt,Hprt,0.1663,-1.8056,1.1489
Hps1,Hps1,-0.0004,-2.0119,1.3543
Hps3,Hps3,0.0248,-1.5797,0.9424
Hps4,Hps4,-0.076,-4.5338,5.2371
Hps5,Hps5,0.0294,-1.6451,1.0002
Hps6,Hps6,-0.0007,-0.3445,0.1364
Hpse,Hpse,-0.2976,-10.1466,23.4647
Hpse2,Hpse2,0,,
Hpx,Hpx,0,,
Hr,Hr,0,,
Hras1,Hras1,-0.009,-3.3583,3.1056
Hrasls,Hrasls,0,,
Hrasls5,Hrasls5,0,,
Hrc,Hrc,0.0129,0.6927,0.3111
Hrct1,Hrct1,0,,
Hrg,Hrg,0,,
Hrh1,Hrh1,0,,
Hrh2,Hrh2,0.0112,0.9835,0.4876
Hrh3,Hrh3,0,,
Hrh4,Hrh4,0,,
Hrk,Hrk,0.0079,0.6927,0.3111
Hrnr,Hrnr,0,,
Hrsp12,Hrsp12,-0.06,-3.3843,3.1466
Hs1bp3,Hs1bp3,0.0313,-0.5594,0.2396
Hs2st1,Hs2st1,-0.0245,-2.2524,1.6144
Hs3st1,Hs3st1,-0.0196,-2.8765,2.3957
Hs3st2,Hs3st2,0,,
Hs3st3a1,Hs3st3a1,0,,
Hs3st3b1,Hs3st3b1,-0.0005,-0.5167,0.218
Hs3st4,Hs3st4,-0.0051,-1.431,0.8169
Hs3st5,Hs3st5,0,,
Hs3st6,Hs3st6,0,,
Hs6st1,Hs6st1,-0.0027,-3.0839,2.6898
Hs6st2,Hs6st2,0,,
Hs6st3,Hs6st3,0,,
Hsbp1,Hsbp1,0.3091,0.2431,0.0926
Hsbp1l1,Hsbp1l1,0,,
Hscb,Hscb,-0.0599,-3.688,3.6459
Hsd11b1,Hsd11b1,-0.0043,-1.431,0.8169
Hsd11b2,Hsd11b2,0,,
Hsd17b1,Hsd17b1,-0.0051,-2.0286,1.3716
Hsd17b10,Hsd17b10,-0.0101,-3.3627,3.1124
Hsd17b11,Hsd17b11,-0.0457,-3.9329,4.076
Hsd17b12,Hsd17b12,-0.1524,-7.692,13.839
Hsd17b13,Hsd17b13,0,,
Hsd17b14,Hsd17b14,0,,
Hsd17b2,Hsd17b2,0,,
Hsd17b3,Hsd17b3,0,,
Hsd17b4,Hsd17b4,0.1112,-2.3542,1.7313
Hsd17b6,Hsd17b6,0,,
Hsd17b7,Hsd17b7,-0.0101,-0.5787,0.2497
Hsd3b1,Hsd3b1,0,,
Hsd3b2,Hsd3b2,0,,
Hsd3b3,Hsd3b3,0,,
Hsd3b4,Hsd3b4,0,,
Hsd3b5,Hsd3b5,0,,
Hsd3b6,Hsd3b6,0,,
Hsd3b7,Hsd3b7,0.0136,-1.2565,0.68
Hsdl1,Hsdl1,0.0155,-0.7107,0.3213
Hsdl2,Hsdl2,0.0073,-1.9333,1.2741
Hsf1,Hsf1,0.0122,-0.5656,0.2429
Hsf2,Hsf2,-0.0147,-1.0572,0.5369
Hsf2bp,Hsf2bp,0,,
Hsf3,Hsf3,0,,
Hsf4,Hsf4,0,,
Hsf5,Hsf5,0,,
Hsfy2,Hsfy2,0,,
Hsh2d,Hsh2d,0,,
Hsp25-ps1,Hsp25-ps1,0,,
Hsp90aa1,Hsp90aa1,0.208,0.1288,0.047
Hsp90ab1,Hsp90ab1,0.45,2.1092,1.4569
Hsp90b1,Hsp90b1,-0.1288,-3.8783,3.978
Hspa12a,Hspa12a,0.0131,-1.8326,1.1748
Hspa12b,Hspa12b,0,,
Hspa13,Hspa13,-0.0133,-1.439,0.8235
Hspa14,Hspa14,0.003,-2.0596,1.4041
Hspa1a,Hspa1a,0.0128,-0.8097,0.3787
Hspa1b,Hspa1b,0.0129,0.1985,0.0743
Hspa1l,Hspa1l,0,,
Hspa2,Hspa2,0.0063,-1.7679,1.1131
Hspa4,Hspa4,0.0775,-1.0788,0.5518
Hspa4l,Hspa4l,-0.0369,-2.8376,2.3425
Hspa5,Hspa5,-0.563,-7.5676,13.4198
Hspa8,Hspa8,0.0967,-0.6083,0.2652
Hspa9,Hspa9,0.0218,-1.8123,1.1553
Hspa9-ps1,Hspa9-ps1,0.0036,-0.8916,0.4288
Hspb1,Hspb1,-0.0112,-0.7467,0.3418
Hspb11,Hspb11,-0.0065,-1.2756,0.6945
Hspb2,Hspb2,0,,
Hspb3,Hspb3,-0.0485,-4.4127,4.991
Hspb6,Hspb6,0.0199,0.9835,0.4876
Hspb7,Hspb7,0,,
Hspb8,Hspb8,0,,
Hspb9,Hspb9,0,,
Hspbap1,Hspbap1,-0.029,-0.7384,0.337
Hspbp1,Hspbp1,-0.0187,-2.3349,1.7089
Hspd1,Hspd1,0.0704,-0.9876,0.4903
Hspe1,Hspe1,-0.0646,-5.0207,6.2884
Hspe1-ps2,Hspe1-ps2,0,,
Hspe1-ps4,Hspe1-ps4,0,,
Hspe1-ps5,Hspe1-ps5,-0.0009,-1.431,0.8169
Hspe1-ps6,Hspe1-ps6,0,,
Hspg2,Hspg2,0,,
Hsph1,Hsph1,0.0617,-2.2885,1.6554
Htatip2,Htatip2,-0.0477,-3.5006,3.3333
Htatsf1,Htatsf1,0.059,-0.1276,0.0465
Htr1a,Htr1a,0,,
Htr1b,Htr1b,0,,
Htr1d,Htr1d,0,,
Htr1f,Htr1f,0,,
Htr2a,Htr2a,0,,
Htr2b,Htr2b,-0.0009,-1.431,0.8169
Htr2c,Htr2c,0,,
Htr3a,Htr3a,0,,
Htr3b,Htr3b,0,,
Htr4,Htr4,0,,
Htr5a,Htr5a,0,,
Htr5b,Htr5b,0,,
Htr6,Htr6,-0.0114,-1.7147,1.0635
Htr7,Htr7,0,,
Htra1,Htra1,0.0033,0.9835,0.4876
Htra2,Htra2,0.0017,-1.6171,0.9753
Htra3,Htra3,-0.1035,-5.7297,7.9973
Htra4,Htra4,0,,
Htt,Htt,-0.0435,-3.8952,4.0082
Hunk,Hunk,0,,
Hus1,Hus1,-0.019,-1.3892,0.7831
Hus1b,Hus1b,0,,
Huwe1,Huwe1,0.0609,-2.0381,1.3816
Hvcn1,Hvcn1,-0.2415,-7.38,12.8004
Hyal1,Hyal1,0,,
Hyal2,Hyal2,-0.009,-2.1793,1.533
Hyal3,Hyal3,0,,
Hyal4,Hyal4,0,,
Hyal5,Hyal5,0,,
Hyal6,Hyal6,0,,
Hydin,Hydin,0,,
Hyi,Hyi,-0.0265,-3.1516,2.7894
Hyls1,Hyls1,0,,
Hyou1,Hyou1,0.0187,-2.0455,1.3893
I0C0044D17Rik,I0C0044D17Rik,0,,
I830012O16Rik,I830012O16Rik,0.0094,0.3265,0.1284
I830077J02Rik,I830077J02Rik,0.0017,0.6927,0.3111
I830134H01Rik,I830134H01Rik,0,,
Iah1,Iah1,-0.017,-4.1749,4.5255
Iapp,Iapp,0,,
Iars,Iars,0.0883,0.0074,0.0026
Iars2,Iars2,-0.0077,-2.4126,1.8002
Ibsp,Ibsp,0,,
Ibtk,Ibtk,0.0051,-1.8013,1.1448
Ica1,Ica1,0,,
Ica1l,Ica1l,0,,
Icam1,Icam1,-0.0218,-2.8647,2.3794
Icam2,Icam2,0,,
Icam4,Icam4,0,,
Icam5,Icam5,0,,
Ick,Ick,-0.0162,-3.2197,2.8916
Icmt,Icmt,0.003,-2.6481,2.0918
Icos,Icos,0.0058,0.9835,0.4876
Icosl,Icosl,0.0212,-0.0251,0.0088
Ict1,Ict1,-0.0307,-3.2534,2.943
Id1,Id1,-0.0026,-1.431,0.8169
Id2,Id2,-0.297,-6.3527,9.6746
Id3,Id3,-0.0111,-3.2197,2.8916
Id4,Id4,0,,
Ide,Ide,0.0402,-0.3889,0.1565
Idh1,Idh1,-0.0857,-4.8311,5.8671
Idh2,Idh2,0.0703,0.8724,0.4168
Idh3a,Idh3a,0.07,0.032,0.0112
Idh3b,Idh3b,-0.0038,-2.8811,2.4019
Idh3g,Idh3g,0.0004,-2.746,2.2195
Idi1,Idi1,0.0003,-0.5167,0.218
Idi2,Idi2,0,,
Ido1,Ido1,0,,
Ido2,Ido2,0,,
Ids,Ids,0.0372,0.0056,0.002
Idua,Idua,-0.0447,-3.2635,2.9584
Ier2,Ier2,-0.3566,-6.7226,10.7483
Ier3,Ier3,-0.4536,-8.7585,17.7035
Ier3ip1,Ier3ip1,-0.0442,-4.3834,4.9325
Ier5,Ier5,-0.1764,-4.6361,5.4497
Ier5l,Ier5l,-0.0247,-3.2197,2.8916
Iffo1,Iffo1,0.0118,-1.9958,1.3377
Iffo2,Iffo2,-0.0093,-2.1974,1.5529
Ifi202b,Ifi202b,0,,
Ifi203,Ifi203,-0.0239,-4.3885,4.9425
Ifi204,Ifi204,-0.0855,-3.9722,4.1474
Ifi205,Ifi205,0.0007,-0.5167,0.218
Ifi27l1,Ifi27l1,-0.0286,-5.2283,6.7668
Ifi27l2a,Ifi27l2a,-0.154,-6.7666,10.8799
Ifi27l2b,Ifi27l2b,-0.2351,-7.5608,13.3972
Ifi30,Ifi30,-0.0694,-4.6605,5.501
Ifi35,Ifi35,0.0142,-2.7468,2.2206
Ifi44,Ifi44,-0.0302,-2.2045,1.5608
Ifi47,Ifi47,-0.0054,0.3203,0.1257
Ifih1,Ifih1,0.01,-1.2022,0.6396
Ifit1,Ifit1,0.0003,-0.4909,0.2052
Ifit2,Ifit2,-0.0217,-2.1953,1.5507
Ifit3,Ifit3,-0.011,-2.41,1.7972
Ifitm1,Ifitm1,0,,
Ifitm2,Ifitm2,-0.0054,-2.0151,1.3576
Ifitm3,Ifitm3,-0.0077,-3.9292,4.0695
Ifitm5,Ifitm5,0,,
Ifitm6,Ifitm6,0.0037,0.6927,0.3111
Ifitm7,Ifitm7,0,,
Ifltd1,Ifltd1,0,,
Ifna-ps1,Ifna-ps1,0,,
Ifna1,Ifna1,0,,
Ifna11,Ifna11,0,,
Ifna12,Ifna12,0,,
Ifna13,Ifna13,0,,
Ifna14,Ifna14,0,,
Ifna2,Ifna2,0,,
Ifna4,Ifna4,0,,
Ifna5,Ifna5,0,,
Ifna6,Ifna6,0,,
Ifna7,Ifna7,0,,
Ifna9,Ifna9,0.0004,0.6927,0.3111
Ifnab,Ifnab,0,,
Ifnar1,Ifnar1,-0.021,-2.9106,2.4428
Ifnar2,Ifnar2,-0.4035,-8.8782,18.1678
Ifnb1,Ifnb1,0,,
Ifne,Ifne,0,,
Ifng,Ifng,0,,
Ifngr1,Ifngr1,-0.107,-5.5962,7.6593
Ifngr2,Ifngr2,-0.1748,-6.5425,10.2184
Ifnk,Ifnk,0,,
Ifnz,Ifnz,0,,
Ifrd1,Ifrd1,-0.1356,-5.1647,6.6182
Ifrd2,Ifrd2,-0.0022,-1.2501,0.6751
Ift122,Ift122,-0.0044,-1.8012,1.1447
Ift140,Ift140,0.0025,-0.3445,0.1364
Ift172,Ift172,-0.0291,-2.8144,2.311
Ift20,Ift20,-0.0113,-2.0381,1.3815
Ift27,Ift27,0.0248,1.8528,1.1945
Ift46,Ift46,0.021,1.4719,0.8506
Ift52,Ift52,0.04,-1.2602,0.6828
Ift57,Ift57,0.0473,-0.0187,0.0065
Ift74,Ift74,-0.0116,-1.6283,0.9853
Ift80,Ift80,-0.0057,-1.3016,0.7144
Ift81,Ift81,-0.0074,-1.7764,1.1211
Ift88,Ift88,-0.0129,-0.7552,0.3467
Igbp1,Igbp1,0.0725,-0.8574,0.4075
Igbp1b,Igbp1b,0,,
Igdcc3,Igdcc3,0,,
Igdcc4,Igdcc4,0,,
Igf1,Igf1,-0.8245,-12.5287,35.2839
Igf1r,Igf1r,-0.0086,-1.2597,0.6824
Igf2,Igf2,0,,
Igf2as,Igf2as,-0.0034,-1.431,0.8169
Igf2bp1,Igf2bp1,0,,
Igf2bp2,Igf2bp2,0.0101,0.1866,0.0696
Igf2bp3,Igf2bp3,0,,
Igf2r,Igf2r,-0.0023,-1.2501,0.6751
Igfals,Igfals,0,,
Igfbp1,Igfbp1,0,,
Igfbp2,Igfbp2,0,,
Igfbp3,Igfbp3,0,,
Igfbp4,Igfbp4,-0.0079,-0.8852,0.4247
Igfbp5,Igfbp5,-0.0289,-3.2197,2.8916
Igfbp6,Igfbp6,0.0033,0.9835,0.4876
Igfbp7,Igfbp7,0,,
Igfbpl1,Igfbpl1,0,,
Igfl3,Igfl3,0,,
Igfn1,Igfn1,-0.0034,-1.431,0.8169
Ighg,Ighg,0.4405,6.0385,8.8081
Ighg1,Ighg1,0,,
Ighg2c,Ighg2c,0,,
Ighm,Ighm,0.1404,-1.4727,0.8513
Ighmbp2,Ighmbp2,-0.0103,-2.8765,2.3957
Ighv1-12,Ighv1-12,0,,
Ighv1-18,Ighv1-18,0,,
Ighv1-19,Ighv1-19,0,,
Ighv1-20,Ighv1-20,0,,
Ighv1-23,Ighv1-23,0,,
Ighv1-24,Ighv1-24,0,,
Ighv1-42,Ighv1-42,0,,
Ighv1-43,Ighv1-43,0,,
Ighv1-5,Ighv1-5,0,,
Ighv1-54,Ighv1-54,0,,
Ighv1-59,Ighv1-59,0,,
Ighv1-62-2,Ighv1-62-2,0,,
Ighv1-63,Ighv1-63,0,,
Ighv1-67,Ighv1-67,0,,
Ighv1-7,Ighv1-7,0,,
Ighv1-71,Ighv1-71,0,,
Ighv1-73,Ighv1-73,0,,
Ighv1-83,Ighv1-83,0,,
Ighv1-84,Ighv1-84,0,,
Ighv1-85,Ighv1-85,0,,
Ighv1-9,Ighv1-9,0,,
Ighv10-3,Ighv10-3,0,,
Ighv11-2,Ighv11-2,0,,
Ighv12-3,Ighv12-3,0,,
Ighv14-3,Ighv14-3,0,,
Ighv15-2,Ighv15-2,0,,
Ighv2-4,Ighv2-4,0,,
Ighv3-3,Ighv3-3,0,,
Ighv3-8,Ighv3-8,0,,
Ighv8-11,Ighv8-11,0,,
Ighv8-12,Ighv8-12,0,,
Ighv8-14,Ighv8-14,0,,
Ighv8-5,Ighv8-5,0,,
Ighv8-6,Ighv8-6,0,,
Ighv8-9,Ighv8-9,0,,
Ighv9-2,Ighv9-2,0,,
Ighv9-3,Ighv9-3,0,,
Igj,Igj,0.0256,1.2069,0.6431
Igkc,Igkc,0.1625,3.4734,3.2891
Igkj1,Igkj1,0,,
Igkj2,Igkj2,0,,
Igkj3,Igkj3,0,,
Igkj4,Igkj4,0,,
Igkj5,Igkj5,0,,
Igkv1-110,Igkv1-110,0,,
Igkv1-115,Igkv1-115,0,,
Igkv1-117,Igkv1-117,0,,
Igkv1-122,Igkv1-122,0,,
Igkv1-131,Igkv1-131,0,,
Igkv1-132,Igkv1-132,0,,
Igkv1-133,Igkv1-133,0,,
Igkv1-135,Igkv1-135,0,,
Igkv1-35,Igkv1-35,0,,
Igkv1-88,Igkv1-88,0,,
Igkv1-99,Igkv1-99,0,,
Igkv10-94,Igkv10-94,0,,
Igkv10-95,Igkv10-95,0,,
Igkv10-96,Igkv10-96,0,,
Igkv11-125,Igkv11-125,0,,
Igkv12-38,Igkv12-38,0,,
Igkv12-41,Igkv12-41,0,,
Igkv12-44,Igkv12-44,0,,
Igkv12-46,Igkv12-46,0,,
Igkv12-47,Igkv12-47,0,,
Igkv12-89,Igkv12-89,0,,
Igkv12-98,Igkv12-98,0,,
Igkv13-84,Igkv13-84,0,,
Igkv14-100,Igkv14-100,0,,
Igkv14-111,Igkv14-111,0,,
Igkv14-126,Igkv14-126,0,,
Igkv14-130,Igkv14-130,0,,
Igkv15-103,Igkv15-103,0,,
Igkv16-104,Igkv16-104,0,,
Igkv17-121,Igkv17-121,0,,
Igkv17-127,Igkv17-127,0,,
Igkv17-134,Igkv17-134,0,,
Igkv18-36,Igkv18-36,0,,
Igkv19-93,Igkv19-93,0,,
Igkv2-109,Igkv2-109,0,,
Igkv2-112,Igkv2-112,0,,
Igkv2-116,Igkv2-116,0,,
Igkv2-137,Igkv2-137,0,,
Igkv3-1,Igkv3-1,0,,
Igkv3-10,Igkv3-10,0,,
Igkv3-12,Igkv3-12,0,,
Igkv3-2,Igkv3-2,0,,
Igkv3-3,Igkv3-3,0,,
Igkv3-4,Igkv3-4,0,,
Igkv3-7,Igkv3-7,0,,
Igkv3-9,Igkv3-9,0,,
Igkv4-50,Igkv4-50,0,,
Igkv4-53,Igkv4-53,0,,
Igkv4-55,Igkv4-55,0,,
Igkv4-56,Igkv4-56,0,,
Igkv4-57,Igkv4-57,0,,
Igkv4-57-1,Igkv4-57-1,0,,
Igkv4-58,Igkv4-58,0,,
Igkv4-59,Igkv4-59,0,,
Igkv4-61,Igkv4-61,0,,
Igkv4-62,Igkv4-62,0,,
Igkv4-63,Igkv4-63,0,,
Igkv4-68,Igkv4-68,0,,
Igkv4-69,Igkv4-69,0,,
Igkv4-70,Igkv4-70,0,,
Igkv4-71,Igkv4-71,0,,
Igkv4-72,Igkv4-72,0,,
Igkv4-73,Igkv4-73,0,,
Igkv4-74,Igkv4-74,0,,
Igkv4-78,Igkv4-78,0,,
Igkv4-79,Igkv4-79,0,,
Igkv4-80,Igkv4-80,0,,
Igkv4-81,Igkv4-81,0,,
Igkv4-86,Igkv4-86,0,,
Igkv4-90,Igkv4-90,0,,
Igkv4-91,Igkv4-91,0,,
Igkv4-92,Igkv4-92,0,,
Igkv5-37,Igkv5-37,0,,
Igkv5-39,Igkv5-39,0,,
Igkv5-43,Igkv5-43,0,,
Igkv5-45,Igkv5-45,0,,
Igkv5-48,Igkv5-48,0,,
Igkv6-13,Igkv6-13,0,,
Igkv6-14,Igkv6-14,0,,
Igkv6-15,Igkv6-15,0,,
Igkv6-17,Igkv6-17,0,,
Igkv6-20,Igkv6-20,0,,
Igkv6-23,Igkv6-23,0,,
Igkv6-25,Igkv6-25,0,,
Igkv6-29,Igkv6-29,0,,
Igkv6-32,Igkv6-32,0,,
Igkv7-33,Igkv7-33,0,,
Igkv8-16,Igkv8-16,0,,
Igkv8-18,Igkv8-18,0,,
Igkv8-19,Igkv8-19,0,,
Igkv8-21,Igkv8-21,0,,
Igkv8-24,Igkv8-24,0,,
Igkv8-26,Igkv8-26,0,,
Igkv8-27,Igkv8-27,0,,
Igkv8-28,Igkv8-28,0,,
Igkv8-30,Igkv8-30,0,,
Igkv9-120,Igkv9-120,0,,
Igkv9-123,Igkv9-123,0,,
Igkv9-124,Igkv9-124,0,,
Igkv9-129,Igkv9-129,0,,
Iglc2,Iglc2,0,,
Iglc3,Iglc3,0.0145,0.9835,0.4876
Igll1,Igll1,0,,
Iglon5,Iglon5,0,,
Iglv1,Iglv1,0,,
Iglv2,Iglv2,0,,
Iglv3,Iglv3,0,,
Igsf1,Igsf1,0,,
Igsf10,Igsf10,-0.0009,-0.5167,0.218
Igsf11,Igsf11,0,,
Igsf21,Igsf21,0,,
Igsf3,Igsf3,0,,
Igsf5,Igsf5,0,,
Igsf6,Igsf6,-0.0502,-2.7729,2.2553
Igsf8,Igsf8,-0.0825,-4.3624,4.8906
Igsf9,Igsf9,0,,
Igsf9b,Igsf9b,0,,
Igtp,Igtp,-0.006,-4.7388,5.6676
Ihh,Ihh,0,,
Iigp1,Iigp1,-0.0027,-1.2998,0.7129
Ik,Ik,0.236,-1.0812,0.5535
Ikbip,Ikbip,-0.0562,-3.4108,3.1886
Ikbkap,Ikbkap,-0.0506,-3.1516,2.7894
Ikbkb,Ikbkb,-0.0203,-3.595,3.4889
Ikbke,Ikbke,-0.0034,-1.431,0.8169
Ikbkg,Ikbkg,-0.0521,-4.2261,4.6238
Ikzf1,Ikzf1,0.0088,-3.2798,2.9835
Ikzf2,Ikzf2,-0.0278,-1.8054,1.1486
Ikzf3,Ikzf3,0,,
Ikzf4,Ikzf4,0,,
Ikzf5,Ikzf5,-0.0106,-0.9004,0.4343
Il10,Il10,0.0108,0.9835,0.4876
Il10ra,Il10ra,-0.1266,-5.5436,7.5283
Il10rb,Il10rb,-0.0448,-3.8283,3.8892
Il11,Il11,0.0054,0.6927,0.3111
Il11ra1,Il11ra1,-0.051,-4.0535,4.2971
Il11ra2,Il11ra2,-0.0034,-1.431,0.8169
Il12a,Il12a,0,,
Il12b,Il12b,0,,
Il12rb1,Il12rb1,0,,
Il12rb2,Il12rb2,-0.0026,-1.431,0.8169
Il13,Il13,0,,
Il13ra1,Il13ra1,-0.0669,-4.6901,5.5638
Il13ra2,Il13ra2,0,,
Il15,Il15,-0.0337,-2.2778,1.6432
Il15ra,Il15ra,0.0028,-0.7301,0.3322
Il16,Il16,0.0274,-2.0058,1.348
Il17a,Il17a,0,,
Il17b,Il17b,0,,
Il17c,Il17c,0,,
Il17d,Il17d,0,,
Il17f,Il17f,0,,
Il17ra,Il17ra,0.0029,-1.3923,0.7856
Il17rb,Il17rb,0,,
Il17rc,Il17rc,0,,
Il17rd,Il17rd,0,,
Il17re,Il17re,0,,
Il18,Il18,0.0389,-0.0219,0.0076
Il18bp,Il18bp,-0.0201,-2.6079,2.0404
Il18r1,Il18r1,0,,
Il18rap,Il18rap,0,,
Il19,Il19,0,,
Il1a,Il1a,-0.1466,-4.2932,4.7541
Il1b,Il1b,-0.5465,-5.0218,6.2908
Il1f10,Il1f10,0,,
Il1f5,Il1f5,0,,
Il1f6,Il1f6,0,,
Il1f8,Il1f8,0,,
Il1f9,Il1f9,0,,
Il1r1,Il1r1,-0.0398,-3.2197,2.8916
Il1r2,Il1r2,-0.0196,-2.0286,1.3716
Il1rap,Il1rap,-0.0087,-1.8012,1.1447
Il1rapl1,Il1rapl1,0,,
Il1rapl2,Il1rapl2,0,,
Il1rl1,Il1rl1,0.0019,-0.0348,0.0122
Il1rl2,Il1rl2,0,,
Il1rn,Il1rn,-0.0158,-3.1528,2.7912
Il2,Il2,-0.0029,-1.7895,1.1335
Il20,Il20,0,,
Il20ra,Il20ra,0,,
Il20rb,Il20rb,0,,
Il21,Il21,0,,
Il21r,Il21r,-0.0278,-2.2288,1.588
Il22,Il22,0,,
Il22ra1,Il22ra1,0,,
Il22ra2,Il22ra2,0,,
Il23a,Il23a,-0.0196,-1.431,0.8169
Il23r,Il23r,0,,
Il24,Il24,0,,
Il25,Il25,0,,
Il27,Il27,-0.0112,-1.8054,1.1486
Il27ra,Il27ra,0.0027,-0.5167,0.218
Il28a,Il28a,0,,
Il28b,Il28b,0,,
Il28ra,Il28ra,0,,
Il2ra,Il2ra,0,,
Il2rb,Il2rb,0,,
Il2rg,Il2rg,-0.0256,-3.4686,3.2813
Il3,Il3,0,,
Il31,Il31,0,,
Il31ra,Il31ra,0,,
Il33,Il33,0,,
Il34,Il34,0,,
Il3ra,Il3ra,-0.0535,-3.4266,3.2139
Il4,Il4,0,,
Il4i1,Il4i1,-0.0914,-7.5446,13.3433
Il4ra,Il4ra,-0.0299,-3.9921,4.1838
Il5,Il5,0,,
Il5ra,Il5ra,0,,
Il6,Il6,-0.0174,-1.8028,1.1462
Il6ra,Il6ra,0.073,-1.0184,0.5108
Il6st,Il6st,-0.0633,-3.8674,3.9586
Il7,Il7,0,,
Il7r,Il7r,0.0028,0.3286,0.1293
Il9,Il9,0,,
Il9r,Il9r,0,,
Ildr1,Ildr1,0.0013,0.6927,0.3111
Ildr2,Ildr2,-0.0164,-2.4058,1.7921
Ilf2,Ilf2,0.0082,0.2545,0.0974
Ilf3,Ilf3,-0.0073,-3.5661,3.4408
Ilk,Ilk,0.0668,-1.9329,1.2737
Ilkap,Ilkap,0.0148,-1.8829,1.224
Iltifb,Iltifb,0,,
Ilvbl,Ilvbl,0.0053,-2.9602,2.5123
Immp1l,Immp1l,0.1014,-0.05,0.0177
Immp2l,Immp2l,0.0136,-0.0168,0.0059
Immt,Immt,-0.0052,-2.6304,2.0691
Imp3,Imp3,-0.0326,-3.6012,3.4992
Imp4,Imp4,0.0658,0.0121,0.0042
Impa1,Impa1,0.018,-2.9961,2.5631
Impa2,Impa2,0,,
Impact,Impact,-0.0499,-4.4319,5.0296
Impad1,Impad1,-0.0633,-3.5834,3.4695
Impdh1,Impdh1,0.0095,-0.5167,0.218
Impdh2,Impdh2,0.0019,-0.6608,0.2935
Impg1,Impg1,0,,
Impg2,Impg2,0,,
Ina,Ina,0,,
Inadl,Inadl,0,,
Inca1,Inca1,0,,
Incenp,Incenp,-0.0007,0.3312,0.1305
Inf2,Inf2,-0.0694,-4.7309,5.6507
Ing1,Ing1,-0.0022,-1.0308,0.5191
Ing2,Ing2,0.0186,-1.2647,0.6862
Ing3,Ing3,0.0027,0.1905,0.0712
Ing4,Ing4,-0.0701,-3.4802,3.3002
Ing5,Ing5,-0.0514,-3.6145,3.5215
Inha,Inha,0,,
Inhba,Inhba,0,,
Inhbb,Inhbb,0,,
Inhbc,Inhbc,0,,
Inhbe,Inhbe,0,,
Inmt,Inmt,0,,
Ino80,Ino80,0.0113,-1.0161,0.5092
Ino80b,Ino80b,0.0052,-1.7744,1.1192
Ino80c,Ino80c,0.0205,-0.5109,0.2151
Ino80d,Ino80d,-0.0135,-2.0056,1.3478
Ino80e,Ino80e,-0.0431,-4.2551,4.6799
Inpp1,Inpp1,0.0046,-0.7321,0.3334
Inpp4a,Inpp4a,-0.0207,-2.5162,1.9258
Inpp4b,Inpp4b,0.0245,-0.748,0.3425
Inpp5a,Inpp5a,-0.014,-1.1724,0.6179
Inpp5b,Inpp5b,0.0037,-0.6004,0.261
Inpp5d,Inpp5d,0.0991,-1.6888,1.0397
Inpp5e,Inpp5e,-0.019,-3.1491,2.7858
Inpp5f,Inpp5f,-0.0033,-2.1948,1.5501
Inpp5j,Inpp5j,0,,
Inpp5k,Inpp5k,0.0055,-1.9162,1.2569
Inppl1,Inppl1,0.0884,-0.3591,0.143
Ins1,Ins1,-0.0026,-1.431,0.8169
Ins2,Ins2,0,,
Insc,Insc,0,,
Insig1,Insig1,-0.074,-4.7043,5.594
Insig2,Insig2,-0.0197,-1.0649,0.5422
Insl3,Insl3,0.0216,-1.2436,0.6703
Insl5,Insl5,0,,
Insl6,Insl6,-0.0013,-0.5226,0.2209
Insm1,Insm1,0,,
Insm2,Insm2,0,,
Insr,Insr,-0.0055,-2.5154,1.9248
Insrr,Insrr,0,,
Ints1,Ints1,-0.013,-2.2402,1.6008
Ints10,Ints10,-0.0222,-1.8131,1.1561
Ints12,Ints12,-0.0343,-1.8029,1.1463
Ints2,Ints2,-0.0302,-2.6544,2.1
Ints3,Ints3,-0.0346,-3.1253,2.7504
Ints4,Ints4,0.0032,-1.3307,0.7368
Ints5,Ints5,0.0028,-0.7301,0.3322
Ints6,Ints6,-0.0037,-1.2501,0.6751
Ints7,Ints7,-0.0299,-1.47,0.8491
Ints8,Ints8,-0.0192,-2.2691,1.6333
Ints9,Ints9,0.0178,-1.1499,0.6017
Intu,Intu,-0.0009,-1.431,0.8169
Invs,Invs,-0.0121,-2.5528,1.9712
Ip6k1,Ip6k1,-0.0057,-2.6794,2.1322
Ip6k2,Ip6k2,0.0287,-1.445,0.8284
Ip6k3,Ip6k3,0,,
Ipcef1,Ipcef1,0.0049,-1.3766,0.7731
Ipmk,Ipmk,-0.0085,-1.9972,1.3391
Ipo11,Ipo11,0.0025,0.0959,0.0345
Ipo13,Ipo13,0.0401,-0.4434,0.1821
Ipo4,Ipo4,-0.0179,-2.6576,2.1041
Ipo5,Ipo5,0.0725,0.2933,0.1139
Ipo7,Ipo7,-0.0029,0.1467,0.0538
Ipo8,Ipo8,0.0079,-2.5057,1.9129
Ipo9,Ipo9,0.0563,0.9971,0.4966
Ipp,Ipp,0.0056,-1.8012,1.1447
Ippk,Ippk,-0.0181,-1.8012,1.1447
Iqca,Iqca,0,,
Iqcb1,Iqcb1,-0.012,-2.8765,2.3957
Iqcc,Iqcc,-0.0099,-1.8075,1.1506
Iqcd,Iqcd,0,,
Iqce,Iqce,-0.0003,-0.5661,0.2431
Iqcf1,Iqcf1,0,,
Iqcf3,Iqcf3,0,,
Iqcf4,Iqcf4,0,,
Iqcf5,Iqcf5,0,,
Iqcf6,Iqcf6,0,,
Iqcg,Iqcg,-0.0154,-2.0286,1.3716
Iqch,Iqch,0.0037,0.9835,0.4876
Iqcj,Iqcj,0,,
Iqck,Iqck,-0.0043,-1.431,0.8169
Iqgap1,Iqgap1,0.0124,-2.2268,1.5857
Iqgap2,Iqgap2,-0.0001,-0.0216,0.0075
Iqgap3,Iqgap3,0.0283,-1.9468,1.2877
Iqsec1,Iqsec1,-0.0198,-3.5662,3.4411
Iqsec2,Iqsec2,-0.0042,-1.4722,0.8509
Iqsec3,Iqsec3,0.01,0.9835,0.4876
Iqub,Iqub,0,,
Irak1,Irak1,0.003,-2.8046,2.2977
Irak1bp1,Irak1bp1,-0.0105,-2.9977,2.5653
Irak2,Irak2,-0.0636,-5.911,8.4684
Irak3,Irak3,-0.0277,-1.2549,0.6788
Irak4,Irak4,0.026,-0.3264,0.1283
Ireb2,Ireb2,0.004,-3.3369,3.0721
Irf1,Irf1,-0.0281,-2.6043,2.0359
Irf2,Irf2,-0.1143,-3.274,2.9745
Irf2bp1,Irf2bp1,0.0101,-1.7666,1.1118
Irf2bp2,Irf2bp2,-0.23,-7.1896,12.1871
Irf3,Irf3,-0.0053,-2.7174,2.1817
Irf4,Irf4,0.0075,0.9835,0.4876
Irf5,Irf5,-0.0599,-2.7772,2.261
Irf6,Irf6,0,,
Irf7,Irf7,0.0379,-1.8793,1.2203
Irf8,Irf8,-0.332,-7.5698,13.4273
Irf9,Irf9,-0.0245,-2.6791,2.1318
Irg1,Irg1,-0.0043,-0.5226,0.2209
Irgc1,Irgc1,0,,
Irgm1,Irgm1,-0.0522,-3.6207,3.532
Irgm2,Irgm2,-0.026,-2.2385,1.5988
Irgq,Irgq,-0.0115,-1.8989,1.2398
Irs1,Irs1,0,,
Irs2,Irs2,-0.0035,-1.0394,0.5249
Irs3,Irs3,0.0087,0.6927,0.3111
Irs4,Irs4,0,,
Irx1,Irx1,0,,
Irx2,Irx2,0,,
Irx3,Irx3,0,,
Irx4,Irx4,0,,
Irx5,Irx5,0,,
Irx6,Irx6,0,,
Isca1,Isca1,-0.0471,-3.0314,2.6136
Isca2,Isca2,0.0257,-2.7206,2.186
Iscu,Iscu,0.0383,-1.7696,1.1147
Isg15,Isg15,-0.0359,-2.4452,1.8394
Isg20,Isg20,0.0024,-1.2768,0.6954
Isg20l2,Isg20l2,0.0144,0.1618,0.0597
Isl1,Isl1,0,,
Isl2,Isl2,0,,
Islr,Islr,0,,
Islr2,Islr2,0,,
Ism1,Ism1,0,,
Ism2,Ism2,0,,
Isoc1,Isoc1,-0.0116,-1.8087,1.1518
Isoc2a,Isoc2a,0.0002,-1.7679,1.1131
Isoc2b,Isoc2b,-0.0057,-2.6476,2.0912
Ispd,Ispd,0,,
Isx,Isx,0,,
Isy1,Isy1,0.0217,0.8773,0.4198
Isyna1,Isyna1,-0.0786,-4.2526,4.6751
Itch,Itch,0.0453,-1.1678,0.6146
Itfg1,Itfg1,-0.0397,-4.465,5.0965
Itfg2,Itfg2,0.0072,-1.3687,0.7668
Itfg3,Itfg3,-0.0407,-3.5896,3.4799
Itga1,Itga1,0,,
Itga10,Itga10,0,,
Itga11,Itga11,-0.0043,-1.431,0.8169
Itga2,Itga2,0,,
Itga2b,Itga2b,0,,
Itga3,Itga3,0,,
Itga4,Itga4,0.0217,-1.3672,0.7655
Itga5,Itga5,-0.0172,-3.488,3.3128
Itga6,Itga6,0.0742,-3.0232,2.6019
Itga7,Itga7,0,,
Itga8,Itga8,0,,
Itga9,Itga9,0.0098,-0.282,0.1091
Itgad,Itgad,-0.0111,-2.0286,1.3716
Itgae,Itgae,0,,
Itgal,Itgal,0.0058,0.6927,0.3111
Itgam,Itgam,0.3863,1.9852,1.3268
Itgav,Itgav,-0.0136,-2.8934,2.419
Itgax,Itgax,-1.135,-15.5055,53.4971
Itgb1,Itgb1,0.134,-2.3176,1.6888
Itgb1bp1,Itgb1bp1,-0.0186,-2.746,2.2195
Itgb1bp2,Itgb1bp2,0,,
Itgb1bp3,Itgb1bp3,0,,
Itgb2,Itgb2,-0.2496,-6.1373,9.076
Itgb2l,Itgb2l,0,,
Itgb3,Itgb3,-0.1142,-5.1626,6.6134
Itgb3bp,Itgb3bp,0.0167,-0.0237,0.0083
Itgb4,Itgb4,-0.0009,-1.431,0.8169
Itgb5,Itgb5,-0.1309,-2.4803,1.8818
Itgb6,Itgb6,0,,
Itgb7,Itgb7,0,,
Itgb8,Itgb8,0,,
Itgbl1,Itgbl1,0,,
Itih1,Itih1,0,,
Itih2,Itih2,0,,
Itih3,Itih3,0,,
Itih4,Itih4,0,,
Itih5,Itih5,0,,
Itih5l-ps,Itih5l-ps,0,,
Itk,Itk,0,,
Itln1,Itln1,0,,
Itm2a,Itm2a,-0.0026,-1.431,0.8169
Itm2b,Itm2b,-0.0681,-1.5661,0.9306
Itm2c,Itm2c,-0.2463,-4.4008,4.9672
Itpa,Itpa,0.0067,-1.0231,0.5139
Itpa-ps1,Itpa-ps1,0,,
Itpa-ps3,Itpa-ps3,0,,
Itpk1,Itpk1,-0.0162,-2.222,1.5803
Itpka,Itpka,0,,
Itpkb,Itpkb,-0.1922,-3.9331,4.0765
Itpkc,Itpkc,-0.0037,-1.626,0.9832
Itpr1,Itpr1,-0.0135,-1.773,1.1179
Itpr2,Itpr2,0.0011,-3.2287,2.9053
Itpr3,Itpr3,-0.0191,-1.6353,0.9915
Itprip,Itprip,-0.0099,-2.1919,1.5469
Itpripl1,Itpripl1,-0.0123,-2.4791,1.8804
Itpripl2,Itpripl2,0.0507,-1.9175,1.2583
Itsn1,Itsn1,0.0113,-0.8916,0.4288
Itsn2,Itsn2,0.112,0.5382,0.2288
Ivd,Ivd,0.0184,-3.1095,2.7272
Ivl,Ivl,0,,
Ivns1abp,Ivns1abp,0.3326,0.7658,0.3528
Iws1,Iws1,0.0255,-0.29,0.1125
Iyd,Iyd,0,,
Izumo1,Izumo1,0,,
Izumo2,Izumo2,0,,
Izumo3,Izumo3,0,,
Izumo4,Izumo4,-0.0026,-1.431,0.8169
Jag1,Jag1,-0.0086,-2.0286,1.3716
Jag2,Jag2,-0.0331,-4.0854,4.3566
Jagn1,Jagn1,-0.0354,-3.5683,3.4445
Jak1,Jak1,0.2781,0.2041,0.0766
Jak2,Jak2,-0.031,-3.4155,3.1961
Jak3,Jak3,-0.002,-1.0278,0.517
Jakmip1,Jakmip1,0,,
Jakmip2,Jakmip2,0.0054,0.6927,0.3111
Jakmip3,Jakmip3,0,,
Jam2,Jam2,-0.1117,-5.5037,7.4295
Jam3,Jam3,-0.0038,-0.8967,0.432
Jarid2,Jarid2,-0.018,-2.8997,2.4277
Jazf1,Jazf1,0,,
Jdp2,Jdp2,0.0337,0.687,0.3079
Jhdm1d,Jhdm1d,0.0445,-1.7361,1.0833
Jkamp,Jkamp,-0.0748,-4.6806,5.5437
Jmjd1c,Jmjd1c,-0.1351,-5.8875,8.4066
Jmjd4,Jmjd4,-0.0015,-0.034,0.012
Jmjd5,Jmjd5,0.0017,0.6927,0.3111
Jmjd6,Jmjd6,0.0217,-2.8131,2.3093
Jmjd8,Jmjd8,-0.004,-1.9254,1.2662
Jmy,Jmy,0.0145,-0.2731,0.1053
Josd1,Josd1,-0.0256,-1.9319,1.2727
Josd2,Josd2,0.0509,-0.4168,0.1695
Jph1,Jph1,0,,
Jph2,Jph2,0,,
Jph3,Jph3,0.005,-0.3445,0.1364
Jph4,Jph4,0,,
Jrk,Jrk,0.0025,0.6927,0.3111
Jsrp1,Jsrp1,0,,
Jtb,Jtb,-0.1193,-4.2946,4.757
Jub,Jub,0.0041,0.3286,0.1293
Jun,Jun,-0.0194,-3.4389,3.2335
Junb,Junb,-0.6221,-7.7146,13.916
Jund,Jund,-0.049,-5.7042,7.9322
Jup,Jup,0.0407,-1.9874,1.329
K230010J24Rik,K230010J24Rik,0,,
Kalrn,Kalrn,-0.0009,-1.431,0.8169
Kank1,Kank1,0,,
Kank2,Kank2,0.0266,0.2413,0.0919
Kank3,Kank3,0.0025,-0.5167,0.218
Kank4,Kank4,0,,
Kap,Kap,0,,
Kars,Kars,0.0233,-1.7697,1.1148
Kars-ps1,Kars-ps1,0,,
Kat2a,Kat2a,-0.0144,-1.8868,1.2278
Kat2b,Kat2b,-0.0055,-1.3708,0.7684
Kat2b-ps,Kat2b-ps,0,,
Kat5,Kat5,0.0143,-0.0195,0.0068
Katna1,Katna1,-0.0022,-1.5547,0.9207
Katnal1,Katnal1,-0.0029,-1.2979,0.7115
Katnal2,Katnal2,0,,
Katnb1,Katnb1,0.0045,-0.0168,0.0059
Kazald1,Kazald1,0,,
Kazn,Kazn,0,,
Kbtbd10,Kbtbd10,0,,
Kbtbd11,Kbtbd11,-0.0026,-1.8012,1.1447
Kbtbd12,Kbtbd12,0,,
Kbtbd13,Kbtbd13,0,,
Kbtbd2,Kbtbd2,-0.0069,-3.0958,2.7072
Kbtbd3,Kbtbd3,-0.0087,-0.9086,0.4394
Kbtbd4,Kbtbd4,-0.0025,-3.0975,2.7096
Kbtbd5,Kbtbd5,0,,
Kbtbd7,Kbtbd7,0.0264,1.8528,1.1945
Kbtbd8,Kbtbd8,-0.0026,-1.431,0.8169
Kcmf1,Kcmf1,-0.0877,-4.1666,4.5099
Kcna1,Kcna1,0,,
Kcna10,Kcna10,0,,
Kcna2,Kcna2,0,,
Kcna3,Kcna3,0,,
Kcna4,Kcna4,-0.0026,-1.431,0.8169
Kcna5,Kcna5,0,,
Kcna6,Kcna6,0,,
Kcna7,Kcna7,0,,
Kcnab1,Kcnab1,0,,
Kcnab2,Kcnab2,0.0027,-0.7342,0.3346
Kcnab3,Kcnab3,0,,
Kcnb1,Kcnb1,0,,
Kcnb2,Kcnb2,0,,
Kcnc1,Kcnc1,0,,
Kcnc2,Kcnc2,0,,
Kcnc3,Kcnc3,0,,
Kcnc4,Kcnc4,0,,
Kcnd1,Kcnd1,0.0116,1.036,0.5226
Kcnd2,Kcnd2,0,,
Kcnd3,Kcnd3,0,,
Kcne1,Kcne1,0,,
Kcne1l,Kcne1l,0.0058,0.6927,0.3111
Kcne2,Kcne2,0,,
Kcne3,Kcne3,0,,
Kcne4,Kcne4,0,,
Kcnf1,Kcnf1,0,,
Kcng1,Kcng1,0,,
Kcng2,Kcng2,0,,
Kcng3,Kcng3,0,,
Kcng4,Kcng4,0,,
Kcnh1,Kcnh1,0,,
Kcnh2,Kcnh2,-0.0213,-2.8765,2.3957
Kcnh3,Kcnh3,0.0017,0.6927,0.3111
Kcnh4,Kcnh4,0,,
Kcnh5,Kcnh5,0,,
Kcnh6,Kcnh6,0,,
Kcnh7,Kcnh7,0.0042,0.6927,0.3111
Kcnh8,Kcnh8,0,,
Kcnip1,Kcnip1,0,,
Kcnip2,Kcnip2,0,,
Kcnip3,Kcnip3,0.0258,0.8746,0.4182
Kcnip4,Kcnip4,0,,
Kcnj1,Kcnj1,0,,
Kcnj10,Kcnj10,0.0743,-1.4363,0.8213
Kcnj11,Kcnj11,0,,
Kcnj12,Kcnj12,0.0207,0.9835,0.4876
Kcnj13,Kcnj13,0,,
Kcnj14,Kcnj14,0,,
Kcnj15,Kcnj15,0,,
Kcnj16,Kcnj16,-0.002,-0.5167,0.218
Kcnj2,Kcnj2,-0.2632,-10.0953,23.237
Kcnj3,Kcnj3,0,,
Kcnj4,Kcnj4,0,,
Kcnj5,Kcnj5,0,,
Kcnj6,Kcnj6,0,,
Kcnj8,Kcnj8,0.0013,0.6927,0.3111
Kcnj9,Kcnj9,-0.0034,-1.431,0.8169
Kcnk1,Kcnk1,-0.0051,-1.431,0.8169
Kcnk10,Kcnk10,0,,
Kcnk12,Kcnk12,0.0074,-0.5167,0.218
Kcnk13,Kcnk13,-0.0092,-2.6586,2.1053
Kcnk15,Kcnk15,0,,
Kcnk16,Kcnk16,0,,
Kcnk18,Kcnk18,0,,
Kcnk2,Kcnk2,0,,
Kcnk3,Kcnk3,0,,
Kcnk4,Kcnk4,0,,
Kcnk5,Kcnk5,0,,
Kcnk6,Kcnk6,-0.0322,-3.1964,2.8565
Kcnk7,Kcnk7,0,,
Kcnk9,Kcnk9,0,,
Kcnma1,Kcnma1,-0.0021,-2.854,2.3647
Kcnmb1,Kcnmb1,0,,
Kcnmb2,Kcnmb2,0,,
Kcnmb3,Kcnmb3,0,,
Kcnmb4,Kcnmb4,-0.0058,-1.7895,1.1335
Kcnn1,Kcnn1,0,,
Kcnn2,Kcnn2,0,,
Kcnn3,Kcnn3,0,,
Kcnn4,Kcnn4,0.0082,-0.337,0.1331
Kcnq1,Kcnq1,0,,
Kcnq2,Kcnq2,0,,
Kcnq3,Kcnq3,0,,
Kcnq4,Kcnq4,0,,
Kcnq5,Kcnq5,0,,
Kcnrg,Kcnrg,0,,
Kcns1,Kcns1,0,,
Kcns2,Kcns2,0,,
Kcns3,Kcns3,0,,
Kcnt1,Kcnt1,0,,
Kcnt2,Kcnt2,0,,
Kcnu1,Kcnu1,0,,
Kcnv1,Kcnv1,0,,
Kcnv2,Kcnv2,0,,
Kcp,Kcp,0.0362,0.9835,0.4876
Kctd1,Kctd1,-0.0051,-1.431,0.8169
Kctd10,Kctd10,0.0205,-3.3567,3.1031
Kctd11,Kctd11,0.0273,1.7135,1.0624
Kctd12,Kctd12,0.1338,-0.0371,0.0131
Kctd12b,Kctd12b,0.0063,-1.2961,0.7101
Kctd13,Kctd13,0.0021,-1.4505,0.8329
Kctd14,Kctd14,-0.0017,-1.431,0.8169
Kctd15,Kctd15,0,,
Kctd16,Kctd16,0,,
Kctd17,Kctd17,-0.0137,-1.431,0.8169
Kctd18,Kctd18,-0.001,-0.0216,0.0075
Kctd19,Kctd19,0,,
Kctd2,Kctd2,0.0012,-1.1011,0.5673
Kctd20,Kctd20,-0.0333,-4.0028,4.2035
Kctd21,Kctd21,0.0229,-0.0187,0.0065
Kctd3,Kctd3,-0.0035,-1.9501,1.2911
Kctd4,Kctd4,0,,
Kctd5,Kctd5,0.0037,-2.1797,1.5334
Kctd6,Kctd6,-0.0158,-1.3766,0.7731
Kctd7,Kctd7,-0.0086,-2.0286,1.3716
Kctd8,Kctd8,0,,
Kctd9,Kctd9,-0.0017,-1.431,0.8169
Kdelc1,Kdelc1,-0.0239,-2.1946,1.5499
Kdelc2,Kdelc2,-0.0541,-3.643,3.5695
Kdelr1,Kdelr1,0.0031,-2.0051,1.3473
Kdelr2,Kdelr2,-0.076,-4.864,5.9392
Kdelr3,Kdelr3,-0.0051,-2.0286,1.3716
Kdm1a,Kdm1a,0.0682,-1.0897,0.5594
Kdm1b,Kdm1b,-0.0089,-1.3798,0.7756
Kdm2a,Kdm2a,0.0317,-2.8322,2.3351
Kdm2b,Kdm2b,0.0104,-1.3593,0.7593
Kdm3a,Kdm3a,-0.0048,-2.0048,1.3469
Kdm3b,Kdm3b,0.0248,-0.3125,0.1223
Kdm4a,Kdm4a,-0.0092,-1.47,0.8491
Kdm4b,Kdm4b,-0.001,-1.1422,0.5962
Kdm4c,Kdm4c,0.0169,-0.0187,0.0065
Kdm4d,Kdm4d,0,,
Kdm5a,Kdm5a,0.0099,-1.9065,1.2473
Kdm5b,Kdm5b,0.0154,-0.2437,0.0929
Kdm5c,Kdm5c,-0.0236,-2.8206,2.3194
Kdm5d,Kdm5d,-0.0088,-2.1808,1.5347
Kdm6a,Kdm6a,-0.0049,-2.5317,1.945
Kdm6b,Kdm6b,0.057,-1.4961,0.8709
Kdr,Kdr,0.0007,0.3245,0.1275
Kdsr,Kdsr,0.0172,-3.0319,2.6143
Keap1,Keap1,-0.1099,-5.9031,8.4475
Keg1,Keg1,0,,
Kel,Kel,0,,
Kera,Kera,0,,
Khdc1a,Khdc1a,0,,
Khdc1b,Khdc1b,0,,
Khdc1c,Khdc1c,0,,
Khdrbs1,Khdrbs1,0.0027,-2.1608,1.5127
Khdrbs2,Khdrbs2,0,,
Khdrbs3,Khdrbs3,0.0579,1.8751,1.2162
Khk,Khk,0.0294,-1.7888,1.1328
Khnyn,Khnyn,-0.008,-1.7925,1.1363
Khsrp,Khsrp,0.0871,-0.3543,0.1408
Kidins220,Kidins220,0.001,-3.6788,3.6302
Kif11,Kif11,0.005,0.6927,0.3111
Kif12,Kif12,0,,
Kif13a,Kif13a,0.0564,-1.0068,0.503
Kif13b,Kif13b,0.0249,-1.4519,0.8341
Kif14,Kif14,0.0046,0.9835,0.4876
Kif15,Kif15,0.0013,0.6927,0.3111
Kif16b,Kif16b,0.0349,0.5705,0.2454
Kif17,Kif17,0,,
Kif18a,Kif18a,0,,
Kif18b,Kif18b,-0.0017,-1.431,0.8169
Kif19a,Kif19a,-0.0086,-1.431,0.8169
Kif1a,Kif1a,-0.0444,-4.0226,4.2398
Kif1b,Kif1b,-0.0202,-2.7512,2.2263
Kif1c,Kif1c,0.0008,-1.2493,0.6746
Kif20a,Kif20a,0.0008,0.6927,0.3111
Kif20b,Kif20b,-0.0105,-0.0264,0.0092
Kif21a,Kif21a,0,,
Kif21b,Kif21b,0.0494,-1.1508,0.6024
Kif22,Kif22,0.0037,0.6927,0.3111
Kif22-ps,Kif22-ps,0,,
Kif23,Kif23,0,,
Kif24,Kif24,0,,
Kif26a,Kif26a,0,,
Kif26b,Kif26b,0,,
Kif27,Kif27,0,,
Kif2a,Kif2a,0.0535,-1.1414,0.5957
Kif2b,Kif2b,0,,
Kif2c,Kif2c,0.0054,0.6927,0.3111
Kif3a,Kif3a,0.0011,-1.6403,0.9959
Kif3b,Kif3b,0.0065,-1.3719,0.7693
Kif3c,Kif3c,-0.0125,-1.2597,0.6824
Kif4,Kif4,-0.0099,-0.5226,0.2209
Kif4-ps,Kif4-ps,0,,
Kif5a,Kif5a,0.1115,-1.2111,0.6462
Kif5b,Kif5b,0.3011,-0.3729,0.1492
Kif5c,Kif5c,-0.0074,-2.1695,1.5223
Kif6,Kif6,0,,
Kif7,Kif7,0,,
Kif9,Kif9,-0.0177,-1.3016,0.7144
Kifap3,Kifap3,0.019,-0.6652,0.2959
Kifc1,Kifc1,0.0008,0.6927,0.3111
Kifc2,Kifc2,0,-0.5167,0.218
Kifc3,Kifc3,-0.024,-2.1835,1.5376
Kifc5b,Kifc5b,0,,
Kifc5c-ps,Kifc5c-ps,0,,
Kin,Kin,0.0049,-0.7301,0.3322
Kir3dl1,Kir3dl1,0,,
Kir3dl2,Kir3dl2,0,,
Kirrel,Kirrel,0,,
Kirrel2,Kirrel2,0,,
Kirrel3,Kirrel3,0.0008,0.6927,0.3111
Kis2,Kis2,0,,
Kiss1,Kiss1,0,,
Kiss1r,Kiss1r,0.0029,0.6927,0.3111
Kit,Kit,0,,
Kitl,Kitl,-0.0291,-3.3435,3.0823
Kl,Kl,0,,
Klb,Klb,0,,
Klc1,Klc1,0.0087,-2.2357,1.5957
Klc2,Klc2,-0.0157,-1.5508,0.9174
Klc3,Klc3,0,,
Klc4,Klc4,-0.0111,-3.3015,3.0169
Klf1,Klf1,0,,
Klf10,Klf10,-0.0025,-2.2441,1.6051
Klf11,Klf11,0.0137,0.1892,0.0706
Klf12,Klf12,0.0047,-2.1808,1.5347
Klf13,Klf13,-0.103,-4.6669,5.5145
Klf14,Klf14,0,,
Klf15,Klf15,-0.0026,-1.431,0.8169
Klf16,Klf16,-0.0219,-3.6103,3.5145
Klf17,Klf17,0.0008,0.6927,0.3111
Klf2,Klf2,0.2664,-0.0802,0.0287
Klf3,Klf3,-0.0266,-2.5601,1.9802
Klf4,Klf4,-0.1132,-3.2575,2.9492
Klf5,Klf5,0,,
Klf6,Klf6,-0.0638,-4.9661,6.1654
Klf7,Klf7,-0.0041,0.1733,0.0643
Klf8,Klf8,0,,
Klf9,Klf9,-0.0049,-1.2501,0.6751
Klhdc1,Klhdc1,-0.0047,-0.5226,0.2209
Klhdc10,Klhdc10,-0.0387,-4.031,4.2553
Klhdc2,Klhdc2,-0.0914,-3.9055,4.0267
Klhdc3,Klhdc3,-0.05,-3.3885,3.1531
Klhdc4,Klhdc4,0.0593,0.375,0.1502
Klhdc5,Klhdc5,-0.0184,-1.8137,1.1566
Klhdc7a,Klhdc7a,0,,
Klhdc7b,Klhdc7b,0,,
Klhdc8a,Klhdc8a,-0.0017,-1.431,0.8169
Klhdc8b,Klhdc8b,0.009,-0.2088,0.0785
Klhdc9,Klhdc9,0,,
Klhl1,Klhl1,0,,
Klhl10,Klhl10,0,,
Klhl11,Klhl11,0,,
Klhl12,Klhl12,-0.0171,-2.8765,2.3957
Klhl13,Klhl13,0.0003,-0.0192,0.0067
Klhl14,Klhl14,0,,
Klhl15,Klhl15,0.0005,-0.0216,0.0075
Klhl17,Klhl17,-0.019,-2.5496,1.9672
Klhl18,Klhl18,-0.0017,-1.9389,1.2797
Klhl2,Klhl2,0.0022,-0.0323,0.0113
Klhl20,Klhl20,0.0412,-0.0223,0.0078
Klhl21,Klhl21,0.0038,-1.9389,1.2797
Klhl22,Klhl22,0.0186,-1.3427,0.7463
Klhl23,Klhl23,0.0125,0.2413,0.0919
Klhl24,Klhl24,-0.1005,-4.7983,5.7958
Klhl25,Klhl25,-0.1148,-4.4747,5.1162
Klhl26,Klhl26,-0.0252,-2.1982,1.5538
Klhl28,Klhl28,-0.0128,-2.4881,1.8914
Klhl29,Klhl29,0,,
Klhl3,Klhl3,-0.0125,-0.5226,0.2209
Klhl30,Klhl30,0,,
Klhl31,Klhl31,0,,
Klhl32,Klhl32,0,,
Klhl33,Klhl33,0,,
Klhl34,Klhl34,0,,
Klhl35,Klhl35,-0.0022,-1.2525,0.6769
Klhl36,Klhl36,-0.0117,-1.8498,1.1915
Klhl38,Klhl38,0,,
Klhl4,Klhl4,0,,
Klhl5,Klhl5,-0.0534,-3.9995,4.1975
Klhl6,Klhl6,-0.0921,-5.6176,7.7131
Klhl7,Klhl7,-0.0623,-4.7864,5.7701
Klhl8,Klhl8,-0.0084,-1.8012,1.1447
Klhl9,Klhl9,-0.0618,-4.4311,5.028
Klk1,Klk1,0,,
Klk10,Klk10,0,,
Klk11,Klk11,0,,
Klk12,Klk12,0,,
Klk13,Klk13,0,,
Klk14,Klk14,0,,
Klk15,Klk15,0,,
Klk1b1,Klk1b1,0,,
Klk1b11,Klk1b11,0,,
Klk1b16,Klk1b16,0,,
Klk1b21,Klk1b21,0,,
Klk1b22,Klk1b22,0,,
Klk1b24,Klk1b24,0,,
Klk1b26,Klk1b26,0,,
Klk1b27,Klk1b27,0,,
Klk1b3,Klk1b3,0,,
Klk1b4,Klk1b4,0,,
Klk1b5,Klk1b5,0,,
Klk1b7-ps,Klk1b7-ps,0,,
Klk1b8,Klk1b8,0,,
Klk1b9,Klk1b9,0,,
Klk4,Klk4,0,,
Klk5,Klk5,0,,
Klk6,Klk6,-0.0086,-1.431,0.8169
Klk7,Klk7,0,,
Klk8,Klk8,0.1608,2.6133,2.0474
Klk9,Klk9,0,,
Klkb1,Klkb1,-0.0551,-5.3612,7.0826
Klra1,Klra1,0,,
Klra10,Klra10,0,,
Klra11,Klra11,0,,
Klra14,Klra14,0,,
Klra17,Klra17,0,,
Klra2,Klra2,0.0054,-0.5167,0.218
Klra23,Klra23,0,,
Klra3,Klra3,0,,
Klra4,Klra4,0,,
Klra5,Klra5,0,,
Klra6,Klra6,0,,
Klra7,Klra7,0,,
Klra8,Klra8,0,,
Klra9,Klra9,0,,
Klraq1,Klraq1,0.0588,-0.7488,0.343
Klrb1,Klrb1,0,,
Klrb1-ps1,Klrb1-ps1,0,,
Klrb1a,Klrb1a,-0.0077,-2.0286,1.3716
Klrb1b,Klrb1b,-0.0381,-4.0854,4.3566
Klrb1c,Klrb1c,-0.0069,-2.4881,1.8914
Klrb1f,Klrb1f,0,,
Klrc1,Klrc1,0,,
Klrc2,Klrc2,0,,
Klrc3,Klrc3,0,,
Klrd1,Klrd1,0,,
Klre1,Klre1,0,,
Klrg1,Klrg1,0,,
Klrg2,Klrg2,0,,
Klri1,Klri1,-0.0017,-1.431,0.8169
Klri2,Klri2,0,,
Klrk1,Klrk1,0,,
Kmo,Kmo,0,,
Kncn,Kncn,0,,
Kndc1,Kndc1,0,,
Kng1,Kng1,0,,
Kng2,Kng2,0,,
Kntc1,Kntc1,0,,
Kpna1,Kpna1,0.0109,-1.2241,0.6557
Kpna2,Kpna2,0,,
Kpna3,Kpna3,-0.009,-3.3708,3.1252
Kpna4,Kpna4,0.0613,-1.5022,0.876
Kpna6,Kpna6,-0.0105,-1.5401,0.9082
Kpna7,Kpna7,0,,
Kpnb1,Kpnb1,0.2419,-0.8459,0.4006
Kprp,Kprp,0,,
Kptn,Kptn,0.006,-1.8012,1.1447
Kras,Kras,0.1342,0.1111,0.0402
Krba1,Krba1,0.008,-1.0409,0.5259
Krcc1,Krcc1,-0.0075,-2.9017,2.4305
Kremen1,Kremen1,-0.0004,-2.8039,2.2968
Kremen2,Kremen2,0,,
Kri1,Kri1,0.0277,-1.8207,1.1634
Krit1,Krit1,-0.0146,-1.8892,1.2302
Krr1,Krr1,0.0385,-1.2252,0.6566
Krt1,Krt1,0,,
Krt10,Krt10,-0.0103,-2.2662,1.6301
Krt12,Krt12,0,,
Krt13,Krt13,0,,
Krt14,Krt14,0,,
Krt15,Krt15,0,,
Krt16,Krt16,0,,
Krt17,Krt17,0,,
Krt18,Krt18,0,,
Krt19,Krt19,0,,
Krt2,Krt2,0,,
Krt20,Krt20,0,,
Krt222,Krt222,0,,
Krt23,Krt23,0,,
Krt24,Krt24,0,,
Krt25,Krt25,0,,
Krt26,Krt26,0,,
Krt27,Krt27,0,,
Krt28,Krt28,0,,
Krt31,Krt31,0,,
Krt32,Krt32,0,,
Krt33a,Krt33a,0,,
Krt33b,Krt33b,0,,
Krt34,Krt34,0,,
Krt35,Krt35,0,,
Krt36,Krt36,0,,
Krt39,Krt39,0,,
Krt4,Krt4,0,,
Krt40,Krt40,0,,
Krt42,Krt42,0,,
Krt5,Krt5,0,,
Krt6a,Krt6a,0,,
Krt6b,Krt6b,0,,
Krt7,Krt7,0,,
Krt71,Krt71,0,,
Krt72-ps,Krt72-ps,0,,
Krt73,Krt73,0,,
Krt74,Krt74,0,,
Krt75,Krt75,0,,
Krt76,Krt76,0,,
Krt77,Krt77,0,,
Krt78,Krt78,0,,
Krt79,Krt79,0,,
Krt8,Krt8,0,,
Krt80,Krt80,0,,
Krt81,Krt81,0,,
Krt82,Krt82,0,,
Krt83,Krt83,0,,
Krt84,Krt84,0,,
Krt86,Krt86,0,,
Krt9,Krt9,0,,
Krtap1-3,Krtap1-3,0,,
Krtap1-4,Krtap1-4,0,,
Krtap1-5,Krtap1-5,0,,
Krtap10-4,Krtap10-4,0,,
Krtap11-1,Krtap11-1,0,,
Krtap12-1,Krtap12-1,0,,
Krtap13,Krtap13,0,,
Krtap13-1,Krtap13-1,0,,
Krtap14,Krtap14,0,,
Krtap15,Krtap15,0,,
Krtap16-1,Krtap16-1,0,,
Krtap16-10,Krtap16-10,0,,
Krtap16-2,Krtap16-2,0,,
Krtap16-4,Krtap16-4,0,,
Krtap16-5,Krtap16-5,0,,
Krtap16-7,Krtap16-7,0,,
Krtap16-8,Krtap16-8,0,,
Krtap17-1,Krtap17-1,0,,
Krtap2-4,Krtap2-4,0,,
Krtap20-2,Krtap20-2,0,,
Krtap24-1,Krtap24-1,0,,
Krtap26-1,Krtap26-1,0,,
Krtap27-1,Krtap27-1,0,,
Krtap29-1,Krtap29-1,0,,
Krtap3-1,Krtap3-1,0,,
Krtap3-2,Krtap3-2,0,,
Krtap3-3,Krtap3-3,0,,
Krtap31-1,Krtap31-1,0,,
Krtap31-2,Krtap31-2,0,,
Krtap4-1,Krtap4-1,0,,
Krtap4-13,Krtap4-13,0,,
Krtap4-16,Krtap4-16,0,,
Krtap4-2,Krtap4-2,0,,
Krtap4-6,Krtap4-6,0,,
Krtap4-7,Krtap4-7,0,,
Krtap4-8,Krtap4-8,0,,
Krtap4-9,Krtap4-9,0,,
Krtap5-1,Krtap5-1,0,,
Krtap5-2,Krtap5-2,0,,
Krtap5-3,Krtap5-3,0,,
Krtap5-4,Krtap5-4,0,,
Krtap5-5,Krtap5-5,0,,
Krtap6-1,Krtap6-1,0,,
Krtap6-2,Krtap6-2,0,,
Krtap6-3,Krtap6-3,0,,
Krtap7-1,Krtap7-1,0,,
Krtap8-1,Krtap8-1,0,,
Krtap8-2,Krtap8-2,0,,
Krtap9-1,Krtap9-1,0,,
Krtap9-3,Krtap9-3,0,,
Krtap9-5,Krtap9-5,0,,
Krtcap2,Krtcap2,-0.1288,-5.1299,6.5378
Krtcap3,Krtcap3,0,,
Krtdap,Krtdap,0,,
Ksr1,Ksr1,0.0087,1.2069,0.6431
Ksr2,Ksr2,0,,
Kti12,Kti12,-0.0205,-2.9039,2.4335
Ktn1,Ktn1,0.0435,-0.742,0.339
Ky,Ky,0,,
Kynu,Kynu,-0.0272,-4.0854,4.3566
L1cam,L1cam,0.0153,1.2069,0.6431
L1td1,L1td1,0,,
L2hgdh,L2hgdh,-0.0162,-2.663,2.1109
L3mbtl1,L3mbtl1,0,,
L3mbtl2,L3mbtl2,-0.0052,-1.1618,0.6102
L3mbtl3,L3mbtl3,-0.0076,-2.2981,1.6665
L3mbtl4,L3mbtl4,0,,
Lace1,Lace1,-0.0162,-2.4881,1.8914
Lactb,Lactb,0.0522,-1.1497,0.6016
Lactb2,Lactb2,-0.098,-3.2422,2.9258
Lactbl1,Lactbl1,-0.0034,-1.431,0.8169
Lad1,Lad1,0,,
Lag3,Lag3,0.1082,-2.0044,1.3465
Lage3,Lage3,0.0421,-0.8246,0.3876
Lair1,Lair1,-0.1708,-5.6061,7.6842
Lalba,Lalba,0,,
Lama1,Lama1,0,,
Lama2,Lama2,0,,
Lama3,Lama3,-0.0051,-1.431,0.8169
Lama4,Lama4,0,,
Lama5,Lama5,0,,
Lamb1,Lamb1,0,,
Lamb2,Lamb2,-0.0403,-2.8676,2.3835
Lamb3,Lamb3,0,,
Lamc1,Lamc1,-0.0164,-2.8899,2.4142
Lamc2,Lamc2,-0.0017,-1.431,0.8169
Lamc3,Lamc3,0,,
Lamp1,Lamp1,-0.1113,-2.9571,2.5079
Lamp2,Lamp2,-0.3863,-7.5233,13.2724
Lamp3,Lamp3,0.0021,0.9835,0.4876
Lamr1-ps1,Lamr1-ps1,0,,
Lamtor2,Lamtor2,0.0066,-2.1421,1.4923
Lamtor3,Lamtor3,0.0411,-1.9947,1.3365
Lancl1,Lancl1,-0.009,-2.8315,2.3342
Lancl2,Lancl2,-0.0017,-1.431,0.8169
Lancl3,Lancl3,0,,
Lao1,Lao1,0,,
Lap3,Lap3,-0.0279,-3.0598,2.6547
Laptm4a,Laptm4a,-0.2055,-4.8109,5.8231
Laptm4b,Laptm4b,-0.0735,-5.1677,6.6253
Laptm5,Laptm5,0.0072,-1.1572,0.6069
Large,Large,-0.0159,-1.9972,1.3391
Larp1,Larp1,0.0581,-2.84,2.3456
Larp1b,Larp1b,-0.013,-1.7747,1.1195
Larp4,Larp4,-0.0277,-2.3183,1.6897
Larp4b,Larp4b,0.0174,-2.8804,2.4011
Larp6,Larp6,0,,
Larp7,Larp7,0.0369,-0.0028,0.001
Lars,Lars,-0.0427,-3.4425,3.2393
Lars2,Lars2,0.2584,0.6911,0.3103
Las1l,Las1l,0.049,0.1666,0.0616
Lasp1,Lasp1,-0.0862,-5.9658,8.6137
Lass1,Lass1,0,,
Lass2,Lass2,-0.1186,-5.6763,7.8613
Lass3,Lass3,0,,
Lass4,Lass4,-0.0154,-0.7467,0.3418
Lass5,Lass5,-0.0375,-4.0084,4.2138
Lass6,Lass6,-0.0553,-4.8391,5.8846
Lat,Lat,0,,
Lat2,Lat2,-0.1111,-6.5864,10.3463
Lats1,Lats1,-0.037,-4.0507,4.2919
Lats2,Lats2,-0.0016,-1.2841,0.7009
Lax1,Lax1,0,,
Layn,Layn,-0.0041,-0.032,0.0112
Lbh,Lbh,0.0137,-2.4223,1.8118
Lbp,Lbp,0,,
Lbr,Lbr,-0.0383,-1.2574,0.6807
Lbx1,Lbx1,0,,
Lbx2,Lbx2,-0.0133,-3.0008,2.5698
Lca5,Lca5,0.012,0.6927,0.3111
Lca5l,Lca5l,-0.0111,-2.0286,1.3716
Lcat,Lcat,0,,
Lce1a1,Lce1a1,0,,
Lce1a2,Lce1a2,0,,
Lce1b,Lce1b,0,,
Lce1c,Lce1c,0,,
Lce1d,Lce1d,0,,
Lce1e,Lce1e,0,,
Lce1f,Lce1f,0,,
Lce1g,Lce1g,0,,
Lce1h,Lce1h,0,,
Lce1i,Lce1i,0,,
Lce1j,Lce1j,0,,
Lce1l,Lce1l,0,,
Lce1m,Lce1m,0,,
Lce3a,Lce3a,0,,
Lce3b,Lce3b,0,,
Lce3c,Lce3c,0,,
Lce3f,Lce3f,0,,
Lce6a,Lce6a,0,,
Lck,Lck,0,,
Lclat1,Lclat1,-0.0137,-1.1816,0.6246
Lcmt1,Lcmt1,-0.0212,-2.5785,2.0034
Lcmt2,Lcmt2,-0.0033,-1.3845,0.7794
Lcn10,Lcn10,0.0037,0.6927,0.3111
Lcn11,Lcn11,0,,
Lcn12,Lcn12,0,,
Lcn13,Lcn13,0,,
Lcn14,Lcn14,0,,
Lcn2,Lcn2,0.0313,1.7135,1.0624
Lcn3,Lcn3,0,,
Lcn4,Lcn4,0,,
Lcn5,Lcn5,0,,
Lcn6,Lcn6,0,,
Lcn8,Lcn8,0,,
Lcn9,Lcn9,0,,
Lcor,Lcor,-0.0281,-2.0286,1.3716
Lcorl,Lcorl,-0.0038,-0.0488,0.0172
Lcp1,Lcp1,0.0207,-2.9587,2.5101
Lcp2,Lcp2,-0.0589,-3.1946,2.8539
Lct,Lct,0,,
Lctl,Lctl,0,,
Ldb1,Ldb1,0.0308,-1.7031,1.0528
Ldb2,Ldb2,0,,
Ldb3,Ldb3,0,,
Ldha,Ldha,-0.1785,-6.408,9.8313
Ldha-ps,Ldha-ps,0.0025,0.6927,0.3111
Ldha-ps2,Ldha-ps2,0.0066,-0.5167,0.218
Ldhb,Ldhb,0.4077,1.039,0.5246
Ldhc,Ldhc,0,,
Ldhd,Ldhd,0,,
Ldlr,Ldlr,-0.0892,-6.1162,9.0185
Ldlrad1,Ldlrad1,0,,
Ldlrad2,Ldlrad2,0,,
Ldlrad3,Ldlrad3,-0.0323,-3.6284,3.5449
Ldlrap1,Ldlrap1,-0.0205,-2.2971,1.6653
Ldoc1,Ldoc1,0,,
Ldoc1l,Ldoc1l,-0.0258,-3.1322,2.7607
Leap2,Leap2,0,,
Lect1,Lect1,0,,
Lect2,Lect2,0,,
Lef1,Lef1,0,,
Lefty1,Lefty1,0.0341,1.0469,0.53
Lefty2,Lefty2,0,,
Lekr1,Lekr1,-0.0043,-1.431,0.8169
Lelp1,Lelp1,0,,
Lemd1,Lemd1,0,,
Lemd2,Lemd2,-0.078,-4.8386,5.8836
Lemd3,Lemd3,-0.0052,-1.5344,0.9033
Lenep,Lenep,0,,
Leng1,Leng1,-0.0332,-3.5044,3.3395
Leng8,Leng8,0.0019,-0.0192,0.0067
Leng9,Leng9,0.0067,0.9835,0.4876
Leo1,Leo1,0.009,-0.7413,0.3386
Lep,Lep,0,,
Lepr,Lepr,0,,
Lepre1,Lepre1,-0.0167,-2.6527,2.0978
Leprel1,Leprel1,0.037,-1.4454,0.8287
Leprel2,Leprel2,-0.0753,-4.2699,4.7088
Leprel4,Leprel4,0.005,-2.1808,1.5347
Leprot,Leprot,-0.02,-3.8815,3.9837
Leprotl1,Leprotl1,0.0348,-3.7371,3.7302
Letm1,Letm1,0.0553,-2.776,2.2594
Letm2,Letm2,0.0056,-0.0168,0.0059
Letmd1,Letmd1,0.0457,-1.8281,1.1705
Lfng,Lfng,-0.0019,-0.0391,0.0138
Lgals1,Lgals1,0.0223,-1.7449,1.0915
Lgals12,Lgals12,0,,
Lgals2,Lgals2,0,,
Lgals3,Lgals3,-0.014,-1.5251,0.8954
Lgals3bp,Lgals3bp,-0.8052,-10.7772,26.3555
Lgals4,Lgals4,0,,
Lgals7,Lgals7,0,,
Lgals8,Lgals8,-0.0121,-2.5208,1.9315
Lgals9,Lgals9,0.1177,-1.1051,0.57
Lgi1,Lgi1,-0.0205,-1.431,0.8169
Lgi2,Lgi2,-0.3804,-10.1176,23.3356
Lgi3,Lgi3,0,,
Lgi4,Lgi4,0,,
Lgmn,Lgmn,0.0077,-1.713,1.0619
Lgr4,Lgr4,-0.0107,-1.2597,0.6824
Lgr5,Lgr5,0,,
Lgr6,Lgr6,0,,
Lgsn,Lgsn,0,,
Lhb,Lhb,0,,
Lhcgr,Lhcgr,0,,
Lhfp,Lhfp,0,,
Lhfpl1,Lhfpl1,0,,
Lhfpl2,Lhfpl2,-0.2244,-6.7378,10.7937
Lhfpl3,Lhfpl3,0,,
Lhfpl4,Lhfpl4,0.0079,0.6927,0.3111
Lhfpl5,Lhfpl5,0,,
Lhpp,Lhpp,0.0264,0.6869,0.3079
Lhx1,Lhx1,-0.0017,-1.431,0.8169
Lhx2,Lhx2,0,,
Lhx3,Lhx3,0,,
Lhx4,Lhx4,0,,
Lhx5,Lhx5,0,,
Lhx6,Lhx6,0,,
Lhx8,Lhx8,0,,
Lhx9,Lhx9,0,,
Lias,Lias,-0.0411,-3.1143,2.7343
Lif,Lif,0,,
Lifr,Lifr,0.0215,-1.6167,0.9749
Lig1,Lig1,0.0336,-0.7301,0.3323
Lig3,Lig3,-0.0278,-1.0557,0.5359
Lig4,Lig4,-0.0319,-3.0008,2.5698
Lilra5,Lilra5,0.0068,0.2365,0.0899
Lilra6,Lilra6,0,,
Lilrb3,Lilrb3,0.0715,0.1694,0.0627
Lilrb4,Lilrb4,-0.2286,-7.3561,12.7226
Lim2,Lim2,0,,
Lima1,Lima1,-0.0762,-4.1371,4.4539
Limch1,Limch1,0,,
Limd1,Limd1,0.0619,-1.1046,0.5697
Limd2,Limd2,0.1998,-0.573,0.2467
Lime1,Lime1,-0.0019,0.216,0.0815
Limk1,Limk1,0.0619,-0.7534,0.3456
Limk2,Limk2,0.0013,-0.9086,0.4394
Lims1,Lims1,-0.0898,-3.4258,3.2125
Lims2,Lims2,0,,
Lin28a,Lin28a,0,,
Lin28b,Lin28b,0,,
Lin37,Lin37,0.0161,-0.0307,0.0108
Lin52,Lin52,0.0269,-0.2374,0.0903
Lin54,Lin54,-0.0122,-1.8131,1.1561
Lin7a,Lin7a,-0.0009,-1.431,0.8169
Lin7b,Lin7b,0.0008,0.6927,0.3111
Lin7c,Lin7c,0.0812,-0.906,0.4378
Lin9,Lin9,0.0122,0.2381,0.0906
Lingo1,Lingo1,0,,
Lingo2,Lingo2,0,,
Lingo3,Lingo3,0,,
Lingo4,Lingo4,0,,
Lins,Lins,0.0012,-0.5167,0.218
Lipa,Lipa,-0.2048,-6.7834,10.9305
Lipc,Lipc,0.0033,0.6927,0.3111
Lipe,Lipe,0.0163,-1.3735,0.7706
Lipf,Lipf,0,,
Lipg,Lipg,0,,
Liph,Liph,-0.0337,-2.0974,1.4442
Lipi,Lipi,0,,
Lipk,Lipk,0,,
Lipm,Lipm,0,,
Lipn,Lipn,0,,
Lipo1,Lipo1,-0.0069,-2.208,1.5647
Lipo2,Lipo2,0,,
Lipo4,Lipo4,0,,
Lipt1,Lipt1,-0.0077,-1.431,0.8169
Lipt2,Lipt2,-0.0185,-1.7764,1.1211
Litaf,Litaf,-0.19,-6.5796,10.3265
Lix1,Lix1,0.0273,1.3956,0.7883
Lix1l,Lix1l,0.0161,-0.337,0.1331
Llgl1,Llgl1,-0.0012,-0.7483,0.3427
Llgl2,Llgl2,-0.0043,-1.431,0.8169
Llph,Llph,0.0258,-1.1265,0.5851
Lman1,Lman1,-0.0394,-5.5133,7.4532
Lman1l,Lman1l,0,,
Lman2,Lman2,0.0186,-4.1635,4.5039
Lman2l,Lman2l,-0.0532,-3.8756,3.9732
Lmbr1,Lmbr1,-0.0006,-0.3445,0.1364
Lmbr1l,Lmbr1l,0.0032,-0.3371,0.1331
Lmbrd1,Lmbrd1,-0.1284,-4.5721,5.3162
Lmbrd2,Lmbrd2,0.0082,-0.5582,0.2391
Lmcd1,Lmcd1,0,,
Lmf1,Lmf1,-0.0086,-3.1071,2.7237
Lmf2,Lmf2,-0.0069,-3.3981,3.1685
Lmln,Lmln,-0.0133,-1.9982,1.3402
Lmna,Lmna,0.0064,-1.0196,0.5116
Lmnb1,Lmnb1,-0.0246,-3.6824,3.6364
Lmnb2,Lmnb2,0.0032,-0.7301,0.3322
Lmo1,Lmo1,0.0021,0.6927,0.3111
Lmo2,Lmo2,0.0207,-2.4491,1.844
Lmo3,Lmo3,0,,
Lmo4,Lmo4,-0.0095,-2.3181,1.6895
Lmo7,Lmo7,0,,
Lmod1,Lmod1,0,,
Lmod2,Lmod2,0,,
Lmod3,Lmod3,0,,
Lmtk2,Lmtk2,-0.0247,-2.8765,2.3957
Lmtk3,Lmtk3,0,,
Lmx1a,Lmx1a,0,,
Lmx1b,Lmx1b,0,,
Lnp,Lnp,0.0189,-1.83,1.1723
Lnpep,Lnpep,0.0453,0.4117,0.1671
Lnx1,Lnx1,0,,
Lnx2,Lnx2,0.0196,-0.7371,0.3362
Loh12cr1,Loh12cr1,-0.0002,-1.7713,1.1163
Lonp1,Lonp1,-0.0003,-0.9248,0.4497
Lonp2,Lonp2,-0.0306,-2.8135,2.3098
Lonrf1,Lonrf1,0.0123,-1.5331,0.9022
Lonrf2,Lonrf2,0,,
Lonrf3,Lonrf3,-0.0261,-1.4673,0.8468
Lor,Lor,0,,
Lox,Lox,-0.0712,-6.2277,9.3247
Loxhd1,Loxhd1,0,,
Loxl1,Loxl1,0,,
Loxl2,Loxl2,0,,
Loxl3,Loxl3,-0.0086,-1.8419,1.1838
Loxl4,Loxl4,0,,
Lpar1,Lpar1,0.0017,0.6927,0.3111
Lpar2,Lpar2,-0.0111,-1.431,0.8169
Lpar3,Lpar3,0,,
Lpar4,Lpar4,0,,
Lpar5,Lpar5,-0.0128,-2.0286,1.3716
Lpar6,Lpar6,-0.0514,-4.9345,6.0949
Lpcat1,Lpcat1,-0.1132,-5.2836,6.8974
Lpcat2,Lpcat2,0.1531,-1.0188,0.5111
Lpcat2b,Lpcat2b,0,,
Lpcat3,Lpcat3,-0.0162,-2.2637,1.6272
Lpcat4,Lpcat4,0,,
Lpgat1,Lpgat1,-0.0699,-3.2997,3.0142
Lphn1,Lphn1,-0.0448,-2.6578,2.1043
Lphn2,Lphn2,0.0089,-1.2875,0.7035
Lphn3,Lphn3,-0.0094,-2.0286,1.3716
Lpin1,Lpin1,-0.0861,-4.9427,6.1132
Lpin2,Lpin2,0.007,-2.4784,1.8796
Lpin3,Lpin3,0,,
Lpl,Lpl,-1.281,-15.226,51.6243
Lpo,Lpo,0,,
Lpp,Lpp,-0.031,-4.2254,4.6224
Lpxn,Lpxn,-0.0623,-3.2335,2.9127
Lrat,Lrat,0,,
Lrba,Lrba,0.097,0.7257,0.3298
Lrch1,Lrch1,-0.0346,-3.4081,3.1844
Lrch2,Lrch2,-0.0043,-1.431,0.8169
Lrch3,Lrch3,0.0121,-1.7544,1.1004
Lrch4,Lrch4,-0.0364,-2.8631,2.3773
Lrdd,Lrdd,-0.0017,-1.431,0.8169
Lrfn1,Lrfn1,0,,
Lrfn2,Lrfn2,0,,
Lrfn3,Lrfn3,-0.006,-2.0286,1.3716
Lrfn4,Lrfn4,0,,
Lrfn5,Lrfn5,0,,
Lrg1,Lrg1,0,,
Lrguk,Lrguk,-0.0017,-1.431,0.8169
Lrig1,Lrig1,-0.0051,-1.431,0.8169
Lrig2,Lrig2,-0.0269,-2.215,1.5726
Lrig3,Lrig3,0.0011,-0.0216,0.0075
Lrit1,Lrit1,0,,
Lrit2,Lrit2,0,,
Lrmp,Lrmp,-0.0732,-4.8546,5.9185
Lrp1,Lrp1,0.181,-2.0326,1.3758
Lrp10,Lrp10,-0.0626,-4.394,4.9536
Lrp11,Lrp11,0.0023,-1.4589,0.8398
Lrp12,Lrp12,-0.0234,-2.888,2.4115
Lrp1b,Lrp1b,0,,
Lrp2,Lrp2,0,,
Lrp2bp,Lrp2bp,-0.0077,-2.0286,1.3716
Lrp3,Lrp3,0,,
Lrp4,Lrp4,-0.0054,-1.7713,1.1163
Lrp5,Lrp5,0.0138,-1.7463,1.0928
Lrp6,Lrp6,0.026,-1.7314,1.079
Lrp8,Lrp8,0,,
Lrpap1,Lrpap1,-0.7488,-12.6429,35.9121
Lrpprc,Lrpprc,-0.005,-2.8528,2.3632
Lrr1,Lrr1,0,,
Lrrc1,Lrrc1,-0.0103,-1.8054,1.1486
Lrrc10,Lrrc10,0,,
Lrrc10b,Lrrc10b,0,,
Lrrc14,Lrrc14,0.0001,-0.5015,0.2104
Lrrc14b,Lrrc14b,0.0029,-0.5629,0.2415
Lrrc15,Lrrc15,-0.0051,-2.0286,1.3716
Lrrc16a,Lrrc16a,-0.0264,-1.8054,1.1486
Lrrc16b,Lrrc16b,0,,
Lrrc17,Lrrc17,0,,
Lrrc18,Lrrc18,0,,
Lrrc19,Lrrc19,0,,
Lrrc2,Lrrc2,0,,
Lrrc20,Lrrc20,0.0036,0.3245,0.1275
Lrrc23,Lrrc23,0,,
Lrrc24,Lrrc24,0,,
Lrrc25,Lrrc25,0.0231,-0.421,0.1715
Lrrc26,Lrrc26,0,,
Lrrc27,Lrrc27,-0.0523,-4.8052,5.8107
Lrrc28,Lrrc28,-0.0079,-1.0453,0.5289
Lrrc29,Lrrc29,0,,
Lrrc3,Lrrc3,0.149,-0.0678,0.0241
Lrrc30,Lrrc30,0,,
Lrrc31,Lrrc31,0,,
Lrrc32,Lrrc32,0,,
Lrrc33,Lrrc33,-0.1201,-4.1973,4.5685
Lrrc34,Lrrc34,0,,
Lrrc36,Lrrc36,-0.0111,-1.431,0.8169
Lrrc37a,Lrrc37a,0,,
Lrrc38,Lrrc38,0,,
Lrrc39,Lrrc39,-0.008,-1.1671,0.6141
Lrrc3b,Lrrc3b,0,,
Lrrc4,Lrrc4,0,,
Lrrc40,Lrrc40,0.0073,-0.8916,0.4288
Lrrc41,Lrrc41,-0.0046,-2.1298,1.479
Lrrc42,Lrrc42,-0.0001,-0.0216,0.0075
Lrrc43,Lrrc43,0,,
Lrrc45,Lrrc45,0.0076,-1.547,0.9141
Lrrc46,Lrrc46,-0.0015,-0.7427,0.3394
Lrrc47,Lrrc47,0.0076,-0.5917,0.2565
Lrrc48,Lrrc48,-0.0009,-1.431,0.8169
Lrrc49,Lrrc49,0,,
Lrrc4b,Lrrc4b,0,,
Lrrc4c,Lrrc4c,0,,
Lrrc50,Lrrc50,0,,
Lrrc51,Lrrc51,0.0021,0.6927,0.3111
Lrrc52,Lrrc52,0,,
Lrrc55,Lrrc55,0.0021,0.6927,0.3111
Lrrc56,Lrrc56,-0.0034,-1.431,0.8169
Lrrc57,Lrrc57,0.0092,-0.9765,0.4831
Lrrc58,Lrrc58,0.1421,-0.5102,0.2147
Lrrc59,Lrrc59,-0.0562,-3.3773,3.1354
Lrrc6,Lrrc6,0,,
Lrrc61,Lrrc61,0.0079,-1.1411,0.5954
Lrrc63,Lrrc63,0,,
Lrrc66,Lrrc66,0,,
Lrrc67,Lrrc67,0,,
Lrrc68,Lrrc68,-0.0043,-1.431,0.8169
Lrrc69,Lrrc69,0,,
Lrrc7,Lrrc7,0,,
Lrrc8a,Lrrc8a,-0.0622,-4.2311,4.6334
Lrrc8b,Lrrc8b,0,,
Lrrc8c,Lrrc8c,-0.0188,-3.8176,3.8705
Lrrc8d,Lrrc8d,-0.0962,-5.7835,8.1357
Lrrc8e,Lrrc8e,0,,
Lrrc9,Lrrc9,0,,
Lrrcc1,Lrrcc1,0.0227,-2.0247,1.3676
Lrrfip1,Lrrfip1,-0.0036,-2.5033,1.91
Lrrfip2,Lrrfip2,0.0401,-0.5477,0.2337
Lrriq1,Lrriq1,0,,
Lrriq3,Lrriq3,-0.0086,-1.431,0.8169
Lrriq4,Lrriq4,0,,
Lrrk1,Lrrk1,0.0039,-2.8271,2.3282
Lrrk2,Lrrk2,-0.0034,-1.431,0.8169
Lrrn1,Lrrn1,0,,
Lrrn2,Lrrn2,0,,
Lrrn3,Lrrn3,0,,
Lrrn4,Lrrn4,0,,
Lrrn4cl,Lrrn4cl,0,,
Lrrtm1,Lrrtm1,0,,
Lrrtm2,Lrrtm2,0.0071,0.6927,0.3111
Lrrtm3,Lrrtm3,0,,
Lrrtm4,Lrrtm4,0,,
Lrsam1,Lrsam1,0.0116,-0.188,0.0701
Lrtm1,Lrtm1,0,,
Lrtm2,Lrtm2,0,,
Lrwd1,Lrwd1,0.0132,-0.8802,0.4217
Lsamp,Lsamp,0.0062,0.6927,0.3111
Lsg1,Lsg1,-0.0489,-4.6255,5.4274
Lsm1,Lsm1,0.0218,-0.3746,0.15
Lsm10,Lsm10,0.0244,-1.3223,0.7303
Lsm11,Lsm11,0.0065,-0.7301,0.3322
Lsm12,Lsm12,0.0054,-0.0445,0.0157
Lsm14a,Lsm14a,-0.0043,-2.8088,2.3035
Lsm14b,Lsm14b,-0.0363,-3.592,3.4839
Lsm2,Lsm2,0.0344,-0.3714,0.1486
Lsm3,Lsm3,-0.0025,-2.5965,2.0261
Lsm4,Lsm4,-0.0659,-4.876,5.9655
Lsm5,Lsm5,0,-2.2551,1.6175
Lsm6,Lsm6,0.0449,-2.1696,1.5224
Lsm7,Lsm7,0.0123,-0.337,0.1331
Lsmd1,Lsmd1,0.0666,-1.6952,1.0455
Lsp1,Lsp1,0.1192,-0.8239,0.3872
Lsr,Lsr,-0.0043,-1.431,0.8169
Lss,Lss,-0.0456,-2.0286,1.3716
Lst1,Lst1,0.1963,2.9558,2.506
Lta,Lta,0,,
Lta4h,Lta4h,-0.0435,-3.8204,3.8753
Ltb,Ltb,0,,
Ltb4r1,Ltb4r1,0,,
Ltb4r2,Ltb4r2,0,,
Ltbp1,Ltbp1,0,,
Ltbp2,Ltbp2,0.0013,0.6927,0.3111
Ltbp3,Ltbp3,-0.0107,-1.8095,1.1526
Ltbp4,Ltbp4,0,,
Ltbr,Ltbr,0.0262,-3.3753,3.1323
Ltc4s,Ltc4s,0.3061,-0.226,0.0856
Ltf,Ltf,0.005,0.6927,0.3111
Ltk,Ltk,0,,
Ltn1,Ltn1,-0.0334,-2.1872,1.5417
Ltv1,Ltv1,0.0343,-0.6387,0.2815
Luc7l,Luc7l,-0.0291,-2.3237,1.6959
Luc7l2,Luc7l2,-0.0012,-1.9417,1.2825
Luc7l3,Luc7l3,-0.0768,-4.2165,4.6054
Lum,Lum,0,,
Luzp1,Luzp1,0.0237,-2.3358,1.7099
Luzp2,Luzp2,0,,
Luzp4,Luzp4,0,,
Lxn,Lxn,0.0205,-1.5041,0.8776
Ly6a,Ly6a,0.0453,1.3976,0.7898
Ly6c1,Ly6c1,0,,
Ly6c2,Ly6c2,0.0003,-0.5167,0.218
Ly6d,Ly6d,0,,
Ly6e,Ly6e,-0.2424,-3.2617,2.9556
Ly6f,Ly6f,0,,
Ly6g,Ly6g,0,,
Ly6g5b,Ly6g5b,0,,
Ly6g5c,Ly6g5c,0,,
Ly6g6c,Ly6g6c,0,,
Ly6g6d,Ly6g6d,0.0058,0.9835,0.4876
Ly6g6e,Ly6g6e,0,,
Ly6g6f,Ly6g6f,0,,
Ly6h,Ly6h,0,,
Ly6i,Ly6i,0,,
Ly6k,Ly6k,0.0025,0.9835,0.4876
Ly75,Ly75,0,,
Ly86,Ly86,-0.1086,-2.4599,1.857
Ly9,Ly9,-0.02,-1.9857,1.3273
Ly96,Ly96,-0.0135,-1.9512,1.2922
Lyar,Lyar,-0.0111,-3.3625,3.1122
Lyg1,Lyg1,0,,
Lyg2,Lyg2,0,,
Lyl1,Lyl1,0.0003,-1.9555,1.2965
Lyn,Lyn,0.1973,0.0035,0.0012
Lynx1,Lynx1,-0.0111,-1.431,0.8169
Lypd1,Lypd1,0,,
Lypd2,Lypd2,0,,
Lypd3,Lypd3,0,,
Lypd4,Lypd4,0,,
Lypd5,Lypd5,0,,
Lypd6,Lypd6,0.0061,-0.5167,0.218
Lypd6b,Lypd6b,0,,
Lypla1,Lypla1,-0.0059,-2.7228,2.1889
Lypla2,Lypla2,0.0196,-2.1526,1.5038
Lyplal1,Lyplal1,-0.0381,-5.2343,6.7808
Lyrm1,Lyrm1,0,,
Lyrm2,Lyrm2,-0.0058,-1.1822,0.625
Lyrm4,Lyrm4,0.0347,-1.272,0.6917
Lyrm5,Lyrm5,0.0401,-0.4957,0.2075
Lyrm7,Lyrm7,-0.0026,-1.431,0.8169
Lysmd1,Lysmd1,-0.0023,-1.2942,0.7086
Lysmd2,Lysmd2,0.0021,-0.5167,0.218
Lysmd3,Lysmd3,0.0067,1.3956,0.7883
Lysmd4,Lysmd4,-0.0306,-2.4881,1.8914
Lyst,Lyst,-0.0151,-3.8038,3.8461
Lyve1,Lyve1,0.0203,1.2069,0.6431
Lyz1,Lyz1,-0.0712,-5.6735,7.854
Lyz2,Lyz2,-0.5674,-7.0392,11.7136
Lyzl1,Lyzl1,0,,
Lyzl4,Lyzl4,-0.0181,-2.5247,1.9363
Lyzl6,Lyzl6,0,,
Lzic,Lzic,0.0047,-0.4376,0.1794
Lztfl1,Lztfl1,-0.0703,-2.657,2.1032
Lztr1,Lztr1,-0.0677,-3.22,2.8922
Lzts1,Lzts1,0,,
Lzts2,Lzts2,-0.015,-2.2662,1.6301
M5C1000I18Rik,M5C1000I18Rik,0,,
M6pr,M6pr,-0.0415,-5.8793,8.3851
M6pr-ps,M6pr-ps,-0.0028,-0.4949,0.2071
Mab21l1,Mab21l1,0,,
Mab21l2,Mab21l2,0,,
Mab21l3,Mab21l3,0,,
Macc1,Macc1,0,,
Macf1,Macf1,0.2495,-2.008,1.3502
Macrod1,Macrod1,-0.0031,-1.2979,0.7115
Macrod2,Macrod2,0,,
Mad1l1,Mad1l1,-0.008,-1.7998,1.1433
Mad2l1,Mad2l1,-0.0128,-2.0286,1.3716
Mad2l1bp,Mad2l1bp,-0.0101,-2.2551,1.6175
Mad2l2,Mad2l2,0.0815,-0.2979,0.1159
Madcam1,Madcam1,0.0061,-0.5167,0.218
Madd,Madd,0.0302,-0.1911,0.0714
Maea,Maea,0.0069,-4.12,4.4215
Mael,Mael,0,,
Maf,Maf,0.1929,-1.1054,0.5703
Maf1,Maf1,-0.0369,-3.8201,3.8749
Mafa,Mafa,0,,
Mafb,Mafb,-0.3339,-6.451,9.9544
Maff,Maff,-0.0541,-4.8371,5.8803
Mafg,Mafg,0.0214,-2.627,2.0648
Mafk,Mafk,0.0158,-2.2091,1.566
Mag,Mag,0.0075,-1.1671,0.6141
Magea1,Magea1,0,,
Magea10,Magea10,0,,
Magea2,Magea2,0,,
Magea3,Magea3,0,,
Magea4,Magea4,0,,
Magea5,Magea5,0,,
Magea6,Magea6,0,,
Magea7-ps,Magea7-ps,0,,
Magea8,Magea8,0,,
Magea9-ps,Magea9-ps,0,,
Mageb1,Mageb1,0,,
Mageb10-ps,Mageb10-ps,0,,
Mageb16,Mageb16,0,,
Mageb16-ps1,Mageb16-ps1,0,,
Mageb16-ps2,Mageb16-ps2,0,,
Mageb17-ps,Mageb17-ps,0,,
Mageb18,Mageb18,0,,
Mageb2,Mageb2,0,,
Mageb3,Mageb3,0,,
Mageb4,Mageb4,0,,
Mageb5,Mageb5,0,,
Mageb6-ps,Mageb6-ps,0,,
Mageb7-ps,Mageb7-ps,0,,
Mageb8-ps,Mageb8-ps,0,,
Maged1,Maged1,-0.1678,-6.8411,11.1048
Maged2,Maged2,0.0162,-1.7223,1.0705
Magee1,Magee1,-0.0264,-2.4881,1.8914
Magee2,Magee2,0,,
Mageh1,Mageh1,-0.001,-1.2501,0.6751
Magel2,Magel2,0,,
Magi1,Magi1,0.0004,-2.6476,2.0912
Magi2,Magi2,0.0002,-1.2501,0.6751
Magi3,Magi3,-0.0085,-1.4686,0.8479
Magix,Magix,0,,
Magoh,Magoh,-0.0383,-2.5123,1.921
Magohb,Magohb,-0.0069,-2.0286,1.3716
Magt1,Magt1,0.0992,-2.1419,1.4921
Mak,Mak,0,,
Mak16,Mak16,-0.0203,-2.0545,1.3987
Mal,Mal,0,,
Mal2,Mal2,0,,
Malat1,Malat1,-0.0846,-3.6023,3.501
Mall,Mall,0,,
Malt1,Malt1,-0.0178,-2.5351,1.9491
Mamdc2,Mamdc2,-0.4189,-11.0906,27.8557
Mamdc4,Mamdc4,0.0013,0.6927,0.3111
Maml1,Maml1,0.0388,-1.0115,0.5061
Maml2,Maml2,-0.1527,-4.985,6.2078
Maml3,Maml3,-0.0242,-2.6116,2.0452
Mamld1,Mamld1,0,,
Mamstr,Mamstr,0,,
Man1a,Man1a,0.0697,-1.1056,0.5704
Man1a2,Man1a2,0.0436,-3.0012,2.5704
Man1b1,Man1b1,0.045,-1.5621,0.9271
Man1c1,Man1c1,-0.2404,-6.5679,10.2923
Man2a1,Man2a1,0.0266,-1.6346,0.9909
Man2a2,Man2a2,-0.0031,-2.5238,1.9352
Man2b1,Man2b1,0.0303,-1.3677,0.766
Man2b2,Man2b2,0.0093,-2.3058,1.6753
Man2c1,Man2c1,0.0263,-2.3809,1.7627
Manba,Manba,-0.0708,-4.4557,5.0777
Manbal,Manbal,-0.0492,-2.8533,2.3638
Manea,Manea,-0.0314,-1.9182,1.259
Maneal,Maneal,0,,
Manf,Manf,-0.1126,-4.4824,5.1319
Mansc1,Mansc1,0,,
Maoa,Maoa,0.0132,-0.7301,0.3322
Maob,Maob,0,,
Map1lc3a,Map1lc3a,-0.0053,-1.8531,1.1947
Map1lc3b,Map1lc3b,0.1068,-2.9179,2.453
Map2k1,Map2k1,-0.0521,-3.3241,3.0521
Map2k2,Map2k2,0.0354,-3.2405,2.9233
Map2k3,Map2k3,0.0011,-2.558,1.9776
Map2k4,Map2k4,-0.0063,-1.4362,0.8212
Map2k5,Map2k5,-0.0058,-1.0439,0.5279
Map2k6,Map2k6,-0.006,-2.0286,1.3716
Map2k7,Map2k7,0.087,-0.1299,0.0474
Map3k1,Map3k1,0.0187,-2.8642,2.3788
Map3k10,Map3k10,-0.0209,-2.5445,1.9609
Map3k11,Map3k11,0.0029,-1.2545,0.6785
Map3k12,Map3k12,-0.0094,-2.0286,1.3716
Map3k13,Map3k13,0,,
Map3k14,Map3k14,0.0003,-1.5586,0.9242
Map3k15,Map3k15,0,,
Map3k2,Map3k2,-0.0171,-1.8482,1.1899
Map3k3,Map3k3,0.0166,-0.0303,0.0106
Map3k4,Map3k4,0.0065,-1.5465,0.9137
Map3k5,Map3k5,0.0449,0.1307,0.0477
Map3k6,Map3k6,0,,
Map3k7,Map3k7,-0.0038,-2.1882,1.5428
Map3k8,Map3k8,-0.0889,-3.5739,3.4539
Map3k9,Map3k9,0.0195,1.5623,0.9274
Map4k1,Map4k1,0.0145,1.2069,0.6431
Map4k2,Map4k2,0.0141,-0.7357,0.3355
Map4k3,Map4k3,-0.0308,-2.6211,2.0572
Map4k4,Map4k4,0.2041,-0.1428,0.0523
Map4k5,Map4k5,0.0333,-0.7235,0.3285
Map6d1,Map6d1,0,,
Mapk1,Mapk1,0.0249,-2.8424,2.349
Mapk10,Mapk10,0,,
Mapk11,Mapk11,0,,
Mapk12,Mapk12,0,,
Mapk13,Mapk13,0,,
Mapk14,Mapk14,-0.0313,-3.4679,3.2802
Mapk15,Mapk15,0,,
Mapk1ip1,Mapk1ip1,-0.0145,-2.1974,1.5529
Mapk1ip1l,Mapk1ip1l,0.0507,-0.3554,0.1413
Mapk3,Mapk3,0.1327,-2.441,1.8343
Mapk4,Mapk4,0,,
Mapk6,Mapk6,-0.0172,-1.5586,0.9242
Mapk7,Mapk7,-0.0064,-1.0409,0.5259
Mapk8,Mapk8,-0.0176,-1.0645,0.542
Mapk8ip1,Mapk8ip1,0,-0.0216,0.0075
Mapk8ip2,Mapk8ip2,0,,
Mapk8ip3,Mapk8ip3,-0.0134,-1.5646,0.9293
Mapk9,Mapk9,-0.0472,-4.0261,4.2464
Mapkap1,Mapkap1,0.068,-0.5138,0.2165
Mapkapk2,Mapkapk2,-0.0529,-4.9231,6.0696
Mapkapk3,Mapkapk3,0.0026,-1.0138,0.5077
Mapkapk5,Mapkapk5,-0.0713,-4.0189,4.2331
Mapkbp1,Mapkbp1,0.0104,-1.0262,0.516
Mapre1,Mapre1,0.3135,-0.0779,0.0279
Mapre2,Mapre2,-0.019,-4.0786,4.3437
Mapre3,Mapre3,0.0025,-0.0168,0.0059
Mapt,Mapt,0,,
March1,March1,-0.014,-2.072,1.4172
March10,March10,0,,
March11,March11,0.0033,0.6927,0.3111
March2,March2,0.0077,-0.9969,0.4964
March3,March3,0,,
March4,March4,0,,
March5,March5,-0.0146,-2.6189,2.0545
March6,March6,0.015,-2.7319,2.2009
March7,March7,-0.0882,-3.1397,2.7719
March8,March8,0.0071,-0.7913,0.3678
March9,March9,-0.0027,-1.8012,1.1447
Marcks,Marcks,0.2205,0.2231,0.0844
Marcksl1,Marcksl1,-0.0514,-2.5484,1.9657
Marcksl1-ps4,Marcksl1-ps4,0,,
Marco,Marco,0,,
Mark1,Mark1,0,,
Mark2,Mark2,0.0678,0.9871,0.49
Mark3,Mark3,0.0012,-1.8325,1.1747
Mark4,Mark4,-0.0129,-2.5647,1.986
Mars,Mars,0.0002,-0.926,0.4504
Mars2,Mars2,0,,
Marveld1,Marveld1,-0.0094,-1.7679,1.1131
Marveld2,Marveld2,0.001,-1.2501,0.6751
Marveld3,Marveld3,0,,
Mas1,Mas1,0,,
Masp1,Masp1,-0.0043,-2.0286,1.3716
Masp2,Masp2,0,,
Mast1,Mast1,0.0013,0.6927,0.3111
Mast2,Mast2,0.0005,-2.4383,1.8311
Mast3,Mast3,0.053,-2.0891,1.4353
Mast4,Mast4,-0.0184,-3.2127,2.8811
Mastl,Mastl,0,,
Mat1a,Mat1a,0,,
Mat2a,Mat2a,-0.0497,-3.9431,4.0946
Mat2b,Mat2b,0.0362,-1.0849,0.556
Matk,Matk,0.0431,-0.9231,0.4486
Matn1,Matn1,0,,
Matn2,Matn2,0,,
Matn3,Matn3,0,,
Matn4,Matn4,0,,
Matr3,Matr3,0.2205,-0.1341,0.049
Matr3-ps2,Matr3-ps2,0,,
Mau2,Mau2,0.012,-0.0187,0.0065
Mavs,Mavs,0.026,0.1164,0.0422
Max,Max,0.0748,-1.6976,1.0477
Maz,Maz,0.0097,-0.895,0.4309
Mb,Mb,0,,
Mbd1,Mbd1,-0.048,-1.5725,0.9362
Mbd2,Mbd2,-0.1119,-4.6557,5.491
Mbd3,Mbd3,0.1116,-2.0785,1.4241
Mbd3l1,Mbd3l1,0,,
Mbd3l2,Mbd3l2,0,,
Mbd4,Mbd4,-0.0009,-1.431,0.8169
Mbd5,Mbd5,-0.0229,-2.1936,1.5487
Mbd6,Mbd6,-0.0587,-3.4244,3.2103
Mbip,Mbip,-0.0136,-1.8419,1.1838
Mbl1,Mbl1,0,,
Mbl2,Mbl2,0,,
Mblac1,Mblac1,0,,
Mblac2,Mblac2,-0.0163,-2.6476,2.0912
Mbnl1,Mbnl1,0.1522,-2.2788,1.6444
Mbnl2,Mbnl2,0.0165,-3.3107,3.0313
Mbnl3,Mbnl3,0,,
Mboat1,Mboat1,0.0004,0.6927,0.3111
Mboat2,Mboat2,0,,
Mboat4,Mboat4,0,,
Mboat7,Mboat7,-0.0388,-4.4675,5.1015
Mbp,Mbp,0.0744,-2.2177,1.5755
Mbtd1,Mbtd1,-0.0092,-3.5773,3.4595
Mbtps1,Mbtps1,0.0529,-3.1765,2.8266
Mbtps2,Mbtps2,-0.0049,-3.3711,3.1257
Mc1r,Mc1r,0,,
Mc2r,Mc2r,0,,
Mc3r,Mc3r,0,,
Mc4r,Mc4r,0,,
Mc5r,Mc5r,0,,
Mcam,Mcam,-0.0043,-1.431,0.8169
Mcart1,Mcart1,0.0038,-1.8844,1.2254
Mcart6,Mcart6,0.0021,0.9835,0.4876
Mcat,Mcat,-0.0273,-2.8941,2.4199
Mcc,Mcc,0.017,0.6927,0.3111
Mccc1,Mccc1,-0.0003,-1.0254,0.5155
Mccc2,Mccc2,-0.0254,-2.191,1.5459
Mcee,Mcee,0.0357,-1.0116,0.5062
Mcf2,Mcf2,0,,
Mcf2l,Mcf2l,-0.0026,-1.431,0.8169
Mcfd2,Mcfd2,0.0712,-2.5551,1.9741
Mchr1,Mchr1,0,,
Mcl1,Mcl1,-0.2227,-5.9011,8.4424
Mcm10,Mcm10,0.012,0.6927,0.3111
Mcm2,Mcm2,0.0204,0.1919,0.0717
Mcm3,Mcm3,0.0464,-0.2724,0.1049
Mcm3ap,Mcm3ap,-0.0348,-1.7849,1.1292
Mcm4,Mcm4,0.0227,0.6758,0.3018
Mcm5,Mcm5,0.023,0.8474,0.4014
Mcm6,Mcm6,0.0036,-1.1551,0.6055
Mcm7,Mcm7,-0.0039,-0.0418,0.0147
Mcm8,Mcm8,-0.0099,-0.0264,0.0092
Mcm9,Mcm9,0.0113,-0.7288,0.3315
Mcmbp,Mcmbp,-0.0061,-2.6504,2.0947
Mcoln1,Mcoln1,-0.0254,-3.1359,2.7662
Mcoln2,Mcoln2,0.0033,0.6927,0.3111
Mcoln3,Mcoln3,-0.0009,-1.431,0.8169
Mcph1,Mcph1,0.0113,0.246,0.0938
Mcpt1,Mcpt1,0,,
Mcpt2,Mcpt2,0,,
Mcpt4,Mcpt4,0,,
Mcpt8,Mcpt8,0,,
Mcpt9,Mcpt9,0,,
Mcrs1,Mcrs1,-0.0201,-1.645,1.0002
Mctp1,Mctp1,-0.0497,-2.3979,1.7828
Mctp2,Mctp2,0,,
Mcts1,Mcts1,0.0269,-2.5877,2.015
Mcts2,Mcts2,-0.0206,-2.9977,2.5653
Mdc1,Mdc1,0.032,0.152,0.0559
Mdfi,Mdfi,-0.0103,-2.0286,1.3716
Mdfic,Mdfic,-0.0476,-3.3478,3.0891
Mdga1,Mdga1,-0.0065,-1.8012,1.1447
Mdga2,Mdga2,0,,
Mdh1,Mdh1,0.0303,-3.1693,2.8158
Mdh1b,Mdh1b,0,,
Mdh2,Mdh2,-0.0725,-5.2751,6.8772
Mdk,Mdk,0.0071,-0.285,0.1103
Mdk-ps1,Mdk-ps1,0,,
Mdm1,Mdm1,0.0071,1.3956,0.7883
Mdm2,Mdm2,-0.0245,-2.0545,1.3987
Mdm4,Mdm4,-0.004,-0.3482,0.1381
Mdm4-ps,Mdm4-ps,0,,
Mdn1,Mdn1,0.03,-0.2685,0.1033
Mdp1,Mdp1,-0.024,-1.183,0.6256
Me1,Me1,-0.0077,-1.431,0.8169
Me2,Me2,-0.0156,-0.4283,0.1749
Me3,Me3,0,,
Mea1,Mea1,-0.0183,-3.6298,3.5472
Meaf6,Meaf6,0.0238,-1.8246,1.1671
Mecom,Mecom,-0.0009,-1.431,0.8169
Mecp2,Mecp2,0.0283,0.593,0.2572
Mecr,Mecr,-0.002,-1.7713,1.1163
Med1,Med1,0.0247,-1.4325,0.8181
Med10,Med10,0.0034,-2.9545,2.5042
Med11,Med11,-0.0042,-3.627,3.5425
Med12,Med12,0,,
Med12l,Med12l,-0.0203,-1.7263,1.0742
Med13,Med13,-0.086,-4.4953,5.1582
Med13l,Med13l,0.0447,-1.6694,1.0221
Med14,Med14,0.0013,-1.9355,1.2763
Med15,Med15,-0.0005,-3.3989,3.1697
Med16,Med16,0.0193,-0.8503,0.4032
Med17,Med17,0.0128,-2.5115,1.92
Med18,Med18,-0.0134,-2.1887,1.5434
Med19,Med19,0.0504,-0.504,0.2116
Med20,Med20,-0.0021,-2.5174,1.9273
Med21,Med21,-0.0063,-2.5205,1.9311
Med22,Med22,-0.0427,-2.9517,2.5002
Med23,Med23,-0.0116,-3.1588,2.8002
Med24,Med24,0.0138,-0.282,0.1091
Med25,Med25,-0.0079,-1.6991,1.0492
Med26,Med26,-0.0213,-2.2625,1.6259
Med27,Med27,0.0079,1.2069,0.6431
Med28,Med28,0.0537,-2.6864,2.1413
Med29,Med29,-0.0266,-1.8161,1.1589
Med30,Med30,-0.0254,-2.4191,1.808
Med31,Med31,-0.0126,-2.1807,1.5345
Med4,Med4,-0.0332,-2.5405,1.9559
Med6,Med6,0.003,-1.6144,0.9729
Med7,Med7,-0.0517,-4.4487,5.0636
Med8,Med8,0.0489,-1.173,0.6184
Med9,Med9,0.0224,-0.9516,0.4669
Mef2a,Mef2a,0.1136,-2.164,1.5162
Mef2b,Mef2b,0.0003,-0.5167,0.218
Mef2c,Mef2c,-0.0965,-4.8977,6.0134
Mef2d,Mef2d,-0.1332,-6.4538,9.9624
Mefv,Mefv,0,,
Meg3,Meg3,0,,
Megf10,Megf10,0,,
Megf11,Megf11,0,,
Megf6,Megf6,0,,
Megf8,Megf8,0.0318,-0.7844,0.3637
Megf9,Megf9,0.0005,-1.4519,0.8341
Mei1,Mei1,0,,
Mei4,Mei4,0,,
Meig1,Meig1,0,,
Meis1,Meis1,-0.0386,-0.5226,0.2209
Meis2,Meis2,0,,
Meis3,Meis3,0.0243,-0.7194,0.3261
Melk,Melk,0,,
Memo1,Memo1,0.0271,-0.7926,0.3685
Men1,Men1,-0.018,-3.004,2.5743
Meox1,Meox1,-0.0078,-1.3054,0.7172
Meox2,Meox2,0,,
Mep1a,Mep1a,0,,
Mep1b,Mep1b,0,,
Mepce,Mepce,-0.0354,-3.1161,2.7369
Mepe,Mepe,0,,
Mertk,Mertk,-0.3169,-6.7534,10.8405
Mesdc1,Mesdc1,-0.0407,-3.4313,3.2213
Mesdc2,Mesdc2,-0.0698,-4.7815,5.7594
Mesp1,Mesp1,0,,
Mesp2,Mesp2,0,,
Mest,Mest,0,,
Met,Met,-0.0188,-2.4881,1.8914
Metap1,Metap1,-0.0176,-2.5475,1.9646
Metap1d,Metap1d,-0.0007,-2.2551,1.6175
Metap2,Metap2,0.1171,-1.7766,1.1212
Metrn,Metrn,0.0135,-0.0187,0.0065
Metrnl,Metrnl,-0.0323,-4.0202,4.2355
Mettl1,Mettl1,0.0046,-2.1808,1.5347
Mettl10,Mettl10,-0.0175,-2.1998,1.5556
Mettl11a,Mettl11a,0.0203,0.5785,0.2496
Mettl11b,Mettl11b,0,,
Mettl13,Mettl13,-0.0177,-1.3829,0.7781
Mettl14,Mettl14,0.0106,-0.6548,0.2902
Mettl15,Mettl15,0.0036,-0.0168,0.0059
Mettl16,Mettl16,-0.0299,-2.5519,1.97
Mettl17,Mettl17,0.0078,-1.5281,0.8979
Mettl2,Mettl2,0.031,-1.8012,1.1447
Mettl21a,Mettl21a,-0.0026,-1.1604,0.6093
Mettl21d,Mettl21d,-0.0016,-2.2551,1.6175
Mettl22,Mettl22,0.001,-0.7342,0.3346
Mettl3,Mettl3,-0.0278,-3.4185,3.2008
Mettl4,Mettl4,0.0087,0.9835,0.4876
Mettl4-ps1,Mettl4-ps1,0,,
Mettl5,Mettl5,0.0196,-0.6463,0.2856
Mettl6,Mettl6,-0.0054,-0.9069,0.4384
Mettl7a1,Mettl7a1,0.0105,-2.9996,2.568
Mettl7a2,Mettl7a2,0.0162,0.235,0.0892
Mettl7a3,Mettl7a3,0,,
Mettl7b,Mettl7b,0,,
Mettl8,Mettl8,0.0023,-0.7363,0.3358
Mettl9,Mettl9,0.0838,-0.9287,0.4521
Mex3a,Mex3a,-0.006,-1.431,0.8169
Mex3b,Mex3b,-0.0069,-1.8054,1.1486
Mex3c,Mex3c,-0.0349,-3.357,3.1035
Mex3d,Mex3d,0.0389,-0.337,0.1331
Mfap1a,Mfap1a,0.0442,-1.4746,0.8529
Mfap1b,Mfap1b,0.0038,-1.6384,0.9942
Mfap2,Mfap2,0,,
Mfap3,Mfap3,-0.0311,-3.2294,2.9065
Mfap3l,Mfap3l,0.0197,0.6089,0.2655
Mfap4,Mfap4,0,,
Mfap5,Mfap5,0,,
Mff,Mff,0.0874,-1.9819,1.3234
Mfge8,Mfge8,-0.0312,-3.4512,3.2533
Mfhas1,Mfhas1,-0.1289,-5.5267,7.4862
Mfi2,Mfi2,-0.0034,-1.431,0.8169
Mfn1,Mfn1,0.0322,0.3626,0.1446
Mfn2,Mfn2,0.0209,-0.3914,0.1577
Mfng,Mfng,0.086,-2.1158,1.4639
Mfrp,Mfrp,0,,
Mfsd1,Mfsd1,-0.0453,-4.4865,5.1402
Mfsd10,Mfsd10,0.011,-1.2602,0.6828
Mfsd11,Mfsd11,-0.0234,-2.7772,2.261
Mfsd2a,Mfsd2a,0,,
Mfsd2b,Mfsd2b,0,,
Mfsd3,Mfsd3,0.0036,-0.0289,0.0101
Mfsd4,Mfsd4,-0.0009,-1.431,0.8169
Mfsd5,Mfsd5,-0.0576,-3.9539,4.1142
Mfsd6,Mfsd6,0,,
Mfsd6l,Mfsd6l,0,,
Mfsd7a,Mfsd7a,0,,
Mfsd7b,Mfsd7b,-0.0208,-2.5198,1.9302
Mfsd7c,Mfsd7c,0,,
Mfsd8,Mfsd8,0.0025,-0.8933,0.4298
Mfsd9,Mfsd9,-0.0086,-1.431,0.8169
Mga,Mga,-0.0314,-2.4302,1.8213
Mgam,Mgam,-0.0094,-2.0286,1.3716
Mgat1,Mgat1,-0.019,-4.3851,4.9358
Mgat2,Mgat2,-0.0752,-3.9688,4.1413
Mgat3,Mgat3,0,,
Mgat4a,Mgat4a,-0.0225,-2.6457,2.0887
Mgat4b,Mgat4b,-0.014,-4.2236,4.619
Mgat4c,Mgat4c,0,,
Mgat5,Mgat5,-0.0017,-1.431,0.8169
Mgat5b,Mgat5b,0,,
Mgea5,Mgea5,-0.0419,-3.5134,3.3542
Mgl2,Mgl2,0.0003,-0.7321,0.3334
Mgll,Mgll,0.0697,-0.6528,0.2891
Mgmt,Mgmt,-0.0042,-1.4505,0.833
Mgp,Mgp,0,,
Mgrn1,Mgrn1,-0.0079,-2.6829,2.1367
Mgst1,Mgst1,0,,
Mgst2,Mgst2,0,,
Mgst3,Mgst3,0.0087,-2.164,1.5162
Mia1,Mia1,0.0674,-1.0012,0.4993
Mia2,Mia2,0,,
Miat,Miat,0,,
Mib1,Mib1,0.0857,-1.1807,0.6239
Mib2,Mib2,0.0215,-1.1537,0.6045
Mical1,Mical1,-0.055,-4.2814,4.7311
Mical2,Mical2,-0.0077,-1.431,0.8169
Mical3,Mical3,0.0157,0.3328,0.1312
Micalcl,Micalcl,0,,
Micall1,Micall1,0.0279,0.876,0.419
Micall2,Micall2,0,,
Mid1,Mid1,0.0012,-0.5167,0.218
Mid1ip1,Mid1ip1,-0.0899,-4.9776,6.1912
Mid2,Mid2,0,,
Midn,Midn,-0.0077,-3.0453,2.6337
Mier1,Mier1,-0.0574,-3.0049,2.5756
Mier2,Mier2,-0.0227,-3.7603,3.7704
Mier3,Mier3,0.0077,-1.8353,1.1774
Mif,Mif,-0.0863,-5.8998,8.4391
Mif4gd,Mif4gd,0.0163,-1.9068,1.2476
Miip,Miip,-0.0037,-1.7954,1.1391
Mill1,Mill1,0,,
Mill2,Mill2,0,,
Mina,Mina,0.0229,-0.6318,0.2777
Mink1,Mink1,0.0003,-1.3686,0.7667
Minpp1,Minpp1,-0.0067,-1.2518,0.6764
Mios,Mios,0.0362,-1.0289,0.5178
Miox,Miox,0,,
Mip,Mip,0,,
Mipep,Mipep,0.0291,1.2314,0.6612
Mipol1,Mipol1,0.0011,-0.5167,0.218
Mir101a,Mir101a,0,,
Mir101b,Mir101b,0,,
Mir103-1,Mir103-1,0,,
Mir103-2,Mir103-2,0,,
Mir105,Mir105,0,,
Mir106a,Mir106a,0,,
Mir106b,Mir106b,0,,
Mir107,Mir107,0,,
Mir10a,Mir10a,0,,
Mir10b,Mir10b,0,,
Mir1186,Mir1186,0,,
Mir1187,Mir1187,0,,
Mir1188,Mir1188,0,,
Mir1190,Mir1190,0,,
Mir1191,Mir1191,0,,
Mir1192,Mir1192,0,,
Mir1193,Mir1193,0,,
Mir1195,Mir1195,0,,
Mir1196,Mir1196,0,,
Mir1197,Mir1197,0,,
Mir1198,Mir1198,0,,
Mir1199,Mir1199,0,,
Mir1224,Mir1224,0,,
Mir122a,Mir122a,0,,
Mir1247,Mir1247,0,,
Mir1249,Mir1249,0,,
Mir124a-1,Mir124a-1,0,,
Mir124a-3,Mir124a-3,0,,
Mir125a,Mir125a,0,,
Mir125b-2,Mir125b-2,0,,
Mir126,Mir126,0,,
Mir127,Mir127,0,,
Mir128-1,Mir128-1,0,,
Mir128-2,Mir128-2,0,,
Mir129-1,Mir129-1,0,,
Mir129-2,Mir129-2,0,,
Mir1298,Mir1298,0,,
Mir1306,Mir1306,0,,
Mir130a,Mir130a,0,,
Mir130b,Mir130b,0,,
Mir132,Mir132,0,,
Mir133a-1,Mir133a-1,0,,
Mir133a-2,Mir133a-2,0,,
Mir133b,Mir133b,0,,
Mir134,Mir134,0,,
Mir135a-1,Mir135a-1,0,,
Mir135a-2,Mir135a-2,0,,
Mir135b,Mir135b,0,,
Mir136,Mir136,0,,
Mir137,Mir137,0,,
Mir138-1,Mir138-1,0,,
Mir138-2,Mir138-2,0,,
Mir139,Mir139,0,,
Mir140,Mir140,0,,
Mir141,Mir141,0,,
Mir142,Mir142,-0.0077,-1.431,0.8169
Mir143,Mir143,0,,
Mir144,Mir144,0,,
Mir145,Mir145,0,,
Mir146,Mir146,0,,
Mir146b,Mir146b,0,,
Mir147,Mir147,0,,
Mir148a,Mir148a,0,,
Mir148b,Mir148b,0,,
Mir149,Mir149,0,,
Mir150,Mir150,0,,
Mir151,Mir151,0,,
Mir152,Mir152,0,,
Mir153,Mir153,0,,
Mir154,Mir154,0,,
Mir155,Mir155,0.0054,0.6927,0.3111
Mir15b,Mir15b,0,,
Mir16-2,Mir16-2,0,,
Mir17,Mir17,0,,
Mir17hg,Mir17hg,0,,
Mir18,Mir18,0,,
Mir181a-1,Mir181a-1,0,,
Mir181a-2,Mir181a-2,0,,
Mir181b-1,Mir181b-1,0,,
Mir181b-2,Mir181b-2,0,,
Mir181c,Mir181c,0,,
Mir181d,Mir181d,0,,
Mir182,Mir182,0,,
Mir183,Mir183,0,,
Mir184,Mir184,0,,
Mir185,Mir185,0,,
Mir186,Mir186,0,,
Mir187,Mir187,0,,
Mir188,Mir188,0,,
Mir1893,Mir1893,0,,
Mir1894,Mir1894,0,,
Mir1895,Mir1895,0,,
Mir1896,Mir1896,0,,
Mir1897,Mir1897,0,,
Mir1898,Mir1898,0,,
Mir1899,Mir1899,0,,
Mir18b,Mir18b,0,,
Mir190,Mir190,0,,
Mir1900,Mir1900,0,,
Mir1901,Mir1901,0,,
Mir1903,Mir1903,-0.0043,-2.0286,1.3716
Mir1904,Mir1904,0,,
Mir1905,Mir1905,0,,
Mir1906-1,Mir1906-1,0,,
Mir1906-2,Mir1906-2,0,,
Mir190b,Mir190b,0,,
Mir192,Mir192,0,,
Mir1927,Mir1927,0,,
Mir1928,Mir1928,0,,
Mir1929,Mir1929,0,,
Mir193,Mir193,0,,
Mir1930,Mir1930,0,,
Mir1931,Mir1931,0.0017,0.6927,0.3111
Mir1932,Mir1932,0,,
Mir1933,Mir1933,0,,
Mir1934,Mir1934,0,,
Mir1935,Mir1935,0,,
Mir1936,Mir1936,0,,
Mir1938,Mir1938,0,,
Mir193b,Mir193b,0,,
Mir194-1,Mir194-1,0,,
Mir194-2,Mir194-2,0,,
Mir1941,Mir1941,0,,
Mir1942,Mir1942,0,,
Mir1943,Mir1943,0,,
Mir1945,Mir1945,0,,
Mir1946a,Mir1946a,0,,
Mir1946b,Mir1946b,0,,
Mir1947,Mir1947,0,,
Mir1948,Mir1948,0,,
Mir195,Mir195,0,,
Mir1950,Mir1950,0,,
Mir1951,Mir1951,0,,
Mir1952,Mir1952,0,,
Mir1953,Mir1953,0,,
Mir1955,Mir1955,0,,
Mir1956,Mir1956,0,,
Mir1957,Mir1957,0,,
Mir1958,Mir1958,0,,
Mir1960,Mir1960,0,,
Mir1961,Mir1961,0,,
Mir1962,Mir1962,0,,
Mir1963,Mir1963,0,,
Mir1964,Mir1964,0,,
Mir1965,Mir1965,0,,
Mir1966,Mir1966,0,,
Mir1967,Mir1967,0,,
Mir1968,Mir1968,0,,
Mir1969,Mir1969,0,,
Mir196a-1,Mir196a-1,0,,
Mir196a-2,Mir196a-2,0,,
Mir196b,Mir196b,0,,
Mir1970,Mir1970,0,,
Mir1971,Mir1971,0,,
Mir1981,Mir1981,-0.0026,-1.431,0.8169
Mir1982,Mir1982,0.0027,-0.7301,0.3322
Mir1983,Mir1983,0,,
Mir199a-1,Mir199a-1,0,,
Mir199a-2,Mir199a-2,0,,
Mir19a,Mir19a,0,,
Mir19b-1,Mir19b-1,0,,
Mir19b-2,Mir19b-2,0,,
Mir1a-1,Mir1a-1,0,,
Mir1b,Mir1b,0,,
Mir200a,Mir200a,0,,
Mir200b,Mir200b,0,,
Mir200c,Mir200c,0,,
Mir201,Mir201,0,,
Mir202,Mir202,0,,
Mir203,Mir203,0,,
Mir204,Mir204,0,,
Mir205,Mir205,0,,
Mir206,Mir206,0,,
Mir207,Mir207,0,,
Mir208a,Mir208a,0,,
Mir208b,Mir208b,0,,
Mir20a,Mir20a,0,,
Mir20b,Mir20b,0,,
Mir21,Mir21,-0.0077,-1.431,0.8169
Mir210,Mir210,0,,
Mir211,Mir211,0,,
Mir212,Mir212,0,,
Mir2136,Mir2136,0,,
Mir2137,Mir2137,0,,
Mir2139,Mir2139,0,,
Mir214,Mir214,0,,
Mir215,Mir215,0,,
Mir216a,Mir216a,0,,
Mir216b,Mir216b,0,,
Mir217,Mir217,0,,
Mir218-1,Mir218-1,0,,
Mir218-2,Mir218-2,0,,
Mir219-1,Mir219-1,0,,
Mir219-2,Mir219-2,0,,
Mir22,Mir22,0,,
Mir221,Mir221,0,,
Mir222,Mir222,0,,
Mir223,Mir223,0,,
Mir224,Mir224,0,,
Mir23a,Mir23a,0,,
Mir23b,Mir23b,-0.0103,-1.431,0.8169
Mir24-2,Mir24-2,0,,
Mir25,Mir25,0,,
Mir26a-1,Mir26a-1,0,,
Mir26a-2,Mir26a-2,0,,
Mir26b,Mir26b,0,,
Mir27a,Mir27a,0,,
Mir27b,Mir27b,0,,
Mir28,Mir28,0,,
Mir290,Mir290,0,,
Mir291a,Mir291a,0,,
Mir291b,Mir291b,0,,
Mir292,Mir292,0,,
Mir293,Mir293,0,,
Mir294,Mir294,0,,
Mir295,Mir295,0,,
Mir296,Mir296,0,,
Mir297-1,Mir297-1,0,,
Mir297-2,Mir297-2,0,,
Mir297a-3,Mir297a-3,0,,
Mir297a-4,Mir297a-4,0,,
Mir297a-5,Mir297a-5,0,,
Mir297a-6,Mir297a-6,0,,
Mir297b,Mir297b,0,,
Mir297c,Mir297c,0,,
Mir298,Mir298,0,,
Mir29a,Mir29a,0,,
Mir29b-1,Mir29b-1,0,,
Mir29b-2,Mir29b-2,0,,
Mir29c,Mir29c,0,,
Mir300,Mir300,0,,
Mir301,Mir301,0,,
Mir301b,Mir301b,0,,
Mir302a,Mir302a,0,,
Mir302b,Mir302b,0,,
Mir302c,Mir302c,0,,
Mir302d,Mir302d,0,,
Mir30a,Mir30a,0,,
Mir30b,Mir30b,0,,
Mir30c-1,Mir30c-1,0,,
Mir30c-2,Mir30c-2,0,,
Mir30d,Mir30d,0,,
Mir30e,Mir30e,0,,
Mir31,Mir31,0,,
Mir32,Mir32,0,,
Mir320,Mir320,0,,
Mir322,Mir322,0,,
Mir323,Mir323,0,,
Mir324,Mir324,0,,
Mir325,Mir325,0,,
Mir326,Mir326,0,,
Mir328,Mir328,0,,
Mir329,Mir329,0,,
Mir33,Mir33,0,,
Mir330,Mir330,0,,
Mir331,Mir331,0,,
Mir335,Mir335,0,,
Mir337,Mir337,0,,
Mir338,Mir338,0,,
Mir339,Mir339,0,,
Mir340,Mir340,0,,
Mir341,Mir341,0,,
Mir342,Mir342,0,,
Mir343,Mir343,0,,
Mir344,Mir344,0,,
Mir344c,Mir344c,0,,
Mir344e,Mir344e,0,,
Mir345,Mir345,0,,
Mir346,Mir346,0,,
Mir34a,Mir34a,0,,
Mir34b,Mir34b,0,,
Mir34c,Mir34c,0,,
Mir350,Mir350,0,,
Mir351,Mir351,0,,
Mir361,Mir361,0,,
Mir362,Mir362,0,,
Mir363,Mir363,0,,
Mir365-1,Mir365-1,0,,
Mir365-2,Mir365-2,0,,
Mir367,Mir367,0,,
Mir369,Mir369,0,,
Mir370,Mir370,0,,
Mir374,Mir374,0,,
Mir375,Mir375,0,,
Mir376b,Mir376b,0,,
Mir377,Mir377,0,,
Mir379,Mir379,0,,
Mir381,Mir381,0,,
Mir382,Mir382,0,,
Mir383,Mir383,0,,
Mir384,Mir384,0,,
Mir410,Mir410,0,,
Mir411,Mir411,0,,
Mir412,Mir412,0,,
Mir421,Mir421,0,,
Mir423,Mir423,0,,
Mir425,Mir425,0,,
Mir429,Mir429,0,,
Mir431,Mir431,0,,
Mir432,Mir432,0,,
Mir433,Mir433,0,,
Mir434,Mir434,0,,
Mir448,Mir448,0,,
Mir449a,Mir449a,0,,
Mir449b,Mir449b,0,,
Mir449c,Mir449c,0,,
Mir450-1,Mir450-1,0,,
Mir450-2,Mir450-2,0,,
Mir450b,Mir450b,0,,
Mir451,Mir451,0,,
Mir452,Mir452,0,,
Mir453,Mir453,0,,
Mir455,Mir455,0,,
Mir463,Mir463,0,,
Mir465,Mir465,0,,
Mir465b-1,Mir465b-1,0,,
Mir465b-2,Mir465b-2,0,,
Mir465c-1,Mir465c-1,0,,
Mir465c-2,Mir465c-2,0,,
Mir466,Mir466,0,,
Mir4660,Mir4660,0,,
Mir466b-1,Mir466b-1,0,,
Mir466b-2,Mir466b-2,0,,
Mir466b-3,Mir466b-3,0,,
Mir466b-4,Mir466b-4,0,,
Mir466b-5,Mir466b-5,0,,
Mir466b-6,Mir466b-6,0,,
Mir466b-7,Mir466b-7,0,,
Mir466b-8,Mir466b-8,0,,
Mir466c-1,Mir466c-1,0,,
Mir466c-2,Mir466c-2,0,,
Mir466d,Mir466d,0,,
Mir466e,Mir466e,0,,
Mir466f-1,Mir466f-1,0,,
Mir466f-2,Mir466f-2,0,,
Mir466f-3,Mir466f-3,0,,
Mir466f-4,Mir466f-4,0,,
Mir466g,Mir466g,0,,
Mir466h,Mir466h,0,,
Mir466i,Mir466i,0,,
Mir466j,Mir466j,0,,
Mir466k,Mir466k,0,,
Mir466l,Mir466l,0,,
Mir466n,Mir466n,0,,
Mir466p,Mir466p,0,,
Mir467a-1,Mir467a-1,0,,
Mir467a-10,Mir467a-10,0,,
Mir467a-2,Mir467a-2,0,,
Mir467a-3,Mir467a-3,0,,
Mir467a-4,Mir467a-4,0,,
Mir467a-5,Mir467a-5,0,,
Mir467a-6,Mir467a-6,0,,
Mir467a-8,Mir467a-8,0,,
Mir467b,Mir467b,0,,
Mir467c,Mir467c,0,,
Mir467d,Mir467d,0,,
Mir467e,Mir467e,0,,
Mir467f,Mir467f,0,,
Mir467g,Mir467g,0,,
Mir467h,Mir467h,0,,
Mir470,Mir470,0,,
Mir471,Mir471,0,,
Mir483,Mir483,0,,
Mir484,Mir484,0,,
Mir485,Mir485,0,,
Mir486,Mir486,0,,
Mir487b,Mir487b,0,,
Mir488,Mir488,0,,
Mir489,Mir489,0,,
Mir490,Mir490,0,,
Mir491,Mir491,0,,
Mir493,Mir493,0,,
Mir494,Mir494,0,,
Mir495,Mir495,0,,
Mir496,Mir496,0,,
Mir497,Mir497,0,,
Mir499,Mir499,0,,
Mir500,Mir500,0,,
Mir501,Mir501,0,,
Mir503,Mir503,0,,
Mir504,Mir504,0,,
Mir505,Mir505,0,,
Mir511,Mir511,0,,
Mir532,Mir532,0,,
Mir539,Mir539,0,,
Mir540,Mir540,0,,
Mir541,Mir541,0,,
Mir542,Mir542,0,,
Mir543,Mir543,0,,
Mir544,Mir544,0,,
Mir546,Mir546,0,,
Mir547,Mir547,0,,
Mir551b,Mir551b,0,,
Mir568,Mir568,-0.0103,-1.431,0.8169
Mir574,Mir574,0,,
Mir582,Mir582,0,,
Mir592,Mir592,0,,
Mir598,Mir598,0,,
Mir599,Mir599,0,,
Mir615,Mir615,0,,
Mir652,Mir652,0,,
Mir653,Mir653,0,,
Mir654,Mir654,0,,
Mir665,Mir665,0,,
Mir666,Mir666,0,,
Mir667,Mir667,0,,
Mir669a-1,Mir669a-1,0,,
Mir669a-10,Mir669a-10,0,,
Mir669a-11,Mir669a-11,0,,
Mir669a-12,Mir669a-12,0,,
Mir669a-2,Mir669a-2,0,,
Mir669a-3,Mir669a-3,0,,
Mir669a-4,Mir669a-4,0,,
Mir669a-5,Mir669a-5,0,,
Mir669a-6,Mir669a-6,0,,
Mir669a-7,Mir669a-7,0,,
Mir669a-8,Mir669a-8,0,,
Mir669a-9,Mir669a-9,0,,
Mir669b,Mir669b,0,,
Mir669c,Mir669c,0,,
Mir669d,Mir669d,0,,
Mir669d-2,Mir669d-2,0,,
Mir669e,Mir669e,0,,
Mir669f,Mir669f,0,,
Mir669g,Mir669g,0,,
Mir669h,Mir669h,0,,
Mir669i,Mir669i,0,,
Mir669j,Mir669j,0,,
Mir669k,Mir669k,0,,
Mir669l,Mir669l,0,,
Mir669m-1,Mir669m-1,0,,
Mir669m-2,Mir669m-2,0,,
Mir669n,Mir669n,0,,
Mir669o,Mir669o,0,,
Mir669p-1,Mir669p-1,0,,
Mir669p-2,Mir669p-2,0,,
Mir670,Mir670,0,,
Mir671,Mir671,-0.0472,-4.1282,4.437
Mir672,Mir672,0,,
Mir673,Mir673,0,,
Mir674,Mir674,0,,
Mir675,Mir675,0,,
Mir676,Mir676,0,,
Mir678,Mir678,0.0138,0.1007,0.0363
Mir679,Mir679,0,,
Mir680-1,Mir680-1,0,,
Mir680-2,Mir680-2,0,,
Mir680-3,Mir680-3,0,,
Mir681,Mir681,0,,
Mir682,Mir682,0.4118,2.0261,1.369
Mir683-1,Mir683-1,0,,
Mir683-2,Mir683-2,0,,
Mir686,Mir686,-0.0026,-1.431,0.8169
Mir687,Mir687,0,,
Mir688,Mir688,0,,
Mir690,Mir690,0,,
Mir692-1,Mir692-1,0.005,-1.0196,0.5116
Mir692-2a,Mir692-2a,0.0299,0.593,0.2572
Mir692-2b,Mir692-2b,0.0025,-0.0192,0.0067
Mir693,Mir693,0,,
Mir694,Mir694,0,,
Mir695,Mir695,0,,
Mir697,Mir697,0,,
Mir698,Mir698,0,,
Mir7-1,Mir7-1,0,,
Mir7-2,Mir7-2,0,,
Mir700,Mir700,0.0067,0.9835,0.4876
Mir701,Mir701,0,,
Mir702,Mir702,0,,
Mir704,Mir704,0,,
Mir705,Mir705,-0.0051,-2.0286,1.3716
Mir706,Mir706,0,,
Mir707,Mir707,0,,
Mir708,Mir708,0,,
Mir709,Mir709,0,,
Mir710,Mir710,0,,
Mir711,Mir711,0,,
Mir713,Mir713,0,,
Mir717,Mir717,0,,
Mir718,Mir718,0,,
Mir719,Mir719,0,,
Mir720,Mir720,0,,
Mir741,Mir741,0,,
Mir742,Mir742,0,,
Mir743,Mir743,0,,
Mir743b,Mir743b,0,,
Mir744,Mir744,0,,
Mir758,Mir758,0,,
Mir759,Mir759,0,,
Mir760,Mir760,0,,
Mir761,Mir761,0,,
Mir762,Mir762,0,,
Mir763,Mir763,0,,
Mir764,Mir764,0,,
Mir767,Mir767,0,,
Mir770,Mir770,0,,
Mir7b,Mir7b,0,,
Mir802,Mir802,0,,
Mir804,Mir804,0,,
Mir871,Mir871,0,,
Mir872,Mir872,0,,
Mir873,Mir873,0,,
Mir874,Mir874,0,,
Mir875,Mir875,0,,
Mir876,Mir876,0,,
Mir877,Mir877,0,,
Mir878,Mir878,0,,
Mir879,Mir879,0,,
Mir880,Mir880,0,,
Mir881,Mir881,0,,
Mir882,Mir882,0,,
Mir883a,Mir883a,0,,
Mir883b,Mir883b,0,,
Mir9-2,Mir9-2,0,,
Mir92-1,Mir92-1,0,,
Mir92-2,Mir92-2,0,,
Mir92b,Mir92b,0,,
Mir93,Mir93,0,,
Mir96,Mir96,0,,
Mir98,Mir98,0,,
Mir99a,Mir99a,0,,
Mir99b,Mir99b,0,,
Mirg,Mirg,0,,
Mirlet7a-1,Mirlet7a-1,0,,
Mirlet7b,Mirlet7b,-0.0069,-1.431,0.8169
Mirlet7c-1,Mirlet7c-1,0,,
Mirlet7c-2,Mirlet7c-2,0,,
Mirlet7d,Mirlet7d,0,,
Mirlet7f-2,Mirlet7f-2,0,,
Mirlet7g,Mirlet7g,0,,
Mirlet7i,Mirlet7i,0,,
Mis12,Mis12,0.0205,-1.4104,0.8002
Mis18bp1,Mis18bp1,0.0033,-0.5167,0.218
Mitd1,Mitd1,0.0039,-0.3445,0.1364
Mitf,Mitf,-0.0531,-3.5508,3.4157
Mixl1,Mixl1,0,,
Mki67,Mki67,0.0768,0.471,0.1954
Mki67ip,Mki67ip,0.0104,-1.4454,0.8288
Mkks,Mkks,0.0963,-0.6302,0.2769
Mkl1,Mkl1,-0.0086,-2.2517,1.6137
Mkl2,Mkl2,-0.0323,-3.5308,3.3826
Mkln1,Mkln1,0.0941,-1.5594,0.9248
Mknk1,Mknk1,-0.0042,-3.4418,3.2382
Mknk2,Mknk2,0.0924,-0.4652,0.1926
Mkrn1,Mkrn1,0.0181,-2.7815,2.2667
Mkrn1-ps1,Mkrn1-ps1,0,,
Mkrn2,Mkrn2,0.0011,-1.8904,1.2314
Mkrn3,Mkrn3,0,,
Mks1,Mks1,-0.0061,-2.6476,2.0912
Mkx,Mkx,0,,
Mlana,Mlana,0,,
Mlc1,Mlc1,0.01,0.6927,0.3111
Mlec,Mlec,0.0115,-3.4593,3.2663
Mlf1,Mlf1,0,,
Mlf1ip,Mlf1ip,-0.0043,-1.431,0.8169
Mlf2,Mlf2,0.0626,-2.2485,1.6101
Mlh1,Mlh1,-0.0023,-1.2501,0.6751
Mlh3,Mlh3,-0.0007,-1.3016,0.7144
Mlkl,Mlkl,0,,
Mll1,Mll1,-0.0305,-2.1566,1.5082
Mll2,Mll2,-0.0427,-2.8153,2.3122
Mll3,Mll3,-0.0305,-4.5343,5.238
Mll5,Mll5,-0.0068,-3.4089,3.1856
Mllt1,Mllt1,-0.0257,-3.1065,2.7228
Mllt10,Mllt10,-0.0742,-3.8176,3.8705
Mllt11,Mllt11,-0.0133,-1.1684,0.615
Mllt3,Mllt3,-0.0137,-3.5308,3.3826
Mllt4,Mllt4,-0.0423,-3.3895,3.1548
Mllt6,Mllt6,0.0719,-0.8906,0.4282
Mlph,Mlph,0.0166,-1.6441,0.9993
Mlst8,Mlst8,-0.0024,-1.2961,0.7101
Mlx,Mlx,0.0292,-2.3749,1.7557
Mlxip,Mlxip,-0.015,-1.7866,1.1308
Mlxipl,Mlxipl,-0.0014,-3.39,3.1555
Mlycd,Mlycd,-0.0281,-2.9094,2.4412
Mmaa,Mmaa,-0.0044,-1.2501,0.6751
Mmab,Mmab,0.003,-0.0289,0.0101
Mmachc,Mmachc,-0.0028,-1.773,1.1179
Mmadhc,Mmadhc,0.0001,-2.5221,1.9331
Mmd,Mmd,0.0273,-0.6002,0.2609
Mmd2,Mmd2,0,,
Mme,Mme,0,,
Mmel1,Mmel1,0,,
Mmgt1,Mmgt1,-0.0603,-4.4558,5.0779
Mmgt2,Mmgt2,-0.018,-3.8624,3.9497
Mmp10,Mmp10,0,,
Mmp11,Mmp11,0,,
Mmp12,Mmp12,-0.194,-2.5691,1.9915
Mmp13,Mmp13,0,,
Mmp14,Mmp14,0.0081,-0.8916,0.4287
Mmp15,Mmp15,0,,
Mmp16,Mmp16,0,,
Mmp17,Mmp17,0,,
Mmp19,Mmp19,-0.0034,-1.431,0.8169
Mmp1a,Mmp1a,0,,
Mmp1b,Mmp1b,0,,
Mmp2,Mmp2,0.0276,0.162,0.0598
Mmp20,Mmp20,0,,
Mmp21,Mmp21,0,,
Mmp23,Mmp23,-0.0034,-1.431,0.8169
Mmp24,Mmp24,0,,
Mmp25,Mmp25,0,,
Mmp27,Mmp27,0,,
Mmp28,Mmp28,0,,
Mmp3,Mmp3,0,,
Mmp7,Mmp7,0,,
Mmp8,Mmp8,0,,
Mmp9,Mmp9,0.002,-0.5167,0.218
Mmrn1,Mmrn1,0,,
Mmrn2,Mmrn2,0,,
Mms19,Mms19,-0.0119,-2.644,2.0865
Mms22l,Mms22l,-0.0319,-1.2549,0.6788
Mn1,Mn1,0,,
Mnat1,Mnat1,-0.0646,-2.0298,1.3729
Mnd1,Mnd1,0.0021,0.6927,0.3111
Mnda,Mnda,-0.003,-2.8132,2.3094
Mndal,Mndal,-0.0058,-1.773,1.1179
Mns1,Mns1,0.0058,0.6927,0.3111
Mnt,Mnt,-0.0278,-3.3795,3.1389
Mnx1,Mnx1,0,,
Moap1,Moap1,-0.024,-1.1803,0.6236
Mob1a,Mob1a,0.1103,-0.8353,0.3941
Mob1b,Mob1b,-0.0188,-3.342,3.08
Mob2,Mob2,0.0027,-0.6511,0.2882
Mob3a,Mob3a,0.0206,-1.1906,0.6311
Mob3b,Mob3b,-0.0026,-1.431,0.8169
Mob3c,Mob3c,-0.0039,-0.2537,0.0971
Mob4,Mob4,0.0154,-1.9045,1.2453
Mobp,Mobp,0.0687,-0.4684,0.1942
Mocos,Mocos,-0.0086,-2.0286,1.3716
Mocs1,Mocs1,0.0124,0.4799,0.1997
Mocs2,Mocs2,-0.0279,-1.7966,1.1403
Mocs3,Mocs3,0.0021,-0.034,0.012
Mog,Mog,-0.0009,-1.431,0.8169
Mogat1,Mogat1,0,,
Mogat2,Mogat2,0,,
Mogs,Mogs,-0.087,-3.7293,3.7167
Mon1a,Mon1a,-0.0026,-0.8984,0.433
Mon1b,Mon1b,0,,
Mon2,Mon2,0.0192,-1.4079,0.7982
Morc1,Morc1,0,,
Morc2a,Morc2a,0.0179,-1.7747,1.1195
Morc2b,Morc2b,0,,
Morc3,Morc3,-0.0339,-2.0024,1.3445
Morc4,Morc4,0,,
Morf4l1,Morf4l1,0.1362,-2.5114,1.9199
Morf4l2,Morf4l2,0.0248,-2.7775,2.2613
Morn1,Morn1,0,,
Morn2,Morn2,0.013,-0.5598,0.2399
Morn3,Morn3,0,,
Morn4,Morn4,0,,
Morn5,Morn5,0.0033,0.6927,0.3111
Mos,Mos,0,,
Mosc1,Mosc1,0.0021,0.6927,0.3111
Mosc2,Mosc2,-0.0221,-2.9999,2.5685
Mospd1,Mospd1,0.0078,-1.038,0.5239
Mospd2,Mospd2,-0.0141,-2.2212,1.5794
Mospd3,Mospd3,-0.0036,-2.2879,1.6548
Mospd4,Mospd4,0,,
Mov10,Mov10,-0.0164,-2.2075,1.5642
Mov10l1,Mov10l1,0,,
Moxd1,Moxd1,0,,
Moxd2,Moxd2,0,,
Mpdu1,Mpdu1,0.0404,0.3671,0.1466
Mpdz,Mpdz,0.0033,0.6927,0.3111
Mpeg1,Mpeg1,-0.1206,-2.8352,2.3391
Mpg,Mpg,-0.0468,-3.6971,3.6613
Mphosph10,Mphosph10,0.0312,-1.1882,0.6294
Mphosph6,Mphosph6,-0.0198,-2.5632,1.9841
Mphosph8,Mphosph8,0.0655,-1.1524,0.6035
Mphosph9,Mphosph9,0.047,0.8654,0.4125
Mpi,Mpi,0.0374,0.9273,0.4513
Mpl,Mpl,0,,
Mpnd,Mpnd,0.0449,-1.3249,0.7323
Mpo,Mpo,0,,
Mpp1,Mpp1,-0.0629,-3.8412,3.912
Mpp2,Mpp2,-0.0043,-1.431,0.8169
Mpp3,Mpp3,0,,
Mpp4,Mpp4,0,,
Mpp5,Mpp5,0.0485,0.4643,0.1922
Mpp6,Mpp6,0.013,-2.2526,1.6147
Mpp7,Mpp7,0.0203,1.2069,0.6431
Mppe1,Mppe1,0,,
Mpped1,Mpped1,0.0062,0.6927,0.3111
Mpped2,Mpped2,0,,
Mprip,Mprip,0.0256,-1.8926,1.2335
Mpst,Mpst,-0.0066,-2.9977,2.5653
Mpv17,Mpv17,0.0079,-3.2404,2.9232
Mpv17l,Mpv17l,0,,
Mpv17l2,Mpv17l2,0.0107,-2.2808,1.6467
Mpz,Mpz,0,,
Mpzl1,Mpzl1,0,,
Mpzl2,Mpzl2,0,,
Mpzl3,Mpzl3,-0.0077,-2.0286,1.3716
Mr1,Mr1,-0.0481,-3.1383,2.7697
Mrap,Mrap,0,,
Mrap2,Mrap2,0,,
Mras,Mras,-0.0259,-3.0945,2.7052
Mrc1,Mrc1,0.0823,2.9173,2.4522
Mrc2,Mrc2,-0.0285,-3.333,3.0659
Mre11a,Mre11a,-0.0124,-0.9156,0.4438
Mreg,Mreg,0,,
Mrfap1,Mrfap1,-0.0174,-4.3509,4.8679
Mrgpra1,Mrgpra1,0,,
Mrgpra2a,Mrgpra2a,0,,
Mrgpra2b,Mrgpra2b,0,,
Mrgpra3,Mrgpra3,0,,
Mrgpra4,Mrgpra4,0,,
Mrgpra6,Mrgpra6,0,,
Mrgpra9,Mrgpra9,0,,
Mrgprb1,Mrgprb1,0,,
Mrgprb2,Mrgprb2,0,,
Mrgprb3,Mrgprb3,0,,
Mrgprb4,Mrgprb4,0,,
Mrgprb5,Mrgprb5,0,,
Mrgprb8,Mrgprb8,0,,
Mrgprd,Mrgprd,0,,
Mrgpre,Mrgpre,-0.0493,-4.5002,5.1682
Mrgprf,Mrgprf,0,,
Mrgprg,Mrgprg,0,,
Mrgprh,Mrgprh,0,,
Mrgprx1,Mrgprx1,0,,
Mrgprx2,Mrgprx2,0,,
Mri1,Mri1,-0.0124,-2.2625,1.6259
Mrm1,Mrm1,-0.0167,-2.2607,1.6238
Mro,Mro,0,,
Mrp63,Mrp63,0.0145,-2.4099,1.7971
Mrpl1,Mrpl1,0.005,-1.3877,0.7819
Mrpl10,Mrpl10,0.0451,0.4541,0.1873
Mrpl11,Mrpl11,0.0236,-1.9291,1.2699
Mrpl12,Mrpl12,-0.0323,-2.7323,2.2014
Mrpl13,Mrpl13,0.0053,-0.6662,0.2965
Mrpl14,Mrpl14,-0.0534,-2.9547,2.5045
Mrpl15,Mrpl15,-0.0367,-4.4316,5.0291
Mrpl16,Mrpl16,-0.0112,-1.3977,0.7899
Mrpl17,Mrpl17,-0.0128,-1.9777,1.3191
Mrpl18,Mrpl18,0.0259,-1.5352,0.904
Mrpl19,Mrpl19,0.0231,-1.0196,0.5116
Mrpl2,Mrpl2,0.0143,-2.9229,2.46
Mrpl20,Mrpl20,0.0112,-3.0723,2.6729
Mrpl21,Mrpl21,-0.0127,-1.7934,1.1372
Mrpl22,Mrpl22,0.0025,-1.1538,0.6045
Mrpl23,Mrpl23,-0.0086,-0.7405,0.3382
Mrpl23-ps1,Mrpl23-ps1,0.0045,-1.3491,0.7513
Mrpl24,Mrpl24,0,-3.5543,3.4213
Mrpl27,Mrpl27,0.01,-2.189,1.5437
Mrpl28,Mrpl28,0.0916,0.3,0.1168
Mrpl3,Mrpl3,-0.0196,-1.5131,0.8852
Mrpl30,Mrpl30,-0.0278,-2.4571,1.8537
Mrpl32,Mrpl32,-0.0164,-2.5352,1.9493
Mrpl33,Mrpl33,-0.055,-4.0615,4.312
Mrpl34,Mrpl34,-0.014,-3.8418,3.9132
Mrpl35,Mrpl35,-0.0273,-2.0577,1.4021
Mrpl36,Mrpl36,0.0209,-2.4621,1.8597
Mrpl37,Mrpl37,-0.0415,-2.1069,1.4544
Mrpl38,Mrpl38,0.0153,-2.3563,1.7338
Mrpl39,Mrpl39,0.0346,-0.9326,0.4547
Mrpl4,Mrpl4,0.0188,-0.9131,0.4423
Mrpl40,Mrpl40,-0.0209,-3.193,2.8514
Mrpl41,Mrpl41,-0.0833,-5.175,6.6422
Mrpl42,Mrpl42,0.0668,-1.8031,1.1465
Mrpl43,Mrpl43,-0.045,-3.4598,3.2672
Mrpl44,Mrpl44,0.001,-3.0623,2.6583
Mrpl45,Mrpl45,0.0002,-3.7828,3.8095
Mrpl46,Mrpl46,-0.0353,-2.8282,2.3297
Mrpl47,Mrpl47,0.0016,-0.4869,0.2032
Mrpl48,Mrpl48,-0.0355,-2.9081,2.4394
Mrpl48-ps,Mrpl48-ps,-0.0043,-1.8075,1.1506
Mrpl49,Mrpl49,0.0062,-1.7133,1.0622
Mrpl50,Mrpl50,0.0081,-1.4532,0.8351
Mrpl51,Mrpl51,-0.032,-2.7694,2.2506
Mrpl52,Mrpl52,0.2259,-0.9065,0.4381
Mrpl53,Mrpl53,-0.0116,-2.8752,2.3939
Mrpl54,Mrpl54,0.1169,-0.5236,0.2215
Mrpl55,Mrpl55,0.0198,-2.1673,1.5199
Mrpl9,Mrpl9,0.0056,-0.8561,0.4068
Mrps10,Mrps10,0.0427,-1.2478,0.6734
Mrps11,Mrps11,-0.0068,-2.0716,1.4167
Mrps12,Mrps12,0.0149,-1.4867,0.8629
Mrps14,Mrps14,-0.0374,-1.7801,1.1246
Mrps15,Mrps15,-0.0084,-2.7602,2.2383
Mrps16,Mrps16,-0.0187,-3.1218,2.7453
Mrps17,Mrps17,0.0261,-1.2864,0.7027
Mrps18a,Mrps18a,0.0108,-2.434,1.8258
Mrps18b,Mrps18b,0.003,-1.2998,0.7129
Mrps18c,Mrps18c,-0.0073,-2.7215,2.1871
Mrps2,Mrps2,-0.0162,-2.0785,1.4241
Mrps21,Mrps21,-0.0346,-2.5361,1.9504
Mrps22,Mrps22,0.0184,-0.8916,0.4288
Mrps23,Mrps23,0.0338,-2.7249,2.1917
Mrps24,Mrps24,0.0061,-2.7872,2.2743
Mrps25,Mrps25,0.0019,-0.8251,0.3879
Mrps26,Mrps26,0.0646,-0.4948,0.2071
Mrps27,Mrps27,-0.0215,-1.3845,0.7794
Mrps28,Mrps28,0.0228,-0.9507,0.4663
Mrps30,Mrps30,-0.0191,-1.5533,0.9196
Mrps31,Mrps31,-0.0216,-2.8402,2.3459
Mrps33,Mrps33,0.0385,0.2554,0.0978
Mrps34,Mrps34,0.0164,-1.685,1.0363
Mrps35,Mrps35,-0.0003,-2.5059,1.9131
Mrps36,Mrps36,0.0036,-0.3371,0.1331
Mrps36-ps1,Mrps36-ps1,-0.0122,-2.1449,1.4954
Mrps36-ps2,Mrps36-ps2,0.0178,0.9835,0.4876
Mrps5,Mrps5,0.0146,-1.6074,0.9667
Mrps6,Mrps6,0.032,-1.0231,0.5139
Mrps7,Mrps7,-0.004,-2.3342,1.7081
Mrps9,Mrps9,0.0201,-0.0308,0.0108
Mrrf,Mrrf,0.0132,-0.2336,0.0887
Mrs2,Mrs2,-0.0311,-2.651,2.0956
Mrto4,Mrto4,0.0235,-1.2191,0.652
Mrvi1,Mrvi1,0,,
Ms4a1,Ms4a1,0,,
Ms4a10,Ms4a10,0,,
Ms4a12,Ms4a12,0,,
Ms4a13,Ms4a13,0,,
Ms4a14,Ms4a14,0.0013,0.6927,0.3111
Ms4a15,Ms4a15,0,,
Ms4a2,Ms4a2,0,,
Ms4a3,Ms4a3,0,,
Ms4a4b,Ms4a4b,0,,
Ms4a4c,Ms4a4c,-0.0253,-1.7798,1.1243
Ms4a4d,Ms4a4d,0,,
Ms4a5,Ms4a5,0,,
Ms4a6b,Ms4a6b,0.0038,-1.3462,0.749
Ms4a6c,Ms4a6c,-0.0241,-3.5368,3.3926
Ms4a6d,Ms4a6d,-0.0302,-2.2423,1.6031
Ms4a7,Ms4a7,-0.0306,-1.7111,1.0601
Ms4a8a,Ms4a8a,0,,
Msc,Msc,0,,
Msgn1,Msgn1,0,,
Msh2,Msh2,0.0527,0.5885,0.2548
Msh3,Msh3,-0.0039,-1.7713,1.1163
Msh4,Msh4,0,,
Msh5,Msh5,-0.0043,-1.431,0.8169
Msh6,Msh6,-0.0121,-3.5805,3.4648
Msi1,Msi1,0.0021,0.6927,0.3111
Msi2,Msi2,0.0294,-0.0237,0.0083
Msl1,Msl1,-0.0064,-3.0957,2.707
Msl2,Msl2,-0.0277,-2.1411,1.4912
Msl3,Msl3,0.0328,-0.8329,0.3926
Msl3l2,Msl3l2,-0.0027,-1.4589,0.8399
Msln,Msln,0,,
Mslnl,Mslnl,0,,
Msmb,Msmb,0,,
Msmp,Msmp,0,,
Msn,Msn,0.4326,1.6418,0.9973
Msr1,Msr1,-0.0085,-2.5088,1.9167
Msra,Msra,-0.0218,-3.0873,2.6947
Msrb2,Msrb2,-0.0737,-2.9096,2.4415
Msrb3,Msrb3,0,,
Mst1,Mst1,0,,
Mst1r,Mst1r,0,,
Mstn,Mstn,0,,
Msto1,Msto1,-0.0353,-1.8591,1.2006
Msx1,Msx1,0,,
Msx2,Msx2,0,,
Msx3,Msx3,0,,
Mt1,Mt1,0.0034,-3.885,3.99
Mt2,Mt2,0.0211,-0.4975,0.2084
Mt3,Mt3,0.0008,-0.3501,0.1389
Mt4,Mt4,-0.0026,-1.431,0.8169
Mta1,Mta1,-0.0282,-3.0552,2.648
Mta2,Mta2,-0.0099,-2.953,2.502
Mta3,Mta3,0.0006,-2.1898,1.5446
Mtag2,Mtag2,0,,
Mtap,Mtap,0.0059,-0.2136,0.0805
Mtap1a,Mtap1a,0.0057,-0.3371,0.1331
Mtap1b,Mtap1b,0.0173,-0.0168,0.0059
Mtap1s,Mtap1s,0.0462,-0.024,0.0084
Mtap2,Mtap2,0.035,1.3956,0.7883
Mtap4,Mtap4,0.3238,0.3515,0.1396
Mtap6,Mtap6,0,,
Mtap7,Mtap7,0.0321,-1.7679,1.1131
Mtap7d1,Mtap7d1,0.0643,-1.7422,1.089
Mtap7d2,Mtap7d2,0,,
Mtap7d3,Mtap7d3,0,,
Mtap9,Mtap9,-0.009,-0.5226,0.2209
Mtbp,Mtbp,-0.0051,-1.431,0.8169
Mtch1,Mtch1,0.004,-3.8032,3.8451
Mtch2,Mtch2,-0.0145,-3.5423,3.4016
Mtcp1,Mtcp1,-0.0294,-3.2127,2.8811
Mtdh,Mtdh,-0.0154,-4.6553,5.49
Mterf,Mterf,-0.0039,-0.5226,0.2209
Mterfd1,Mterfd1,-0.0419,-2.2464,1.6077
Mterfd2,Mterfd2,-0.029,-3.214,2.8831
Mterfd3,Mterfd3,0,,
Mtf1,Mtf1,0.0583,-0.6501,0.2876
Mtf2,Mtf2,-0.0522,-3.4441,3.2419
Mtfmt,Mtfmt,-0.006,-2.0286,1.3716
Mtfp1,Mtfp1,-0.0173,-1.0557,0.5359
Mtfr1,Mtfr1,-0.0034,-2.4881,1.8914
Mtg1,Mtg1,0.0034,-1.4547,0.8364
Mthfd1,Mthfd1,-0.0105,-1.0626,0.5407
Mthfd1l,Mthfd1l,-0.0035,-1.791,1.1349
Mthfd2,Mthfd2,0.0165,-0.5298,0.2246
Mthfd2l,Mthfd2l,0,,
Mthfr,Mthfr,-0.039,-3.8176,3.8705
Mthfr-ps1,Mthfr-ps1,0,,
Mthfs,Mthfs,-0.2763,-8.2398,15.7631
Mthfsd,Mthfsd,0.0039,-1.2979,0.7115
Mtif2,Mtif2,-0.0299,-3.0873,2.6947
Mtif3,Mtif3,-0.0065,-2.8144,2.311
Mtl5,Mtl5,0,,
Mtm1,Mtm1,-0.0277,-3.2021,2.8651
Mtmr1,Mtmr1,0.008,-1.8711,1.2123
Mtmr10,Mtmr10,-0.1181,-4.5359,5.2415
Mtmr11,Mtmr11,0,,
Mtmr12,Mtmr12,-0.0257,-1.3618,0.7613
Mtmr14,Mtmr14,0.0041,-0.7469,0.3418
Mtmr2,Mtmr2,-0.017,-3.6118,3.5169
Mtmr3,Mtmr3,-0.0174,-3.4682,3.2807
Mtmr4,Mtmr4,-0.0209,-1.3898,0.7836
Mtmr6,Mtmr6,0.0615,-1.6162,0.9745
Mtmr7,Mtmr7,0,,
Mtmr9,Mtmr9,0,,
Mtnr1a,Mtnr1a,0,,
Mtnr1b,Mtnr1b,0,,
Mto1,Mto1,-0.0144,-3.1076,2.7245
Mtor,Mtor,-0.0191,-2.6467,2.09
Mtpap,Mtpap,-0.0052,-0.5002,0.2097
Mtpn,Mtpn,0.1045,-2.6476,2.0912
Mtr,Mtr,-0.0048,-1.1684,0.615
Mtrf1,Mtrf1,-0.0026,-2.0286,1.3716
Mtrf1l,Mtrf1l,-0.023,-1.3829,0.7781
Mtrr,Mtrr,0.0064,-0.483,0.2013
Mtss1,Mtss1,0.0267,0.2024,0.0759
Mtss1l,Mtss1l,-0.0001,-0.5167,0.218
Mttp,Mttp,-0.0043,-1.431,0.8169
Mtus1,Mtus1,0.0721,-1.2906,0.7059
Mtus2,Mtus2,0,,
Mtx1,Mtx1,-0.0548,-4.2212,4.6145
Mtx2,Mtx2,-0.0378,-2.5633,1.9843
Mtx3,Mtx3,-0.0017,-0.7455,0.341
Muc1,Muc1,0,,
Muc13,Muc13,0,,
Muc15,Muc15,0,,
Muc16,Muc16,0,,
Muc19,Muc19,-0.0026,-1.431,0.8169
Muc2,Muc2,0,,
Muc20,Muc20,0,,
Muc3,Muc3,0,,
Muc4,Muc4,0,,
Muc5ac,Muc5ac,0,,
Muc5b,Muc5b,0,,
Muc6,Muc6,0,,
Mudeng,Mudeng,-0.005,-0.574,0.2472
Mug1,Mug1,0,,
Mug2,Mug2,0,,
Mul1,Mul1,-0.0188,-2.0725,1.4178
Mum1,Mum1,-0.0071,-1.3798,0.7756
Mum1l1,Mum1l1,0,,
Mup-ps1,Mup-ps1,0,,
Mup-ps10,Mup-ps10,0,,
Mup-ps11,Mup-ps11,0,,
Mup-ps13,Mup-ps13,0,,
Mup-ps14,Mup-ps14,0,,
Mup-ps15,Mup-ps15,0,,
Mup-ps16,Mup-ps16,0,,
Mup-ps17,Mup-ps17,0,,
Mup-ps18,Mup-ps18,0,,
Mup-ps19,Mup-ps19,0,,
Mup-ps2,Mup-ps2,0,,
Mup-ps20,Mup-ps20,0,,
Mup-ps21,Mup-ps21,0,,
Mup-ps22,Mup-ps22,0,,
Mup-ps3,Mup-ps3,0,,
Mup-ps4,Mup-ps4,0,,
Mup-ps5,Mup-ps5,0,,
Mup-ps6,Mup-ps6,0,,
Mup-ps7,Mup-ps7,0,,
Mup-ps8,Mup-ps8,0,,
Mup-ps9,Mup-ps9,0,,
Mup1,Mup1,0,,
Mup10,Mup10,0,,
Mup11,Mup11,0,,
Mup12,Mup12,0,,
Mup13,Mup13,0,,
Mup14,Mup14,0,,
Mup15,Mup15,0,,
Mup16,Mup16,0,,
Mup17,Mup17,0,,
Mup18,Mup18,-0.0043,-1.431,0.8169
Mup19,Mup19,0,,
Mup2,Mup2,0,,
Mup20,Mup20,0,,
Mup21,Mup21,0,,
Mup3,Mup3,0,,
Mup4,Mup4,0,,
Mup5,Mup5,0,,
Mup6,Mup6,0,,
Mup7,Mup7,0,,
Mup8,Mup8,0,,
Mup9,Mup9,0,,
Murc,Murc,0,,
Mus81,Mus81,-0.0185,-1.8551,1.1967
Musk,Musk,0,,
Mustn1,Mustn1,0,,
Mut,Mut,0.0074,-1.7726,1.1175
Muted,Muted,-0.0497,-2.901,2.4295
Mutyh,Mutyh,0.0029,0.6927,0.3111
Mvd,Mvd,-0.0019,-0.7384,0.337
Mvk,Mvk,-0.0386,-3.3339,3.0673
Mvp,Mvp,0.0193,-3.8186,3.8722
Mx1,Mx1,0.0004,-0.5167,0.218
Mx2,Mx2,-0.0111,-2.4881,1.8914
Mxd1,Mxd1,0.0159,-0.5582,0.2391
Mxd3,Mxd3,0,,
Mxd4,Mxd4,-0.0779,-4.8841,5.9834
Mxi1,Mxi1,0.0835,-1.5478,0.9149
Mxra7,Mxra7,-0.0094,-2.0286,1.3716
Mxra8,Mxra8,-0.0339,-2.8765,2.3957
Myadm,Myadm,-0.0411,-2.8881,2.4117
Myadml2,Myadml2,0,,
Myb,Myb,0,,
Mybbp1a,Mybbp1a,0.0611,-3.7408,3.7365
Mybl1,Mybl1,0.0046,0.6927,0.3111
Mybl2,Mybl2,0,,
Mybpc1,Mybpc1,-0.0026,-2.0286,1.3716
Mybpc2,Mybpc2,0,,
Mybpc3,Mybpc3,0,,
Mybph,Mybph,0,,
Mybphl,Mybphl,0,,
Myc,Myc,-0.0949,-5.3998,7.1758
Mycbp,Mycbp,0.0202,0.7356,0.3354
Mycbp2,Mycbp2,0.153,-0.9695,0.4785
Mycbpap,Mycbpap,0,,
Mycl1,Mycl1,0.0013,0.6927,0.3111
Mycn,Mycn,0,,
Mycs,Mycs,0,,
Myct1,Myct1,0,,
Myd88,Myd88,-0.0594,-3.3215,3.0481
Myef2,Myef2,-0.0456,-2.8427,2.3493
Myeov2,Myeov2,0.162,-1.665,1.0181
Myf5,Myf5,0,,
Myf6,Myf6,0,,
Myg1,Myg1,-0.0304,-2.558,1.9777
Myh1,Myh1,0,,
Myh10,Myh10,0.1038,0.4381,0.1796
Myh11,Myh11,0,,
Myh13,Myh13,0,,
Myh14,Myh14,-0.0077,-1.431,0.8169
Myh15,Myh15,0,,
Myh2,Myh2,0,,
Myh3,Myh3,0,,
Myh4,Myh4,0,,
Myh6,Myh6,0,,
Myh7,Myh7,0,,
Myh7b,Myh7b,0,,
Myh8,Myh8,0,,
Myh9,Myh9,0.5657,3.0804,2.6847
Myl1,Myl1,0,,
Myl10,Myl10,0,,
Myl12b,Myl12b,0.1308,-2.2161,1.5738
Myl2,Myl2,0.0099,0.6126,0.2675
Myl3,Myl3,0,,
Myl4,Myl4,0,,
Myl6,Myl6,-0.0738,-3.6278,3.5438
Myl6b,Myl6b,0.0017,0.6927,0.3111
Myl7,Myl7,0,,
Myl9,Myl9,0,,
Mylip,Mylip,-0.011,-3.9035,4.0231
Mylk,Mylk,0,,
Mylk2,Mylk2,0,,
Mylk3,Mylk3,0,,
Mylk4,Mylk4,0,,
Mylpf,Mylpf,0,,
Mynn,Mynn,0.0196,-0.2412,0.0918
Myo10,Myo10,-0.0197,-2.5587,1.9786
Myo15,Myo15,0,,
Myo15b,Myo15b,0,,
Myo16,Myo16,0,,
Myo18a,Myo18a,0.0653,-0.4158,0.169
Myo18b,Myo18b,0.0025,-0.2805,0.1084
Myo19,Myo19,0.0087,1.2069,0.6431
Myo1a,Myo1a,0,,
Myo1b,Myo1b,0.0145,-1.3703,0.768
Myo1c,Myo1c,-0.1035,-3.0035,2.5736
Myo1d,Myo1d,0,,
Myo1e,Myo1e,-0.2198,-8.0799,15.1882
Myo1f,Myo1f,0.0593,-4.6083,5.3916
Myo1g,Myo1g,-0.0316,-2.0182,1.3608
Myo1h,Myo1h,0,,
Myo3a,Myo3a,0,,
Myo3b,Myo3b,0,,
Myo5a,Myo5a,-0.2492,-7.6073,13.553
Myo5b,Myo5b,0,,
Myo5c,Myo5c,0,,
Myo6,Myo6,-0.0159,-0.8755,0.4187
Myo7a,Myo7a,-0.0586,-4.2715,4.7119
Myo7b,Myo7b,0,,
Myo9a,Myo9a,0.0039,-3.5683,3.4445
Myo9b,Myo9b,0.0275,-2.8605,2.3737
Myoc,Myoc,0,,
Myocd,Myocd,0,,
Myod1,Myod1,0,,
Myof,Myof,-0.0077,-2.4881,1.8914
Myog,Myog,0,,
Myom1,Myom1,0.0034,-0.0289,0.0101
Myom2,Myom2,0,,
Myom3,Myom3,0,,
Myot,Myot,0,,
Myoz1,Myoz1,0,,
Myoz2,Myoz2,0,,
Myoz3,Myoz3,0,,
Mypn,Mypn,0,,
Mypop,Mypop,-0.0034,-2.0286,1.3716
Myrip,Myrip,0,,
Mysm1,Mysm1,0.0135,-0.0239,0.0084
Myst1,Myst1,0.0196,-0.9165,0.4444
Myst2,Myst2,-0.0339,-3.6246,3.5385
Myst3,Myst3,0.0386,-1.2286,0.6591
Myst4,Myst4,-0.0014,-1.2781,0.6963
Myt1,Myt1,0,,
Myt1l,Myt1l,0,,
Mzf1,Mzf1,0,,
Mzt1,Mzt1,-0.0824,-4.832,5.8691
Mzt2,Mzt2,0.0294,-1.0252,0.5153
N28178,N28178,0,,
N4bp1,N4bp1,-0.0522,-4.258,4.6855
N4bp2,N4bp2,-0.015,-1.2597,0.6824
N4bp2l1,N4bp2l1,-0.028,-3.1224,2.7462
N4bp2l2,N4bp2l2,0.0121,-2.1376,1.4874
N4bp3,N4bp3,0.0044,-1.2501,0.6751
N6amt1,N6amt1,0.0007,-2.5537,1.9722
N6amt2,N6amt2,0.0177,-1.4168,0.8054
NRON,NRON,0,,
Naa10,Naa10,0.0008,-1.2086,0.6443
Naa11,Naa11,0,,
Naa15,Naa15,0.0371,-1.0243,0.5147
Naa16,Naa16,0.0036,-0.8966,0.4319
Naa20,Naa20,-0.0538,-5.0942,6.4556
Naa25,Naa25,-0.0348,-3.1368,2.7675
Naa30,Naa30,0.003,0.1866,0.0696
Naa35,Naa35,-0.0562,-3.8538,3.9344
Naa38,Naa38,-0.026,-4.4183,5.0022
Naa40,Naa40,-0.0427,-2.8499,2.3593
Naa50,Naa50,-0.008,-3.5469,3.4092
Naaa,Naaa,0.0356,-2.1843,1.5385
Naalad2,Naalad2,-0.0646,-3.9217,4.0559
Naaladl1,Naaladl1,0,,
Nab1,Nab1,0.1101,-1.5537,0.9199
Nab2,Nab2,-0.0448,-3.6542,3.5885
Naca,Naca,-0.0284,-3.0392,2.6249
Nacad,Nacad,0,,
Nacc1,Nacc1,0.0053,-1.7943,1.1381
Nacc2,Nacc2,-0.0251,-2.6205,2.0565
Nadk,Nadk,-0.0246,-3.3327,3.0655
Nadsyn1,Nadsyn1,-0.0073,-1.8137,1.1566
Nae1,Nae1,0.0334,-0.2167,0.0817
Naf1,Naf1,-0.0522,-3.0999,2.7132
Naga,Naga,-0.0658,-4.073,4.3334
Nagk,Nagk,0.0377,-1.4202,0.8081
Naglu,Naglu,-0.3238,-8.7623,17.7184
Nagpa,Nagpa,-0.1052,-4.5576,5.2861
Nags,Nags,0,,
Naif1,Naif1,0.0021,-0.5167,0.218
Naip1,Naip1,0,,
Naip2,Naip2,-0.0164,-3.2284,2.905
Naip3,Naip3,0,,
Naip5,Naip5,-0.0214,-1.6332,0.9896
Naip6,Naip6,0.0097,-0.5598,0.2399
Nalcn,Nalcn,0,,
Nampt,Nampt,-0.0451,-4.2262,4.6241
Nanog,Nanog,0,,
Nanos1,Nanos1,0.0007,-1.7969,1.1405
Nanos2,Nanos2,0,,
Nanos3,Nanos3,0,,
Nanp,Nanp,0,,
Nans,Nans,-0.0407,-3.5849,3.4721
Nap1l1,Nap1l1,0.0963,-0.8425,0.3985
Nap1l2,Nap1l2,0,,
Nap1l3,Nap1l3,0,,
Nap1l4,Nap1l4,0.1119,0.7362,0.3357
Nap1l5,Nap1l5,0.0219,1.2069,0.6431
Napa,Napa,-0.1341,-7.9441,14.7085
Napb,Napb,0.0058,0.6927,0.3111
Napepld,Napepld,0.0013,-1.2942,0.7086
Napg,Napg,-0.0129,-0.6156,0.2691
Naprt1,Naprt1,0,-0.7455,0.341
Napsa,Napsa,-0.0027,-0.5167,0.218
Narf,Narf,-0.0235,-1.0616,0.54
Narfl,Narfl,-0.0321,-3.3598,3.1079
Narg2,Narg2,0.0069,-0.9001,0.4341
Nars,Nars,0.0479,-1.9917,1.3334
Nars2,Nars2,0.0181,-0.0238,0.0083
Nasp,Nasp,0.0297,0.1557,0.0574
Nat1,Nat1,-0.0017,-1.431,0.8169
Nat10,Nat10,0.0249,-0.2156,0.0813
Nat14,Nat14,-0.0009,-1.431,0.8169
Nat15,Nat15,0.0275,-1.8736,1.2147
Nat2,Nat2,-0.0116,-2.5647,1.986
Nat3,Nat3,0,,
Nat6,Nat6,0.0111,-1.1302,0.5877
Nat8,Nat8,0,,
Nat8b,Nat8b,0,,
Nat8l,Nat8l,-0.0173,-4.5807,5.3341
Nat9,Nat9,0.0361,-1.698,1.0482
Nav1,Nav1,-0.0562,-3.3625,3.1122
Nav2,Nav2,0.0457,0.4142,0.1683
Nav3,Nav3,-0.0247,-3.2171,2.8878
Nbas,Nbas,0.031,-0.639,0.2817
Nbea,Nbea,0.009,0.8406,0.3973
Nbeal1,Nbeal1,0.0102,-0.4856,0.2026
Nbeal2,Nbeal2,-0.0211,-2.8217,2.3209
Nbl1,Nbl1,-0.1227,-6.8589,11.1587
Nbn,Nbn,0.0124,-0.5058,0.2125
Nbr1,Nbr1,0.0402,-1.1737,0.6188
Ncald,Ncald,0,,
Ncam1,Ncam1,0,,
Ncam2,Ncam2,0,,
Ncan,Ncan,0,,
Ncapd2,Ncapd2,0.0062,-0.5167,0.218
Ncapd3,Ncapd3,0.0049,0.6015,0.2616
Ncapg,Ncapg,0.0017,0.6927,0.3111
Ncapg2,Ncapg2,-0.0184,-2.6613,2.1087
Ncaph,Ncaph,0.0087,1.3956,0.7883
Ncaph2,Ncaph2,0.0298,-1.5494,0.9162
Ncbp1,Ncbp1,0.036,-1.3937,0.7868
Ncbp2,Ncbp2,0.0572,-1.0504,0.5323
Nccrp1,Nccrp1,0,,
Ncdn,Ncdn,-0.0489,-1.9195,1.2603
Nceh1,Nceh1,-0.2942,-9.9329,22.5236
Ncf1,Ncf1,-0.0077,-3.8702,3.9636
Ncf2,Ncf2,-0.1476,-5.9938,8.6882
Ncf4,Ncf4,0.0079,-1.9497,1.2906
Nck1,Nck1,-0.0427,-4.2287,4.6288
Nck2,Nck2,0,,
Nckap1,Nckap1,-0.0069,-1.431,0.8169
Nckap1l,Nckap1l,0.1686,-1.2578,0.6809
Nckap5,Nckap5,0,,
Nckap5l,Nckap5l,-0.0594,-3.4565,3.2619
Nckipsd,Nckipsd,0.0249,-2.4037,1.7897
Ncl,Ncl,0.4584,0.366,0.1461
Ncln,Ncln,-0.0249,-3.8223,3.8787
Ncoa1,Ncoa1,-0.0447,-3.4978,3.3288
Ncoa2,Ncoa2,0.0777,1.5112,0.8836
Ncoa3,Ncoa3,-0.0192,-3.5508,3.4156
Ncoa4,Ncoa4,0.0136,-0.7357,0.3354
Ncoa5,Ncoa5,0.015,-2.2705,1.635
Ncoa6,Ncoa6,0.0185,-1.8623,1.2037
Ncoa7,Ncoa7,-0.0302,-2.5617,1.9823
Ncor1,Ncor1,0.2478,-1.6786,1.0304
Ncor2,Ncor2,-0.0064,-3.0363,2.6207
Ncr1,Ncr1,0,,
Ncr3-ps,Ncr3-ps,0,,
Ncrna00085,Ncrna00085,0.0037,0.6927,0.3111
Ncrna00086,Ncrna00086,0.0026,-1.8012,1.1447
Ncs1,Ncs1,-0.0194,-2.5558,1.9749
Ncstn,Ncstn,-0.0571,-3.2075,2.8732
Nctc1,Nctc1,0,,
Ndc80,Ndc80,0.0062,0.9835,0.4876
Nde1,Nde1,0.0085,-0.9627,0.4741
Ndel1,Ndel1,-0.0606,-2.2085,1.5653
Ndfip1,Ndfip1,0.0386,-0.5319,0.2256
Ndfip2,Ndfip2,0.0613,-2.8882,2.4118
Ndn,Ndn,0,,
Ndnl2,Ndnl2,-0.012,-3.2043,2.8684
Ndor1,Ndor1,-0.0269,-2.5362,1.9505
Ndp,Ndp,0,,
Ndrg1,Ndrg1,-0.0151,-1.2549,0.6788
Ndrg2,Ndrg2,0.0745,0.5494,0.2345
Ndrg3,Ndrg3,0.0716,-3.418,3.2001
Ndrg4,Ndrg4,-0.0298,-1.8054,1.1486
Ndst1,Ndst1,-0.0311,-3.4138,3.1934
Ndst2,Ndst2,0.0327,-1.0199,0.5117
Ndst3,Ndst3,0,,
Ndst4,Ndst4,0,,
Ndufa1,Ndufa1,-0.1583,-5.8874,8.4064
Ndufa10,Ndufa10,0.0165,-3.703,3.6715
Ndufa11,Ndufa11,-0.0229,-2.8062,2.2999
Ndufa12,Ndufa12,0.0761,-1.4522,0.8343
Ndufa13,Ndufa13,0.0514,-3.6873,3.6446
Ndufa2,Ndufa2,0.0766,-3.114,2.7338
Ndufa3,Ndufa3,0.1507,-1.6373,0.9932
Ndufa4,Ndufa4,0.006,-4.0039,4.2054
Ndufa4l2,Ndufa4l2,0,,
Ndufa5,Ndufa5,0.0321,-1.8108,1.1539
Ndufa6,Ndufa6,0.0236,-4.4197,5.0051
Ndufa7,Ndufa7,-0.1021,-5.1706,6.6319
Ndufa8,Ndufa8,0.1001,-0.2542,0.0973
Ndufa9,Ndufa9,0.0185,-3.2968,3.0096
Ndufab1,Ndufab1,-0.0166,-1.8765,1.2177
Ndufaf1,Ndufaf1,-0.0116,-1.2597,0.6824
Ndufaf2,Ndufaf2,0.0504,-0.8385,0.3961
Ndufaf3,Ndufaf3,0.0356,-1.4416,0.8256
Ndufaf4,Ndufaf4,-0.0258,-3.1009,2.7146
Ndufb10,Ndufb10,0.1712,-3.4572,3.2629
Ndufb11,Ndufb11,0.0587,-3.803,3.8448
Ndufb2,Ndufb2,-0.0456,-3.4901,3.3163
Ndufb3,Ndufb3,-0.0181,-2.8095,2.3043
Ndufb4,Ndufb4,0.0191,-2.6771,2.1292
Ndufb5,Ndufb5,0.0815,-3.3157,3.039
Ndufb6,Ndufb6,-0.0485,-3.9658,4.1358
Ndufb7,Ndufb7,0.1595,-0.6234,0.2732
Ndufb8,Ndufb8,0.1183,-2.0274,1.3703
Ndufb9,Ndufb9,0.1402,-1.8256,1.168
Ndufc1,Ndufc1,-0.0397,-3.6414,3.5667
Ndufc2,Ndufc2,-0.018,-5.6305,7.7455
Ndufs1,Ndufs1,0.0098,-2.0704,1.4155
Ndufs2,Ndufs2,-0.0098,-2.1564,1.5079
Ndufs3,Ndufs3,-0.0117,-2.8284,2.3299
Ndufs4,Ndufs4,0.0201,-3.0519,2.6432
Ndufs5,Ndufs5,0.0104,-1.7496,1.0959
Ndufs6,Ndufs6,0.1584,-1.0876,0.5579
Ndufs7,Ndufs7,0.0103,-3.5695,3.4466
Ndufs8,Ndufs8,0.0237,-2.8183,2.3163
Ndufv1,Ndufv1,0.0217,-1.2039,0.6408
Ndufv2,Ndufv2,-0.0663,-4.7594,5.7119
Ndufv3,Ndufv3,-0.0744,-5.5786,7.6154
Neat1,Neat1,-0.0444,-2.2767,1.642
Neb,Neb,0,,
Nebl,Nebl,0.0067,0.6927,0.3111
Necab1,Necab1,0,,
Necab2,Necab2,-0.0009,-1.431,0.8169
Necab3,Necab3,0,,
Necap1,Necap1,-0.0192,-1.4742,0.8526
Necap2,Necap2,0.0838,-1.4206,0.8085
Nedd1,Nedd1,0.0107,-0.245,0.0934
Nedd4,Nedd4,-0.0103,-1.2597,0.6824
Nedd4l,Nedd4l,-0.0048,-1.1541,0.6047
Nedd8,Nedd8,0.1077,-2.2586,1.6214
Nedd9,Nedd9,-0.0051,-2.0286,1.3716
Nefh,Nefh,0.0029,0.6927,0.3111
Nefl,Nefl,-0.0196,-2.4881,1.8914
Nefm,Nefm,0,,
Negr1,Negr1,0,,
Neil1,Neil1,0.0035,-2.164,1.5162
Neil2,Neil2,-0.0222,-2.0286,1.3716
Neil3,Neil3,-0.0103,-1.431,0.8169
Nek1,Nek1,-0.0154,-1.3955,0.7882
Nek10,Nek10,0,,
Nek11,Nek11,0,,
Nek2,Nek2,0.0008,0.6927,0.3111
Nek3,Nek3,-0.0051,-2.0286,1.3716
Nek4,Nek4,0.011,-1.7713,1.1163
Nek5,Nek5,0,,
Nek6,Nek6,0.043,-4.6019,5.3782
Nek7,Nek7,0.0279,-3.3098,3.0298
Nek8,Nek8,0.012,1.2069,0.6431
Nek9,Nek9,0.0144,-1.1864,0.6281
Nelf,Nelf,-0.003,-1.2549,0.6788
Nell1,Nell1,0,,
Nell2,Nell2,0,,
Nemf,Nemf,0.1027,0.2429,0.0925
Nenf,Nenf,-0.0469,-5.4749,7.3587
Neo1,Neo1,0.0074,-1.7713,1.1163
Nepn,Nepn,0,,
Nes,Nes,0.1375,2.6395,2.0807
Nespas,Nespas,0,,
Net1,Net1,0,,
Neto1,Neto1,0,,
Neto2,Neto2,-0.0118,-2.2231,1.5816
Neu1,Neu1,-0.0802,-4.8415,5.8898
Neu2,Neu2,0,,
Neu3,Neu3,0,,
Neu4,Neu4,0,,
Neurl1a,Neurl1a,-0.0435,-4.019,4.2332
Neurl1b,Neurl1b,-0.0022,-1.2525,0.6769
Neurl2,Neurl2,0.0095,-0.3408,0.1347
Neurl3,Neurl3,0.036,0.4253,0.1735
Neurl4,Neurl4,0.0226,0.2476,0.0945
Neurod1,Neurod1,0,,
Neurod2,Neurod2,0,,
Neurod4,Neurod4,0,,
Neurod6,Neurod6,0,,
Neurog1,Neurog1,0,,
Neurog2,Neurog2,0,,
Neurog3,Neurog3,0,,
Nexn,Nexn,-0.0887,-4.974,6.1833
Nf1,Nf1,0.033,-2.0546,1.3988
Nf2,Nf2,0.0645,-1.656,1.01
Nfam1,Nfam1,0.0347,-4.3984,4.9623
Nfasc,Nfasc,-0.0103,-1.431,0.8169
Nfat5,Nfat5,-0.0726,-3.4302,3.2196
Nfatc1,Nfatc1,-0.133,-6.0826,8.9271
Nfatc2,Nfatc2,-0.0069,-1.0896,0.5593
Nfatc2ip,Nfatc2ip,-0.0086,-2.0286,1.3716
Nfatc3,Nfatc3,0.0152,-2.1008,1.4478
Nfatc4,Nfatc4,0,,
Nfe2,Nfe2,0,,
Nfe2l1,Nfe2l1,0.0307,-3.4061,3.1811
Nfe2l2,Nfe2l2,-0.2858,-7.3043,12.5548
Nfe2l3,Nfe2l3,0,,
Nfia,Nfia,0.1459,0.219,0.0827
Nfib,Nfib,0.0104,0.9835,0.4876
Nfic,Nfic,-0.0101,-2.9008,2.4292
Nfil3,Nfil3,-0.0193,-2.2029,1.5591
Nfix,Nfix,0.1143,0.6035,0.2627
Nfkb1,Nfkb1,0.011,-2.4162,1.8045
Nfkb2,Nfkb2,-0.0016,-1.7688,1.1139
Nfkbia,Nfkbia,-0.7555,-6.5715,10.3026
Nfkbib,Nfkbib,-0.0696,-5.5938,7.6534
Nfkbid,Nfkbid,-0.0355,-2.6427,2.0848
Nfkbie,Nfkbie,-0.0013,-2.1765,1.5299
Nfkbil1,Nfkbil1,-0.0029,-1.038,0.5239
Nfkbiz,Nfkbiz,-0.3038,-5.9866,8.6689
Nfrkb,Nfrkb,0.0057,-0.7441,0.3402
Nfs1,Nfs1,0.0106,-0.4237,0.1728
Nfu1,Nfu1,0.0092,-1.7769,1.1215
Nfx1,Nfx1,0.0216,-0.7214,0.3273
Nfxl1,Nfxl1,-0.0037,-3.5585,3.4283
Nfya,Nfya,-0.1876,-6.027,8.7773
Nfyb,Nfyb,0.0005,-0.8954,0.4311
Nfyc,Nfyc,-0.0361,-4.4963,5.1603
Ng23,Ng23,-0.0154,-1.431,0.8169
Ngb,Ngb,0,,
Ngdn,Ngdn,-0.0024,-1.3471,0.7497
Ngef,Ngef,-0.006,-1.431,0.8169
Ngf,Ngf,0,,
Ngfr,Ngfr,0,,
Ngfrap1,Ngfrap1,0.0044,-1.8125,1.1554
Ngly1,Ngly1,0.0659,-0.5859,0.2534
Ngp,Ngp,0.0233,0.2413,0.0919
Ngrn,Ngrn,-0.0102,-2.8376,2.3425
Nhedc1,Nhedc1,0,,
Nhedc2,Nhedc2,-0.0043,-1.431,0.8169
Nhej1,Nhej1,0.0186,-0.0168,0.0059
Nhlh1,Nhlh1,0,,
Nhlh2,Nhlh2,0,,
Nhlrc1,Nhlrc1,0.0071,0.9835,0.4876
Nhlrc2,Nhlrc2,-0.016,-2.1849,1.5391
Nhlrc3,Nhlrc3,-0.0764,-4.2322,4.6357
Nhlrc4,Nhlrc4,0,,
Nhp2,Nhp2,0.0549,-2.3604,1.7386
Nhp2l1,Nhp2l1,0.0094,-1.6186,0.9766
Nhs,Nhs,-0.0026,-1.431,0.8169
Nhsl1,Nhsl1,0,,
Nhsl2,Nhsl2,0.0083,0.9835,0.4876
Niacr1,Niacr1,-0.0872,-6.0923,8.9534
Nicn1,Nicn1,-0.0407,-2.1986,1.5543
Nid1,Nid1,0,,
Nid2,Nid2,-0.0167,-2.2662,1.6301
Nif3l1,Nif3l1,0.0405,-0.7441,0.3402
Nin,Nin,-0.0341,-1.9546,1.2956
Ninj1,Ninj1,0.114,-1.6278,0.9847
Ninj2,Ninj2,0,,
Ninl,Ninl,-0.0009,-1.431,0.8169
Nip7,Nip7,0.0322,-1.7666,1.1118
Nipa1,Nipa1,-0.021,-2.2588,1.6217
Nipa2,Nipa2,0.0033,-2.4629,1.8607
Nipal1,Nipal1,0,,
Nipal2,Nipal2,0,,
Nipal3,Nipal3,-0.0165,-4.3859,4.9375
Nipal4,Nipal4,0,,
Nipbl,Nipbl,0.1321,-0.8274,0.3893
Nipsnap1,Nipsnap1,-0.0129,-2.6544,2.1
Nipsnap3a,Nipsnap3a,0,,
Nipsnap3b,Nipsnap3b,0.0187,-1.0879,0.5581
Nisch,Nisch,0.0192,-2.9049,2.4348
Nit1,Nit1,-0.0231,-2.8357,2.3398
Nit2,Nit2,-0.0612,-2.2138,1.5712
Nkain1,Nkain1,-0.0145,-1.431,0.8169
Nkain2,Nkain2,0,,
Nkain3,Nkain3,0,,
Nkain4,Nkain4,-0.0049,-0.5167,0.218
Nkap,Nkap,0.0851,-1.035,0.5219
Nkapl,Nkapl,0.0021,0.6927,0.3111
Nkd1,Nkd1,0,,
Nkd2,Nkd2,0,,
Nkg7,Nkg7,0,,
Nkiras1,Nkiras1,-0.0103,-1.5445,0.912
Nkiras2,Nkiras2,0.0177,-3.319,3.044
Nkpd1,Nkpd1,0,,
Nkrf,Nkrf,-0.0111,-2.8765,2.3957
Nktr,Nktr,0.0024,-2.0566,1.4009
Nkx1-1,Nkx1-1,0,,
Nkx1-2,Nkx1-2,0,,
Nkx2-1,Nkx2-1,0,,
Nkx2-2,Nkx2-2,0,,
Nkx2-2as,Nkx2-2as,0,,
Nkx2-3,Nkx2-3,0,,
Nkx2-4,Nkx2-4,0,,
Nkx2-5,Nkx2-5,0,,
Nkx2-6,Nkx2-6,0,,
Nkx2-9,Nkx2-9,0,,
Nkx3-1,Nkx3-1,0,,
Nkx3-2,Nkx3-2,0,,
Nkx6-1,Nkx6-1,0,,
Nkx6-2,Nkx6-2,0,,
Nkx6-3,Nkx6-3,0,,
Nle1,Nle1,-0.0069,-2.0286,1.3716
Nlgn1,Nlgn1,0,,
Nlgn2,Nlgn2,-0.0103,-2.4881,1.8914
Nlgn3,Nlgn3,0.0127,-0.6746,0.3011
Nlk,Nlk,-0.0056,-2.0947,1.4413
Nlk-ps1,Nlk-ps1,0,,
Nln,Nln,-0.0328,-3.6524,3.5853
Nlrc3,Nlrc3,0,,
Nlrc4,Nlrc4,0,,
Nlrc5,Nlrc5,-0.0007,-1.4533,0.8352
Nlrp10,Nlrp10,0,,
Nlrp12,Nlrp12,0,,
Nlrp14,Nlrp14,0,,
Nlrp1a,Nlrp1a,0.0073,-0.0216,0.0075
Nlrp1b,Nlrp1b,0.0029,0.9835,0.4876
Nlrp1c-ps,Nlrp1c-ps,0,,
Nlrp2,Nlrp2,0,,
Nlrp3,Nlrp3,-0.0984,-2.4914,1.8953
Nlrp4a,Nlrp4a,0,,
Nlrp4b,Nlrp4b,0,,
Nlrp4c,Nlrp4c,0,,
Nlrp4d,Nlrp4d,0,,
Nlrp4e,Nlrp4e,0,,
Nlrp4f,Nlrp4f,0,,
Nlrp5,Nlrp5,0,,
Nlrp6,Nlrp6,0,,
Nlrp9a,Nlrp9a,0,,
Nlrp9b,Nlrp9b,0,,
Nlrp9c,Nlrp9c,0,,
Nlrx1,Nlrx1,-0.014,-1.8043,1.1476
Nmb,Nmb,0.0034,0.1525,0.0561
Nmbr,Nmbr,0,,
Nmd3,Nmd3,0.0076,-0.8005,0.3732
Nme1,Nme1,0.011,-3.631,3.5492
Nme2,Nme2,0.1477,-1.7641,1.1095
Nme3,Nme3,-0.0526,-4.7051,5.5957
Nme4,Nme4,0.0128,-0.5167,0.218
Nme5,Nme5,0,,
Nme6,Nme6,-0.008,-1.8965,1.2374
Nme7,Nme7,-0.0128,-1.431,0.8169
Nmi,Nmi,0.0234,-0.1803,0.0671
Nmnat1,Nmnat1,0.0046,0.6927,0.3111
Nmnat2,Nmnat2,0,,
Nmnat3,Nmnat3,-0.0069,-2.0286,1.3716
Nmral1,Nmral1,0.0076,-0.4764,0.198
Nms,Nms,0,,
Nmt1,Nmt1,-0.1839,-6.4795,10.0362
Nmt2,Nmt2,0.0238,-0.5711,0.2457
Nmu,Nmu,0,,
Nmur1,Nmur1,0,,
Nmur2,Nmur2,0,,
Nnat,Nnat,0,,
Nnmt,Nnmt,0,,
Nnt,Nnt,-0.0032,-3.3086,3.028
Nob1,Nob1,-0.0105,-1.3814,0.7768
Nobox,Nobox,0,,
Noc3l,Noc3l,0.0027,-2.2441,1.6051
Noc4l,Noc4l,0.0385,-0.4711,0.1955
Nod1,Nod1,-0.0209,-3.0087,2.5811
Nod2,Nod2,-0.0017,-1.431,0.8169
Nodal,Nodal,0,,
Nog,Nog,0,,
Nol10,Nol10,0.0051,0.4651,0.1926
Nol11,Nol11,0.005,-2.4276,1.8181
Nol12,Nol12,0.0568,-1.1211,0.5813
Nol3,Nol3,0,,
Nol4,Nol4,0,,
Nol6,Nol6,0.0045,0.1879,0.0701
Nol7,Nol7,0.0717,-1.4178,0.8062
Nol8,Nol8,0.0064,-0.3999,0.1616
Nol9,Nol9,0.0238,1.0502,0.5322
Nolc1,Nolc1,0.0542,0.1328,0.0485
Nom1,Nom1,0.0172,-2.4401,1.8331
Nomo1,Nomo1,0.03,-0.1726,0.064
Nono,Nono,0.0652,-1.4249,0.8119
Nop10,Nop10,0.1136,-0.2133,0.0803
Nop14,Nop14,-0.008,-1.6144,0.9729
Nop16,Nop16,0.0346,0.1747,0.0648
Nop2,Nop2,0.0342,-1.7648,1.1102
Nop56,Nop56,0.0135,-0.3026,0.118
Nop58,Nop58,-0.0102,-2.9238,2.4612
Nos1,Nos1,0,,
Nos1ap,Nos1ap,0,,
Nos2,Nos2,0,,
Nos3,Nos3,0,,
Nosip,Nosip,0.0694,0.009,0.0031
Nostrin,Nostrin,0,,
Notch1,Notch1,0.0245,-1.4605,0.8412
Notch2,Notch2,-0.0435,-3.8446,3.9181
Notch3,Notch3,0,,
Notch4,Notch4,-0.0007,-1.3035,0.7158
Noto,Noto,0,,
Notum,Notum,0,,
Nov,Nov,0,,
Nova1,Nova1,-0.0124,-0.5226,0.2209
Nova2,Nova2,0,,
Nox1,Nox1,0,,
Nox3,Nox3,0,,
Nox4,Nox4,0,,
Noxa1,Noxa1,0,,
Noxo1,Noxo1,-0.0061,-0.5226,0.2209
Npas1,Npas1,0,,
Npas2,Npas2,-0.0069,-1.431,0.8169
Npas3,Npas3,0.005,0.6927,0.3111
Npas4,Npas4,0,,
Npat,Npat,-0.0189,-1.8591,1.2006
Npb,Npb,0,,
Npbwr1,Npbwr1,0,,
Npc1,Npc1,-0.0434,-5.224,6.7568
Npc1l1,Npc1l1,0,,
Npc2,Npc2,-0.2434,-4.6024,5.3793
Npcd,Npcd,0.0199,0.8389,0.3963
Npdc1,Npdc1,0,,
Npepl1,Npepl1,-0.0001,-1.5509,0.9175
Npepps,Npepps,0.0615,-0.8953,0.4311
Npff,Npff,0,,
Npffr1,Npffr1,0,,
Npffr2,Npffr2,0,,
Nphp1,Nphp1,-0.0013,-0.5693,0.2447
Nphp3,Nphp3,0,,
Nphp4,Nphp4,0,,
Nphs1,Nphs1,0,,
Nphs1as,Nphs1as,0,,
Nphs2,Nphs2,0,,
Npl,Npl,0.0804,-1.6636,1.0169
Nploc4,Nploc4,-0.0193,-1.9015,1.2424
Npm1,Npm1,0.0753,-2.8341,2.3376
Npm2,Npm2,0,,
Npm3,Npm3,0.0484,1.1982,0.6367
Npm3-ps1,Npm3-ps1,0,,
Npn2,Npn2,0,,
Npnt,Npnt,-0.0769,-3.5076,3.3447
Nppa,Nppa,0,,
Nppb,Nppb,0,,
Nppc,Nppc,0,,
Npr1,Npr1,0.0125,-1.3672,0.7655
Npr2,Npr2,0,,
Npr3,Npr3,0,,
Nprl2,Nprl2,0.0119,-0.884,0.424
Nprl3,Nprl3,0.0058,-0.8984,0.433
Nps,Nps,0,,
Npsr1,Npsr1,0,,
Nptn,Nptn,-0.344,-8.4438,16.5125
Nptx1,Nptx1,0,,
Nptx2,Nptx2,0,,
Nptxr,Nptxr,0,,
Npvf,Npvf,0,,
Npw,Npw,0,,
Npy,Npy,0,,
Npy1r,Npy1r,0,,
Npy2r,Npy2r,0,,
Npy5r,Npy5r,0,,
Npy6r,Npy6r,0,,
Nqo1,Nqo1,0,,
Nqo2,Nqo2,0.0324,0.1985,0.0743
Nr0b1,Nr0b1,0,,
Nr0b2,Nr0b2,0,,
Nr1d1,Nr1d1,-0.0034,-1.431,0.8169
Nr1d2,Nr1d2,-0.006,-2.588,2.0153
Nr1h2,Nr1h2,0.0558,-1.5069,0.88
Nr1h3,Nr1h3,0,,
Nr1h4,Nr1h4,0,,
Nr1h5,Nr1h5,0,,
Nr1i2,Nr1i2,0,,
Nr1i3,Nr1i3,0,,
Nr2c1,Nr2c1,-0.0041,-0.9029,0.4359
Nr2c2,Nr2c2,-0.0692,-4.2746,4.7178
Nr2c2ap,Nr2c2ap,0.0019,-1.3776,0.7738
Nr2e1,Nr2e1,0,,
Nr2e3,Nr2e3,0,,
Nr2f1,Nr2f1,0.0025,0.6927,0.3111
Nr2f2,Nr2f2,0,,
Nr2f6,Nr2f6,-0.0258,-2.4947,1.8994
Nr3c1,Nr3c1,0.1044,-1.9187,1.2595
Nr3c2,Nr3c2,-0.008,-0.3482,0.1381
Nr4a1,Nr4a1,-0.0926,-3.4095,3.1865
Nr4a2,Nr4a2,0,,
Nr4a3,Nr4a3,-0.0247,-4.0854,4.3566
Nr5a1,Nr5a1,0,,
Nr5a2,Nr5a2,0,,
Nr6a1,Nr6a1,-0.0094,-2.0286,1.3716
Nradd,Nradd,-0.0067,-0.7342,0.3346
Nrap,Nrap,0,,
Nrarp,Nrarp,0.0021,0.6927,0.3111
Nras,Nras,-0.0026,-3.379,3.1382
Nrbf2,Nrbf2,0.0102,0.1826,0.068
Nrbp1,Nrbp1,-0.0056,-4.0619,4.3127
Nrbp2,Nrbp2,0,,
Nrcam,Nrcam,0,,
Nrd1,Nrd1,0.1248,-0.7982,0.3719
Nrf1,Nrf1,-0.0147,-2.5616,1.9822
Nrg1,Nrg1,0,,
Nrg2,Nrg2,0.0017,0.6927,0.3111
Nrg3,Nrg3,0,,
Nrg4,Nrg4,0,,
Nrgn,Nrgn,0.1238,1.5428,0.9106
Nrip1,Nrip1,-0.0778,-3.5427,3.4023
Nrip2,Nrip2,0,,
Nrip3,Nrip3,0,,
Nrk,Nrk,0,,
Nrl,Nrl,0,,
Nrm,Nrm,0.0749,2.2337,1.5934
Nrn1,Nrn1,0,,
Nrn1l,Nrn1l,-0.0017,-1.431,0.8169
Nrp1,Nrp1,-0.6524,-9.5772,21.0012
Nrp2,Nrp2,-0.0686,-3.7941,3.8292
Nrsn1,Nrsn1,0.0568,1.5623,0.9274
Nrsn2,Nrsn2,0,,
Nrtn,Nrtn,0,,
Nrxn1,Nrxn1,0,,
Nrxn2,Nrxn2,0,,
Nrxn3,Nrxn3,0,,
Nsa2,Nsa2,0.0323,-3.7508,3.7539
Nsd1,Nsd1,-0.0461,-4.0764,4.3397
Nsdhl,Nsdhl,-0.034,-1.8591,1.2006
Nsf,Nsf,0.07,-0.3086,0.1205
Nsfl1c,Nsfl1c,0.0073,-0.6001,0.2609
Nsg1,Nsg1,0,,
Nsg2,Nsg2,0,,
Nsl1,Nsl1,0.0104,1.2069,0.6431
Nsmaf,Nsmaf,0.0076,-1.3307,0.7369
Nsmce1,Nsmce1,0.0012,-3.0633,2.6597
Nsmce2,Nsmce2,-0.0233,-2.9335,2.4747
Nsmce4a,Nsmce4a,0.003,-2.2919,1.6594
Nsun2,Nsun2,0.0335,-1.2078,0.6437
Nsun3,Nsun3,-0.0103,-2.4881,1.8914
Nsun4,Nsun4,-0.0477,-1.8264,1.1688
Nsun5,Nsun5,0.0015,-0.4922,0.2058
Nsun6,Nsun6,-0.0091,-1.3072,0.7187
Nsun7,Nsun7,0,,
Nt5c,Nt5c,0.0018,-1.4839,0.8606
Nt5c1a,Nt5c1a,0,,
Nt5c1b,Nt5c1b,0,,
Nt5c2,Nt5c2,-0.0233,-4.6917,5.567
Nt5c3,Nt5c3,-0.0139,-2.8179,2.3157
Nt5c3l,Nt5c3l,-0.0048,-1.8012,1.1447
Nt5dc1,Nt5dc1,-0.0125,-0.9067,0.4382
Nt5dc2,Nt5dc2,0.0186,1.3956,0.7883
Nt5dc3,Nt5dc3,-0.0096,-2.1887,1.5434
Nt5e,Nt5e,0,,
Nt5m,Nt5m,0.0251,-0.9627,0.4741
Ntan1,Ntan1,0.0136,-1.7097,1.0589
Ntf3,Ntf3,0,,
Ntf5,Ntf5,0,,
Nthl1,Nthl1,0.0002,-0.7301,0.3322
Ntm,Ntm,0,,
Ntn1,Ntn1,0,,
Ntn3,Ntn3,0.0029,0.9835,0.4876
Ntn4,Ntn4,0,,
Ntn5,Ntn5,0,,
Ntng1,Ntng1,0,,
Ntng2,Ntng2,0,,
Ntpcr,Ntpcr,0.2877,0.7388,0.3372
Ntrk1,Ntrk1,0,,
Ntrk2,Ntrk2,-0.0137,-2.0286,1.3716
Ntrk3,Ntrk3,0,,
Nts,Nts,0,,
Ntsr1,Ntsr1,0,,
Ntsr2,Ntsr2,0.0173,-0.5167,0.218
Nuak1,Nuak1,-0.0829,-2.4689,1.8679
Nuak2,Nuak2,-0.0123,-0.6729,0.3002
Nub1,Nub1,-0.0066,-3.1049,2.7205
Nubp1,Nubp1,0.0372,-0.7122,0.3221
Nubp2,Nubp2,0.019,-0.6053,0.2636
Nubpl,Nubpl,-0.0086,-1.4631,0.8433
Nucb1,Nucb1,-0.0526,-4.6328,5.4428
Nucb2,Nucb2,0.0249,-1.6659,1.0189
Nucks1,Nucks1,0.0517,-2.1654,1.5177
Nudc,Nudc,0.0846,-1.7135,1.0624
Nudcd1,Nudcd1,-0.0074,-0.2564,0.0982
Nudcd2,Nudcd2,0.0409,-1.9856,1.3272
Nudcd3,Nudcd3,0.0427,-0.7812,0.3618
Nudt1,Nudt1,-0.0125,-0.7384,0.337
Nudt10,Nudt10,0.0025,0.6927,0.3111
Nudt11,Nudt11,0,,
Nudt12,Nudt12,0.002,-0.5167,0.218
Nudt13,Nudt13,-0.0114,-1.8977,1.2386
Nudt14,Nudt14,-0.027,-3.1014,2.7153
Nudt15,Nudt15,0,,
Nudt16,Nudt16,0.0046,0.6674,0.2971
Nudt16l1,Nudt16l1,-0.081,-2.3541,1.7312
Nudt17,Nudt17,0,,
Nudt18,Nudt18,0.0159,-2.5547,1.9735
Nudt19,Nudt19,0.0059,-1.4298,0.8159
Nudt2,Nudt2,-0.0039,-1.2756,0.6945
Nudt21,Nudt21,-0.0054,-0.6123,0.2673
Nudt22,Nudt22,-0.0095,-2.2551,1.6175
Nudt3,Nudt3,0.1196,-3.4276,3.2154
Nudt4,Nudt4,-0.1183,-5.1676,6.625
Nudt5,Nudt5,0.0337,-1.0138,0.5077
Nudt6,Nudt6,-0.0039,-2.1885,1.5432
Nudt7,Nudt7,-0.0403,-1.8575,1.199
Nudt8,Nudt8,0.0193,0.2476,0.0945
Nudt9,Nudt9,-0.0871,-6.2131,9.2843
Nuf2,Nuf2,-0.0256,-0.0264,0.0092
Nufip1,Nufip1,-0.0105,-0.7622,0.3507
Nufip2,Nufip2,-0.0256,-2.4851,1.8876
Numa1,Numa1,0.0597,-1.5116,0.8839
Numb,Numb,0.0249,-2.374,1.7546
Numbl,Numbl,-0.0017,-1.431,0.8169
Nup107,Nup107,-0.0041,-1.2979,0.7115
Nup133,Nup133,-0.0115,-1.778,1.1226
Nup153,Nup153,-0.002,-2.9131,2.4463
Nup155,Nup155,0.0398,1.3976,0.7898
Nup160,Nup160,-0.0136,-0.4922,0.2058
Nup188,Nup188,-0.0084,-2.1849,1.5391
Nup205,Nup205,-0.0221,-2.4919,1.8959
Nup210,Nup210,0.0137,0.8474,0.4014
Nup210l,Nup210l,0,,
Nup214,Nup214,0.0002,0.091,0.0327
Nup35,Nup35,0.0022,-1.3054,0.7172
Nup37,Nup37,-0.0087,-1.3035,0.7158
Nup43,Nup43,0.0037,0.6927,0.3111
Nup50,Nup50,0.0073,-2.6232,2.06
Nup54,Nup54,0.0037,-1.4617,0.8422
Nup62,Nup62,-0.0137,-3.6166,3.5251
Nup62cl,Nup62cl,0,,
Nup85,Nup85,-0.0122,-2.2951,1.6629
Nup88,Nup88,0.0227,-0.4013,0.1623
Nup93,Nup93,0.0148,0.2365,0.0899
Nup98,Nup98,-0.0087,-2.5573,1.9768
Nupl1,Nupl1,-0.0092,-2.1911,1.5459
Nupl2,Nupl2,0.0024,-0.7301,0.3322
Nupr1,Nupr1,0.0324,-1.1341,0.5905
Nus1,Nus1,0.0032,-2.7856,2.2722
Nusap1,Nusap1,-0.0087,-1.8012,1.1447
Nutf2,Nutf2,0.0149,-2.5596,1.9797
Nutf2-ps1,Nutf2-ps1,0.0411,0.3403,0.1345
Nvl,Nvl,0.003,-2.2185,1.5764
Nwd1,Nwd1,0,,
Nxf1,Nxf1,-0.0106,-2.8317,2.3343
Nxf2,Nxf2,0,,
Nxf3,Nxf3,0,,
Nxf7,Nxf7,0,,
Nxn,Nxn,-0.0051,-2.0286,1.3716
Nxnl1,Nxnl1,0,,
Nxnl2,Nxnl2,0,,
Nxph1,Nxph1,0,,
Nxph2,Nxph2,0,,
Nxph3,Nxph3,0,,
Nxph4,Nxph4,0,,
Nxt1,Nxt1,-0.0173,-2.1737,1.5269
Nxt2,Nxt2,0.0546,-0.8375,0.3955
Nynrin,Nynrin,-0.0009,-1.431,0.8169
Nyx,Nyx,0,,
O3far1,O3far1,0,,
ORF19,ORF19,0.0076,-0.9664,0.4765
ORF61,ORF61,0.0368,-1.7997,1.1433
ORF63,ORF63,0,,
Oaf,Oaf,-0.0144,-1.171,0.6169
Oas1a,Oas1a,-0.0093,-1.8379,1.18
Oas1b,Oas1b,-0.0074,-1.2525,0.6769
Oas1c,Oas1c,-0.0077,-2.0286,1.3716
Oas1d,Oas1d,0,,
Oas1e,Oas1e,0,,
Oas1f,Oas1f,0,,
Oas1g,Oas1g,0.0027,-1.4477,0.8307
Oas1h,Oas1h,0,,
Oas2,Oas2,0.0037,-0.0168,0.0059
Oas3,Oas3,0.0104,0.9835,0.4876
Oasl1,Oasl1,-0.0121,-0.7425,0.3394
Oasl2,Oasl2,-0.0758,-3.3626,3.1123
Oat,Oat,-0.0215,-2.7645,2.2441
Oat-rs1,Oat-rs1,0,,
Oaz1,Oaz1,0.0983,-2.9493,2.4969
Oaz2,Oaz2,-0.0006,-2.2636,1.6272
Oaz3,Oaz3,0,,
Obfc1,Obfc1,-0.0005,-0.0216,0.0075
Obfc2a,Obfc2a,-0.0039,-1.2549,0.6788
Obfc2b,Obfc2b,0.0273,-1.8508,1.1924
Obox1,Obox1,0,,
Obox2,Obox2,0,,
Obox3,Obox3,0,,
Obox5,Obox5,0,,
Obox6,Obox6,0,,
Obp1a,Obp1a,0,,
Obp1b,Obp1b,0,,
Obscn,Obscn,0,,
Obsl1,Obsl1,0,,
Oc90,Oc90,0,,
Oca2,Oca2,0,,
Ocel1,Ocel1,0.0217,-1.0103,0.5054
Ociad1,Ociad1,-0.0168,-4.5313,5.232
Ociad2,Ociad2,0,,
Ocln,Ocln,-0.0026,-1.431,0.8169
Ocm,Ocm,0,,
Ocrl,Ocrl,0.0328,0.2397,0.0912
Odam,Odam,0,,
Odc1,Odc1,-0.0039,-1.6167,0.9749
Odf1,Odf1,0,,
Odf2,Odf2,-0.0037,-2.0666,1.4115
Odf2l,Odf2l,0.0002,-0.3501,0.1389
Odf3,Odf3,0,,
Odf3b,Odf3b,0,,
Odf3l1,Odf3l1,0,,
Odf3l2,Odf3l2,0,,
Odf4,Odf4,0,,
Odz1,Odz1,0,,
Odz2,Odz2,0,,
Odz3,Odz3,0.0228,0.6927,0.3111
Odz4,Odz4,0.0248,0.6927,0.3111
Ofcc1,Ofcc1,0,,
Ofd1,Ofd1,-0.0088,-3.2035,2.8671
Ogdh,Ogdh,-0.0228,-2.5779,2.0026
Ogdhl,Ogdhl,0,,
Ogfod1,Ogfod1,0.0316,-1.1178,0.579
Ogfod2,Ogfod2,-0.0327,-3.2074,2.8731
Ogfr,Ogfr,0.0877,-1.2485,0.674
Ogfrl1,Ogfrl1,-0.0028,-2.7916,2.2803
Ogg1,Ogg1,0.0181,-0.2412,0.0918
Ogn,Ogn,0,,
Ogt,Ogt,0.007,-0.3883,0.1563
Oip5,Oip5,0.0037,0.6927,0.3111
Oit1,Oit1,0,,
Oit3,Oit3,0.0087,0.6927,0.3111
Ola1,Ola1,0.0696,-1.6788,1.0306
Olah,Olah,0,,
Olfm1,Olfm1,0.017,-1.445,0.8284
Olfm2,Olfm2,0,,
Olfm3,Olfm3,0,,
Olfm4,Olfm4,-0.0289,-2.6578,2.1043
Olfml1,Olfml1,0,,
Olfml2a,Olfml2a,0,,
Olfml2b,Olfml2b,0.0185,-0.2412,0.0918
Olfml3,Olfml3,-0.2217,-3.5911,3.4825
Olfr1,Olfr1,0,,
Olfr10,Olfr10,0,,
Olfr1000,Olfr1000,0,,
Olfr1001-ps1,Olfr1001-ps1,0,,
Olfr1002,Olfr1002,0,,
Olfr1003-ps1,Olfr1003-ps1,0,,
Olfr1004-ps1,Olfr1004-ps1,0,,
Olfr1006,Olfr1006,0,,
Olfr1008,Olfr1008,0,,
Olfr1009,Olfr1009,0,,
Olfr101,Olfr101,0,,
Olfr1010,Olfr1010,0,,
Olfr1012,Olfr1012,0,,
Olfr1013,Olfr1013,0,,
Olfr1014,Olfr1014,0,,
Olfr1015,Olfr1015,0,,
Olfr1016,Olfr1016,0,,
Olfr1017-ps1,Olfr1017-ps1,0,,
Olfr1018,Olfr1018,0,,
Olfr1019,Olfr1019,0,,
Olfr102,Olfr102,0,,
Olfr1020,Olfr1020,0,,
Olfr1021-ps1,Olfr1021-ps1,0,,
Olfr1022,Olfr1022,0,,
Olfr1023,Olfr1023,0,,
Olfr1024,Olfr1024,0,,
Olfr1025-ps1,Olfr1025-ps1,0,,
Olfr1026,Olfr1026,0,,
Olfr1027-ps1,Olfr1027-ps1,0,,
Olfr1028,Olfr1028,0,,
Olfr1029,Olfr1029,0,,
Olfr103,Olfr103,0,,
Olfr1030,Olfr1030,0,,
Olfr1031,Olfr1031,0,,
Olfr1032,Olfr1032,0,,
Olfr1033,Olfr1033,0,,
Olfr1034,Olfr1034,0,,
Olfr1035-ps1,Olfr1035-ps1,0,,
Olfr1036,Olfr1036,0,,
Olfr1037,Olfr1037,0,,
Olfr1038-ps,Olfr1038-ps,0,,
Olfr1039,Olfr1039,0,,
Olfr104-ps,Olfr104-ps,0,,
Olfr1040,Olfr1040,0,,
Olfr1042,Olfr1042,0,,
Olfr1043,Olfr1043,0,,
Olfr1044,Olfr1044,0,,
Olfr1045,Olfr1045,0,,
Olfr1046,Olfr1046,0,,
Olfr1047,Olfr1047,0,,
Olfr1048,Olfr1048,0,,
Olfr1049,Olfr1049,0,,
Olfr105-ps,Olfr105-ps,0,,
Olfr1050-ps1,Olfr1050-ps1,0,,
Olfr1051,Olfr1051,0,,
Olfr1052,Olfr1052,0,,
Olfr1053,Olfr1053,0,,
Olfr1054,Olfr1054,0,,
Olfr1055,Olfr1055,0,,
Olfr1056,Olfr1056,0,,
Olfr1057,Olfr1057,0,,
Olfr1058,Olfr1058,0,,
Olfr106-ps,Olfr106-ps,0,,
Olfr1061,Olfr1061,0,,
Olfr1062,Olfr1062,0,,
Olfr1063-ps1,Olfr1063-ps1,0,,
Olfr1065,Olfr1065,0,,
Olfr1066,Olfr1066,0,,
Olfr1069-ps1,Olfr1069-ps1,0,,
Olfr107,Olfr107,0,,
Olfr1073-ps1,Olfr1073-ps1,0,,
Olfr1076,Olfr1076,0,,
Olfr1077-ps1,Olfr1077-ps1,0,,
Olfr1078-ps1,Olfr1078-ps1,0,,
Olfr1079,Olfr1079,0,,
Olfr108,Olfr108,0,,
Olfr1080,Olfr1080,0,,
Olfr1081-ps1,Olfr1081-ps1,0,,
Olfr1082,Olfr1082,0,,
Olfr1083-ps,Olfr1083-ps,0,,
Olfr1084,Olfr1084,0,,
Olfr1085,Olfr1085,0,,
Olfr1086,Olfr1086,0,,
Olfr1087,Olfr1087,0,,
Olfr1089,Olfr1089,0,,
Olfr109,Olfr109,0,,
Olfr1090,Olfr1090,0,,
Olfr1093,Olfr1093,0,,
Olfr1094,Olfr1094,0,,
Olfr1095,Olfr1095,0,,
Olfr1096-ps1,Olfr1096-ps1,0,,
Olfr1097,Olfr1097,0,,
Olfr1098,Olfr1098,0,,
Olfr1099,Olfr1099,0,,
Olfr11,Olfr11,0,,
Olfr110,Olfr110,0,,
Olfr1100,Olfr1100,0,,
Olfr1101,Olfr1101,0,,
Olfr1102,Olfr1102,0,,
Olfr1103-ps1,Olfr1103-ps1,0,,
Olfr1104,Olfr1104,0,,
Olfr1105,Olfr1105,0,,
Olfr1106,Olfr1106,0,,
Olfr1107,Olfr1107,0,,
Olfr1109,Olfr1109,0,,
Olfr111,Olfr111,0,,
Olfr1110,Olfr1110,0,,
Olfr1111,Olfr1111,0,,
Olfr1112,Olfr1112,0,,
Olfr1113,Olfr1113,0,,
Olfr1115,Olfr1115,0,,
Olfr1116-ps,Olfr1116-ps,0,,
Olfr1117-ps1,Olfr1117-ps1,0,,
Olfr1118,Olfr1118,0,,
Olfr112,Olfr112,0,,
Olfr1120,Olfr1120,0,,
Olfr1121,Olfr1121,0,,
Olfr1122,Olfr1122,0,,
Olfr1123,Olfr1123,0,,
Olfr1124,Olfr1124,0,,
Olfr1126,Olfr1126,0,,
Olfr1127-ps1,Olfr1127-ps1,0,,
Olfr1128,Olfr1128,0,,
Olfr1129,Olfr1129,0,,
Olfr113,Olfr113,0,,
Olfr1130,Olfr1130,0,,
Olfr1131,Olfr1131,0,,
Olfr1132,Olfr1132,0,,
Olfr1133,Olfr1133,0,,
Olfr1134,Olfr1134,0,,
Olfr1135,Olfr1135,0,,
Olfr1136,Olfr1136,0,,
Olfr1137,Olfr1137,0,,
Olfr1138,Olfr1138,0,,
Olfr114,Olfr114,0,,
Olfr1140,Olfr1140,0,,
Olfr1141,Olfr1141,0,,
Olfr1143,Olfr1143,0,,
Olfr1144-ps1,Olfr1144-ps1,0,,
Olfr1145,Olfr1145,0,,
Olfr1146-ps1,Olfr1146-ps1,0,,
Olfr1147-ps1,Olfr1147-ps1,0,,
Olfr1148,Olfr1148,0,,
Olfr1149-ps1,Olfr1149-ps1,0,,
Olfr115,Olfr115,0,,
Olfr1150-ps1,Olfr1150-ps1,0,,
Olfr1151,Olfr1151,0,,
Olfr1152,Olfr1152,0,,
Olfr1153,Olfr1153,0,,
Olfr1154,Olfr1154,0,,
Olfr1155,Olfr1155,0,,
Olfr1156,Olfr1156,0,,
Olfr1157,Olfr1157,0,,
Olfr1158,Olfr1158,0,,
Olfr1159-ps1,Olfr1159-ps1,0,,
Olfr116,Olfr116,0,,
Olfr1160,Olfr1160,0,,
Olfr1161,Olfr1161,0,,
Olfr1162,Olfr1162,0,,
Olfr1163,Olfr1163,0,,
Olfr1164,Olfr1164,0,,
Olfr1165-ps,Olfr1165-ps,0,,
Olfr1166,Olfr1166,0,,
Olfr1167,Olfr1167,0,,
Olfr1168,Olfr1168,0,,
Olfr1169-ps1,Olfr1169-ps1,0,,
Olfr117,Olfr117,0,,
Olfr1170,Olfr1170,0,,
Olfr1171-ps1,Olfr1171-ps1,0,,
Olfr1172-ps1,Olfr1172-ps1,0,,
Olfr1173,Olfr1173,0,,
Olfr1174-ps,Olfr1174-ps,0,,
Olfr1175-ps,Olfr1175-ps,0,,
Olfr1176,Olfr1176,0,,
Olfr1177-ps,Olfr1177-ps,0,,
Olfr1178,Olfr1178,0,,
Olfr1179,Olfr1179,0,,
Olfr118,Olfr118,0,,
Olfr1180,Olfr1180,0,,
Olfr1181,Olfr1181,0,,
Olfr1182,Olfr1182,0,,
Olfr1183,Olfr1183,0,,
Olfr1184,Olfr1184,0,,
Olfr1185-ps1,Olfr1185-ps1,0,,
Olfr1186,Olfr1186,0,,
Olfr1187-ps1,Olfr1187-ps1,0,,
Olfr1188,Olfr1188,0,,
Olfr1189,Olfr1189,0,,
Olfr119,Olfr119,0,,
Olfr1191-ps1,Olfr1191-ps1,0,,
Olfr1192-ps1,Olfr1192-ps1,0,,
Olfr1193,Olfr1193,0,,
Olfr1195,Olfr1195,0,,
Olfr1196,Olfr1196,0,,
Olfr1197,Olfr1197,0,,
Olfr1198,Olfr1198,0,,
Olfr1199,Olfr1199,0,,
Olfr12,Olfr12,0,,
Olfr120,Olfr120,0,,
Olfr1200,Olfr1200,0,,
Olfr1201,Olfr1201,0,,
Olfr1202,Olfr1202,0,,
Olfr1204,Olfr1204,0,,
Olfr1205,Olfr1205,0,,
Olfr1206,Olfr1206,0,,
Olfr1208,Olfr1208,0,,
Olfr1209,Olfr1209,0,,
Olfr121,Olfr121,0,,
Olfr1211,Olfr1211,0,,
Olfr1212,Olfr1212,0,,
Olfr1213,Olfr1213,0,,
Olfr1214,Olfr1214,0,,
Olfr1215,Olfr1215,0,,
Olfr1216,Olfr1216,0,,
Olfr1217,Olfr1217,0,,
Olfr1218,Olfr1218,0,,
Olfr1219,Olfr1219,0,,
Olfr122,Olfr122,0,,
Olfr1220,Olfr1220,0,,
Olfr1221,Olfr1221,0,,
Olfr1222,Olfr1222,0,,
Olfr1223,Olfr1223,0,,
Olfr1224-ps1,Olfr1224-ps1,0,,
Olfr1225,Olfr1225,0,,
Olfr1226,Olfr1226,0,,
Olfr1228,Olfr1228,0,,
Olfr1229,Olfr1229,0,,
Olfr123,Olfr123,0,,
Olfr1230,Olfr1230,0,,
Olfr1231,Olfr1231,0,,
Olfr1232,Olfr1232,0,,
Olfr1233,Olfr1233,0,,
Olfr1234,Olfr1234,0,,
Olfr1235-ps1,Olfr1235-ps1,0,,
Olfr1238,Olfr1238,0,,
Olfr1239,Olfr1239,0,,
Olfr124,Olfr124,0,,
Olfr1240,Olfr1240,0,,
Olfr1241,Olfr1241,0,,
Olfr1242,Olfr1242,0,,
Olfr1243,Olfr1243,0,,
Olfr1245,Olfr1245,0,,
Olfr1246,Olfr1246,0,,
Olfr1247,Olfr1247,0,,
Olfr1248,Olfr1248,0,,
Olfr1249,Olfr1249,0,,
Olfr125,Olfr125,0,,
Olfr1250,Olfr1250,0,,
Olfr1251,Olfr1251,0,,
Olfr1252,Olfr1252,0,,
Olfr1253,Olfr1253,0,,
Olfr1254,Olfr1254,0,,
Olfr1255,Olfr1255,0,,
Olfr1256,Olfr1256,0,,
Olfr1257,Olfr1257,0,,
Olfr1258,Olfr1258,0,,
Olfr1259,Olfr1259,0,,
Olfr126,Olfr126,0,,
Olfr1260,Olfr1260,0,,
Olfr1261,Olfr1261,0,,
Olfr1262,Olfr1262,0,,
Olfr1263,Olfr1263,0,,
Olfr1264,Olfr1264,0,,
Olfr1265,Olfr1265,0,,
Olfr1267-ps1,Olfr1267-ps1,0,,
Olfr1268-ps1,Olfr1268-ps1,0,,
Olfr1269,Olfr1269,0,,
Olfr127,Olfr127,0,,
Olfr1270,Olfr1270,0,,
Olfr1271,Olfr1271,0,,
Olfr1272,Olfr1272,0,,
Olfr1273-ps,Olfr1273-ps,0,,
Olfr1274-ps,Olfr1274-ps,0,,
Olfr1275,Olfr1275,0,,
Olfr1276,Olfr1276,0,,
Olfr1277,Olfr1277,0,,
Olfr1278,Olfr1278,0,,
Olfr1279,Olfr1279,0,,
Olfr128,Olfr128,0,,
Olfr1280,Olfr1280,0,,
Olfr1281,Olfr1281,0,,
Olfr1282,Olfr1282,0,,
Olfr1283,Olfr1283,0,,
Olfr1284,Olfr1284,0,,
Olfr1285,Olfr1285,0,,
Olfr1286,Olfr1286,0,,
Olfr1287,Olfr1287,0,,
Olfr1288,Olfr1288,0,,
Olfr1289,Olfr1289,0,,
Olfr129,Olfr129,0,,
Olfr1290,Olfr1290,0,,
Olfr1291-ps1,Olfr1291-ps1,0,,
Olfr1292-ps1,Olfr1292-ps1,0,,
Olfr1293-ps,Olfr1293-ps,0,,
Olfr1294,Olfr1294,0,,
Olfr1295,Olfr1295,0,,
Olfr1296-ps1,Olfr1296-ps1,0,,
Olfr1297,Olfr1297,0,,
Olfr1298,Olfr1298,0,,
Olfr1299,Olfr1299,0,,
Olfr13,Olfr13,0,,
Olfr130,Olfr130,0,,
Olfr1300-ps1,Olfr1300-ps1,0,,
Olfr1301,Olfr1301,0,,
Olfr1302,Olfr1302,0,,
Olfr1303,Olfr1303,0,,
Olfr1305,Olfr1305,0,,
Olfr1306,Olfr1306,0,,
Olfr1307,Olfr1307,0,,
Olfr1308,Olfr1308,0,,
Olfr1309,Olfr1309,0,,
Olfr131,Olfr131,0,,
Olfr1310,Olfr1310,0,,
Olfr1311,Olfr1311,0,,
Olfr1312,Olfr1312,0,,
Olfr1313,Olfr1313,0,,
Olfr1314,Olfr1314,0,,
Olfr1315-ps1,Olfr1315-ps1,0,,
Olfr1316,Olfr1316,0,,
Olfr1317,Olfr1317,0,,
Olfr1318,Olfr1318,0,,
Olfr132,Olfr132,0,,
Olfr1320,Olfr1320,0,,
Olfr1321,Olfr1321,0,,
Olfr1322,Olfr1322,0,,
Olfr1323,Olfr1323,0,,
Olfr1324,Olfr1324,0,,
Olfr1325,Olfr1325,0,,
Olfr1326-ps1,Olfr1326-ps1,0,,
Olfr1327-ps1,Olfr1327-ps1,0,,
Olfr1328,Olfr1328,0,,
Olfr1329,Olfr1329,0,,
Olfr133,Olfr133,0,,
Olfr1330,Olfr1330,0,,
Olfr1331,Olfr1331,0,,
Olfr1332-ps1,Olfr1332-ps1,0,,
Olfr1333,Olfr1333,0,,
Olfr1335,Olfr1335,0,,
Olfr1336,Olfr1336,0,,
Olfr1337,Olfr1337,0,,
Olfr1338,Olfr1338,0,,
Olfr1339,Olfr1339,0,,
Olfr134,Olfr134,0,,
Olfr1340,Olfr1340,0,,
Olfr1341,Olfr1341,0,,
Olfr1342,Olfr1342,0,,
Olfr1343-ps1,Olfr1343-ps1,0,,
Olfr1344,Olfr1344,0,,
Olfr1346,Olfr1346,0,,
Olfr1347,Olfr1347,0,,
Olfr1348,Olfr1348,0,,
Olfr1349,Olfr1349,0,,
Olfr135,Olfr135,0,,
Olfr1350,Olfr1350,0,,
Olfr1351,Olfr1351,0,,
Olfr1352,Olfr1352,0,,
Olfr1353,Olfr1353,0,,
Olfr1354,Olfr1354,0,,
Olfr1355,Olfr1355,0,,
Olfr1356,Olfr1356,0,,
Olfr1357,Olfr1357,0,,
Olfr1358,Olfr1358,0,,
Olfr1359,Olfr1359,0,,
Olfr136,Olfr136,0,,
Olfr1360,Olfr1360,0,,
Olfr1361,Olfr1361,0,,
Olfr1362,Olfr1362,0,,
Olfr1364,Olfr1364,0,,
Olfr1366,Olfr1366,0,,
Olfr1367,Olfr1367,0,,
Olfr1368,Olfr1368,0,,
Olfr1369-ps1,Olfr1369-ps1,0,,
Olfr137,Olfr137,0,,
Olfr1370,Olfr1370,0,,
Olfr1371,Olfr1371,0,,
Olfr1372-ps1,Olfr1372-ps1,0,,
Olfr1373,Olfr1373,0,,
Olfr1374-ps1,Olfr1374-ps1,0,,
Olfr1375-ps1,Olfr1375-ps1,0,,
Olfr1376-ps1,Olfr1376-ps1,0,,
Olfr1377,Olfr1377,0,,
Olfr1378,Olfr1378,0,,
Olfr1379-ps1,Olfr1379-ps1,0,,
Olfr138,Olfr138,0,,
Olfr1380,Olfr1380,0,,
Olfr1381,Olfr1381,0,,
Olfr1382,Olfr1382,0,,
Olfr1383,Olfr1383,0,,
Olfr1384,Olfr1384,0,,
Olfr1385,Olfr1385,0,,
Olfr1386,Olfr1386,0,,
Olfr1387,Olfr1387,0,,
Olfr1388,Olfr1388,0,,
Olfr1389,Olfr1389,0,,
Olfr139,Olfr139,0,,
Olfr1390,Olfr1390,0,,
Olfr1391,Olfr1391,0,,
Olfr1392,Olfr1392,0,,
Olfr1393,Olfr1393,0,,
Olfr1394,Olfr1394,0,,
Olfr1395,Olfr1395,0,,
Olfr1396,Olfr1396,0,,
Olfr1397-ps1,Olfr1397-ps1,0,,
Olfr140,Olfr140,0,,
Olfr1402,Olfr1402,0,,
Olfr1404,Olfr1404,0,,
Olfr1406,Olfr1406,0,,
Olfr1407-ps1,Olfr1407-ps1,0,,
Olfr1408,Olfr1408,0,,
Olfr141,Olfr141,0,,
Olfr1410,Olfr1410,0,,
Olfr1411,Olfr1411,0,,
Olfr1412,Olfr1412,0,,
Olfr1413,Olfr1413,0,,
Olfr1414,Olfr1414,0,,
Olfr1415,Olfr1415,0,,
Olfr1416,Olfr1416,0,,
Olfr1417,Olfr1417,0,,
Olfr1418,Olfr1418,0,,
Olfr1419,Olfr1419,0,,
Olfr142,Olfr142,0,,
Olfr1420,Olfr1420,0,,
Olfr1423,Olfr1423,0,,
Olfr1424,Olfr1424,0,,
Olfr1425,Olfr1425,0,,
Olfr1426,Olfr1426,0,,
Olfr1427,Olfr1427,0,,
Olfr1428,Olfr1428,0,,
Olfr143,Olfr143,0,,
Olfr1431,Olfr1431,0,,
Olfr1432,Olfr1432,0,,
Olfr1433,Olfr1433,0,,
Olfr1436,Olfr1436,0,,
Olfr1437,Olfr1437,0,,
Olfr1438-ps1,Olfr1438-ps1,0,,
Olfr1440,Olfr1440,0,,
Olfr1441,Olfr1441,0,,
Olfr1442,Olfr1442,0,,
Olfr1443,Olfr1443,0,,
Olfr1444,Olfr1444,0,,
Olfr1445,Olfr1445,0,,
Olfr1446,Olfr1446,0,,
Olfr1447,Olfr1447,0,,
Olfr1448,Olfr1448,0,,
Olfr1449,Olfr1449,0,,
Olfr145,Olfr145,0,,
Olfr1450,Olfr1450,0,,
Olfr1451,Olfr1451,0,,
Olfr1452-ps1,Olfr1452-ps1,0,,
Olfr1453,Olfr1453,0,,
Olfr1454,Olfr1454,0,,
Olfr1456-ps1,Olfr1456-ps1,0,,
Olfr1457,Olfr1457,0,,
Olfr1458,Olfr1458,0,,
Olfr1459,Olfr1459,0,,
Olfr146,Olfr146,0,,
Olfr1461,Olfr1461,0,,
Olfr1462,Olfr1462,0,,
Olfr1463,Olfr1463,0,,
Olfr1465,Olfr1465,0,,
Olfr1466,Olfr1466,0,,
Olfr1467,Olfr1467,0,,
Olfr1469,Olfr1469,0,,
Olfr147,Olfr147,0,,
Olfr1471,Olfr1471,0,,
Olfr1472,Olfr1472,0,,
Olfr1474,Olfr1474,0,,
Olfr1475,Olfr1475,0,,
Olfr1477,Olfr1477,0,,
Olfr148,Olfr148,0,,
Olfr1480,Olfr1480,0,,
Olfr1484,Olfr1484,0,,
Olfr1487,Olfr1487,0,,
Olfr1489,Olfr1489,0,,
Olfr149,Olfr149,0,,
Olfr1490,Olfr1490,0,,
Olfr1491,Olfr1491,0,,
Olfr1494,Olfr1494,0,,
Olfr1495,Olfr1495,0,,
Olfr1496,Olfr1496,0,,
Olfr1497,Olfr1497,0,,
Olfr1499,Olfr1499,0,,
Olfr15,Olfr15,0,,
Olfr150,Olfr150,0,,
Olfr1500,Olfr1500,0,,
Olfr1501,Olfr1501,0,,
Olfr1502,Olfr1502,0,,
Olfr1503-ps1,Olfr1503-ps1,0,,
Olfr1504,Olfr1504,0,,
Olfr1505,Olfr1505,0,,
Olfr1506,Olfr1506,0,,
Olfr1507,Olfr1507,0,,
Olfr1508,Olfr1508,0,,
Olfr1509,Olfr1509,0,,
Olfr151,Olfr151,0,,
Olfr1510,Olfr1510,0,,
Olfr1511,Olfr1511,0,,
Olfr1512,Olfr1512,0,,
Olfr1513,Olfr1513,0,,
Olfr1516-ps,Olfr1516-ps,0,,
Olfr152,Olfr152,0,,
Olfr153,Olfr153,0,,
Olfr1532-ps1,Olfr1532-ps1,0,,
Olfr1535,Olfr1535,0,,
Olfr1537-ps1,Olfr1537-ps1,0,,
Olfr154,Olfr154,0,,
Olfr155,Olfr155,0,,
Olfr156,Olfr156,0,,
Olfr157,Olfr157,0,,
Olfr159,Olfr159,0,,
Olfr16,Olfr16,0,,
Olfr161,Olfr161,0,,
Olfr164,Olfr164,0,,
Olfr165,Olfr165,0,,
Olfr166,Olfr166,0,,
Olfr167,Olfr167,0,,
Olfr168,Olfr168,0,,
Olfr169,Olfr169,0,,
Olfr17,Olfr17,0,,
Olfr170,Olfr170,0,,
Olfr171,Olfr171,0,,
Olfr172,Olfr172,0,,
Olfr173,Olfr173,0,,
Olfr175-ps1,Olfr175-ps1,0,,
Olfr177,Olfr177,0,,
Olfr178,Olfr178,0,,
Olfr179,Olfr179,0,,
Olfr18,Olfr18,0,,
Olfr180,Olfr180,0,,
Olfr181,Olfr181,0,,
Olfr183,Olfr183,0,,
Olfr186,Olfr186,0,,
Olfr187,Olfr187,0,,
Olfr19,Olfr19,0,,
Olfr190,Olfr190,0,,
Olfr191,Olfr191,0,,
Olfr192,Olfr192,0,,
Olfr193,Olfr193,0,,
Olfr194,Olfr194,0,,
Olfr195,Olfr195,0,,
Olfr196,Olfr196,0,,
Olfr197,Olfr197,0,,
Olfr198,Olfr198,0,,
Olfr199,Olfr199,0,,
Olfr2,Olfr2,0,,
Olfr20,Olfr20,0,,
Olfr201,Olfr201,0,,
Olfr202,Olfr202,0,,
Olfr203,Olfr203,0,,
Olfr204,Olfr204,0,,
Olfr205,Olfr205,0,,
Olfr206,Olfr206,0,,
Olfr209,Olfr209,0,,
Olfr211,Olfr211,0,,
Olfr212,Olfr212,0,,
Olfr213,Olfr213,0,,
Olfr214,Olfr214,0,,
Olfr215,Olfr215,0,,
Olfr218,Olfr218,0,,
Olfr22-ps1,Olfr22-ps1,0,,
Olfr220,Olfr220,0,,
Olfr221,Olfr221,0,,
Olfr222,Olfr222,0,,
Olfr223,Olfr223,0,,
Olfr224,Olfr224,0,,
Olfr225,Olfr225,0,,
Olfr228,Olfr228,0,,
Olfr229,Olfr229,0,,
Olfr23,Olfr23,0,,
Olfr231,Olfr231,0,,
Olfr235,Olfr235,0,,
Olfr237-ps1,Olfr237-ps1,0,,
Olfr239,Olfr239,0,,
Olfr24,Olfr24,0,,
Olfr243,Olfr243,0,,
Olfr247,Olfr247,0,,
Olfr248,Olfr248,0,,
Olfr25,Olfr25,0,,
Olfr250,Olfr250,0,,
Olfr251,Olfr251,0,,
Olfr259,Olfr259,0,,
Olfr26,Olfr26,0,,
Olfr260-ps1,Olfr260-ps1,0,,
Olfr262,Olfr262,0,,
Olfr263,Olfr263,0,,
Olfr266,Olfr266,0,,
Olfr267,Olfr267,0,,
Olfr268-ps1,Olfr268-ps1,0,,
Olfr269-ps1,Olfr269-ps1,0,,
Olfr27,Olfr27,0,,
Olfr270,Olfr270,0,,
Olfr271-ps1,Olfr271-ps1,0,,
Olfr272,Olfr272,0,,
Olfr273,Olfr273,0,,
Olfr275,Olfr275,0,,
Olfr279,Olfr279,0,,
Olfr281,Olfr281,0,,
Olfr282,Olfr282,0,,
Olfr283,Olfr283,0,,
Olfr284,Olfr284,0,,
Olfr285,Olfr285,0,,
Olfr286,Olfr286,0,,
Olfr287,Olfr287,-0.0009,-1.431,0.8169
Olfr288,Olfr288,0,,
Olfr29-ps1,Olfr29-ps1,0,,
Olfr290,Olfr290,0,,
Olfr291,Olfr291,0,,
Olfr292,Olfr292,0,,
Olfr293,Olfr293,0,,
Olfr294,Olfr294,0,,
Olfr295,Olfr295,0,,
Olfr296-ps1,Olfr296-ps1,0,,
Olfr297,Olfr297,0,,
Olfr298,Olfr298,0,,
Olfr299,Olfr299,0,,
Olfr3,Olfr3,0,,
Olfr30,Olfr30,0,,
Olfr300-ps1,Olfr300-ps1,0,,
Olfr301,Olfr301,0,,
Olfr303,Olfr303,0,,
Olfr304,Olfr304,0,,
Olfr305,Olfr305,0,,
Olfr306-ps1,Olfr306-ps1,0,,
Olfr307,Olfr307,0,,
Olfr308,Olfr308,0,,
Olfr309,Olfr309,0,,
Olfr31,Olfr31,0,,
Olfr310,Olfr310,0,,
Olfr311,Olfr311,0,,
Olfr312,Olfr312,0,,
Olfr313,Olfr313,0,,
Olfr314,Olfr314,0,,
Olfr315,Olfr315,0,,
Olfr316,Olfr316,0,,
Olfr317,Olfr317,0,,
Olfr318,Olfr318,0,,
Olfr319,Olfr319,0,,
Olfr32,Olfr32,0,,
Olfr320,Olfr320,0,,
Olfr323,Olfr323,0,,
Olfr324,Olfr324,0,,
Olfr325,Olfr325,0,,
Olfr328,Olfr328,0,,
Olfr329-ps,Olfr329-ps,0,,
Olfr33,Olfr33,0,,
Olfr330,Olfr330,0,,
Olfr331,Olfr331,0,,
Olfr332,Olfr332,0,,
Olfr333-ps1,Olfr333-ps1,0,,
Olfr334-ps1,Olfr334-ps1,0,,
Olfr335-ps,Olfr335-ps,0,,
Olfr336-ps1,Olfr336-ps1,0,,
Olfr337-ps1,Olfr337-ps1,0,,
Olfr338,Olfr338,0,,
Olfr339,Olfr339,0,,
Olfr340,Olfr340,0,,
Olfr341,Olfr341,0,,
Olfr342,Olfr342,0,,
Olfr343-ps1,Olfr343-ps1,0,,
Olfr344,Olfr344,0,,
Olfr345,Olfr345,0,,
Olfr346,Olfr346,0,,
Olfr347,Olfr347,0,,
Olfr348,Olfr348,0,,
Olfr349-ps1,Olfr349-ps1,0,,
Olfr350,Olfr350,0,,
Olfr351,Olfr351,0,,
Olfr352,Olfr352,0,,
Olfr353,Olfr353,0,,
Olfr354,Olfr354,0,,
Olfr355,Olfr355,0,,
Olfr356,Olfr356,0,,
Olfr357,Olfr357,0,,
Olfr358,Olfr358,0,,
Olfr359-ps1,Olfr359-ps1,0,,
Olfr360,Olfr360,0,,
Olfr361,Olfr361,0,,
Olfr362,Olfr362,0,,
Olfr363-ps,Olfr363-ps,0,,
Olfr364-ps1,Olfr364-ps1,0,,
Olfr365,Olfr365,0,,
Olfr366,Olfr366,0,,
Olfr367-ps,Olfr367-ps,0,,
Olfr368,Olfr368,0,,
Olfr370,Olfr370,0,,
Olfr371,Olfr371,0,,
Olfr372,Olfr372,0,,
Olfr373,Olfr373,0,,
Olfr374,Olfr374,0,,
Olfr376,Olfr376,0,,
Olfr377-ps1,Olfr377-ps1,0,,
Olfr378,Olfr378,0,,
Olfr379-ps1,Olfr379-ps1,0,,
Olfr38,Olfr38,0,,
Olfr380,Olfr380,0,,
Olfr381,Olfr381,0,,
Olfr382,Olfr382,0,,
Olfr383-ps1,Olfr383-ps1,0,,
Olfr384,Olfr384,0,,
Olfr385,Olfr385,0,,
Olfr387-ps1,Olfr387-ps1,0,,
Olfr388-ps1,Olfr388-ps1,0,,
Olfr389,Olfr389,0,,
Olfr39,Olfr39,0,,
Olfr390,Olfr390,0,,
Olfr391-ps,Olfr391-ps,0,,
Olfr392,Olfr392,0,,
Olfr393,Olfr393,0,,
Olfr394,Olfr394,0,,
Olfr395,Olfr395,0,,
Olfr396-ps1,Olfr396-ps1,0,,
Olfr397,Olfr397,0,,
Olfr398,Olfr398,0,,
Olfr399,Olfr399,0,,
Olfr400-ps1,Olfr400-ps1,0,,
Olfr401,Olfr401,0,,
Olfr402,Olfr402,0,,
Olfr403,Olfr403,0,,
Olfr404-ps1,Olfr404-ps1,0,,
Olfr405-ps1,Olfr405-ps1,0,,
Olfr406-ps,Olfr406-ps,0,,
Olfr407-ps1,Olfr407-ps1,0,,
Olfr408-ps1,Olfr408-ps1,0,,
Olfr409-ps1,Olfr409-ps1,0,,
Olfr410,Olfr410,0,,
Olfr411,Olfr411,0,,
Olfr412,Olfr412,0,,
Olfr414,Olfr414,0,,
Olfr417,Olfr417,0,,
Olfr418-ps1,Olfr418-ps1,0,,
Olfr419,Olfr419,0,,
Olfr420,Olfr420,0,,
Olfr421,Olfr421,0,,
Olfr424,Olfr424,0,,
Olfr427,Olfr427,0,,
Olfr429,Olfr429,0,,
Olfr43,Olfr43,0,,
Olfr430,Olfr430,0,,
Olfr432,Olfr432,0,,
Olfr433,Olfr433,0,,
Olfr434,Olfr434,0,,
Olfr435,Olfr435,0,,
Olfr437,Olfr437,0,,
Olfr44,Olfr44,0,,
Olfr441,Olfr441,0,,
Olfr443-ps1,Olfr443-ps1,0,,
Olfr444,Olfr444,0,,
Olfr446,Olfr446,0,,
Olfr447,Olfr447,0,,
Olfr448,Olfr448,0,,
Olfr449,Olfr449,0,,
Olfr45,Olfr45,0,,
Olfr450,Olfr450,0,,
Olfr452,Olfr452,0,,
Olfr453,Olfr453,0,,
Olfr455,Olfr455,0,,
Olfr456,Olfr456,0,,
Olfr457,Olfr457,0,,
Olfr458,Olfr458,0,,
Olfr459,Olfr459,0,,
Olfr46,Olfr46,0,,
Olfr460,Olfr460,0,,
Olfr461,Olfr461,0,,
Olfr462,Olfr462,0,,
Olfr463,Olfr463,0,,
Olfr464,Olfr464,0,,
Olfr466,Olfr466,0,,
Olfr467,Olfr467,0,,
Olfr469,Olfr469,0,,
Olfr47,Olfr47,0,,
Olfr470,Olfr470,0,,
Olfr472,Olfr472,0,,
Olfr473,Olfr473,0,,
Olfr474,Olfr474,0,,
Olfr475-ps1,Olfr475-ps1,0,,
Olfr476,Olfr476,0,,
Olfr477,Olfr477,0,,
Olfr478,Olfr478,0,,
Olfr479,Olfr479,0,,
Olfr48,Olfr48,0,,
Olfr480,Olfr480,0,,
Olfr481,Olfr481,0,,
Olfr482,Olfr482,0,,
Olfr483,Olfr483,0,,
Olfr484,Olfr484,0,,
Olfr485,Olfr485,0,,
Olfr486,Olfr486,0,,
Olfr487,Olfr487,0,,
Olfr488,Olfr488,0,,
Olfr49,Olfr49,0,,
Olfr490,Olfr490,0,,
Olfr491,Olfr491,0,,
Olfr492,Olfr492,0,,
Olfr493,Olfr493,0,,
Olfr494,Olfr494,0,,
Olfr495,Olfr495,0,,
Olfr497,Olfr497,0,,
Olfr498,Olfr498,0,,
Olfr5,Olfr5,0,,
Olfr50,Olfr50,0,,
Olfr502,Olfr502,0,,
Olfr503,Olfr503,0,,
Olfr504,Olfr504,0,,
Olfr506,Olfr506,0,,
Olfr507,Olfr507,0,,
Olfr508,Olfr508,0,,
Olfr509,Olfr509,0,,
Olfr51,Olfr51,0,,
Olfr510,Olfr510,0,,
Olfr512,Olfr512,0,,
Olfr513,Olfr513,0,,
Olfr514,Olfr514,0,,
Olfr516,Olfr516,0,,
Olfr517,Olfr517,0,,
Olfr518,Olfr518,0,,
Olfr519,Olfr519,0,,
Olfr52,Olfr52,0,,
Olfr520,Olfr520,0,,
Olfr521,Olfr521,0,,
Olfr522,Olfr522,0,,
Olfr523,Olfr523,0,,
Olfr524,Olfr524,0,,
Olfr525,Olfr525,0,,
Olfr527,Olfr527,0,,
Olfr53,Olfr53,0,,
Olfr530,Olfr530,0,,
Olfr531,Olfr531,0,,
Olfr532,Olfr532,0,,
Olfr533,Olfr533,0,,
Olfr535,Olfr535,0,,
Olfr536,Olfr536,0,,
Olfr538,Olfr538,0,,
Olfr539,Olfr539,0,,
Olfr54,Olfr54,0,,
Olfr541,Olfr541,0,,
Olfr543,Olfr543,0,,
Olfr544,Olfr544,0,,
Olfr545,Olfr545,0,,
Olfr547,Olfr547,0,,
Olfr548-ps1,Olfr548-ps1,0,,
Olfr549,Olfr549,0,,
Olfr55,Olfr55,0,,
Olfr550,Olfr550,0,,
Olfr551,Olfr551,0,,
Olfr552,Olfr552,0,,
Olfr553,Olfr553,0,,
Olfr554,Olfr554,0,,
Olfr555,Olfr555,0,,
Olfr556,Olfr556,0,,
Olfr557,Olfr557,0,,
Olfr558,Olfr558,0,,
Olfr559,Olfr559,0,,
Olfr56,Olfr56,0,,
Olfr561,Olfr561,0,,
Olfr564,Olfr564,0,,
Olfr566,Olfr566,0,,
Olfr568,Olfr568,0,,
Olfr569,Olfr569,0,,
Olfr57,Olfr57,0.0042,0.6927,0.3111
Olfr570,Olfr570,0,,
Olfr571,Olfr571,0,,
Olfr572,Olfr572,0,,
Olfr573-ps1,Olfr573-ps1,0,,
Olfr574,Olfr574,0,,
Olfr575,Olfr575,0,,
Olfr576,Olfr576,0,,
Olfr577,Olfr577,0,,
Olfr578,Olfr578,0,,
Olfr58,Olfr58,0,,
Olfr582,Olfr582,0,,
Olfr583,Olfr583,0,,
Olfr584,Olfr584,0,,
Olfr585,Olfr585,0,,
Olfr586,Olfr586,0,,
Olfr587-ps1,Olfr587-ps1,0,,
Olfr588-ps1,Olfr588-ps1,0,,
Olfr589,Olfr589,0,,
Olfr59,Olfr59,0,,
Olfr590-ps1,Olfr590-ps1,0,,
Olfr591,Olfr591,0,,
Olfr592,Olfr592,0,,
Olfr593,Olfr593,0,,
Olfr594,Olfr594,0,,
Olfr595-ps1,Olfr595-ps1,0,,
Olfr596,Olfr596,0,,
Olfr597,Olfr597,0,,
Olfr598,Olfr598,0,,
Olfr599,Olfr599,0,,
Olfr6,Olfr6,0,,
Olfr60,Olfr60,0,,
Olfr600,Olfr600,0,,
Olfr601,Olfr601,0,,
Olfr602-ps1,Olfr602-ps1,0,,
Olfr603,Olfr603,0,,
Olfr605,Olfr605,0,,
Olfr606,Olfr606,0,,
Olfr607,Olfr607,0,,
Olfr608,Olfr608,0,,
Olfr609,Olfr609,0,,
Olfr61,Olfr61,0,,
Olfr610,Olfr610,0,,
Olfr611,Olfr611,0,,
Olfr612,Olfr612,0,,
Olfr613,Olfr613,0,,
Olfr615,Olfr615,0,,
Olfr616,Olfr616,0,,
Olfr617,Olfr617,0,,
Olfr618,Olfr618,0,,
Olfr619,Olfr619,0,,
Olfr62,Olfr62,0,,
Olfr620,Olfr620,0,,
Olfr621-ps1,Olfr621-ps1,0,,
Olfr622,Olfr622,0,,
Olfr623,Olfr623,0,,
Olfr624,Olfr624,0,,
Olfr625-ps1,Olfr625-ps1,0,,
Olfr626-ps1,Olfr626-ps1,0,,
Olfr628,Olfr628,0,,
Olfr629,Olfr629,0,,
Olfr63,Olfr63,0,,
Olfr630,Olfr630,0,,
Olfr631,Olfr631,0,,
Olfr632,Olfr632,0,,
Olfr633,Olfr633,0,,
Olfr634-ps1,Olfr634-ps1,0,,
Olfr635,Olfr635,0,,
Olfr636-ps1,Olfr636-ps1,0,,
Olfr637-ps1,Olfr637-ps1,0,,
Olfr638,Olfr638,0,,
Olfr639,Olfr639,0,,
Olfr64,Olfr64,0,,
Olfr640,Olfr640,0,,
Olfr641,Olfr641,0,,
Olfr642,Olfr642,0,,
Olfr643,Olfr643,0,,
Olfr644,Olfr644,0,,
Olfr645,Olfr645,0,,
Olfr646,Olfr646,0,,
Olfr647-ps1,Olfr647-ps1,0,,
Olfr648,Olfr648,0,,
Olfr649,Olfr649,0,,
Olfr65,Olfr65,0,,
Olfr650-ps1,Olfr650-ps1,0,,
Olfr651,Olfr651,0,,
Olfr652,Olfr652,0,,
Olfr653,Olfr653,0,,
Olfr654,Olfr654,0,,
Olfr655,Olfr655,0,,
Olfr656,Olfr656,0,,
Olfr657,Olfr657,0,,
Olfr658,Olfr658,0,,
Olfr659,Olfr659,0,,
Olfr66,Olfr66,0,,
Olfr660-ps1,Olfr660-ps1,0,,
Olfr661,Olfr661,0,,
Olfr663,Olfr663,0,,
Olfr664,Olfr664,0,,
Olfr665,Olfr665,0,,
Olfr666,Olfr666,0,,
Olfr667,Olfr667,0,,
Olfr668,Olfr668,0,,
Olfr669,Olfr669,0,,
Olfr67,Olfr67,0,,
Olfr670,Olfr670,0,,
Olfr671,Olfr671,0,,
Olfr672,Olfr672,0,,
Olfr675,Olfr675,0,,
Olfr676,Olfr676,0,,
Olfr677,Olfr677,0,,
Olfr678,Olfr678,0,,
Olfr679,Olfr679,0,,
Olfr68,Olfr68,0,,
Olfr680-ps1,Olfr680-ps1,0,,
Olfr681,Olfr681,0,,
Olfr682-ps1,Olfr682-ps1,0,,
Olfr683,Olfr683,0,,
Olfr684,Olfr684,0,,
Olfr685,Olfr685,0,,
Olfr686,Olfr686,0,,
Olfr687,Olfr687,0,,
Olfr688,Olfr688,0,,
Olfr689,Olfr689,0,,
Olfr69,Olfr69,0,,
Olfr690,Olfr690,0,,
Olfr691,Olfr691,0,,
Olfr692,Olfr692,0,,
Olfr693,Olfr693,0,,
Olfr694,Olfr694,0,,
Olfr695,Olfr695,0,,
Olfr697,Olfr697,0,,
Olfr698,Olfr698,0,,
Olfr699,Olfr699,0,,
Olfr70,Olfr70,0,,
Olfr700,Olfr700,0,,
Olfr701,Olfr701,0,,
Olfr702,Olfr702,0,,
Olfr703,Olfr703,0,,
Olfr704,Olfr704,0,,
Olfr705,Olfr705,0,,
Olfr706,Olfr706,0,,
Olfr707,Olfr707,0,,
Olfr709-ps1,Olfr709-ps1,0,,
Olfr71,Olfr71,0,,
Olfr710,Olfr710,0,,
Olfr711,Olfr711,0,,
Olfr713,Olfr713,0,,
Olfr714,Olfr714,0,,
Olfr715,Olfr715,0,,
Olfr716,Olfr716,0,,
Olfr718-ps1,Olfr718-ps1,0,,
Olfr719-ps,Olfr719-ps,0,,
Olfr720,Olfr720,0,,
Olfr721-ps1,Olfr721-ps1,0,,
Olfr722,Olfr722,0,,
Olfr723,Olfr723,0,,
Olfr724,Olfr724,0,,
Olfr725,Olfr725,0,,
Olfr726,Olfr726,0,,
Olfr727,Olfr727,0,,
Olfr728,Olfr728,0,,
Olfr729,Olfr729,0,,
Olfr73,Olfr73,0,,
Olfr730,Olfr730,0,,
Olfr731,Olfr731,0,,
Olfr732,Olfr732,0,,
Olfr733,Olfr733,0,,
Olfr734,Olfr734,0,,
Olfr735,Olfr735,0,,
Olfr736,Olfr736,0,,
Olfr738,Olfr738,0,,
Olfr739,Olfr739,0,,
Olfr74,Olfr74,0,,
Olfr740,Olfr740,0,,
Olfr741,Olfr741,0,,
Olfr742,Olfr742,0,,
Olfr743,Olfr743,0,,
Olfr744,Olfr744,0,,
Olfr745,Olfr745,0,,
Olfr746,Olfr746,0,,
Olfr747,Olfr747,0,,
Olfr748,Olfr748,0,,
Olfr749,Olfr749,0,,
Olfr75-ps1,Olfr75-ps1,0,,
Olfr750,Olfr750,0,,
Olfr753-ps1,Olfr753-ps1,0,,
Olfr754-ps1,Olfr754-ps1,0,,
Olfr755-ps1,Olfr755-ps1,0,,
Olfr756-ps1,Olfr756-ps1,0,,
Olfr757-ps1,Olfr757-ps1,0,,
Olfr758-ps1,Olfr758-ps1,0,,
Olfr759-ps1,Olfr759-ps1,0,,
Olfr76,Olfr76,0,,
Olfr760-ps1,Olfr760-ps1,0,,
Olfr761,Olfr761,0,,
Olfr762-ps1,Olfr762-ps1,0,,
Olfr763,Olfr763,0,,
Olfr764,Olfr764,0,,
Olfr765,Olfr765,0,,
Olfr767,Olfr767,0,,
Olfr768,Olfr768,0,,
Olfr769,Olfr769,0,,
Olfr77,Olfr77,0,,
Olfr770,Olfr770,0,,
Olfr771,Olfr771,0,,
Olfr772,Olfr772,0.0021,0.6927,0.3111
Olfr773,Olfr773,0,,
Olfr775,Olfr775,0,,
Olfr776,Olfr776,0,,
Olfr777,Olfr777,0,,
Olfr779,Olfr779,0,,
Olfr78,Olfr78,0,,
Olfr780,Olfr780,0,,
Olfr781,Olfr781,0,,
Olfr782,Olfr782,0,,
Olfr784,Olfr784,0,,
Olfr786,Olfr786,0,,
Olfr787,Olfr787,0,,
Olfr788,Olfr788,0,,
Olfr790,Olfr790,0,,
Olfr791,Olfr791,0,,
Olfr792,Olfr792,0,,
Olfr794,Olfr794,0,,
Olfr796,Olfr796,0,,
Olfr798,Olfr798,0,,
Olfr799,Olfr799,0,,
Olfr8,Olfr8,0,,
Olfr800,Olfr800,0,,
Olfr801,Olfr801,0,,
Olfr802,Olfr802,0,,
Olfr803,Olfr803,0,,
Olfr804,Olfr804,0,,
Olfr805,Olfr805,0,,
Olfr806,Olfr806,0,,
Olfr807,Olfr807,0,,
Olfr808,Olfr808,0,,
Olfr809,Olfr809,0,,
Olfr810,Olfr810,0,,
Olfr811,Olfr811,0,,
Olfr812,Olfr812,0,,
Olfr813,Olfr813,0,,
Olfr814,Olfr814,0,,
Olfr815,Olfr815,0,,
Olfr816,Olfr816,0,,
Olfr818,Olfr818,0,,
Olfr819,Olfr819,0,,
Olfr820,Olfr820,0,,
Olfr821,Olfr821,0,,
Olfr822,Olfr822,0,,
Olfr823,Olfr823,0,,
Olfr824,Olfr824,0,,
Olfr825,Olfr825,0,,
Olfr826,Olfr826,0,,
Olfr827,Olfr827,0,,
Olfr828,Olfr828,0,,
Olfr829,Olfr829,0,,
Olfr830,Olfr830,0,,
Olfr831-ps1,Olfr831-ps1,0,,
Olfr832,Olfr832,0,,
Olfr833-ps1,Olfr833-ps1,0,,
Olfr834,Olfr834,0,,
Olfr835,Olfr835,0,,
Olfr836,Olfr836,0,,
Olfr837,Olfr837,0,,
Olfr843,Olfr843,0,,
Olfr844,Olfr844,0,,
Olfr845,Olfr845,0,,
Olfr846,Olfr846,0,,
Olfr847,Olfr847,0,,
Olfr849,Olfr849,0,,
Olfr850,Olfr850,0,,
Olfr851,Olfr851,0,,
Olfr853,Olfr853,0,,
Olfr854,Olfr854,0,,
Olfr855,Olfr855,0,,
Olfr857,Olfr857,0,,
Olfr859,Olfr859,0,,
Olfr860,Olfr860,0,,
Olfr862,Olfr862,0,,
Olfr866,Olfr866,0,,
Olfr867,Olfr867,0,,
Olfr868,Olfr868,0,,
Olfr869,Olfr869,0,,
Olfr870,Olfr870,0,,
Olfr871,Olfr871,0,,
Olfr872,Olfr872,0,,
Olfr873,Olfr873,0,,
Olfr874,Olfr874,0,,
Olfr875,Olfr875,0,,
Olfr876,Olfr876,0,,
Olfr877,Olfr877,0,,
Olfr878,Olfr878,0,,
Olfr881,Olfr881,0,,
Olfr883,Olfr883,0,,
Olfr884,Olfr884,0,,
Olfr885,Olfr885,0,,
Olfr887,Olfr887,0,,
Olfr888,Olfr888,0,,
Olfr889,Olfr889,0,,
Olfr890,Olfr890,0,,
Olfr891,Olfr891,0,,
Olfr892-ps1,Olfr892-ps1,0,,
Olfr893,Olfr893,0,,
Olfr894,Olfr894,0,,
Olfr895,Olfr895,0,,
Olfr898,Olfr898,0,,
Olfr9,Olfr9,0,,
Olfr90,Olfr90,0,,
Olfr901,Olfr901,0,,
Olfr902,Olfr902,0,,
Olfr904,Olfr904,0,,
Olfr905,Olfr905,0,,
Olfr906,Olfr906,0,,
Olfr907,Olfr907,0,,
Olfr908,Olfr908,0,,
Olfr91,Olfr91,0,,
Olfr910,Olfr910,0,,
Olfr911-ps1,Olfr911-ps1,0,,
Olfr912,Olfr912,0,,
Olfr913,Olfr913,0,,
Olfr914,Olfr914,0,,
Olfr916,Olfr916,0,,
Olfr917,Olfr917,0,,
Olfr918,Olfr918,0,,
Olfr919,Olfr919,0,,
Olfr92,Olfr92,0,,
Olfr920,Olfr920,0,,
Olfr921,Olfr921,0,,
Olfr922,Olfr922,0,,
Olfr923,Olfr923,0,,
Olfr924,Olfr924,0,,
Olfr926,Olfr926,0,,
Olfr93,Olfr93,0,,
Olfr930,Olfr930,0,,
Olfr933,Olfr933,0,,
Olfr934,Olfr934,0,,
Olfr935,Olfr935,0,,
Olfr937,Olfr937,0,,
Olfr938,Olfr938,0,,
Olfr94,Olfr94,0,,
Olfr943,Olfr943,0,,
Olfr944,Olfr944,0,,
Olfr945,Olfr945,0,,
Olfr948,Olfr948,0,,
Olfr95,Olfr95,0,,
Olfr951,Olfr951,0,,
Olfr952,Olfr952,0,,
Olfr954,Olfr954,0,,
Olfr955,Olfr955,0,,
Olfr957,Olfr957,0,,
Olfr958,Olfr958,0,,
Olfr959,Olfr959,0,,
Olfr96,Olfr96,0,,
Olfr960,Olfr960,0,,
Olfr961,Olfr961,0,,
Olfr963,Olfr963,0,,
Olfr964-ps1,Olfr964-ps1,0,,
Olfr965,Olfr965,0,,
Olfr967,Olfr967,0,,
Olfr968,Olfr968,0,,
Olfr969,Olfr969,0,,
Olfr97,Olfr97,0,,
Olfr970,Olfr970,0,,
Olfr971,Olfr971,0,,
Olfr972,Olfr972,0,,
Olfr974,Olfr974,0,,
Olfr975,Olfr975,0,,
Olfr976,Olfr976,0,,
Olfr978,Olfr978,0,,
Olfr979,Olfr979,0,,
Olfr98,Olfr98,0,,
Olfr980,Olfr980,0,,
Olfr981,Olfr981,0,,
Olfr982,Olfr982,0,,
Olfr983,Olfr983,0,,
Olfr984,Olfr984,0,,
Olfr985,Olfr985,0,,
Olfr986,Olfr986,0,,
Olfr987,Olfr987,0,,
Olfr988,Olfr988,0,,
Olfr99,Olfr99,0,,
Olfr990-ps1,Olfr990-ps1,0,,
Olfr992,Olfr992,0,,
Olfr993,Olfr993,0,,
Olfr994,Olfr994,0,,
Olfr995,Olfr995,0,,
Olfr996,Olfr996,0,,
Olfr997-ps1,Olfr997-ps1,0,,
Olfr998,Olfr998,0,,
Olfr999-ps1,Olfr999-ps1,0,,
Olig1,Olig1,0.0017,0.6927,0.3111
Olig2,Olig2,0,,
Olig3,Olig3,0,,
Olr1,Olr1,-0.0053,-1.2501,0.6751
Oma1,Oma1,-0.0448,-3.8545,3.9357
Omd,Omd,0,,
Omg,Omg,0,,
Omp,Omp,0,,
Omt2a,Omt2a,0,,
Omt2b,Omt2b,0,,
Onecut1,Onecut1,0,,
Onecut2,Onecut2,0,,
Onecut3,Onecut3,0,,
Ooep,Ooep,0,,
Oog1,Oog1,0,,
Oog2,Oog2,0,,
Oog3,Oog3,0,,
Oog4,Oog4,0,,
Oosp1,Oosp1,0,,
Opa1,Opa1,0.0208,-1.5014,0.8753
Opa3,Opa3,0.0118,-2.2099,1.5669
Opalin,Opalin,0,,
Opcml,Opcml,0,,
Ophn1,Ophn1,0.1373,0.3697,0.1478
Oplah,Oplah,0.0136,-0.5645,0.2423
Opn1mw,Opn1mw,0,,
Opn1sw,Opn1sw,0,,
Opn3,Opn3,0,,
Opn4,Opn4,0,,
Opn5,Opn5,0,,
Oprd1,Oprd1,0,,
Oprk1,Oprk1,0,,
Oprl1,Oprl1,0,,
Oprm1,Oprm1,0,,
Optc,Optc,0,,
Optn,Optn,0.0047,-1.8247,1.1672
Orai1,Orai1,-0.0182,-5.1324,6.5436
Orai2,Orai2,-0.0084,-1.7232,1.0714
Orai2-ps,Orai2-ps,-0.0017,-1.431,0.8169
Orai3,Orai3,-0.0213,-3.6197,3.5303
Oraov1,Oraov1,0.0036,-0.7321,0.3334
Orc1,Orc1,0,,
Orc2,Orc2,0.0349,-1.5704,0.9343
Orc3,Orc3,-0.0149,-3.3754,3.1325
Orc4,Orc4,-0.0207,-2.0944,1.441
Orc5,Orc5,0.0012,-1.8366,1.1787
Orc6,Orc6,-0.0107,-2.1667,1.5192
Orm1,Orm1,0,,
Orm2,Orm2,0,,
Orm3,Orm3,0,,
Ormdl1,Ormdl1,-0.0172,-1.9715,1.3127
Ormdl2,Ormdl2,0.0216,-2.0311,1.3742
Ormdl3,Ormdl3,-0.0011,-1.783,1.1274
Os9,Os9,-0.1285,-6.6556,10.5496
Osbp,Osbp,-0.0071,-1.5028,0.8765
Osbp2,Osbp2,0.012,0.6927,0.3111
Osbpl10,Osbpl10,0,,
Osbpl11,Osbpl11,-0.1339,-4.5291,5.2274
Osbpl1a,Osbpl1a,-0.0063,-2.8588,2.3714
Osbpl2,Osbpl2,-0.0267,-2.9539,2.5034
Osbpl3,Osbpl3,-0.0264,-3.5308,3.3826
Osbpl5,Osbpl5,0,,
Osbpl6,Osbpl6,0,,
Osbpl7,Osbpl7,-0.0167,-1.3147,0.7244
Osbpl8,Osbpl8,-0.0466,-4.045,4.2814
Osbpl9,Osbpl9,0.0466,-2.4419,1.8354
Oscar,Oscar,0,,
Oscp1,Oscp1,0.0212,-0.4737,0.1967
Osgep,Osgep,0.0834,-0.2197,0.083
Osgepl1,Osgepl1,-0.0024,-0.034,0.012
Osgin1,Osgin1,-0.0009,-0.5196,0.2194
Osgin2,Osgin2,0.024,0.4041,0.1636
Osm,Osm,-0.1551,-4.8617,5.9341
Osmr,Osmr,0,,
Osr1,Osr1,0,,
Osr2,Osr2,0,,
Ost4,Ost4,0.0553,-3.6878,3.6454
Osta,Osta,0,,
Ostb,Ostb,0,,
Ostc,Ostc,-0.0368,-3.4329,3.224
Ostf1,Ostf1,0.1042,-2.3132,1.6838
Ostm1,Ostm1,-0.1496,-6.6239,10.4562
Ostn,Ostn,0,,
Otc,Otc,0,,
Otoa,Otoa,0,,
Otof,Otof,0,,
Otog,Otog,0,,
Otogl,Otogl,0,,
Otol1,Otol1,0,,
Otop1,Otop1,0,,
Otop2,Otop2,0,,
Otop3,Otop3,0,,
Otor,Otor,0,,
Otos,Otos,0,,
Otp,Otp,0,,
Ott,Ott,0,,
Otub1,Otub1,0.0222,-0.6399,0.2821
Otub2,Otub2,-0.0009,-1.431,0.8169
Otud1,Otud1,-0.0732,-4.9308,6.0867
Otud3,Otud3,0.0083,0.3328,0.1312
Otud4,Otud4,-0.0286,-3.1906,2.8478
Otud5,Otud5,0.0297,-3.3197,3.0452
Otud6a,Otud6a,0,,
Otud6b,Otud6b,-0.0011,-1.0696,0.5454
Otud7a,Otud7a,0,,
Otud7b,Otud7b,0.0774,-0.8694,0.415
Otx1,Otx1,0,,
Otx2,Otx2,0,,
Ovca2,Ovca2,0.0101,-0.282,0.1091
Ovch2,Ovch2,0,,
Ovgp1,Ovgp1,0,,
Ovol1,Ovol1,0,,
Ovol2,Ovol2,0,,
Ovol3,Ovol3,0,,
Oxa1l,Oxa1l,0.0016,-3.5659,3.4405
Oxct1,Oxct1,0.0196,-3.9635,4.1315
Oxct2a,Oxct2a,0,,
Oxct2b,Oxct2b,0,,
Oxgr1,Oxgr1,0,,
Oxnad1,Oxnad1,-0.004,-0.0264,0.0092
Oxr1,Oxr1,-0.0027,-3.3574,3.1041
Oxsm,Oxsm,-0.0232,-3.1054,2.7212
Oxsr1,Oxsr1,0.0005,-1.633,0.9894
Oxt,Oxt,0,,
Oxtr,Oxtr,0,,
P2rx1,P2rx1,0.0042,0.6927,0.3111
P2rx2,P2rx2,0,,
P2rx3,P2rx3,0,,
P2rx4,P2rx4,-0.1583,-6.5205,10.1543
P2rx5,P2rx5,0,,
P2rx6,P2rx6,0,,
P2rx7,P2rx7,-0.0504,-3.303,3.0192
P2ry1,P2ry1,0,,
P2ry10,P2ry10,0,,
P2ry12,P2ry12,0.169,-0.0393,0.0138
P2ry13,P2ry13,-0.0992,-4.1402,4.4596
P2ry14,P2ry14,0.0129,0.9835,0.4876
P2ry2,P2ry2,-0.0082,-0.5226,0.2209
P2ry4,P2ry4,0,,
P2ry6,P2ry6,-0.1913,-5.1706,6.6321
P4ha1,P4ha1,-0.0557,-4.6075,5.3897
P4ha2,P4ha2,0,,
P4ha3,P4ha3,0,,
P4hb,P4hb,-0.1529,-5.5928,7.6509
P4htm,P4htm,0,,
Pa2g4,Pa2g4,0.0885,-1.8468,1.1885
Pabpc1,Pabpc1,0.559,4.5872,5.3475
Pabpc1l,Pabpc1l,0,,
Pabpc1l2a-ps,Pabpc1l2a-ps,0,,
Pabpc1l2b-ps,Pabpc1l2b-ps,0,,
Pabpc2,Pabpc2,0,,
Pabpc4,Pabpc4,0.0412,-0.4059,0.1644
Pabpc4l,Pabpc4l,0,,
Pabpc5,Pabpc5,0,,
Pabpc6,Pabpc6,0,,
Pabpn1,Pabpn1,-0.0154,-2.7251,2.1919
Pabpn1l,Pabpn1l,0,,
Pacrg,Pacrg,0,,
Pacrgl,Pacrgl,0.0086,-0.0192,0.0067
Pacs1,Pacs1,0.0861,-1.3102,0.7209
Pacs2,Pacs2,-0.0948,-4.3004,4.7683
Pacsin1,Pacsin1,-0.065,-5.0469,6.3478
Pacsin2,Pacsin2,0.0333,-3.6067,3.5086
Pacsin3,Pacsin3,-0.0069,-2.0286,1.3716
Padi1,Padi1,0,,
Padi2,Padi2,0.0584,-3.6944,3.6567
Padi3,Padi3,-0.0009,-1.431,0.8169
Padi4,Padi4,0,,
Padi6,Padi6,0,,
Paf1,Paf1,-0.0057,-0.9196,0.4464
Pafah1b1,Pafah1b1,-0.1139,-5.2158,6.7376
Pafah1b2,Pafah1b2,0.049,-0.2478,0.0946
Pafah1b3,Pafah1b3,0.0431,-0.6485,0.2868
Pafah2,Pafah2,-0.0129,-2.2551,1.6175
Pag1,Pag1,-0.1259,-5.4511,7.3006
Pah,Pah,0,,
Paics,Paics,-0.0528,-4.3086,4.7844
Paip1,Paip1,-0.0178,-1.547,0.9141
Paip2,Paip2,-0.0498,-2.8611,2.3745
Paip2b,Paip2b,0.0162,1.3956,0.7883
Pak1,Pak1,0.0106,-2.3568,1.7344
Pak1ip1,Pak1ip1,-0.0093,-2.8791,2.3992
Pak2,Pak2,0.0923,-1.9743,1.3156
Pak3,Pak3,0,,
Pak4,Pak4,-0.0025,-1.8326,1.1748
Pak6,Pak6,0,,
Pak7,Pak7,-0.0154,-1.431,0.8169
Palb2,Palb2,0,,
Palld,Palld,-0.0002,-0.5167,0.218
Palm,Palm,0.0042,0.6927,0.3111
Palm2,Palm2,0,,
Palm3,Palm3,0,,
Palmd,Palmd,0,,
Pam,Pam,-0.0238,-2.4881,1.8914
Pam16,Pam16,0.0028,0.3286,0.1293
Pamr1,Pamr1,0,,
Pan2,Pan2,0.0059,-0.895,0.4309
Pan3,Pan3,-0.0029,-2.769,2.2501
Pank1,Pank1,0.004,-1.2942,0.7086
Pank2,Pank2,-0.016,-3.1745,2.8236
Pank3,Pank3,0.0367,-2.4326,1.8242
Pank4,Pank4,-0.035,-3.5924,3.4846
Panx1,Panx1,0.0065,-0.337,0.1331
Panx2,Panx2,0,,
Panx3,Panx3,0,,
Paox,Paox,-0.0073,-2.8039,2.2968
Papd4,Papd4,0.0064,-0.483,0.2013
Papd5,Papd5,-0.0361,-2.3776,1.7588
Papd7,Papd7,0.0172,-1.5268,0.8968
Papln,Papln,0,,
Papola,Papola,0.1116,-1.0892,0.559
Papolb,Papolb,0,,
Papolg,Papolg,0.0029,0.6927,0.3111
Pappa,Pappa,0,,
Pappa2,Pappa2,0,,
Papss1,Papss1,0.0525,-1.8322,1.1745
Papss2,Papss2,0,,
Paqr3,Paqr3,0.0004,0.6927,0.3111
Paqr4,Paqr4,-0.0042,-0.3445,0.1364
Paqr5,Paqr5,0,,
Paqr6,Paqr6,0,,
Paqr7,Paqr7,0.0337,-3.2975,3.0107
Paqr8,Paqr8,0,,
Paqr9,Paqr9,0,,
Pard3,Pard3,-0.0034,-1.431,0.8169
Pard3b,Pard3b,-0.0004,-1.7969,1.1405
Pard6a,Pard6a,0.0345,0.6108,0.2665
Pard6b,Pard6b,0,,
Pard6g,Pard6g,0,,
Parg,Parg,-0.0184,-2.2981,1.6664
Park2,Park2,0,,
Park7,Park7,0.2651,-0.3945,0.1591
Parl,Parl,0.0243,-1.6926,1.0432
Parm1,Parm1,0.0013,0.6927,0.3111
Parn,Parn,0.0113,-2.0351,1.3784
Parp1,Parp1,-0.0264,-3.2664,2.9628
Parp10,Parp10,0.0382,-0.8445,0.3997
Parp11,Parp11,0.0044,-1.3829,0.7781
Parp12,Parp12,-0.0218,-2.6148,2.0492
Parp14,Parp14,0.0746,-0.1646,0.0609
Parp16,Parp16,-0.0123,-0.5002,0.2097
Parp2,Parp2,-0.0477,-2.1242,1.473
Parp3,Parp3,-0.0011,-0.3482,0.1381
Parp4,Parp4,0.0051,-1.0465,0.5297
Parp6,Parp6,-0.0061,-2.2551,1.6175
Parp8,Parp8,0.014,-0.0347,0.0122
Parp9,Parp9,0.0628,-1.2016,0.6392
Pars2,Pars2,0,,
Parva,Parva,0,,
Parvb,Parvb,-0.0085,-3.6693,3.614
Parvg,Parvg,-0.0045,-2.2384,1.5987
Pask,Pask,0,,
Pate2,Pate2,0,,
Pate4,Pate4,0,,
Patl1,Patl1,-0.0612,-2.8353,2.3394
Patl2,Patl2,0,,
Patz1,Patz1,0.0118,-1.1356,0.5916
Pawr,Pawr,0,,
Pax1,Pax1,0,,
Pax2,Pax2,0,,
Pax3,Pax3,0,,
Pax4,Pax4,0,,
Pax5,Pax5,0.0017,0.6927,0.3111
Pax6,Pax6,-0.0043,-1.431,0.8169
Pax6os1,Pax6os1,0,,
Pax7,Pax7,0,,
Pax8,Pax8,0,,
Pax9,Pax9,0,,
Paxip1,Paxip1,-0.0064,-1.4563,0.8377
Pbk,Pbk,0.013,-0.0168,0.0059
Pbld1,Pbld1,0,,
Pbld2,Pbld2,0,,
Pbp2,Pbp2,0,,
Pbrm1,Pbrm1,0.039,-2.5803,2.0056
Pbsn,Pbsn,0,,
Pbx1,Pbx1,0.0086,-0.0168,0.0059
Pbx2,Pbx2,0.0299,-2.9316,2.472
Pbx3,Pbx3,0.05,-0.6269,0.2751
Pbx4,Pbx4,0,,
Pbxip1,Pbxip1,-0.0842,-5.7842,8.1374
Pcbd1,Pcbd1,-0.0009,-1.431,0.8169
Pcbd2,Pcbd2,0.0294,-0.7955,0.3703
Pcbp1,Pcbp1,-0.1221,-5.1514,6.5874
Pcbp2,Pcbp2,0.0211,-2.6353,2.0754
Pcbp3,Pcbp3,0,,
Pcbp4,Pcbp4,0.0112,0.6927,0.3111
Pcca,Pcca,0.0199,0.1711,0.0634
Pccb,Pccb,0.0136,-1.7796,1.1241
Pcdh1,Pcdh1,0,,
Pcdh10,Pcdh10,0,,
Pcdh11x,Pcdh11x,0,,
Pcdh12,Pcdh12,0,,
Pcdh15,Pcdh15,0,,
Pcdh17,Pcdh17,0,,
Pcdh18,Pcdh18,0,,
Pcdh19,Pcdh19,0,,
Pcdh20,Pcdh20,0,,
Pcdh7,Pcdh7,0,,
Pcdh8,Pcdh8,0,,
Pcdh9,Pcdh9,-0.0026,-1.431,0.8169
Pcdha11,Pcdha11,0,,
Pcdha3,Pcdha3,0,,
Pcdhb1,Pcdhb1,0,,
Pcdhb10,Pcdhb10,0,,
Pcdhb11,Pcdhb11,0,,
Pcdhb12,Pcdhb12,0,,
Pcdhb13,Pcdhb13,0,,
Pcdhb14,Pcdhb14,0,,
Pcdhb15,Pcdhb15,0,,
Pcdhb16,Pcdhb16,0,,
Pcdhb17,Pcdhb17,0,,
Pcdhb18,Pcdhb18,-0.0034,-1.431,0.8169
Pcdhb19,Pcdhb19,0,,
Pcdhb2,Pcdhb2,0,,
Pcdhb20,Pcdhb20,0,,
Pcdhb21,Pcdhb21,0,,
Pcdhb22,Pcdhb22,0.005,-1.2942,0.7086
Pcdhb3,Pcdhb3,0,,
Pcdhb4,Pcdhb4,0,,
Pcdhb5,Pcdhb5,0,,
Pcdhb6,Pcdhb6,0,,
Pcdhb7,Pcdhb7,0,,
Pcdhb8,Pcdhb8,0,,
Pcdhb9,Pcdhb9,0,,
Pcdhgc5,Pcdhgc5,-0.0637,-4.4057,4.977
Pcf11,Pcf11,-0.0049,-3.2338,2.9131
Pcgf1,Pcgf1,-0.0008,-1.7679,1.1131
Pcgf2,Pcgf2,0.0079,0.9835,0.4876
Pcgf3,Pcgf3,-0.0195,-3.1132,2.7327
Pcgf5,Pcgf5,-0.0581,-3.5308,3.3826
Pcgf6,Pcgf6,-0.0166,-1.1697,0.616
Pcid2,Pcid2,-0.0068,-1.4645,0.8445
Pcif1,Pcif1,-0.0052,-2.2582,1.621
Pck1,Pck1,0,,
Pck2,Pck2,-0.019,-3.0996,2.7127
Pclo,Pclo,-0.0006,-1.2501,0.6751
Pcm1,Pcm1,0.1617,0.0399,0.014
Pcmt1,Pcmt1,0.0526,-0.9397,0.4592
Pcmtd1,Pcmtd1,0.0604,-1.1947,0.6341
Pcmtd2,Pcmtd2,-0.0357,-2.5654,1.9869
Pcna,Pcna,0.0072,-2.8846,2.4068
Pcna-ps1,Pcna-ps1,0,,
Pcna-ps2,Pcna-ps2,0.0015,-0.5167,0.218
Pcnp,Pcnp,-0.0007,-2.1261,1.4751
Pcnt,Pcnt,-0.004,-1.5557,0.9216
Pcnx,Pcnx,0.0018,-3.0682,2.6669
Pcnxl2,Pcnxl2,0,,
Pcnxl3,Pcnxl3,0.0065,-2.7721,2.2542
Pcolce,Pcolce,0,,
Pcolce2,Pcolce2,0,,
Pcp2,Pcp2,0,,
Pcp4,Pcp4,-0.0165,-2.8466,2.3547
Pcp4l1,Pcp4l1,-0.0218,-0.5226,0.2209
Pcsk1,Pcsk1,0,,
Pcsk1n,Pcsk1n,-0.0027,-1.2501,0.6751
Pcsk2,Pcsk2,0,,
Pcsk4,Pcsk4,-0.0017,-1.431,0.8169
Pcsk5,Pcsk5,-0.0034,-1.431,0.8169
Pcsk6,Pcsk6,0,,
Pcsk7,Pcsk7,0.0082,-1.9209,1.2617
Pcsk9,Pcsk9,0,,
Pctp,Pctp,0.0145,-1.8719,1.2131
Pcx,Pcx,-0.006,-1.431,0.8169
Pcyox1,Pcyox1,-0.0865,-3.7494,3.7515
Pcyox1l,Pcyox1l,-0.0116,-1.8137,1.1566
Pcyt1a,Pcyt1a,-0.0179,-2.2584,1.6213
Pcyt1b,Pcyt1b,0,,
Pcyt2,Pcyt2,-0.0012,-2.2196,1.5777
Pdap1,Pdap1,0.1543,-0.8165,0.3828
Pdc,Pdc,0,,
Pdcd1,Pdcd1,-0.1941,-6.1351,9.0702
Pdcd10,Pdcd10,-0.1275,-5.77,8.1008
Pdcd11,Pdcd11,0.0567,0.6829,0.3057
Pdcd1lg2,Pdcd1lg2,0,,
Pdcd2,Pdcd2,-0.0493,-4.4718,5.1104
Pdcd2l,Pdcd2l,-0.0235,-2.5319,1.9452
Pdcd4,Pdcd4,0.0416,-1.9278,1.2685
Pdcd5,Pdcd5,0.0793,-1.936,1.2768
Pdcd6,Pdcd6,-0.0761,-5.4274,7.2428
Pdcd6ip,Pdcd6ip,0.0194,-3.0262,2.6061
Pdcd7,Pdcd7,-0.0117,-1.8326,1.1748
Pdcl,Pdcl,0.031,-0.2021,0.0758
Pdcl2,Pdcl2,0,,
Pdcl3,Pdcl3,0.056,-1.1041,0.5693
Pddc1,Pddc1,-0.0706,-4.0465,4.2842
Pde10a,Pde10a,0,,
Pde11a,Pde11a,0,,
Pde12,Pde12,-0.0022,-0.8027,0.3746
Pde1a,Pde1a,0,,
Pde1b,Pde1b,0.012,1.5623,0.9274
Pde1c,Pde1c,0,,
Pde2a,Pde2a,0.0222,-1.3452,0.7482
Pde3a,Pde3a,0,,
Pde3b,Pde3b,0.1222,-1.5307,0.9002
Pde4a,Pde4a,-0.016,-2.5273,1.9395
Pde4b,Pde4b,0.0255,-0.6314,0.2776
Pde4c,Pde4c,0,,
Pde4d,Pde4d,-0.0133,-2.2681,1.6322
Pde4dip,Pde4dip,0.0325,-2.4631,1.8609
Pde5a,Pde5a,-0.0017,-1.431,0.8169
Pde6a,Pde6a,0,,
Pde6b,Pde6b,0,,
Pde6c,Pde6c,0,,
Pde6d,Pde6d,-0.0223,-2.5872,2.0144
Pde6g,Pde6g,0,,
Pde6h,Pde6h,0,,
Pde7a,Pde7a,-0.0133,-1.8095,1.1526
Pde7b,Pde7b,0.0054,0.6927,0.3111
Pde8a,Pde8a,-0.0181,-3.3162,3.0397
Pde8b,Pde8b,-0.0266,-2.3226,1.6947
Pde9a,Pde9a,0,,
Pdf,Pdf,0,,
Pdgfa,Pdgfa,-0.1163,-4.5724,5.3169
Pdgfb,Pdgfb,-0.1932,-6.0091,8.7293
Pdgfc,Pdgfc,-0.0078,-2.1923,1.5473
Pdgfd,Pdgfd,0,,
Pdgfra,Pdgfra,0.0025,0.6927,0.3111
Pdgfrb,Pdgfrb,-0.0009,-1.431,0.8169
Pdgfrl,Pdgfrl,-0.0272,-2.0286,1.3716
Pdha1,Pdha1,0.0368,-0.6033,0.2626
Pdha2,Pdha2,0,,
Pdhb,Pdhb,-0.0199,-2.2182,1.5761
Pdhx,Pdhx,-0.0456,-2.8272,2.3283
Pdia2,Pdia2,0,,
Pdia3,Pdia3,-0.1951,-5.6366,7.7609
Pdia4,Pdia4,0.0332,-2.4312,1.8225
Pdia5,Pdia5,-0.015,-0.6134,0.2679
Pdia6,Pdia6,-0.1055,-4.6422,5.4625
Pdik1l,Pdik1l,-0.0061,-1.2793,0.6972
Pdilt,Pdilt,0,,
Pdk1,Pdk1,0.0546,-2.5968,2.0265
Pdk2,Pdk2,-0.0036,-1.8012,1.1447
Pdk3,Pdk3,-0.0066,-2.2255,1.5843
Pdk4,Pdk4,0.0067,0.6927,0.3111
Pdlim1,Pdlim1,0,,
Pdlim2,Pdlim2,0.0017,-1.2623,0.6844
Pdlim3,Pdlim3,0,,
Pdlim4,Pdlim4,0.0274,0.7559,0.3471
Pdlim5,Pdlim5,-0.0122,-1.773,1.1179
Pdlim7,Pdlim7,0.0008,0.6927,0.3111
Pdp1,Pdp1,-0.0082,-1.8054,1.1486
Pdp2,Pdp2,-0.0201,-3.6914,3.6517
Pdpk1,Pdpk1,-0.0275,-3.5557,3.4236
Pdpn,Pdpn,0,,
Pdpr,Pdpr,0.0083,0.6927,0.3111
Pdrg1,Pdrg1,0.0137,-1.8103,1.1533
Pds5a,Pds5a,-0.0277,-2.1863,1.5406
Pds5b,Pds5b,0.0182,-1.7057,1.0552
Pdss1,Pdss1,0.0017,0.6927,0.3111
Pdss2,Pdss2,-0.015,-2.27,1.6343
Pdx1,Pdx1,0,,
Pdxdc1,Pdxdc1,-0.0096,-3.026,2.6059
Pdxk,Pdxk,0.0328,0.1663,0.0615
Pdxk-ps,Pdxk-ps,-0.0026,-1.431,0.8169
Pdxp,Pdxp,0,,
Pdyn,Pdyn,0,,
Pdzd11,Pdzd11,0.0242,-1.2322,0.6618
Pdzd2,Pdzd2,0,,
Pdzd3,Pdzd3,0,,
Pdzd4,Pdzd4,-0.0017,-1.431,0.8169
Pdzd7,Pdzd7,0,,
Pdzd8,Pdzd8,-0.0273,-3.7,3.6663
Pdzd9,Pdzd9,0,,
Pdzk1,Pdzk1,0,,
Pdzk1ip1,Pdzk1ip1,-0.0048,-1.2501,0.6751
Pdzrn3,Pdzrn3,0,,
Pdzrn4,Pdzrn4,0.0025,0.6927,0.3111
Pea15a,Pea15a,-0.0086,-3.9601,4.1253
Pea15b,Pea15b,0,,
Pear1,Pear1,-0.09,-4.8627,5.9363
Pebp1,Pebp1,-0.0373,-3.6093,3.5128
Pebp4,Pebp4,0,,
Pecam1,Pecam1,-0.0194,-2.2551,1.6175
Pecr,Pecr,0.0289,0.7472,0.3421
Pef1,Pef1,0.0137,-0.205,0.077
Peg10,Peg10,0.0133,1.7135,1.0624
Peg12,Peg12,-0.006,-1.431,0.8169
Peg3,Peg3,0,,
Peli1,Peli1,-0.0153,-1.7063,1.0558
Peli2,Peli2,0.005,-3.4298,3.2189
Peli3,Peli3,0,,
Pelo,Pelo,0.0312,-1.5218,0.8926
Pelp1,Pelp1,-0.0187,-1.637,0.993
Pemt,Pemt,-0.0056,-1.2573,0.6806
Penk,Penk,0,,
Peo1,Peo1,-0.0473,-2.2301,1.5894
Pepd,Pepd,0.0322,-2.8734,2.3914
Per1,Per1,0.0177,-2.2675,1.6315
Per2,Per2,0,,
Per3,Per3,-0.0184,-2.651,2.0956
Perp,Perp,-0.0581,-4.8052,5.8107
Pes1,Pes1,0.1303,-1.8591,1.2006
Pet112l,Pet112l,0.0112,-1.0262,0.516
Pet2,Pet2,0,,
Pex1,Pex1,-0.0147,-2.5528,1.9712
Pex10,Pex10,-0.006,-2.0286,1.3716
Pex11a,Pex11a,-0.0127,-2.1808,1.5347
Pex11b,Pex11b,0.0079,-1.0852,0.5562
Pex11c,Pex11c,0.0029,0.9835,0.4876
Pex12,Pex12,-0.0082,-1.2549,0.6788
Pex13,Pex13,0.0204,-1.5806,0.9432
Pex14,Pex14,-0.0427,-2.1487,1.4995
Pex16,Pex16,0.0009,-1.1591,0.6083
Pex19,Pex19,-0.0031,-2.9692,2.525
Pex26,Pex26,-0.0039,-0.5226,0.2209
Pex3,Pex3,-0.0142,-1.3809,0.7765
Pex5,Pex5,0.0176,-1.5969,0.9575
Pex5l,Pex5l,0,,
Pex6,Pex6,-0.0183,-2.5446,1.961
Pex7,Pex7,-0.0151,-2.3427,1.718
Pf4,Pf4,-0.0586,-3.8108,3.8586
Pfas,Pfas,0.0178,-1.1432,0.597
Pfdn1,Pfdn1,-0.0099,-4.3761,4.9179
Pfdn2,Pfdn2,-0.0026,-1.695,1.0454
Pfdn4,Pfdn4,0.024,0.1463,0.0537
Pfdn5,Pfdn5,0.24,-0.8448,0.3999
Pfkfb1,Pfkfb1,0,,
Pfkfb2,Pfkfb2,-0.0074,-1.0409,0.5259
Pfkfb3,Pfkfb3,-0.1291,-5.1442,6.5707
Pfkfb4,Pfkfb4,-0.018,-2.976,2.5345
Pfkl,Pfkl,-0.0686,-5.2509,6.82
Pfkm,Pfkm,-0.0026,-0.5226,0.2209
Pfkp,Pfkp,0,,
Pfn1,Pfn1,0.0743,-0.7026,0.3167
Pfn2,Pfn2,-0.0077,-1.431,0.8169
Pfn3,Pfn3,0,,
Pfn4,Pfn4,0,,
Pfpl,Pfpl,0,,
Pga5,Pga5,0,,
Pgam1,Pgam1,-0.0612,-5.3823,7.1335
Pgam1-ps1,Pgam1-ps1,0,,
Pgam1-ps2,Pgam1-ps2,0,,
Pgam2,Pgam2,0,,
Pgam5,Pgam5,-0.0224,-1.7252,1.0732
Pgap1,Pgap1,-0.0502,-3.966,4.1362
Pgap2,Pgap2,0.0528,-0.1691,0.0626
Pgap3,Pgap3,-0.0013,-0.5226,0.2209
Pgbd1,Pgbd1,0,,
Pgbd5,Pgbd5,0,,
Pgc,Pgc,0,,
Pgcp,Pgcp,-0.0654,-5.3958,7.1662
Pgd,Pgd,-0.0013,-4.5261,5.2213
Pgf,Pgf,0,,
Pggt1b,Pggt1b,0.0148,-0.0238,0.0083
Pgk1,Pgk1,-0.0836,-5.7895,8.1512
Pgk1-rs7,Pgk1-rs7,0,,
Pgk2,Pgk2,0,,
Pgls,Pgls,0.0441,-1.479,0.8566
Pglyrp1,Pglyrp1,0,,
Pglyrp2,Pglyrp2,0,,
Pglyrp3,Pglyrp3,0,,
Pglyrp4,Pglyrp4,0,,
Pgm1,Pgm1,0.0184,-0.6427,0.2836
Pgm2,Pgm2,-0.0114,-3.3394,3.0759
Pgm2l1,Pgm2l1,0.0143,-0.6548,0.2902
Pgm3,Pgm3,0.0045,-1.5281,0.8979
Pgm5,Pgm5,0,,
Pgp,Pgp,0.045,-0.959,0.4717
Pgpep1,Pgpep1,-0.0319,-2.2592,1.6221
Pgpep1l,Pgpep1l,0,,
Pgr,Pgr,0,,
Pgr15l,Pgr15l,0,,
Pgrmc1,Pgrmc1,0.0138,-3.1221,2.7458
Pgrmc2,Pgrmc2,-0.1317,-5.8355,8.2705
Pgs1,Pgs1,0.0309,-0.8911,0.4284
Phactr1,Phactr1,-0.0096,-1.4659,0.8456
Phactr2,Phactr2,-0.0022,-2.1835,1.5376
Phactr3,Phactr3,0,,
Phactr4,Phactr4,-0.0225,-2.5286,1.9411
Phax,Phax,-0.0501,-3.5538,3.4205
Phb,Phb,0.0295,-0.3268,0.1285
Phb2,Phb2,0.0342,-3.5324,3.3854
Phc1,Phc1,0.0369,1.0502,0.5322
Phc2,Phc2,-0.0057,-3.1545,2.7938
Phc3,Phc3,0.0519,-1.4988,0.8731
Phex,Phex,0,,
Phf1,Phf1,-0.009,-1.8095,1.1526
Phf10,Phf10,-0.0062,-3.0899,2.6985
Phf11,Phf11,0.0256,-0.0272,0.0095
Phf12,Phf12,-0.0443,-2.9539,2.5033
Phf13,Phf13,-0.0292,-2.8179,2.3157
Phf14,Phf14,-0.0453,-3.9387,4.0866
Phf15,Phf15,-0.0466,-1.4681,0.8475
Phf16,Phf16,-0.0104,-1.3072,0.7187
Phf17,Phf17,0.0033,-1.1519,0.6032
Phf19,Phf19,0,,
Phf2,Phf2,0.0629,-1.0454,0.529
Phf20,Phf20,0.0049,-2.5793,2.0044
Phf20l1,Phf20l1,-0.071,-3.4499,3.2511
Phf21a,Phf21a,0.0113,-2.3234,1.6955
Phf21b,Phf21b,0,,
Phf23,Phf23,-0.0294,-3.1931,2.8516
Phf3,Phf3,-0.0113,-2.1658,1.5181
Phf5a,Phf5a,0.0017,-2.732,2.201
Phf6,Phf6,-0.0025,-0.8966,0.4319
Phf7,Phf7,-0.001,-1.2501,0.6751
Phf8,Phf8,0.0276,-0.0169,0.0059
Phgdh,Phgdh,0.0646,-0.3688,0.1474
Phgr1,Phgr1,0,,
Phip,Phip,-0.0714,-4.0133,4.2227
Phka1,Phka1,-0.0041,-1.2979,0.7115
Phka2,Phka2,0.014,-1.7895,1.1335
Phkb,Phkb,0.0352,0.1734,0.0643
Phkg1,Phkg1,0.0162,-1.1131,0.5756
Phkg2,Phkg2,0.0196,-1.2331,0.6624
Phlda1,Phlda1,-0.1094,-5.4105,7.2018
Phlda2,Phlda2,0,,
Phlda3,Phlda3,-0.0034,-1.431,0.8169
Phldb1,Phldb1,-0.0353,-3.7579,3.7661
Phldb2,Phldb2,0,,
Phldb3,Phldb3,-0.0053,-1.2979,0.7115
Phlpp1,Phlpp1,0.0174,-0.6427,0.2836
Phlpp2,Phlpp2,0.0079,-0.0168,0.0059
Phospho1,Phospho1,0,,
Phospho2,Phospho2,0.015,-1.8986,1.2395
Phox2a,Phox2a,0,,
Phox2b,Phox2b,0,,
Phpt1,Phpt1,0.0074,-2.6273,2.0651
Phrf1,Phrf1,-0.0098,-1.6554,1.0095
Phtf1,Phtf1,0.084,-0.3588,0.1428
Phtf2,Phtf2,0.0038,-1.1512,0.6027
Phxr2,Phxr2,0,,
Phxr4,Phxr4,0,,
Phyh,Phyh,-0.087,-3.2549,2.9453
Phyhd1,Phyhd1,0.1974,-0.0179,0.0063
Phyhip,Phyhip,0,,
Phyhipl,Phyhipl,0,,
Pi15,Pi15,0,,
Pi16,Pi16,0,,
Pi4k2a,Pi4k2a,-0.0521,-3.5001,3.3324
Pi4k2b,Pi4k2b,-0.004,-1.3016,0.7144
Pi4ka,Pi4ka,-0.0034,-1.9133,1.254
Pi4kb,Pi4kb,-0.0235,-2.6544,2.1
Pias1,Pias1,0.0003,-2.5931,2.0218
Pias2,Pias2,-0.0488,-3.5773,3.4595
Pias3,Pias3,-0.0189,-1.6505,1.005
Pias4,Pias4,0.0011,-0.7982,0.3719
Pibf1,Pibf1,-0.0127,-1.3016,0.7144
Picalm,Picalm,0.1052,-1.7205,1.0689
Pick1,Pick1,-0.0174,-2.5433,1.9594
Pid1,Pid1,0.0176,-1.1856,0.6275
Pif1,Pif1,0,,
Piga,Piga,-0.006,-2.4881,1.8914
Pigb,Pigb,-0.0281,-3.6229,3.5356
Pigc,Pigc,-0.046,-3.8261,3.8855
Pigf,Pigf,0.0173,0.246,0.0938
Pigg,Pigg,0.013,-3.3162,3.0397
Pigh,Pigh,-0.0681,-4.1262,4.4332
Pigk,Pigk,-0.0935,-5.3299,7.0075
Pigl,Pigl,-0.012,-2.4881,1.8914
Pigm,Pigm,0.0002,-1.3703,0.768
Pign,Pign,-0.023,-2.8765,2.3957
Pigo,Pigo,0.0338,1.3956,0.7883
Pigp,Pigp,-0.0195,-2.9079,2.439
Pigq,Pigq,0.0115,-2.4219,1.8113
Pigr,Pigr,0,,
Pigs,Pigs,-0.0737,-5.7199,7.9723
Pigt,Pigt,0.0103,-0.3426,0.1356
Pigu,Pigu,-0.031,-2.8629,2.377
Pigv,Pigv,-0.0377,-3.4348,3.2269
Pigw,Pigw,0,,
Pigx,Pigx,-0.0074,-2.0587,1.4032
Pigy,Pigy,0.0015,-0.9001,0.4341
Pigyl,Pigyl,0.0506,-1.5109,0.8834
Pigz,Pigz,0.0016,-0.5167,0.218
Pih1d1,Pih1d1,0.0116,-1.1882,0.6294
Pih1d2,Pih1d2,0,,
Pik3ap1,Pik3ap1,0.1287,-0.3101,0.1212
Pik3c2a,Pik3c2a,-0.0084,-1.8127,1.1557
Pik3c2b,Pik3c2b,0.0087,-0.3371,0.1331
Pik3c2g,Pik3c2g,0,,
Pik3c3,Pik3c3,0.0501,-0.5797,0.2502
Pik3ca,Pik3ca,0.0142,-3.0537,2.6458
Pik3cb,Pik3cb,-0.0347,-3.8568,3.9397
Pik3cd,Pik3cd,0.0254,-1.5989,0.9592
Pik3cg,Pik3cg,-0.111,-5.0946,6.4565
Pik3ip1,Pik3ip1,-0.0184,-1.8054,1.1486
Pik3r1,Pik3r1,0.0939,-0.9817,0.4865
Pik3r2,Pik3r2,0.042,-0.1493,0.0549
Pik3r3,Pik3r3,0,,
Pik3r4,Pik3r4,-0.0676,-4.0567,4.3029
Pik3r5,Pik3r5,-0.0458,-4.7707,5.7362
Pik3r6,Pik3r6,0.0216,-0.0348,0.0122
Pikfyve,Pikfyve,-0.0077,-2.0286,1.3716
Pilra,Pilra,-0.0157,-2.9403,2.4843
Pilrb1,Pilrb1,0,,
Pilrb2,Pilrb2,0.01,0.6927,0.3111
Pim1,Pim1,-0.0336,-1.0542,0.5349
Pim2,Pim2,0.0004,-0.5167,0.218
Pim3,Pim3,-0.0419,-3.6471,3.5764
Pin1,Pin1,0.1176,-0.1274,0.0464
Pin1-ps1,Pin1-ps1,0,,
Pin4,Pin4,0.005,-0.7413,0.3386
Pink1,Pink1,0.1024,-1.9102,1.2509
Pinx1,Pinx1,0.0042,-0.282,0.1091
Pion,Pion,-0.0452,-3.9595,4.1244
Pip,Pip,0,,
Pip4k2a,Pip4k2a,0.0787,-2.2674,1.6314
Pip4k2b,Pip4k2b,0.0986,-0.0645,0.0229
Pip4k2c,Pip4k2c,-0.0181,-1.8566,1.1981
Pip5k1a,Pip5k1a,0.0106,-1.74,1.087
Pip5k1b,Pip5k1b,0,,
Pip5k1c,Pip5k1c,-0.0143,-3.807,3.8518
Pip5kl1,Pip5kl1,0,,
Pipox,Pipox,0,,
Pir,Pir,0,,
Pira2,Pira2,0.0017,0.6927,0.3111
Pira5,Pira5,0,,
Pirt,Pirt,0,,
Pisd,Pisd,-0.0269,-3.2879,2.9959
Pisd-ps1,Pisd-ps1,-0.0053,-1.3035,0.7158
Pisd-ps2,Pisd-ps2,0.0008,0.6927,0.3111
Pitpna,Pitpna,0.1564,-0.4198,0.1709
Pitpnb,Pitpnb,-0.0951,-5.0193,6.2852
Pitpnc1,Pitpnc1,-0.0466,-2.0879,1.4341
Pitpnm1,Pitpnm1,0.0298,-0.3709,0.1483
Pitpnm2,Pitpnm2,0,,
Pitpnm3,Pitpnm3,0,,
Pitrm1,Pitrm1,-0.0029,-1.3404,0.7444
Pitx1,Pitx1,0,,
Pitx2,Pitx2,0,,
Pitx3,Pitx3,0,,
Piwil1,Piwil1,-0.0086,-1.431,0.8169
Piwil2,Piwil2,0,,
Piwil4,Piwil4,0,,
Pja1,Pja1,-0.0281,-2.7293,2.1975
Pja2,Pja2,0.0081,-2.7869,2.274
Pkd1,Pkd1,-0.0293,-2.5735,1.9971
Pkd1l1,Pkd1l1,0.005,0.6927,0.3111
Pkd1l2,Pkd1l2,0,,
Pkd1l3,Pkd1l3,0,,
Pkd2,Pkd2,-0.0112,-2.2231,1.5816
Pkd2l1,Pkd2l1,0,,
Pkd2l2,Pkd2l2,0,,
Pkdcc,Pkdcc,-0.0091,-0.7425,0.3394
Pkdrej,Pkdrej,0,,
Pkhd1,Pkhd1,0,,
Pkhd1l1,Pkhd1l1,0,,
Pkia,Pkia,-0.0133,-0.5226,0.2209
Pkib,Pkib,-0.0487,-3.8536,3.9341
Pkig,Pkig,0.1151,-0.9339,0.4555
Pklr,Pklr,0,,
Pkm2,Pkm2,-0.2114,-5.1504,6.585
Pkmyt1,Pkmyt1,-0.004,-0.5196,0.2194
Pkn1,Pkn1,-0.0166,-2.2904,1.6576
Pkn2,Pkn2,0.0091,-3.0971,2.709
Pkn3,Pkn3,-0.0017,-1.431,0.8169
Pknox1,Pknox1,0.0001,-0.0545,0.0193
Pknox2,Pknox2,0,,
Pkp1,Pkp1,0,,
Pkp2,Pkp2,-0.0069,-2.0286,1.3716
Pkp3,Pkp3,0.0112,0.9835,0.4876
Pkp4,Pkp4,-0.0146,-3.4229,3.208
Pla1a,Pla1a,0,,
Pla2g10,Pla2g10,0,,
Pla2g12a,Pla2g12a,0.0068,-1.5148,0.8867
Pla2g12b,Pla2g12b,0,,
Pla2g15,Pla2g15,-0.1443,-6.2906,9.5
Pla2g16,Pla2g16,-0.0476,-2.8992,2.427
Pla2g1b,Pla2g1b,0,,
Pla2g2a,Pla2g2a,0,,
Pla2g2c,Pla2g2c,0,,
Pla2g2d,Pla2g2d,0.016,0.3328,0.1312
Pla2g2e,Pla2g2e,0,,
Pla2g2f,Pla2g2f,0,,
Pla2g3,Pla2g3,0,,
Pla2g4a,Pla2g4a,0.0451,-1.5971,0.9576
Pla2g4b,Pla2g4b,-0.0076,-0.7342,0.3346
Pla2g4c,Pla2g4c,0,,
Pla2g4d,Pla2g4d,0,,
Pla2g4e,Pla2g4e,0,,
Pla2g4f,Pla2g4f,0,,
Pla2g5,Pla2g5,0,,
Pla2g6,Pla2g6,-0.0158,-2.2588,1.6217
Pla2g7,Pla2g7,-0.0089,-1.791,1.1349
Pla2r1,Pla2r1,0.0008,0.6927,0.3111
Plaa,Plaa,-0.0067,-1.5494,0.9162
Plac1,Plac1,0,,
Plac1l,Plac1l,0,,
Plac8,Plac8,0.0029,0.6927,0.3111
Plac8l1,Plac8l1,0,,
Plac9,Plac9,0,,
Plag1,Plag1,0,,
Plagl1,Plagl1,0,,
Plagl2,Plagl2,-0.0827,-5.1989,6.6979
Plat,Plat,0,,
Plau,Plau,-0.0575,-4.7236,5.635
Plaur,Plaur,-0.11,-4.8551,5.9197
Plb1,Plb1,0,,
Plbd1,Plbd1,0.0157,0.3286,0.1293
Plbd2,Plbd2,-0.234,-7.3955,12.8512
Plcb1,Plcb1,0,,
Plcb2,Plcb2,0.0563,0.4666,0.1933
Plcb3,Plcb3,0.0214,-3.0791,2.6827
Plcb4,Plcb4,0.0042,0.6927,0.3111
Plcd1,Plcd1,0.0131,0.4828,0.2012
Plcd3,Plcd3,0,,
Plcd4,Plcd4,0,,
Plce1,Plce1,0,,
Plcg1,Plcg1,0.0326,-1.6969,1.0472
Plcg2,Plcg2,0.019,-1.5905,0.9519
Plch1,Plch1,0,,
Plch2,Plch2,0,,
Plcl1,Plcl1,-0.0265,-1.8116,1.1546
Plcl2,Plcl2,-0.0442,-4.3358,4.838
Plcxd1,Plcxd1,-0.0171,-2.0286,1.3716
Plcxd2,Plcxd2,0,,
Plcxd3,Plcxd3,0,,
Plcz1,Plcz1,0,,
Pld1,Pld1,0.0129,-1.6547,1.0089
Pld2,Pld2,0.0071,-0.9029,0.4359
Pld3,Pld3,-0.5541,-9.2711,19.7346
Pld4,Pld4,-0.0109,-2.7066,2.1676
Pld5,Pld5,0.0042,0.6927,0.3111
Pld6,Pld6,0,,
Pldi,Pldi,0,,
Pldn,Pldn,0.0005,-1.7088,1.058
Plec,Plec,-0.0205,-2.5824,2.0082
Plek,Plek,0.1337,-1.4626,0.8429
Plek2,Plek2,0,,
Plekha1,Plekha1,-0.034,-4.6001,5.3744
Plekha2,Plekha2,-0.0284,-3.4221,3.2066
Plekha3,Plekha3,-0.0455,-1.4939,0.869
Plekha4,Plekha4,0.0008,0.6927,0.3111
Plekha5,Plekha5,0,,
Plekha6,Plekha6,0,,
Plekha7,Plekha7,-0.0137,-1.431,0.8169
Plekha8,Plekha8,0.0086,-0.0306,0.0107
Plekhb1,Plekhb1,-0.0172,-0.5819,0.2513
Plekhb2,Plekhb2,0.0896,-2.7425,2.2149
Plekhf1,Plekhf1,-0.0026,-1.431,0.8169
Plekhf2,Plekhf2,-0.058,-4.7237,5.6353
Plekhg1,Plekhg1,0,,
Plekhg2,Plekhg2,-0.0303,-2.558,1.9777
Plekhg3,Plekhg3,0.0004,0.6927,0.3111
Plekhg4,Plekhg4,0,,
Plekhg5,Plekhg5,-0.003,-0.7405,0.3382
Plekhg6,Plekhg6,0,,
Plekhh1,Plekhh1,-0.0171,-2.4881,1.8914
Plekhh2,Plekhh2,-0.1045,-5.4703,7.3474
Plekhh3,Plekhh3,-0.0094,-2.0286,1.3716
Plekhj1,Plekhj1,-0.0073,-2.0727,1.418
Plekhm1,Plekhm1,-0.0208,-3.3863,3.1497
Plekhm2,Plekhm2,-0.0814,-4.9915,6.2225
Plekhm3,Plekhm3,-0.0148,-1.0144,0.5081
Plekhn1,Plekhn1,0.0033,0.6927,0.3111
Plekho1,Plekho1,0.0421,-3.1266,2.7524
Plekho2,Plekho2,-0.0248,-2.455,1.8512
Plg,Plg,0,,
Plin1,Plin1,0,,
Plin2,Plin2,-0.1392,-6.3675,9.7164
Plin3,Plin3,0.0145,-0.8971,0.4322
Plin4,Plin4,0,,
Plin5,Plin5,0,,
Plk-ps1,Plk-ps1,0,,
Plk1,Plk1,-0.0023,-0.5167,0.218
Plk1s1,Plk1s1,-0.0068,-3.9205,4.0536
Plk2,Plk2,-0.0323,-3.8176,3.8705
Plk3,Plk3,-0.0681,-4.916,6.0538
Plk4,Plk4,-0.0073,-1.2549,0.6788
Plk5,Plk5,0,,
Pllp,Pllp,0.0166,0.6927,0.3111
Pln,Pln,0.01,0.6927,0.3111
Plod1,Plod1,-0.0378,-1.7009,1.0508
Plod2,Plod2,0,,
Plod3,Plod3,-0.0761,-3.9357,4.0812
Plp1,Plp1,0.1134,0.1412,0.0517
Plp2,Plp2,-0.0273,-3.325,3.0535
Plrg1,Plrg1,0.0058,-1.9888,1.3304
Pls1,Pls1,0.0141,0.9835,0.4876
Pls3,Pls3,0.0181,-0.0218,0.0076
Plscr1,Plscr1,-0.0175,-1.8095,1.1526
Plscr2,Plscr2,0,,
Plscr3,Plscr3,0.0096,-1.2447,0.6712
Plscr4,Plscr4,0,,
Pltp,Pltp,0.0235,0.8474,0.4014
Plvap,Plvap,0.0025,0.6927,0.3111
Plxdc1,Plxdc1,-0.1004,-5.8182,8.2255
Plxdc2,Plxdc2,-0.5734,-7.8918,14.526
Plxna1,Plxna1,0,,
Plxna2,Plxna2,-0.0365,-2.5647,1.986
Plxna3,Plxna3,0.0117,-0.7301,0.3322
Plxna4,Plxna4,0.0713,1.505,0.8783
Plxnb1,Plxnb1,0,,
Plxnb2,Plxnb2,0.0314,-3.1763,2.8263
Plxnb3,Plxnb3,0,,
Plxnc1,Plxnc1,-0.0377,-3.6312,3.5496
Plxnd1,Plxnd1,-0.0331,-3.0055,2.5766
Pm20d1,Pm20d1,0,,
Pm20d2,Pm20d2,0,,
Pmaip1,Pmaip1,-0.0122,-3.5782,3.461
Pmch,Pmch,0,,
Pmel,Pmel,-0.0017,-1.431,0.8169
Pmepa1,Pmepa1,-0.1361,-5.0924,6.4516
Pmf1,Pmf1,-0.0174,-1.4686,0.8479
Pmfbp1,Pmfbp1,0,,
Pml,Pml,-0.058,-4.156,4.4897
Pmm1,Pmm1,0.0109,-1.0318,0.5198
Pmm2,Pmm2,-0.0142,-1.391,0.7846
Pmp2,Pmp2,0,,
Pmp22,Pmp22,-0.3754,-7.898,14.5475
Pmpca,Pmpca,0.009,-0.6665,0.2966
Pmpcb,Pmpcb,0.0165,-3.553,3.4192
Pms1,Pms1,0.0067,0.9835,0.4876
Pms2,Pms2,-0.0205,-2.1934,1.5486
Pmvk,Pmvk,-0.0018,-3.0631,2.6595
Pnck,Pnck,0,,
Pnkd,Pnkd,0.0316,-0.6501,0.2877
Pnkp,Pnkp,-0.0175,-2.8376,2.3424
Pnldc1,Pnldc1,0.0013,0.6927,0.3111
Pnlip,Pnlip,0,,
Pnliprp1,Pnliprp1,-0.0026,-1.431,0.8169
Pnliprp2,Pnliprp2,0,,
Pnma1,Pnma1,0,,
Pnma2,Pnma2,0.0066,-0.5167,0.218
Pnma3,Pnma3,0,,
Pnma5,Pnma5,0,,
Pnmal1,Pnmal1,0,,
Pnmal2,Pnmal2,0,,
Pnmt,Pnmt,-0.0026,-1.431,0.8169
Pnn,Pnn,0.0261,-2.4596,1.8567
Pno1,Pno1,-0.0207,-1.8705,1.2118
Pnoc,Pnoc,0,,
Pnp,Pnp,0.1511,-0.0457,0.0161
Pnp2,Pnp2,0.004,-0.0216,0.0075
Pnpla1,Pnpla1,0,,
Pnpla2,Pnpla2,-0.0166,-1.9805,1.3219
Pnpla3,Pnpla3,0,,
Pnpla5,Pnpla5,0,,
Pnpla6,Pnpla6,-0.0071,-1.6283,0.9853
Pnpla7,Pnpla7,-0.1284,-5.7998,8.1778
Pnpla8,Pnpla8,0.0166,-1.6668,1.0197
Pnpo,Pnpo,0.033,-1.0161,0.5092
Pnpt1,Pnpt1,-0.006,-1.8808,1.2218
Pnrc1,Pnrc1,-0.2467,-6.4442,9.9346
Pnrc2,Pnrc2,-0.0892,-6.3335,9.6205
Poc1a,Poc1a,-0.0243,-2.2662,1.6301
Poc1b,Poc1b,0.0623,-0.167,0.0618
Poc5,Poc5,-0.0017,-1.431,0.8169
Podn,Podn,0,,
Podnl1,Podnl1,0,,
Podxl,Podxl,0,,
Podxl2,Podxl2,0,,
Pof1b,Pof1b,0,,
Pofut1,Pofut1,0.0327,-0.4698,0.1948
Pofut2,Pofut2,-0.0043,-3.798,3.836
Pogk,Pogk,-0.0841,-4.386,4.9376
Poglut1,Poglut1,-0.0287,-4.0196,4.2344
Pogz,Pogz,-0.0427,-2.2615,1.6247
Pola1,Pola1,0.0048,-0.3408,0.1347
Pola2,Pola2,0.0039,-0.7301,0.3322
Polb,Polb,-0.0246,-2.3815,1.7634
Pold1,Pold1,0.0005,-0.8928,0.4295
Pold2,Pold2,-0.0048,-2.1809,1.5348
Pold3,Pold3,0.0155,-0.0351,0.0123
Pold4,Pold4,0.0373,-3.1434,2.7773
Poldip2,Poldip2,-0.0841,-2.7577,2.235
Poldip3,Poldip3,0.012,-1.2194,0.6523
Pole,Pole,0.0083,0.9835,0.4876
Pole2,Pole2,-0.0162,-2.4881,1.8914
Pole3,Pole3,0.0285,-0.0194,0.0068
Pole4,Pole4,0.0841,-1.3899,0.7837
Polg,Polg,0.0625,-0.1322,0.0483
Polg2,Polg2,-0.0256,-2.2607,1.6238
Polh,Polh,0.0025,0.6927,0.3111
Poli,Poli,-0.0159,-2.1966,1.5521
Polk,Polk,-0.0213,-2.6596,2.1065
Poll,Poll,-0.0066,-2.1903,1.5451
Polm,Polm,-0.0077,-1.2573,0.6806
Poln,Poln,0,,
Polq,Polq,0,,
Polr1a,Polr1a,0.0028,-0.402,0.1626
Polr1b,Polr1b,0.0049,0.3328,0.1312
Polr1c,Polr1c,-0.014,-2.8226,2.322
Polr1d,Polr1d,0.0144,-4.0521,4.2946
Polr1e,Polr1e,0.0078,-0.337,0.1331
Polr2a,Polr2a,0.0586,-1.7695,1.1146
Polr2b,Polr2b,0,,
Polr2c,Polr2c,0.0501,-1.5729,0.9365
Polr2d,Polr2d,0.0175,-1.6016,0.9616
Polr2e,Polr2e,0.0087,-4.2947,4.7571
Polr2f,Polr2f,0.0532,-0.4084,0.1656
Polr2g,Polr2g,-0.0519,-3.5628,3.4354
Polr2h,Polr2h,0.0058,-1.2853,0.7018
Polr2i,Polr2i,0.0347,-0.5945,0.2579
Polr2j,Polr2j,-0.0447,-3.9926,4.1847
Polr2k,Polr2k,-0.0188,-2.0286,1.3716
Polr2l,Polr2l,0.0187,1.1824,0.6252
Polr3a,Polr3a,-0.0095,-1.3877,0.7819
Polr3b,Polr3b,-0.0044,-2.1873,1.5418
Polr3c,Polr3c,0.0354,0.431,0.1762
Polr3d,Polr3d,-0.006,-0.8916,0.4288
Polr3e,Polr3e,0.006,-0.8916,0.4288
Polr3f,Polr3f,-0.023,-1.7154,1.0641
Polr3g,Polr3g,0.0023,-0.0216,0.0075
Polr3gl,Polr3gl,0.0415,-0.7691,0.3547
Polr3h,Polr3h,0.0062,-0.7427,0.3394
Polr3k,Polr3k,-0.0135,-2.5946,2.0237
Polrmt,Polrmt,0.0097,-0.7288,0.3315
Pom121,Pom121,-0.0828,-4.2729,4.7146
Pom121l12,Pom121l12,0,,
Pom121l2,Pom121l2,0,,
Pomc,Pomc,-0.0026,-1.431,0.8169
Pomgnt1,Pomgnt1,0.0148,-1.3596,0.7595
Pomp,Pomp,-0.0443,-4.706,5.5976
Pomt1,Pomt1,-0.0135,-1.8406,1.1825
Pomt2,Pomt2,-0.0196,-3.8176,3.8705
Pon1,Pon1,0,,
Pon2,Pon2,-0.0396,-4.1786,4.5326
Pon3,Pon3,-0.0896,-4.449,5.064
Pop1,Pop1,0.0112,0.6927,0.3111
Pop4,Pop4,0.026,-0.0206,0.0072
Pop5,Pop5,-0.0115,-3.14,2.7722
Pop7,Pop7,-0.046,-4.3909,4.9473
Popdc2,Popdc2,0,,
Popdc3,Popdc3,0,,
Por,Por,-0.0138,-2.2181,1.576
Porcn,Porcn,0.0017,0.6927,0.3111
Postn,Postn,-0.0999,-4.4102,4.9861
Pot1a,Pot1a,-0.0011,-0.574,0.2472
Pot1b,Pot1b,0,,
Poteg,Poteg,0,,
Pou1f1,Pou1f1,0,,
Pou2af1,Pou2af1,0,,
Pou2f1,Pou2f1,-0.0039,-1.9153,1.256
Pou2f2,Pou2f2,0.0272,-0.3123,0.1222
Pou2f3,Pou2f3,0,,
Pou2f3-rs1,Pou2f3-rs1,0,,
Pou3f1,Pou3f1,0,,
Pou3f2,Pou3f2,0,,
Pou3f3,Pou3f3,0,,
Pou3f4,Pou3f4,0,,
Pou4f1,Pou4f1,0,,
Pou4f2,Pou4f2,0,,
Pou4f3,Pou4f3,0,,
Pou5f1,Pou5f1,0,,
Pou6f1,Pou6f1,0.0048,-0.3408,0.1347
Pou6f2,Pou6f2,-0.0017,-1.431,0.8169
Ppa1,Ppa1,0.0602,0.7694,0.3549
Ppa2,Ppa2,-0.0053,-0.5537,0.2367
Ppan,Ppan,-0.0269,-2.8402,2.3459
Ppap2a,Ppap2a,-0.2236,-6.3771,9.7437
Ppap2b,Ppap2b,-0.0101,-0.3501,0.1389
Ppap2c,Ppap2c,-0.0208,-2.5407,1.9561
Ppapdc1a,Ppapdc1a,0,,
Ppapdc1b,Ppapdc1b,-0.039,-2.878,2.3977
Ppapdc2,Ppapdc2,0.0238,-2.2057,1.5621
Ppapdc3,Ppapdc3,0.0112,-0.0168,0.0059
Ppara,Ppara,0,,
Ppard,Ppard,-0.0488,-4.9271,6.0785
Pparg,Pparg,0.0104,0.9835,0.4876
Ppargc1a,Ppargc1a,-0.0051,-1.431,0.8169
Ppargc1b,Ppargc1b,0.0021,0.6927,0.3111
Ppat,Ppat,0.0099,-0.0168,0.0059
Ppbp,Ppbp,0,,
Ppcdc,Ppcdc,-0.0086,-2.5837,2.01
Ppcs,Ppcs,0.0327,0.4725,0.1961
Ppdpf,Ppdpf,0.0369,0.788,0.3658
Ppef1,Ppef1,0,,
Ppef2,Ppef2,0,,
Ppfia1,Ppfia1,0.0651,0.7406,0.3382
Ppfia2,Ppfia2,0.0042,0.6927,0.3111
Ppfia3,Ppfia3,0.0522,0.6126,0.2675
Ppfia4,Ppfia4,-0.0391,-4.3864,4.9384
Ppfibp1,Ppfibp1,0.004,-1.1432,0.597
Ppfibp2,Ppfibp2,0.0458,1.0518,0.5333
Pphln1,Pphln1,0.0185,-0.7287,0.3314
Ppia,Ppia,0.0021,-0.9029,0.4359
Ppib,Ppib,-0.1883,-6.0782,8.9152
Ppic,Ppic,0,,
Ppid,Ppid,-0.0142,-2.3532,1.7302
Ppie,Ppie,0.0325,1.0455,0.529
Ppif,Ppif,-0.0086,-1.4659,0.8456
Ppig,Ppig,0.0624,-2.4728,1.8727
Ppih,Ppih,-0.0015,-1.2942,0.7086
Ppil1,Ppil1,-0.0071,-1.7696,1.1147
Ppil2,Ppil2,-0.0356,-3.5885,3.4781
Ppil3,Ppil3,-0.0082,-1.7798,1.1243
Ppil4,Ppil4,-0.0101,-1.5615,0.9266
Ppil6,Ppil6,0,,
Ppip5k1,Ppip5k1,-0.0016,-1.7764,1.1211
Ppip5k2,Ppip5k2,-0.0167,-1.1682,0.6149
Ppl,Ppl,0,,
Ppm1a,Ppm1a,-0.0591,-3.6814,3.6345
Ppm1b,Ppm1b,0.0285,-1.657,1.0109
Ppm1d,Ppm1d,-0.0547,-4.2842,4.7366
Ppm1e,Ppm1e,-0.0137,-3.5308,3.3826
Ppm1f,Ppm1f,0.0246,-0.8971,0.4322
Ppm1g,Ppm1g,-0.0096,-2.9611,2.5135
Ppm1h,Ppm1h,-0.0718,-4.3324,4.8313
Ppm1j,Ppm1j,-0.0162,-2.8765,2.3957
Ppm1k,Ppm1k,-0.0131,-1.6535,1.0078
Ppm1l,Ppm1l,-0.0218,-1.6179,0.976
Ppm1m,Ppm1m,0.0808,-0.0725,0.0259
Ppm1n,Ppm1n,0,,
Ppme1,Ppme1,-0.0212,-3.329,3.0596
Ppox,Ppox,-0.005,-0.574,0.2472
Ppp1ca,Ppp1ca,0.1647,-2.188,1.5425
Ppp1cb,Ppp1cb,0.0508,-0.8097,0.3787
Ppp1cc,Ppp1cc,0.0007,-1.7596,1.1053
Ppp1r10,Ppp1r10,-0.0335,-2.7864,2.2733
Ppp1r11,Ppp1r11,-0.0644,-4.4064,4.9784
Ppp1r12a,Ppp1r12a,-0.0212,-1.5734,0.9369
Ppp1r12b,Ppp1r12b,-0.0041,-0.7363,0.3358
Ppp1r12c,Ppp1r12c,-0.005,-3.06,2.655
Ppp1r13b,Ppp1r13b,0.0112,-0.7301,0.3322
Ppp1r13l,Ppp1r13l,0.0099,-0.0168,0.0059
Ppp1r14a,Ppp1r14a,0.0029,0.6927,0.3111
Ppp1r14b,Ppp1r14b,0.0353,-1.9899,1.3316
Ppp1r14c,Ppp1r14c,0,,
Ppp1r14d,Ppp1r14d,0,,
Ppp1r15a,Ppp1r15a,0.0077,-3.4199,3.2032
Ppp1r15b,Ppp1r15b,-0.0294,-3.4604,3.2682
Ppp1r16a,Ppp1r16a,-0.0007,-2.5537,1.9723
Ppp1r16b,Ppp1r16b,0.0112,0.9835,0.4876
Ppp1r1a,Ppp1r1a,0,,
Ppp1r1b,Ppp1r1b,0.0042,0.6927,0.3111
Ppp1r1c,Ppp1r1c,0,,
Ppp1r2,Ppp1r2,0.0418,0.006,0.0021
Ppp1r3a,Ppp1r3a,0,,
Ppp1r3b,Ppp1r3b,0.0325,-1.5298,0.8994
Ppp1r3c,Ppp1r3c,0.0053,0.3245,0.1275
Ppp1r3d,Ppp1r3d,-0.0285,-2.908,2.4393
Ppp1r3e,Ppp1r3e,0.0093,-0.7301,0.3322
Ppp1r3f,Ppp1r3f,0.003,-1.8012,1.1447
Ppp1r3g,Ppp1r3g,0,,
Ppp1r7,Ppp1r7,-0.0134,-1.9914,1.3331
Ppp1r8,Ppp1r8,0.0004,-1.1618,0.6102
Ppp1r9a,Ppp1r9a,0.0881,0.4455,0.1831
Ppp1r9b,Ppp1r9b,0.1603,-3.0533,2.6452
Ppp2ca,Ppp2ca,0.036,-3.0605,2.6556
Ppp2cb,Ppp2cb,-0.0525,-3.9424,4.0933
Ppp2r1a,Ppp2r1a,0.0065,-2.9515,2.5
Ppp2r1b,Ppp2r1b,0.0515,0.1128,0.0409
Ppp2r2a,Ppp2r2a,0.0404,-2.6684,2.1179
Ppp2r2b,Ppp2r2b,0,,
Ppp2r2c,Ppp2r2c,0,,
Ppp2r2d,Ppp2r2d,-0.0407,-2.5656,1.9872
Ppp2r3a,Ppp2r3a,0.0423,1.8528,1.1945
Ppp2r3c,Ppp2r3c,0.0338,-0.1737,0.0644
Ppp2r4,Ppp2r4,-0.0205,-3.9243,4.0606
Ppp2r5a,Ppp2r5a,0.0142,-1.0225,0.5135
Ppp2r5b,Ppp2r5b,0.0025,0.6927,0.3111
Ppp2r5c,Ppp2r5c,0.099,-1.2658,0.687
Ppp2r5d,Ppp2r5d,0.0258,-0.8954,0.4311
Ppp2r5e,Ppp2r5e,0.053,-0.4597,0.1899
Ppp3ca,Ppp3ca,0.044,-2.0978,1.4446
Ppp3cb,Ppp3cb,-0.0938,-3.5042,3.3391
Ppp3cc,Ppp3cc,-0.0176,-2.2551,1.6175
Ppp3r1,Ppp3r1,-0.0031,-3.2461,2.9318
Ppp3r2,Ppp3r2,0,,
Ppp4c,Ppp4c,0.0689,1.0205,0.5122
Ppp4r1,Ppp4r1,-0.031,-3.0235,2.6022
Ppp4r1l-ps,Ppp4r1l-ps,-0.0039,-0.7405,0.3382
Ppp4r2,Ppp4r2,0.0432,-1.4024,0.7937
Ppp4r4,Ppp4r4,0,,
Ppp5c,Ppp5c,0.0424,-0.5336,0.2265
Ppp6c,Ppp6c,0.0346,-1.0836,0.5551
Ppp6r1,Ppp6r1,0.1893,0.0389,0.0137
Ppp6r2,Ppp6r2,-0.0026,-1.431,0.8169
Ppp6r3,Ppp6r3,-0.0042,-1.5538,0.92
Pppde1,Pppde1,0.014,-1.3278,0.7346
Pppde2,Pppde2,0.0134,-1.2395,0.6672
Pprc1,Pprc1,-0.0452,-2.3594,1.7375
Ppt1,Ppt1,-0.0499,-4.5593,5.2896
Ppt2,Ppt2,-0.0435,-4.0314,4.2561
Pptc7,Pptc7,0.0407,-0.6202,0.2715
Ppwd1,Ppwd1,-0.0027,-1.3016,0.7144
Ppy,Ppy,0,,
Ppyr1,Ppyr1,0,,
Pqbp1,Pqbp1,0.1108,-1.2559,0.6795
Pqlc1,Pqlc1,-0.0324,-4.2893,4.7465
Pqlc2,Pqlc2,-0.0781,-5.0724,6.4057
Pqlc3,Pqlc3,-0.0361,-4.0249,4.2441
Praf2,Praf2,0.021,-1.0457,0.5292
Pram1,Pram1,0,,
Prame,Prame,0,,
Pramef12,Pramef12,0,,
Pramef17,Pramef17,0,,
Pramef6,Pramef6,0,,
Pramef8,Pramef8,-0.0427,-2.27,1.6343
Pramel,Pramel,0,,
Pramel1,Pramel1,0,,
Pramel3,Pramel3,0,,
Pramel4,Pramel4,0,,
Pramel5,Pramel5,0,,
Pramel6,Pramel6,0,,
Pramel7,Pramel7,0,,
Prap1,Prap1,0,,
Prb1,Prb1,0,,
Prc1,Prc1,0.0309,1.3956,0.7883
Prcc,Prcc,-0.0281,-0.7384,0.337
Prcp,Prcp,-0.0698,-5.1209,6.5169
Prdm1,Prdm1,-0.0847,-3.9208,4.0542
Prdm10,Prdm10,-0.0017,-2.0286,1.3716
Prdm11,Prdm11,-0.0125,-0.912,0.4416
Prdm12,Prdm12,0,,
Prdm13,Prdm13,0,,
Prdm14,Prdm14,0,,
Prdm15,Prdm15,-0.0069,-1.2597,0.6824
Prdm16,Prdm16,0.0036,-0.5167,0.218
Prdm2,Prdm2,-0.0411,-1.8949,1.2357
Prdm4,Prdm4,0.0121,-0.4816,0.2006
Prdm5,Prdm5,0,,
Prdm6,Prdm6,0,,
Prdm8,Prdm8,0,,
Prdm9,Prdm9,0.0104,0.6927,0.3111
Prdx1,Prdx1,-0.0457,-3.224,2.8983
Prdx2,Prdx2,0.0355,-2.8441,2.3512
Prdx2-rs3,Prdx2-rs3,0,,
Prdx3,Prdx3,0.0261,-2.2299,1.5892
Prdx4,Prdx4,-0.2672,-8.6712,17.369
Prdx5,Prdx5,0.0418,-3.4879,3.3127
Prdx6,Prdx6,-0.0431,-4.1555,4.4887
Prdx6-ps2,Prdx6-ps2,0,,
Prdx6b,Prdx6b,0,,
Preb,Preb,0.0107,-1.9574,1.2984
Prelid1,Prelid1,-0.0141,-4.5944,5.3626
Prelid2,Prelid2,-0.0077,-1.8379,1.18
Prelp,Prelp,0,,
Prep,Prep,0.0127,-2.3002,1.6688
Prepl,Prepl,0.0006,-2.2551,1.6175
Prex1,Prex1,0.2193,-0.2991,0.1164
Prex2,Prex2,0,,
Prf1,Prf1,0,,
Prg2,Prg2,0,,
Prg3,Prg3,0,,
Prg4,Prg4,0,,
Prh1,Prh1,0,,
Prhoxnb,Prhoxnb,0,,
Prickle1,Prickle1,-0.0381,-4.0854,4.3566
Prickle2,Prickle2,0,,
Prickle3,Prickle3,-0.0048,-0.7384,0.337
Prickle4,Prickle4,-0.1196,-5.7756,8.1153
Prim1,Prim1,0.0042,1.2069,0.6431
Prim2,Prim2,0.0137,-0.8916,0.4288
Prima1,Prima1,0,,
Prkaa1,Prkaa1,-0.0186,-2.8629,2.377
Prkaa2,Prkaa2,-0.0247,-3.5308,3.3826
Prkab1,Prkab1,0.009,-1.8224,1.165
Prkab2,Prkab2,-0.0034,-1.431,0.8169
Prkaca,Prkaca,-0.0041,-3.339,3.0754
Prkaca-ps1,Prkaca-ps1,0,,
Prkacb,Prkacb,0.0271,-0.4301,0.1758
Prkag1,Prkag1,-0.0145,-2.8783,2.3981
Prkag2,Prkag2,0.0144,0.3286,0.1293
Prkag3,Prkag3,0,,
Prkar1a,Prkar1a,-0.0466,-4.4947,5.157
Prkar1b,Prkar1b,0.0225,0.1972,0.0738
Prkar2a,Prkar2a,0.033,-2.5833,2.0094
Prkar2b,Prkar2b,0,,
Prkca,Prkca,0.0363,-2.2777,1.6431
Prkcb,Prkcb,0.0682,-1.8156,1.1584
Prkcc,Prkcc,0,,
Prkcd,Prkcd,-0.0754,-4.9952,6.2309
Prkcdbp,Prkcdbp,0,,
Prkce,Prkce,-0.0146,-1.2793,0.6972
Prkch,Prkch,-0.0237,-1.1682,0.6149
Prkci,Prkci,-0.0332,-3.9356,4.0811
Prkcq,Prkcq,-0.0017,-1.431,0.8169
Prkcsh,Prkcsh,-0.0133,-4.5126,5.1936
Prkcz,Prkcz,-0.0009,-0.3482,0.1381
Prkd1,Prkd1,0,,
Prkd2,Prkd2,-0.0031,-1.2501,0.6751
Prkd3,Prkd3,-0.0156,-2.2,1.5559
Prkdc,Prkdc,0.0118,-0.8928,0.4295
Prkg1,Prkg1,0,,
Prkg2,Prkg2,0.0104,0.6927,0.3111
Prkra,Prkra,0.0068,-1.5173,0.8888
Prkrip1,Prkrip1,0.0246,-1.9367,1.2775
Prkrir,Prkrir,-0.0004,-0.7419,0.339
Prkx,Prkx,0.0147,-1.5076,0.8806
Prl,Prl,0,,
Prl2a1,Prl2a1,0,,
Prl2b1,Prl2b1,0,,
Prl2c1,Prl2c1,0,,
Prl2c2,Prl2c2,0,,
Prl2c3,Prl2c3,0,,
Prl2c5,Prl2c5,0,,
Prl3a1,Prl3a1,0,,
Prl3b1,Prl3b1,0,,
Prl3c1,Prl3c1,0,,
Prl3d1,Prl3d1,0,,
Prl3d2,Prl3d2,0,,
Prl3d3,Prl3d3,0,,
Prl4a1,Prl4a1,0,,
Prl5a1,Prl5a1,0,,
Prl6a1,Prl6a1,0,,
Prl7a1,Prl7a1,0,,
Prl7a2,Prl7a2,0,,
Prl7b1,Prl7b1,0,,
Prl7c1,Prl7c1,0,,
Prl7d1,Prl7d1,0,,
Prl8a1,Prl8a1,0,,
Prl8a2,Prl8a2,0,,
Prl8a6,Prl8a6,0,,
Prl8a8,Prl8a8,0,,
Prl8a9,Prl8a9,0,,
Prlh,Prlh,0,,
Prlhr,Prlhr,0,,
Prlr,Prlr,-0.0009,-1.431,0.8169
Prm1,Prm1,0,,
Prm2,Prm2,0,,
Prm3,Prm3,0,,
Prmt1,Prmt1,-0.0294,-1.8102,1.1532
Prmt10,Prmt10,0.0209,-1.7637,1.1091
Prmt2,Prmt2,0.0129,-0.2475,0.0945
Prmt3,Prmt3,0.0226,-1.1422,0.5962
Prmt5,Prmt5,-0.016,-3.2,2.862
Prmt6,Prmt6,-0.0167,-2.6561,2.1022
Prmt7,Prmt7,0.0393,-0.9793,0.4849
Prmt8,Prmt8,0,,
Prnd,Prnd,0,,
Prnp,Prnp,-0.0747,-5.4685,7.343
Proc,Proc,0,,
Proca1,Proca1,0,,
Procr,Procr,-0.0086,-2.8871,2.4103
Prodh,Prodh,-0.0001,-0.5167,0.218
Prodh2,Prodh2,0,,
Prok1,Prok1,0,,
Prok2,Prok2,0,,
Prokr1,Prokr1,0,,
Prokr2,Prokr2,0,,
Prol1,Prol1,0,,
Prom1,Prom1,0,,
Prom2,Prom2,0.0079,-0.5167,0.218
Prop1,Prop1,0,,
Prorsd1,Prorsd1,-0.0051,-3.0455,2.634
Pros1,Pros1,-0.0645,-3.6341,3.5545
Prosapip1,Prosapip1,-0.0213,-3.8176,3.8705
Prosc,Prosc,0.0105,-0.7343,0.3347
Prox1,Prox1,-0.0009,-1.431,0.8169
Prox2,Prox2,0,,
Proz,Proz,0,,
Prp2,Prp2,0,,
Prpf18,Prpf18,-0.0272,-1.5735,0.9371
Prpf19,Prpf19,0.0819,-1.0076,0.5036
Prpf3,Prpf3,-0.03,-2.5222,1.9332
Prpf31,Prpf31,-0.0374,-4.5997,5.3736
Prpf38a,Prpf38a,-0.0142,-1.7815,1.126
Prpf38b,Prpf38b,-0.059,-3.8351,3.9012
Prpf39,Prpf39,-0.0337,-2.1468,1.4974
Prpf4,Prpf4,-0.0436,-3.4208,3.2046
Prpf40a,Prpf40a,0.0929,-1.5577,0.9233
Prpf40b,Prpf40b,-0.0146,-1.8095,1.1526
Prpf4b,Prpf4b,-0.0046,-2.1315,1.4809
Prpf6,Prpf6,0.0376,-1.7639,1.1093
Prpf8,Prpf8,0.0602,-3.0356,2.6197
Prph,Prph,0,,
Prph2,Prph2,0,,
Prpmp5,Prpmp5,0,,
Prps1,Prps1,-0.0094,-1.5606,0.9259
Prps1l1,Prps1l1,0,,
Prps1l3,Prps1l3,0.0049,-0.0168,0.0059
Prps2,Prps2,0.0545,-1.7889,1.1329
Prpsap1,Prpsap1,-0.0191,-2.8611,2.3745
Prpsap2,Prpsap2,0.0271,-2.2214,1.5797
Prr11,Prr11,0.012,1.2069,0.6431
Prr12,Prr12,0.0046,-0.8941,0.4303
Prr13,Prr13,0.0927,-1.1854,0.6273
Prr14,Prr14,-0.0097,-2.18,1.5337
Prr15,Prr15,-0.0162,-3.8177,3.8706
Prr15l,Prr15l,0,,
Prr16,Prr16,0,,
Prr18,Prr18,0.0171,-0.7301,0.3322
Prr19,Prr19,0,,
Prr22,Prr22,0,,
Prr23a,Prr23a,0,,
Prr24,Prr24,-0.0362,-2.8937,2.4193
Prr3,Prr3,-0.0265,-3.1041,2.7194
Prr5,Prr5,0.0045,-0.5167,0.218
Prr5l,Prr5l,-0.079,-3.6134,3.5198
Prr7,Prr7,-0.0043,-1.431,0.8169
Prr9,Prr9,0,,
Prrc1,Prrc1,-0.0703,-4.0607,4.3104
Prrc2a,Prrc2a,-0.0208,-3.142,2.7752
Prrc2b,Prrc2b,-0.0227,-3.6112,3.516
Prrc2c,Prrc2c,0.1526,-1.0927,0.5614
Prrg1,Prrg1,0,,
Prrg2,Prrg2,-0.0118,-2.1871,1.5416
Prrg3,Prrg3,0,,
Prrg4,Prrg4,0,,
Prrt1,Prrt1,0,,
Prrt2,Prrt2,-0.0017,-1.431,0.8169
Prrt3,Prrt3,-0.015,-1.2597,0.6824
Prrt4,Prrt4,0,,
Prrx1,Prrx1,0,,
Prrx2,Prrx2,0,,
Prrxl1,Prrxl1,0,,
Prss1,Prss1,0,,
Prss12,Prss12,0,,
Prss16,Prss16,0,,
Prss2,Prss2,0,,
Prss21,Prss21,0,,
Prss22,Prss22,0,,
Prss23,Prss23,0,,
Prss27,Prss27,0,,
Prss28,Prss28,0,,
Prss29,Prss29,0,,
Prss3,Prss3,0,,
Prss30,Prss30,0,,
Prss32,Prss32,0,,
Prss33,Prss33,0,,
Prss34,Prss34,0,,
Prss35,Prss35,0,,
Prss36,Prss36,-0.0017,-2.0286,1.3716
Prss37,Prss37,0,,
Prss38,Prss38,0,,
Prss39,Prss39,0,,
Prss40,Prss40,0,,
Prss41,Prss41,0,,
Prss42,Prss42,0,,
Prss43,Prss43,0,,
Prss44,Prss44,0,,
Prss45,Prss45,0,,
Prss46,Prss46,0,,
Prss47,Prss47,0,,
Prss48,Prss48,0,,
Prss50,Prss50,0,,
Prss51,Prss51,0,,
Prss52,Prss52,0,,
Prss53,Prss53,0.0013,0.6927,0.3111
Prss54,Prss54,0,,
Prss55,Prss55,0,,
Prss57,Prss57,0,,
Prss58,Prss58,0,,
Prss8,Prss8,0,,
Prtg,Prtg,0,,
Prtn3,Prtn3,0.0008,0.6927,0.3111
Prune,Prune,-0.0006,-1.3719,0.7693
Prune2,Prune2,-0.0656,-3.4048,3.1791
Prx,Prx,0,,
Psap,Psap,0.0952,-0.3401,0.1344
Psapl1,Psapl1,0,,
Psat1,Psat1,-0.2276,-6.8957,11.2707
Psca,Psca,0,,
Psd,Psd,0.0074,-0.5167,0.218
Psd2,Psd2,0,,
Psd3,Psd3,0.0008,0.6927,0.3111
Psd4,Psd4,-0.0163,-1.0144,0.5081
Psen1,Psen1,0.0182,-3.27,2.9685
Psen2,Psen2,-0.052,-2.7652,2.2449
Psenen,Psenen,0.0246,0.841,0.3975
Psg-ps1,Psg-ps1,0,,
Psg16,Psg16,0,,
Psg17,Psg17,0,,
Psg18,Psg18,0,,
Psg19,Psg19,0,,
Psg20,Psg20,0,,
Psg21,Psg21,0,,
Psg22,Psg22,0,,
Psg23,Psg23,0,,
Psg25,Psg25,0,,
Psg26,Psg26,0,,
Psg27,Psg27,0,,
Psg28,Psg28,0,,
Psg29,Psg29,0,,
Psip1,Psip1,0.0428,-0.0141,0.0049
Pskh1,Pskh1,-0.0193,-2.8969,2.4238
Psma1,Psma1,0.0572,-2.5519,1.9701
Psma2,Psma2,0.0957,-0.5441,0.2318
Psma3,Psma3,0.0051,-0.5408,0.2301
Psma4,Psma4,-0.0338,-3.3018,3.0174
Psma5,Psma5,-0.0169,-3.1886,2.8448
Psma6,Psma6,-0.0045,-2.5097,1.9178
Psma7,Psma7,0.0168,-3.5568,3.4256
Psma8,Psma8,-0.0045,-1.8012,1.1447
Psmb1,Psmb1,-0.0482,-4.5382,5.2462
Psmb10,Psmb10,-0.0474,-2.78,2.2647
Psmb11,Psmb11,0,,
Psmb2,Psmb2,0.1163,-1.0113,0.506
Psmb3,Psmb3,-0.0025,-3.3119,3.0332
Psmb4,Psmb4,0,-2.9176,2.4525
Psmb5,Psmb5,-0.0696,-3.8796,3.9803
Psmb5-ps,Psmb5-ps,0,,
Psmb6,Psmb6,-0.0034,-3.9242,4.0604
Psmb6-ps,Psmb6-ps,0.0046,0.6927,0.3111
Psmb7,Psmb7,-0.0075,-2.3873,1.7702
Psmb7-ps2,Psmb7-ps2,0,,
Psmb8,Psmb8,0.1015,-2.5174,1.9274
Psmb9,Psmb9,-0.0051,-2.8464,2.3545
Psmc1,Psmc1,0.0785,-0.7555,0.3469
Psmc2,Psmc2,-0.0045,-4.0109,4.2183
Psmc3,Psmc3,0.1248,-0.9924,0.4935
Psmc3ip,Psmc3ip,0,,
Psmc4,Psmc4,0.0076,-1.6293,0.9861
Psmc5,Psmc5,0.025,-1.3035,0.7158
Psmc6,Psmc6,-0.0792,-5.5986,7.6654
Psmd1,Psmd1,0.0927,-2.601,2.0317
Psmd10,Psmd10,0.0204,-1.8091,1.1522
Psmd11,Psmd11,0.0208,-1.04,0.5253
Psmd12,Psmd12,0.0284,-4.5759,5.324
Psmd13,Psmd13,-0.0209,-3.2226,2.8961
Psmd14,Psmd14,-0.0399,-2.641,2.0827
Psmd2,Psmd2,-0.0166,-3.0321,2.6146
Psmd3,Psmd3,-0.0269,-3.0812,2.6858
Psmd4,Psmd4,-0.0188,-1.9502,1.2911
Psmd5,Psmd5,-0.006,-1.8313,1.1736
Psmd6,Psmd6,-0.0919,-5.421,7.2272
Psmd7,Psmd7,0.0397,-1.3843,0.7792
Psmd8,Psmd8,0.0708,-3.1313,2.7594
Psmd9,Psmd9,-0.044,-5.0239,6.2955
Psme1,Psme1,0.1482,-1.8836,1.2246
Psme2,Psme2,0.0131,-3.3156,3.0388
Psme2b-ps,Psme2b-ps,0.0022,-2.5838,2.01
Psme3,Psme3,0.0272,0.1212,0.0441
Psme4,Psme4,0.017,-3.0796,2.6834
Psmf1,Psmf1,0.0006,-1.7951,1.1389
Psmg1,Psmg1,-0.0091,-2.5558,1.9749
Psmg2,Psmg2,0.0179,-0.8774,0.4199
Psmg3,Psmg3,-0.0185,-2.849,2.358
Psmg4,Psmg4,0.0296,-1.9472,1.2881
Psors1c2,Psors1c2,0,,
Pspc1,Pspc1,-0.0012,-0.8072,0.3772
Psph,Psph,0.0393,-0.1798,0.0669
Pspn,Pspn,0,,
Psrc1,Psrc1,0.0004,-0.5167,0.218
Pstk,Pstk,0.0092,-0.9207,0.4471
Pstpip1,Pstpip1,-0.01,-1.7713,1.1163
Pstpip2,Pstpip2,0,,
Ptafr,Ptafr,-0.0555,-4.3846,4.9348
Ptar1,Ptar1,0.0236,0.9835,0.4876
Ptbp1,Ptbp1,0.0197,-0.3558,0.1415
Ptbp2,Ptbp2,0.0054,0.3328,0.1312
Ptcd1,Ptcd1,0.0048,-1.5356,0.9044
Ptcd2,Ptcd2,0.015,-1.2575,0.6807
Ptcd3,Ptcd3,0.0096,-0.8967,0.432
Ptch1,Ptch1,0,,
Ptch2,Ptch2,0,,
Ptchd1,Ptchd1,-0.0415,-3.0957,2.707
Ptchd2,Ptchd2,0,,
Ptchd3,Ptchd3,0,,
Ptcra,Ptcra,0,,
Ptdss1,Ptdss1,-0.0114,-3.0415,2.6282
Ptdss2,Ptdss2,0.0183,-1.5111,0.8836
Pten,Pten,-0.0384,-2.4876,1.8908
Pter,Pter,0.0206,0.844,0.3994
Ptf1a,Ptf1a,0,,
Ptgdr,Ptgdr,0,,
Ptgds,Ptgds,0.0083,1.2069,0.6431
Ptger1,Ptger1,0,,
Ptger2,Ptger2,0,,
Ptger3,Ptger3,-0.0026,-1.431,0.8169
Ptger4,Ptger4,-0.0605,-4.6274,5.4314
Ptges,Ptges,0,,
Ptges2,Ptges2,-0.002,-1.8856,1.2266
Ptges3,Ptges3,0.0732,-0.0495,0.0175
Ptgfr,Ptgfr,0,,
Ptgfrn,Ptgfrn,-0.1044,-5.8092,8.2022
Ptgir,Ptgir,0,,
Ptgis,Ptgis,0,,
Ptgr1,Ptgr1,-0.0064,-2.1887,1.5434
Ptgr2,Ptgr2,0.0742,-1.3881,0.7822
Ptgs1,Ptgs1,0.2066,-1.2812,0.6987
Ptgs2,Ptgs2,-0.0788,-3.1134,2.7329
Pth,Pth,0,,
Pth1r,Pth1r,0,,
Pth2,Pth2,0,,
Pth2r,Pth2r,0,,
Pthlh,Pthlh,0,,
Ptk2,Ptk2,0.0203,1.3956,0.7883
Ptk2b,Ptk2b,-0.05,-3.3284,3.0588
Ptk6,Ptk6,0,,
Ptk7,Ptk7,-0.0026,-1.431,0.8169
Ptma,Ptma,-0.0441,-4.869,5.9502
Ptms,Ptms,0.4303,1.4409,0.825
Ptn,Ptn,0.009,-0.5167,0.218
Ptov1,Ptov1,-0.038,-3.1141,2.734
Ptp4a1,Ptp4a1,0.0074,-1.844,1.1858
Ptp4a2,Ptp4a2,0.4237,0.7314,0.333
Ptp4a3,Ptp4a3,0.0747,-0.8943,0.4304
Ptpdc1,Ptpdc1,0.0037,0.9835,0.4876
Ptpla,Ptpla,-0.0061,-1.2501,0.6751
Ptplad1,Ptplad1,-0.0741,-4.1682,4.5129
Ptplad2,Ptplad2,0.0102,-3.1944,2.8535
Ptplb,Ptplb,-0.3679,-10.198,23.6939
Ptpmt1,Ptpmt1,0.0899,-1.1192,0.5799
Ptpn1,Ptpn1,0.1262,-1.0627,0.5407
Ptpn11,Ptpn11,-0.0323,-3.4739,3.29
Ptpn12,Ptpn12,-0.0398,-3.6534,3.5871
Ptpn13,Ptpn13,0,,
Ptpn14,Ptpn14,0,,
Ptpn18,Ptpn18,0.2067,-1.2748,0.6938
Ptpn2,Ptpn2,0,-1.5967,0.9573
Ptpn20,Ptpn20,0,,
Ptpn21,Ptpn21,0.0111,-1.8339,1.1761
Ptpn22,Ptpn22,0,,
Ptpn23,Ptpn23,0.0335,-3.3997,3.1709
Ptpn3,Ptpn3,0,,
Ptpn4,Ptpn4,0.0073,0.3286,0.1293
Ptpn5,Ptpn5,0,,
Ptpn6,Ptpn6,-0.1774,-6.1119,9.0069
Ptpn7,Ptpn7,-0.0065,-1.2549,0.6788
Ptpn9,Ptpn9,0.0612,-0.0022,0.0008
Ptpra,Ptpra,-0.221,-7.7268,13.9575
Ptprb,Ptprb,0,,
Ptprc,Ptprc,-0.1037,-5.2578,6.8362
Ptprcap,Ptprcap,0,,
Ptprd,Ptprd,-0.0026,-1.431,0.8169
Ptpre,Ptpre,-0.1712,-5.8681,8.3559
Ptprf,Ptprf,0,,
Ptprg,Ptprg,-0.0077,-1.431,0.8169
Ptprh,Ptprh,0,,
Ptprj,Ptprj,0.0182,-0.978,0.484
Ptprk,Ptprk,0,,
Ptprm,Ptprm,-0.0406,-3.4058,3.1806
Ptprn,Ptprn,0,,
Ptprn2,Ptprn2,0,,
Ptpro,Ptpro,-0.088,-5.2415,6.7978
Ptprq,Ptprq,0,,
Ptprr,Ptprr,0,,
Ptprs,Ptprs,0.0295,-4.351,4.8681
Ptprt,Ptprt,0.01,0.6927,0.3111
Ptpru,Ptpru,-0.0009,-1.431,0.8169
Ptprv,Ptprv,0,,
Ptprz1,Ptprz1,0,,
Ptrf,Ptrf,-0.0009,-1.431,0.8169
Ptrh1,Ptrh1,0.0105,0.3286,0.1293
Ptrh2,Ptrh2,0.0318,-1.9919,1.3337
Pts,Pts,0.063,-0.2542,0.0973
Pttg1,Pttg1,-0.0028,-1.9502,1.2911
Pttg1ip,Pttg1ip,-0.1501,-5.3634,7.0879
Ptx3,Ptx3,0,,
Ptx4,Ptx4,0,,
Puf60,Puf60,0.0197,-2.5837,2.01
Pum1,Pum1,-0.0017,-2.5638,1.9849
Pum2,Pum2,-0.0192,-3.903,4.0222
Pura,Pura,-0.0811,-5.1648,6.6184
Purb,Purb,0.0724,-1.5026,0.8763
Purg,Purg,0.0007,-0.0216,0.0075
Pus1,Pus1,0.011,-0.0238,0.0083
Pus10,Pus10,-0.0315,-2.8477,2.3562
Pus3,Pus3,-0.0314,-2.2029,1.5591
Pus7,Pus7,0.0052,-0.9001,0.4341
Pus7l,Pus7l,0.0008,0.9835,0.4876
Pusl1,Pusl1,0.0177,0.8457,0.4004
Pvalb,Pvalb,0,,
Pvr,Pvr,-0.0197,-2.6493,2.0934
Pvrl1,Pvrl1,-0.0034,-2.0286,1.3716
Pvrl2,Pvrl2,-0.0075,-1.3843,0.7792
Pvrl3,Pvrl3,0,,
Pvrl4,Pvrl4,-0.0386,-3.367,3.1192
Pvt1,Pvt1,0.0161,0.4651,0.1926
Pwp1,Pwp1,0.0307,-0.6699,0.2985
Pwp2,Pwp2,-0.0047,-0.2909,0.1129
Pwwp2a,Pwwp2a,0.0278,-1.9942,1.336
Pwwp2b,Pwwp2b,-0.0527,-4.6406,5.4592
Pxdn,Pxdn,0,,
Pxk,Pxk,0.0955,0.8963,0.4317
Pxmp2,Pxmp2,-0.0026,-1.431,0.8169
Pxmp3,Pxmp3,-0.0761,-4.4983,5.1644
Pxmp4,Pxmp4,0.0052,-2.538,1.9528
Pxn,Pxn,0.0073,-3.0701,2.6696
Pxt1,Pxt1,0,,
Pycard,Pycard,0.0332,-3.6703,3.6158
Pycr1,Pycr1,-0.0069,-2.0286,1.3716
Pycr2,Pycr2,0.0203,-1.3955,0.7882
Pycrl,Pycrl,0.0076,-0.2346,0.0891
Pydc3,Pydc3,0,,
Pydc4,Pydc4,0.037,1.2069,0.6431
Pygb,Pygb,0.0234,-0.4938,0.2066
Pygl,Pygl,0.0301,-1.1116,0.5746
Pygm,Pygm,0,,
Pygo1,Pygo1,0,,
Pygo2,Pygo2,-0.0126,-1.4602,0.8409
Pyhin1,Pyhin1,-0.0045,-0.9904,0.4922
Pyroxd1,Pyroxd1,0.0445,0.6911,0.3103
Pyroxd2,Pyroxd2,0.0006,-0.9001,0.4341
Pyy,Pyy,0,,
Pzp,Pzp,0,,
Qars,Qars,-0.0197,-3.9435,4.0954
Qdpr,Qdpr,0.0869,-1.6858,1.037
Qk,Qk,0.1989,-0.6622,0.2943
Qpct,Qpct,-0.1713,-4.9641,6.161
Qpctl,Qpctl,0.0173,-0.5566,0.2382
Qprt,Qprt,0.0079,0.9835,0.4876
Qrfp,Qrfp,0,,
Qrfpr,Qrfpr,0,,
Qrich1,Qrich1,-0.0271,-2.3155,1.6864
Qrich2,Qrich2,0,,
Qrsl1,Qrsl1,0.0119,0.844,0.3994
Qser1,Qser1,0.0156,-0.0159,0.0055
Qsox1,Qsox1,0.0068,-1.2426,0.6695
Qsox2,Qsox2,-0.0142,-1.0601,0.539
Qtrt1,Qtrt1,-0.0007,-1.7679,1.1131
Qtrtd1,Qtrtd1,-0.0213,-2.0286,1.3716
R3hcc1,R3hcc1,0.0163,-1.4561,0.8375
R3hdm1,R3hdm1,0.005,-1.4805,0.8578
R3hdm2,R3hdm2,0.1073,-0.2992,0.1165
R3hdml,R3hdml,0,,
R74862,R74862,0.0074,0.6089,0.2655
RNaseP_nuc,RNaseP_nuc,0,,
RNase_MRP,RNase_MRP,-0.0188,-2.0286,1.3716
RP23-108F2.2,RP23-108F2.2,0,,
RP23-108F2.4,RP23-108F2.4,-0.0031,-0.5226,0.2209
RP23-108F2.41,RP23-108F2.41,0,,
RP23-108F2.6,RP23-108F2.6,0,,
RP23-115O3.9,RP23-115O3.9,-0.0051,-2.0286,1.3716
RP23-118G3.2,RP23-118G3.2,0,,
RP23-11C16.11,RP23-11C16.11,0,,
RP23-127F20.2,RP23-127F20.2,-0.0111,-1.431,0.8169
RP23-138L1.1,RP23-138L1.1,0,,
RP23-166O22.1,RP23-166O22.1,0,,
RP23-167B4.2,RP23-167B4.2,0,,
RP23-171F16.1,RP23-171F16.1,0.0013,0.6927,0.3111
RP23-171F16.2,RP23-171F16.2,0,,
RP23-171F16.3,RP23-171F16.3,-0.0035,-0.5226,0.2209
RP23-191I16.2,RP23-191I16.2,0,,
RP23-194N9.1,RP23-194N9.1,0,,
RP23-195A18.1,RP23-195A18.1,0,,
RP23-195A18.2,RP23-195A18.2,0,,
RP23-223C23.3,RP23-223C23.3,0,,
RP23-228J12.1,RP23-228J12.1,0,,
RP23-230H3.2,RP23-230H3.2,0,,
RP23-242C19.5,RP23-242C19.5,0,,
RP23-242C19.6,RP23-242C19.6,0,,
RP23-243J8.2,RP23-243J8.2,0,,
RP23-244N5.1,RP23-244N5.1,-0.0063,-1.0498,0.5319
RP23-252I12.4,RP23-252I12.4,0,,
RP23-25D18.6,RP23-25D18.6,0,,
RP23-263J2.1,RP23-263J2.1,0.0021,0.6927,0.3111
RP23-26J4.2,RP23-26J4.2,0,,
RP23-28N13.1,RP23-28N13.1,0,,
RP23-300L8.1,RP23-300L8.1,0,,
RP23-324B17.1,RP23-324B17.1,0,,
RP23-326K2.4,RP23-326K2.4,0,,
RP23-329P9.11,RP23-329P9.11,0,,
RP23-32K16.2,RP23-32K16.2,0,,
RP23-32K16.3,RP23-32K16.3,0,,
RP23-32K16.4,RP23-32K16.4,0,,
RP23-331M13.5,RP23-331M13.5,0,,
RP23-333M15.8,RP23-333M15.8,0.0055,-0.4927,0.2061
RP23-335C3.6,RP23-335C3.6,0,,
RP23-341C5.10,RP23-341C5.10,0,,
RP23-349N15.1,RP23-349N15.1,0,,
RP23-368M21.6,RP23-368M21.6,0,,
RP23-385C21.2,RP23-385C21.2,0,,
RP23-388H1.1,RP23-388H1.1,0,,
RP23-392I3.14,RP23-392I3.14,0,,
RP23-396G1.3,RP23-396G1.3,0,,
RP23-396N6.7,RP23-396N6.7,0,,
RP23-3M10.11,RP23-3M10.11,-0.0069,-2.0286,1.3716
RP23-3M10.7,RP23-3M10.7,-0.0051,-2.4881,1.8914
RP23-405M24.1,RP23-405M24.1,0,,
RP23-411N10.3,RP23-411N10.3,0,,
RP23-428N8.1,RP23-428N8.1,0.0058,0.6927,0.3111
RP23-43M12.1,RP23-43M12.1,0,,
RP23-469I15.4,RP23-469I15.4,0,,
RP23-477O24.1,RP23-477O24.1,0,,
RP23-477O24.2,RP23-477O24.2,0,,
RP23-71I22.1,RP23-71I22.1,0,,
RP23-71I22.2,RP23-71I22.2,0,,
RP23-71I22.3,RP23-71I22.3,0,,
RP23-71I22.4,RP23-71I22.4,0,,
RP23-71I22.5,RP23-71I22.5,0,,
RP23-76I20.1,RP23-76I20.1,-0.0017,-1.431,0.8169
RP23-95F15.1,RP23-95F15.1,0,,
RP24-111D1.2,RP24-111D1.2,0,,
RP24-126J17.2,RP24-126J17.2,0,,
RP24-165O16.1,RP24-165O16.1,0,,
RP24-165O16.2,RP24-165O16.2,0,,
RP24-180L10.1,RP24-180L10.1,0,,
RP24-216B4.2,RP24-216B4.2,0.0041,-0.7301,0.3322
RP24-221F4.3,RP24-221F4.3,0.0025,0.6927,0.3111
RP24-242F12.3,RP24-242F12.3,0,,
RP24-242F12.4,RP24-242F12.4,0,,
RP24-258P4.8,RP24-258P4.8,0,,
RP24-263P17.1,RP24-263P17.1,-0.0026,-1.431,0.8169
RP24-276N7.2,RP24-276N7.2,0,,
RP24-286J21.3,RP24-286J21.3,0,,
RP24-297C1.11,RP24-297C1.11,0,,
RP24-323I5.2,RP24-323I5.2,0,,
RP24-323I5.3,RP24-323I5.3,0,,
RP24-327G7.3,RP24-327G7.3,0.0077,-1.5068,0.8799
RP24-329C11.5,RP24-329C11.5,0,,
RP24-334B8.1,RP24-334B8.1,0,,
RP24-337A16.1,RP24-337A16.1,0,,
RP24-341K21.5,RP24-341K21.5,-0.0093,-2.1808,1.5347
RP24-341K21.6,RP24-341K21.6,0.005,0.9835,0.4876
RP24-345H5.2,RP24-345H5.2,0,,
RP24-346E16.1,RP24-346E16.1,0,,
RP24-370C21.2,RP24-370C21.2,0,,
RP24-443D19.4,RP24-443D19.4,0.0053,-0.5167,0.218
RP24-484G16.7,RP24-484G16.7,0.0115,-1.3766,0.7731
RP24-494L17.1,RP24-494L17.1,0,,
RP24-498F17.1,RP24-498F17.1,0,,
RP24-539E18.2,RP24-539E18.2,0.0262,1.3892,0.7831
RP24-76I6.1,RP24-76I6.1,0,,
RP24-82B18.2,RP24-82B18.2,0,,
RP24-89N4.5,RP24-89N4.5,0,,
RP24-92H14.2,RP24-92H14.2,0.1627,-1.2156,0.6495
RP24-92P15.1,RP24-92P15.1,0,,
RP24-92P15.2,RP24-92P15.2,0,,
Rab1,Rab1,-0.088,-4.9048,6.0291
Rab10,Rab10,0.0837,-3.299,3.0131
Rab11a,Rab11a,-0.0026,-3.0675,2.6658
Rab11b,Rab11b,0.0671,-2.2563,1.6189
Rab11b-ps2,Rab11b-ps2,0,0.8338,0.3932
Rab11fip1,Rab11fip1,0.0008,0.6927,0.3111
Rab11fip2,Rab11fip2,0.0079,1.2069,0.6431
Rab11fip3,Rab11fip3,0.0024,-0.0255,0.0089
Rab11fip4,Rab11fip4,-0.0294,-3.6131,3.5192
Rab11fip5,Rab11fip5,-0.1424,-6.6832,10.6312
Rab12,Rab12,0.0058,-2.2642,1.6277
Rab13,Rab13,0.0067,0.6927,0.3111
Rab14,Rab14,-0.069,-5.0084,6.2606
Rab15,Rab15,0,,
Rab17,Rab17,0,,
Rab18,Rab18,-0.0325,-3.8145,3.8649
Rab19,Rab19,0,,
Rab1b,Rab1b,0.012,-2.67,2.12
Rab20,Rab20,-0.0423,-3.7859,3.8148
Rab21,Rab21,-0.001,-1.7908,1.1348
Rab22a,Rab22a,-0.0159,-2.5213,1.9321
Rab23,Rab23,-0.024,-1.8013,1.1448
Rab24,Rab24,-0.0075,-1.9298,1.2706
Rab25,Rab25,0.0058,0.6927,0.3111
Rab26,Rab26,0,,
Rab27a,Rab27a,0.0166,-4.4698,5.1062
Rab27b,Rab27b,0,,
Rab28,Rab28,0.0117,-2.0922,1.4386
Rab2a,Rab2a,-0.0715,-5.2771,6.882
Rab2b,Rab2b,-0.0144,-1.0439,0.5279
Rab30,Rab30,0,,
Rab31,Rab31,0.0101,-2.8244,2.3245
Rab32,Rab32,0.0469,-2.507,1.9144
Rab33a,Rab33a,0,,
Rab33b,Rab33b,-0.0054,-2.1808,1.5347
Rab34,Rab34,-0.0803,-5.4881,7.3913
Rab35,Rab35,-0.058,-4.9079,6.0358
Rab36,Rab36,0,,
Rab37,Rab37,0,,
Rab38,Rab38,0,,
Rab39,Rab39,0.0009,-1.2961,0.7101
Rab39b,Rab39b,0,,
Rab3a,Rab3a,-0.0043,-2.8765,2.3957
Rab3b,Rab3b,0,,
Rab3c,Rab3c,-0.0179,-1.431,0.8169
Rab3d,Rab3d,-0.0052,-2.5359,1.9502
Rab3gap1,Rab3gap1,0.0137,-2.1075,1.4551
Rab3gap2,Rab3gap2,0.022,-0.5779,0.2493
Rab3il1,Rab3il1,0.0341,-3.0743,2.6757
Rab3ip,Rab3ip,-0.0448,-4.2853,4.7388
Rab40b,Rab40b,0,,
Rab40c,Rab40c,-0.053,-2.8575,2.3696
Rab42-ps,Rab42-ps,0.0104,0.6927,0.3111
Rab43,Rab43,0.0174,-1.433,0.8186
Rab44,Rab44,0,,
Rab4a,Rab4a,-0.0094,-2.6544,2.1
Rab4b,Rab4b,0,,
Rab5a,Rab5a,0.0032,-1.5527,0.919
Rab5b,Rab5b,0.0452,-1.9398,1.2806
Rab5c,Rab5c,0.1467,-1.6366,0.9926
Rab6,Rab6,-0.0362,-2.3724,1.7527
Rab6b,Rab6b,-0.0637,-2.6952,2.1528
Rab7,Rab7,0.0857,-3.0854,2.692
Rab7l1,Rab7l1,0.0483,0.327,0.1286
Rab8a,Rab8a,0.0601,-1.6562,1.0102
Rab8b,Rab8b,-0.0788,-4.91,6.0407
Rab9,Rab9,-0.0476,-3.0512,2.6422
Rab9b,Rab9b,0,,
Rab9b-ps1,Rab9b-ps1,0,,
Rabac1,Rabac1,-0.0967,-4.1904,4.5552
Rabep1,Rabep1,0.0413,-1.5342,0.9031
Rabep2,Rabep2,-0.0201,-2.0211,1.3638
Rabepk,Rabepk,-0.0014,-1.4617,0.8422
Rabgap1,Rabgap1,-0.0237,-3.3351,3.0693
Rabgap1l,Rabgap1l,0.0092,-2.1824,1.5364
Rabgef1,Rabgef1,0.0023,-0.9312,0.4538
Rabggta,Rabggta,0.0039,-1.7045,1.0541
Rabggtb,Rabggtb,0.0011,-2.773,2.2554
Rabif,Rabif,-0.0041,-2.5088,1.9167
Rabl2,Rabl2,0.0271,0.6089,0.2655
Rabl3,Rabl3,-0.0045,-1.8012,1.1447
Rabl5,Rabl5,0.0296,-1.9004,1.2412
Rac1,Rac1,0.2134,-0.5599,0.2399
Rac2,Rac2,0.17,-0.0904,0.0325
Rac3,Rac3,0.0305,1.8528,1.1945
Racgap1,Racgap1,-0.0005,-1.2942,0.7086
Rad1,Rad1,0,-1.3672,0.7655
Rad17,Rad17,0.0078,-1.2514,0.6762
Rad18,Rad18,0.0075,0.6927,0.3111
Rad21,Rad21,0.0338,-1.2406,0.668
Rad21l,Rad21l,0,,
Rad23a,Rad23a,0.0651,-1.0648,0.5422
Rad23b,Rad23b,0.0504,-2.1157,1.4638
Rad50,Rad50,-0.0176,-2.3729,1.7532
Rad51,Rad51,-0.0037,-1.2501,0.6751
Rad51ap1,Rad51ap1,0.0019,-1.3016,0.7144
Rad51ap2,Rad51ap2,0,,
Rad51c,Rad51c,0.0071,0.6927,0.3111
Rad51l1,Rad51l1,0,,
Rad51l3,Rad51l3,-0.0097,-0.0391,0.0138
Rad52,Rad52,-0.0018,-0.5167,0.218
Rad54b,Rad54b,0,,
Rad54l,Rad54l,0.0071,0.6927,0.3111
Rad54l2,Rad54l2,-0.0063,-2.5088,1.9167
Rad9,Rad9,0.0055,-1.8287,1.171
Rad9b,Rad9b,0.0112,0.9835,0.4876
Radil,Radil,0,,
Rae1,Rae1,-0.0135,-1.777,1.1217
Raet1c,Raet1c,0,,
Raet1d,Raet1d,0,,
Raf1,Raf1,-0.0439,-3.709,3.6817
Rag1,Rag1,0,,
Rag2,Rag2,0,,
Rai1,Rai1,-0.0543,-4.1838,4.5425
Rai12,Rai12,-0.0047,-1.5382,0.9066
Rai14,Rai14,-0.0269,-2.5246,1.9362
Rai2,Rai2,0,,
Rala,Rala,0.0646,-1.6406,0.9962
Ralb,Ralb,0.1213,-1.8245,1.167
Ralbp1,Ralbp1,-0.099,-3.6545,3.589
Ralgapa1,Ralgapa1,-0.0895,-3.8593,3.9443
Ralgapa2,Ralgapa2,0.0234,-1.1525,0.6036
Ralgapb,Ralgapb,0.0476,-0.9276,0.4515
Ralgds,Ralgds,0.004,0.6071,0.2646
Ralgps1,Ralgps1,0.0397,0.2428,0.0925
Ralgps2,Ralgps2,0.0264,0.1326,0.0484
Raly,Raly,-0.0106,-1.4589,0.8398
Ralyl,Ralyl,0,,
Ramp1,Ramp1,-0.5671,-10.8699,26.7951
Ramp2,Ramp2,0,,
Ramp3,Ramp3,0,,
Ran,Ran,0.0685,-1.9327,1.2735
Ranbp1,Ranbp1,-0.0026,-2.1672,1.5198
Ranbp10,Ranbp10,-0.0639,-4.2406,4.6518
Ranbp17,Ranbp17,0,,
Ranbp2,Ranbp2,0.017,-1.5253,0.8956
Ranbp3,Ranbp3,0.0025,-3.0932,2.7033
Ranbp3l,Ranbp3l,0,,
Ranbp6,Ranbp6,0.0078,-0.0168,0.0059
Ranbp9,Ranbp9,-0.0647,-4.1549,4.4875
Rangap1,Rangap1,0.0348,-0.5927,0.257
Rangrf,Rangrf,-0.0005,-0.5167,0.218
Rap1a,Rap1a,0.0363,-3.0466,2.6355
Rap1a-ps2,Rap1a-ps2,0,,
Rap1b,Rap1b,0.1364,-3.4113,3.1894
Rap1gap,Rap1gap,-0.012,-2.0286,1.3716
Rap1gap2,Rap1gap2,-0.0001,-0.4909,0.2052
Rap1gds1,Rap1gds1,0.3282,2.1694,1.5221
Rap2a,Rap2a,-0.0524,-5.627,7.7367
Rap2b,Rap2b,-0.1717,-7.6763,13.7858
Rap2c,Rap2c,-0.0095,-3.0993,2.7123
Rapgef1,Rapgef1,-0.0201,-1.5338,0.9028
Rapgef2,Rapgef2,-0.0116,-1.0666,0.5434
Rapgef3,Rapgef3,0,,
Rapgef4,Rapgef4,0.0062,-0.0168,0.0059
Rapgef5,Rapgef5,0.0406,-0.704,0.3175
Rapgef6,Rapgef6,-0.0109,-2.8732,2.3912
Rapgefl1,Rapgefl1,-0.0026,-1.431,0.8169
Raph1,Raph1,0.0075,0.9835,0.4876
Rapsn,Rapsn,0.0316,1.8081,1.1513
Rara,Rara,0,,
Rarb,Rarb,0,,
Rarg,Rarg,-0.0051,-2.0286,1.3716
Rarres1,Rarres1,0,,
Rarres2,Rarres2,0,,
Rars,Rars,-0.0496,-3.1477,2.7837
Rars2,Rars2,0.0118,0.4769,0.1983
Rasa1,Rasa1,0.064,-1.4662,0.8459
Rasa2,Rasa2,-0.0244,-2.5331,1.9467
Rasa3,Rasa3,-0.0071,-2.5209,1.9317
Rasa4,Rasa4,-0.0312,-4.0545,4.299
Rasal1,Rasal1,0,,
Rasal2,Rasal2,-0.0269,-0.5803,0.2505
Rasal3,Rasal3,0.0304,-3.8975,4.0123
Rasd1,Rasd1,0,,
Rasd2,Rasd2,0,,
Rasef,Rasef,0,,
Rasgef1a,Rasgef1a,0,,
Rasgef1b,Rasgef1b,-0.2111,-6.4256,9.8815
Rasgef1c,Rasgef1c,0,,
Rasgrf1,Rasgrf1,-0.0506,-2.4881,1.8914
Rasgrf2,Rasgrf2,0.0035,-0.3408,0.1347
Rasgrp1,Rasgrp1,0,,
Rasgrp2,Rasgrp2,0,,
Rasgrp3,Rasgrp3,-0.1101,-5.1509,6.5862
Rasgrp4,Rasgrp4,0,,
Rasip1,Rasip1,0.0346,0.6927,0.3111
Rasl10a,Rasl10a,0,,
Rasl10b,Rasl10b,0,,
Rasl11a,Rasl11a,-0.0086,-2.0286,1.3716
Rasl11b,Rasl11b,0,,
Rasl12,Rasl12,0,,
Rasl2-9-ps,Rasl2-9-ps,-0.0162,-2.8765,2.3957
Rassf1,Rassf1,-0.0011,-2.4622,1.8598
Rassf10,Rassf10,0,,
Rassf2,Rassf2,0.128,-2.3035,1.6726
Rassf3,Rassf3,0.019,-5.4196,7.2238
Rassf4,Rassf4,0.0009,-3.3114,3.0323
Rassf5,Rassf5,0.0586,-1.5659,0.9304
Rassf6,Rassf6,0,,
Rassf7,Rassf7,0.0036,-0.0216,0.0075
Rassf8,Rassf8,-0.0525,-1.9602,1.3013
Rassf9,Rassf9,0,,
Raver1,Raver1,0.0237,-0.7357,0.3355
Raver2,Raver2,0,,
Rax,Rax,0,,
Raxos1,Raxos1,0,,
Rb1,Rb1,-0.0123,-2.7077,2.169
Rb1cc1,Rb1cc1,0.052,-0.3989,0.1612
Rbak,Rbak,-0.0051,-2.0286,1.3716
Rbbp4,Rbbp4,0.0455,-1.83,1.1723
Rbbp5,Rbbp5,0.023,-0.2791,0.1078
Rbbp6,Rbbp6,0.0307,-1.9793,1.3207
Rbbp7,Rbbp7,-0.0095,-2.8368,2.3413
Rbbp8,Rbbp8,-0.018,-2.2644,1.628
Rbbp9,Rbbp9,0.0636,-0.5694,0.2448
Rbck1,Rbck1,0.0139,-1.8966,1.2375
Rbfa,Rbfa,-0.0217,-2.1241,1.4729
Rbfox1,Rbfox1,0.0046,0.6927,0.3111
Rbfox2,Rbfox2,-0.0128,-2.4881,1.8914
Rbfox3,Rbfox3,0.024,0.6927,0.3111
Rbks,Rbks,0.0007,-1.3672,0.7655
Rbl1,Rbl1,0.0066,-0.8777,0.4201
Rbl2,Rbl2,0.0033,-1.6975,1.0477
Rbm10,Rbm10,0.0231,-1.127,0.5854
Rbm11,Rbm11,-0.0017,-1.431,0.8169
Rbm12,Rbm12,-0.0229,-3.6014,3.4996
Rbm12b,Rbm12b,-0.0154,-2.4881,1.8914
Rbm14,Rbm14,-0.0175,-2.7737,2.2563
Rbm15,Rbm15,-0.0104,-1.958,1.299
Rbm15b,Rbm15b,-0.0105,-1.9866,1.3282
Rbm17,Rbm17,0.107,-0.8962,0.4316
Rbm18,Rbm18,-0.0472,-2.3728,1.7531
Rbm19,Rbm19,0.0035,-1.2942,0.7086
Rbm20,Rbm20,0.0013,0.6927,0.3111
Rbm22,Rbm22,0.0026,-2.2919,1.6594
Rbm24,Rbm24,0,,
Rbm25,Rbm25,-0.013,-3.305,3.0224
Rbm26,Rbm26,0.0017,-1.7599,1.1055
Rbm27,Rbm27,-0.0023,-0.1676,0.062
Rbm28,Rbm28,0.0936,0.5699,0.2451
Rbm3,Rbm3,-0.0078,-1.3845,0.7794
Rbm33,Rbm33,-0.0226,-3.2164,2.8866
Rbm34,Rbm34,-0.0107,-0.8229,0.3866
Rbm38,Rbm38,-0.0074,-0.9086,0.4394
Rbm39,Rbm39,-0.0206,-5.4268,7.2413
Rbm41,Rbm41,-0.0086,-2.0286,1.3716
Rbm42,Rbm42,0,,
Rbm43,Rbm43,-0.0492,-3.5974,3.4929
Rbm44,Rbm44,0,,
Rbm45,Rbm45,0.0054,0.9835,0.4876
Rbm46,Rbm46,0,,
Rbm47,Rbm47,-0.0161,-2.4691,1.8682
Rbm4b,Rbm4b,-0.0007,-0.034,0.012
Rbm5,Rbm5,-0.0783,-2.4241,1.8141
Rbm6,Rbm6,-0.0052,-1.8585,1.2
Rbm7,Rbm7,0.0003,-2.7795,2.2641
Rbm8a,Rbm8a,0.02,-1.8745,1.2157
Rbms1,Rbms1,-0.0361,-2.6978,2.1562
Rbms2,Rbms2,0.032,-2.3263,1.6989
Rbms3,Rbms3,0,,
Rbmx,Rbmx,-0.002,-1.9378,1.2786
Rbmx2,Rbmx2,-0.0063,-0.7342,0.3346
Rbmxl2,Rbmxl2,0,,
Rbmxrt,Rbmxrt,-0.0226,-3.3561,3.1021
Rbmy1a1,Rbmy1a1,0,,
Rbp1,Rbp1,0,,
Rbp2,Rbp2,0,,
Rbp3,Rbp3,0,,
Rbp4,Rbp4,0,,
Rbp7,Rbp7,0,,
Rbpj,Rbpj,-0.0376,-3.4241,3.2099
Rbpjl,Rbpjl,0,,
Rbpms,Rbpms,-0.0107,-1.7052,1.0547
Rbpms2,Rbpms2,0,,
Rbpsuh-ps1,Rbpsuh-ps1,0,,
Rbpsuh-rs3,Rbpsuh-rs3,-0.0154,-0.9137,0.4427
Rbx1,Rbx1,0.0353,-2.6415,2.0833
Rc3h1,Rc3h1,0.0444,-1.3536,0.7548
Rc3h2,Rc3h2,-0.0138,-1.5659,0.9305
Rcan1,Rcan1,0.0115,-1.843,1.1849
Rcan2,Rcan2,0,,
Rcan3,Rcan3,0.028,0.2731,0.1052
Rcbtb1,Rcbtb1,0.0045,-3.332,3.0643
Rcbtb2,Rcbtb2,0.1598,-2.5925,2.021
Rcc1,Rcc1,-0.0015,-0.7342,0.3346
Rcc2,Rcc2,-0.0537,-4.3161,4.7992
Rccd1,Rccd1,0.0013,0.6927,0.3111
Rce1,Rce1,0.0161,-2.2613,1.6245
Rchy1,Rchy1,-0.0003,-2.3777,1.7589
Rcl1,Rcl1,-0.0214,-1.7798,1.1243
Rcn1,Rcn1,-0.014,-1.4617,0.8422
Rcn2,Rcn2,-0.0369,-3.5264,3.3755
Rcn3,Rcn3,0.0042,0.9835,0.4876
Rcor1,Rcor1,-0.0663,-2.2657,1.6295
Rcor2,Rcor2,0,,
Rcor3,Rcor3,-0.0074,-1.3016,0.7144
Rcsd1,Rcsd1,0.0053,-4.5522,5.275
Rcvrn,Rcvrn,0,,
Rd3,Rd3,0,,
Rdbp,Rdbp,-0.0065,-3.1544,2.7937
Rdh1,Rdh1,0,,
Rdh10,Rdh10,0.0003,-0.0216,0.0075
Rdh11,Rdh11,-0.0058,-2.6322,2.0715
Rdh12,Rdh12,0.0025,0.6927,0.3111
Rdh13,Rdh13,0.0069,-0.0192,0.0067
Rdh14,Rdh14,0.0001,-2.731,2.1997
Rdh16,Rdh16,0,,
Rdh18-ps,Rdh18-ps,0,,
Rdh19,Rdh19,0,,
Rdh5,Rdh5,0.0025,0.6927,0.3111
Rdh7,Rdh7,0,,
Rdh8,Rdh8,0,,
Rdh9,Rdh9,0,,
Rdm1,Rdm1,0.0195,0.3978,0.1607
Rdx,Rdx,0.0346,-1.6232,0.9807
Rec8,Rec8,0,,
Reck,Reck,0,,
Recql,Recql,0.041,-0.7288,0.3315
Recql4,Recql4,0.0025,0.6927,0.3111
Recql5,Recql5,-0.0249,-2.8376,2.3425
Reep1,Reep1,0,,
Reep2,Reep2,0,,
Reep3,Reep3,0.0058,-3.1789,2.8302
Reep4,Reep4,0.0083,-0.2399,0.0913
Reep5,Reep5,-0.0837,-4.0206,4.2361
Reep6,Reep6,0,,
Refbp2,Refbp2,0.0006,-0.0216,0.0075
Reg1,Reg1,0,,
Reg2,Reg2,0,,
Reg3a,Reg3a,0,,
Reg3b,Reg3b,0,,
Reg3d,Reg3d,0,,
Reg3g,Reg3g,0,,
Reg4,Reg4,0,,
Rel,Rel,-0.0175,-2.2734,1.6383
Rela,Rela,-0.0423,-2.5878,2.015
Relb,Relb,0.0431,0.2881,0.1117
Rell1,Rell1,-0.0283,-4.382,4.9296
Rell2,Rell2,0.0045,-0.5167,0.218
Reln,Reln,0,,
Relt,Relt,0.0004,-0.5167,0.218
Rem1,Rem1,0,,
Rem2,Rem2,0.0013,0.6927,0.3111
Ren1,Ren1,0,,
Renbp,Renbp,-0.0106,-3.4162,3.1973
Rep15,Rep15,0,,
Repin1,Repin1,-0.0227,-0.3482,0.1381
Reps1,Reps1,-0.0112,-2.1345,1.4841
Reps2,Reps2,0,,
Rer1,Rer1,-0.0525,-4.4868,5.1408
Rere,Rere,-0.0162,-2.1026,1.4498
Rerg,Rerg,0,,
Rergl,Rergl,0,,
Resp18,Resp18,0,,
Rest,Rest,0.0028,-1.5825,0.9448
Ret,Ret,0,,
Retn,Retn,0,,
Retnla,Retnla,0,,
Retnlb,Retnlb,0,,
Retnlg,Retnlg,0,,
Retsat,Retsat,-0.1204,-5.1856,6.6669
Rev1,Rev1,-0.018,-1.311,0.7215
Rev3l,Rev3l,0.0094,-1.3782,0.7743
Rex2,Rex2,0,,
Rexo1,Rexo1,-0.0443,-1.5875,0.9492
Rexo2,Rexo2,-0.0134,-0.5408,0.2302
Rexo4,Rexo4,-0.0075,-2.6239,2.0609
Rfc1,Rfc1,-0.0225,-2.7302,2.1986
Rfc2,Rfc2,0.021,-1.2179,0.6512
Rfc3,Rfc3,0.0033,-2.2869,1.6536
Rfc4,Rfc4,0.0157,1.0368,0.5231
Rfc5,Rfc5,0.0164,-0.0187,0.0065
Rfesd,Rfesd,-0.0044,-1.8012,1.1447
Rffl,Rffl,-0.0051,-1.7024,1.0521
Rfk,Rfk,0.0073,-1.8403,1.1823
Rfng,Rfng,-0.0013,-1.2647,0.6862
Rfpl3s,Rfpl3s,0,,
Rfpl4,Rfpl4,0,,
Rft1,Rft1,0.0151,-0.9281,0.4518
Rftn1,Rftn1,-0.0761,-3.3743,3.1307
Rftn2,Rftn2,-0.0053,-1.7998,1.1434
Rfwd2,Rfwd2,0.0258,-2.2905,1.6577
Rfwd3,Rfwd3,-0.0032,-0.9069,0.4384
Rfx1,Rfx1,0.0478,0.1945,0.0727
Rfx2,Rfx2,0,,
Rfx3,Rfx3,-0.0014,-0.0357,0.0126
Rfx4,Rfx4,0.0207,0.6927,0.3111
Rfx5,Rfx5,0.0001,-1.8012,1.1447
Rfx6,Rfx6,0,,
Rfx7,Rfx7,-0.0008,-1.8379,1.18
Rfx8,Rfx8,0,,
Rfxank,Rfxank,-0.021,-3.1995,2.8612
Rfxap,Rfxap,-0.0378,-2.2314,1.5909
Rg9mtd1,Rg9mtd1,0.0141,1.3956,0.7883
Rg9mtd2,Rg9mtd2,-0.0094,-1.3798,0.7756
Rg9mtd3,Rg9mtd3,0.03,-0.7384,0.337
Rgag1,Rgag1,0,,
Rgag4,Rgag4,0.0008,0.6927,0.3111
Rgl1,Rgl1,0.0332,-0.7397,0.3378
Rgl2,Rgl2,0.0253,-2.6421,2.0841
Rgl3,Rgl3,-0.0265,-2.5519,1.9701
Rgma,Rgma,0,,
Rgmb,Rgmb,-0.0325,-3.8999,4.0166
Rgn,Rgn,0,,
Rgnef,Rgnef,0,,
Rgp1,Rgp1,0.0024,-2.5745,1.9984
Rgr,Rgr,0,,
Rgs1,Rgs1,-0.5061,-6.1757,9.1814
Rgs10,Rgs10,0.5478,3.3609,3.1096
Rgs11,Rgs11,-0.0116,-2.2588,1.6217
Rgs12,Rgs12,-0.0035,-1.2549,0.6788
Rgs13,Rgs13,0,,
Rgs14,Rgs14,-0.0072,-1.7781,1.1227
Rgs16,Rgs16,-0.0481,-4.0854,4.3566
Rgs17,Rgs17,0.0029,0.6927,0.3111
Rgs18,Rgs18,0,,
Rgs19,Rgs19,-0.0241,-3.9851,4.171
Rgs2,Rgs2,-0.6544,-8.6281,17.2049
Rgs20,Rgs20,0,,
Rgs21,Rgs21,0,,
Rgs22,Rgs22,0,,
Rgs3,Rgs3,0.0071,-1.0321,0.5199
Rgs4,Rgs4,0,,
Rgs5,Rgs5,0,,
Rgs6,Rgs6,0,,
Rgs7,Rgs7,0,,
Rgs7bp,Rgs7bp,-0.0109,-3.1982,2.8592
Rgs8,Rgs8,0,,
Rgs9,Rgs9,0,,
Rgs9bp,Rgs9bp,0,,
Rgsl1,Rgsl1,0,,
Rhag,Rhag,0,,
Rhbdd1,Rhbdd1,-0.0066,-1.1724,0.6179
Rhbdd2,Rhbdd2,0.0392,-0.8802,0.4217
Rhbdd3,Rhbdd3,0.0054,-0.3408,0.1347
Rhbdf1,Rhbdf1,0.0154,-0.2687,0.1034
Rhbdf2,Rhbdf2,-0.0298,-3.4004,3.1721
Rhbdl1,Rhbdl1,0.0091,0.6927,0.3111
Rhbdl2,Rhbdl2,0,,
Rhbdl3,Rhbdl3,0,,
Rhbg,Rhbg,0,,
Rhcg,Rhcg,0,,
Rhd,Rhd,0,,
Rheb,Rheb,-0.1113,-5.0922,6.4512
Rhebl1,Rhebl1,0.0008,-0.5167,0.218
Rho,Rho,0,,
Rhoa,Rhoa,0.2237,-0.2598,0.0996
Rhob,Rhob,-0.3215,-7.4343,12.9783
Rhobtb1,Rhobtb1,0.0142,0.9027,0.4357
Rhobtb2,Rhobtb2,-0.0096,-2.1765,1.5299
Rhobtb3,Rhobtb3,0,,
Rhoc,Rhoc,0.0023,-3.1745,2.8236
Rhod,Rhod,0,,
Rhof,Rhof,-0.0026,-1.431,0.8169
Rhog,Rhog,0.1136,-2.4116,1.7991
Rhoh,Rhoh,-0.0606,-3.737,3.7299
Rhoj,Rhoj,-0.0034,-1.431,0.8169
Rhoq,Rhoq,-0.0626,-4.4649,5.0963
Rhot1,Rhot1,-0.0255,-2.6494,2.0934
Rhot2,Rhot2,-0.0034,-2.0286,1.3716
Rhou,Rhou,0,,
Rhov,Rhov,0,,
Rhox1,Rhox1,0,,
Rhox10,Rhox10,0,,
Rhox11,Rhox11,0,,
Rhox12,Rhox12,0,,
Rhox13,Rhox13,0,,
Rhox2a,Rhox2a,0,,
Rhox2b,Rhox2b,0,,
Rhox2c,Rhox2c,0,,
Rhox2d,Rhox2d,0,,
Rhox2e,Rhox2e,0,,
Rhox2f,Rhox2f,0,,
Rhox2g,Rhox2g,0,,
Rhox2h,Rhox2h,0,,
Rhox3-ps,Rhox3-ps,0,,
Rhox3a,Rhox3a,0,,
Rhox3b,Rhox3b,0,,
Rhox3c,Rhox3c,0,,
Rhox3e,Rhox3e,0,,
Rhox3f,Rhox3f,0,,
Rhox3g-ps,Rhox3g-ps,0,,
Rhox3h,Rhox3h,0,,
Rhox4a,Rhox4a,0,,
Rhox4b,Rhox4b,0,,
Rhox4c,Rhox4c,0,,
Rhox4d,Rhox4d,0,,
Rhox4e,Rhox4e,0,,
Rhox4f,Rhox4f,0,,
Rhox4g,Rhox4g,0,,
Rhox6,Rhox6,0,,
Rhox7,Rhox7,0,,
Rhox8,Rhox8,0,,
Rhox9,Rhox9,0,,
Rhpn1,Rhpn1,0,,
Rhpn2,Rhpn2,0.0025,0.6927,0.3111
Rian,Rian,0,,
Ribc1,Ribc1,0,,
Ribc2,Ribc2,0,,
Ric3,Ric3,-0.006,-1.0409,0.5259
Ric8,Ric8,-0.0348,-3.0977,2.7099
Ric8b,Ric8b,-0.0039,-2.1873,1.5418
Rictor,Rictor,-0.0282,-1.4686,0.8479
Rif1,Rif1,0.0116,-0.3496,0.1387
Riiad1,Riiad1,0,,
Rilp,Rilp,-0.0103,-2.0286,1.3716
Rilpl1,Rilpl1,-0.093,-5.0684,6.3967
Rilpl2,Rilpl2,-0.1438,-5.7298,7.9977
Rimbp2,Rimbp2,0,,
Rimbp3,Rimbp3,0,,
Rimkla,Rimkla,0,,
Rimklb,Rimklb,0,,
Rims1,Rims1,0.0483,0.844,0.3994
Rims2,Rims2,0.0158,0.6927,0.3111
Rims3,Rims3,0.0014,-1.2501,0.6751
Rims4,Rims4,0,,
Rin1,Rin1,0.0013,0.6927,0.3111
Rin2,Rin2,-0.2388,-6.014,8.7424
Rin3,Rin3,-0.0346,-3.1374,2.7684
Ring1,Ring1,0.0132,0.6911,0.3103
Rinl,Rinl,-0.1294,-3.0266,2.6068
Rint1,Rint1,-0.003,-1.3672,0.7655
Riok1,Riok1,-0.0431,-2.2534,1.6155
Riok2,Riok2,0.0228,0.2286,0.0866
Riok3,Riok3,-0.0427,-3.0262,2.6062
Ripk1,Ripk1,-0.0002,-0.3445,0.1364
Ripk2,Ripk2,-0.0168,-3.3306,3.0621
Ripk3,Ripk3,0.0075,-0.2702,0.104
Ripk4,Ripk4,0,,
Ripply1,Ripply1,0,,
Ripply2,Ripply2,0,,
Ripply3,Ripply3,0,,
Rit1,Rit1,0.0288,-2.8775,2.397
Rit2,Rit2,0.026,1.2069,0.6431
Rlbp1,Rlbp1,0,,
Rlf,Rlf,-0.0189,-2.1903,1.5451
Rlim,Rlim,0.0742,-1.2388,0.6667
Rln1,Rln1,0,,
Rln3,Rln3,0,,
Rltpr,Rltpr,0,,
Rmi1,Rmi1,-0.0528,-3.386,3.1492
Rmnd1,Rmnd1,-0.0804,-4.2797,4.7279
Rmnd5a,Rmnd5a,0.0154,-1.688,1.039
Rmnd5b,Rmnd5b,0.0091,-0.2437,0.0929
Rmst,Rmst,0,,
Rnase1,Rnase1,0,,
Rnase10,Rnase10,0.0112,0.9835,0.4876
Rnase11,Rnase11,0,,
Rnase12,Rnase12,0.0211,0.9835,0.4876
Rnase13,Rnase13,0,,
Rnase4,Rnase4,0.1,-0.7981,0.3718
Rnase6,Rnase6,0.0236,1.2069,0.6431
Rnase9,Rnase9,0,,
Rnaseh1,Rnaseh1,-0.0256,-3.004,2.5743
Rnaseh2a,Rnaseh2a,-0.0464,-3.1031,2.7178
Rnaseh2b,Rnaseh2b,-0.0744,-5.8688,8.3576
Rnaseh2c,Rnaseh2c,0.0794,-1.844,1.1859
Rnasek,Rnasek,-0.1872,-6.5418,10.2161
Rnasel,Rnasel,-0.0521,-4.3416,4.8495
Rnaset2a,Rnaset2a,-0.2376,-5.3992,7.1743
Rnaset2b,Rnaset2b,-0.0594,-3.8383,3.9069
Rnd1,Rnd1,0,,
Rnd2,Rnd2,-0.0139,-1.3766,0.7731
Rnd3,Rnd3,0,,
Rnf10,Rnf10,0.0904,-0.5166,0.2179
Rnf103,Rnf103,0.0027,-2.2219,1.5803
Rnf11,Rnf11,-0.0266,-2.0862,1.4322
Rnf111,Rnf111,-0.0106,-2.7077,2.169
Rnf112,Rnf112,0,,
Rnf113a1,Rnf113a1,-0.0094,-2.0286,1.3716
Rnf113a2,Rnf113a2,-0.039,-3.9021,4.0206
Rnf114,Rnf114,-0.048,-3.8892,3.9975
Rnf115,Rnf115,0.0164,-2.6682,2.1178
Rnf121,Rnf121,-0.0163,-1.1849,0.627
Rnf122,Rnf122,-0.0344,-2.5379,1.9527
Rnf123,Rnf123,0.0061,-0.0432,0.0152
Rnf125,Rnf125,0,,
Rnf126,Rnf126,-0.0019,-1.5636,0.9284
Rnf128,Rnf128,-0.0844,-6.2009,9.2508
Rnf13,Rnf13,-0.2044,-6.8036,10.9913
Rnf130,Rnf130,-0.027,-4.1217,4.4247
Rnf133,Rnf133,0,,
Rnf135,Rnf135,0.0006,-1.3672,0.7656
Rnf138,Rnf138,0.0494,-0.3467,0.1374
Rnf139,Rnf139,-0.026,-2.2856,1.6522
Rnf14,Rnf14,0.0474,-0.5447,0.2321
Rnf141,Rnf141,0.0153,1.2069,0.6431
Rnf144a,Rnf144a,0,,
Rnf144b,Rnf144b,-0.0243,-3.2031,2.8667
Rnf145,Rnf145,-0.0552,-3.4288,3.2173
Rnf146,Rnf146,-0.0239,-2.865,2.3799
Rnf148,Rnf148,0,,
Rnf149,Rnf149,-0.0662,-4.7112,5.6086
Rnf150,Rnf150,-0.0731,-3.3952,3.1639
Rnf151,Rnf151,0,,
Rnf152,Rnf152,0,,
Rnf157,Rnf157,0.0367,0.4016,0.1624
Rnf165,Rnf165,0,,
Rnf166,Rnf166,0.0382,-2.2952,1.6631
Rnf167,Rnf167,0.003,-2.117,1.4652
Rnf168,Rnf168,-0.0218,-1.7165,1.0651
Rnf169,Rnf169,0.0311,-0.5278,0.2236
Rnf17,Rnf17,-0.0082,-1.2549,0.6788
Rnf170,Rnf170,0.0036,-1.0196,0.5116
Rnf180,Rnf180,0.0029,0.6927,0.3111
Rnf181,Rnf181,-0.0066,-1.3536,0.7549
Rnf182,Rnf182,0,,
Rnf183,Rnf183,0,,
Rnf185,Rnf185,-0.0127,-3.1261,2.7517
Rnf186,Rnf186,0,,
Rnf187,Rnf187,0.0295,-3.5248,3.3729
Rnf19a,Rnf19a,-0.0195,-3.6004,3.4979
Rnf19b,Rnf19b,0.0033,-2.9629,2.5161
Rnf2,Rnf2,0.0043,-1.6887,1.0396
Rnf20,Rnf20,0.0988,-0.7156,0.324
Rnf207,Rnf207,0,,
Rnf208,Rnf208,0,,
Rnf212,Rnf212,0,,
Rnf213,Rnf213,-0.0341,-2.3743,1.7549
Rnf214,Rnf214,0.0034,-2.1336,1.4831
Rnf215,Rnf215,-0.0796,-3.8329,3.8974
Rnf216,Rnf216,0.0792,-0.5555,0.2377
Rnf217,Rnf217,0,,
Rnf219,Rnf219,-0.0059,-1.3016,0.7144
Rnf220,Rnf220,0.0285,-1.4489,0.8316
Rnf222,Rnf222,0,,
Rnf24,Rnf24,0.0003,-0.7363,0.3358
Rnf25,Rnf25,-0.003,-1.2525,0.6769
Rnf26,Rnf26,-0.0065,-1.7882,1.1323
Rnf31,Rnf31,-0.0154,-1.7954,1.1391
Rnf32,Rnf32,0,,
Rnf34,Rnf34,-0.0439,-3.8247,3.883
Rnf38,Rnf38,-0.0141,-3.3624,3.112
Rnf39,Rnf39,0,,
Rnf4,Rnf4,-0.0495,-3.0409,2.6274
Rnf40,Rnf40,0.0329,-1.318,0.727
Rnf41,Rnf41,-0.0227,-2.1414,1.4915
Rnf43,Rnf43,0,,
Rnf44,Rnf44,0.0084,-2.8971,2.4241
Rnf5,Rnf5,0.0799,-1.2774,0.6958
Rnf6,Rnf6,0.0315,-1.7984,1.142
Rnf7,Rnf7,0.0982,-1.9476,1.2885
Rnf8,Rnf8,-0.0098,-1.939,1.2798
Rnft1,Rnft1,0.0285,-1.606,0.9655
Rnft2,Rnft2,0,,
Rngtt,Rngtt,0.0001,-0.046,0.0162
Rnh1,Rnh1,0.0337,-2.0595,1.404
Rnls,Rnls,-0.018,-2.651,2.0956
Rnmt,Rnmt,-0.0083,-2.0277,1.3707
Rnmtl1,Rnmtl1,-0.0034,-1.431,0.8169
Rnpc3,Rnpc3,-0.0411,-3.2207,2.8931
Rnpep,Rnpep,-0.0307,-2.6497,2.0939
Rnpepl1,Rnpepl1,0.0383,-0.472,0.1959
Rnps1,Rnps1,0.0014,-1.3686,0.7667
Robo1,Robo1,0,,
Robo2,Robo2,0,,
Robo3,Robo3,0,,
Robo4,Robo4,0,,
Rock1,Rock1,0.1718,-0.616,0.2693
Rock2,Rock2,0.3034,1.2728,0.6923
Rod1,Rod1,-0.066,-3.5171,3.3602
Rogdi,Rogdi,0.1101,1.2428,0.6697
Rom1,Rom1,0.0042,0.6927,0.3111
Romo1,Romo1,0.1081,-2.501,1.9071
Ropn1,Ropn1,0,,
Ropn1l,Ropn1l,-0.0306,-3.0103,2.5833
Ror1,Ror1,0,,
Ror2,Ror2,0,,
Rora,Rora,-0.0741,-4.2828,4.7338
Rorb,Rorb,0,,
Rorc,Rorc,0,,
Ros1,Ros1,0,,
Rp1,Rp1,0,,
Rp1l1,Rp1l1,0,,
Rp2h,Rp2h,0.0339,-0.974,0.4814
Rp9,Rp9,0.0238,-2.9853,2.5478
Rpa1,Rpa1,-0.0098,-2.6715,2.122
Rpa2,Rpa2,-0.0076,-0.9018,0.4352
Rpa3,Rpa3,0.0185,-0.2731,0.1053
Rpain,Rpain,0.0067,-0.7399,0.3378
Rpap1,Rpap1,-0.0306,-3.8176,3.8705
Rpap2,Rpap2,0.0084,-0.5756,0.248
Rpap3,Rpap3,0.0345,0.6869,0.3079
Rpe,Rpe,-0.0171,-2.1944,1.5497
Rpe65,Rpe65,0,,
Rpf1,Rpf1,-0.0307,-3.6387,3.5622
Rpf2,Rpf2,-0.0065,-2.5412,1.9567
Rpgr,Rpgr,0.0075,0.6927,0.3111
Rpgrip1,Rpgrip1,-0.0018,-1.2501,0.6751
Rpgrip1l,Rpgrip1l,0.0132,0.3307,0.1303
Rph3a,Rph3a,0.0017,0.6927,0.3111
Rph3al,Rph3al,0,,
Rpia,Rpia,0.0094,-2.0889,1.4352
Rpl10,Rpl10,0.3326,3.629,3.5458
Rpl10-ps1,Rpl10-ps1,0,,
Rpl10-ps2,Rpl10-ps2,0.0144,0.844,0.3994
Rpl10-ps3,Rpl10-ps3,0.0679,-2.2419,1.6026
Rpl10-ps4,Rpl10-ps4,-0.0124,-0.0264,0.0092
Rpl10a,Rpl10a,0.0817,-1.1258,0.5846
Rpl10a-ps1,Rpl10a-ps1,0.0802,-1.5066,0.8797
Rpl10a-ps2,Rpl10a-ps2,0.0027,0.3286,0.1293
Rpl10l,Rpl10l,0,,
Rpl11,Rpl11,0.0849,-0.8551,0.4062
Rpl12,Rpl12,0.1395,-1.7446,1.0913
Rpl12-ps1,Rpl12-ps1,0.0145,0.2413,0.0919
Rpl12-ps2,Rpl12-ps2,0,,
Rpl13,Rpl13,0.3387,3.1921,2.8501
Rpl13-ps1,Rpl13-ps1,0,,
Rpl13-ps3,Rpl13-ps3,0.0295,-0.2178,0.0822
Rpl13-ps5,Rpl13-ps5,-0.0043,-1.431,0.8169
Rpl13a,Rpl13a,0.6215,5.7929,8.16
Rpl13a-ps1,Rpl13a-ps1,0.0428,0.5377,0.2286
Rpl14,Rpl14,0.3833,2.3895,1.7729
Rpl14-ps1,Rpl14-ps1,0.2098,-0.7205,0.3268
Rpl15,Rpl15,0.0372,-1.9659,1.3071
Rpl15-ps1,Rpl15-ps1,0.1589,-0.9409,0.46
Rpl15-ps2,Rpl15-ps2,0.022,-1.3206,0.729
Rpl15-ps3,Rpl15-ps3,0.0104,1.2069,0.6431
Rpl17,Rpl17,0.0404,-2.3121,1.6826
Rpl17-ps1,Rpl17-ps1,0.1899,1.6798,1.0315
Rpl17-ps3,Rpl17-ps3,0.0928,1.4507,0.8331
Rpl17-ps4,Rpl17-ps4,0.0407,-2.1562,1.5077
Rpl17-ps5,Rpl17-ps5,0.1484,-0.3257,0.128
Rpl18,Rpl18,0.0569,-1.6622,1.0156
Rpl18-ps1,Rpl18-ps1,0.3661,2.0615,1.4061
Rpl18-ps2,Rpl18-ps2,-0.0059,-1.7407,1.0876
Rpl18a,Rpl18a,0.5293,4.4632,5.0929
Rpl18a-ps1,Rpl18a-ps1,0.1526,-0.4219,0.1719
Rpl19,Rpl19,0.0101,-2.7501,2.2249
Rpl19-ps1,Rpl19-ps1,0.0011,-1.2426,0.6695
Rpl19-ps11,Rpl19-ps11,0.0155,1.2196,0.6524
Rpl19-ps12,Rpl19-ps12,0.0066,-1.3672,0.7655
Rpl19-ps7,Rpl19-ps7,0.0047,-3.9784,4.1587
Rpl21,Rpl21,0.2493,0.0659,0.0235
Rpl21-ps1,Rpl21-ps1,-0.0009,-1.431,0.8169
Rpl21-ps10,Rpl21-ps10,0.0011,-2.5778,2.0025
Rpl21-ps11,Rpl21-ps11,0.2093,0.3283,0.1292
Rpl21-ps12,Rpl21-ps12,0.0289,-2.6966,2.1546
Rpl21-ps13,Rpl21-ps13,-0.0192,-2.2588,1.6217
Rpl21-ps14,Rpl21-ps14,0.0185,-1.3561,0.7568
Rpl21-ps15,Rpl21-ps15,-0.0043,-1.431,0.8169
Rpl21-ps3,Rpl21-ps3,0.0161,-0.9664,0.4765
Rpl21-ps4,Rpl21-ps4,-0.0057,-1.6086,0.9678
Rpl21-ps5,Rpl21-ps5,-0.0109,-1.9434,1.2843
Rpl21-ps6,Rpl21-ps6,-0.0018,-0.3501,0.1389
Rpl21-ps7,Rpl21-ps7,-0.003,-1.2525,0.6769
Rpl21-ps8,Rpl21-ps8,0.3713,2.8456,2.3534
Rpl21-ps9,Rpl21-ps9,0.0248,-0.1277,0.0466
Rpl22,Rpl22,0.3079,0.3995,0.1615
Rpl22-ps1,Rpl22-ps1,0.14,-0.5168,0.218
Rpl22l1,Rpl22l1,-0.0243,-4.8418,5.8904
Rpl23,Rpl23,0.2436,1.1597,0.6088
Rpl23a,Rpl23a,0.0562,-0.5812,0.251
Rpl23a-ps1,Rpl23a-ps1,0,,
Rpl23a-ps12,Rpl23a-ps12,0,,
Rpl23a-ps13,Rpl23a-ps13,0,,
Rpl23a-ps2,Rpl23a-ps2,0.0329,-0.3578,0.1424
Rpl23a-ps3,Rpl23a-ps3,0.089,-2.075,1.4204
Rpl23a-ps4,Rpl23a-ps4,0.0017,0.6927,0.3111
Rpl23a-ps6,Rpl23a-ps6,0,,
Rpl24,Rpl24,0.1662,-0.5906,0.2559
Rpl26,Rpl26,0.4818,4.5124,5.1931
Rpl26-ps2,Rpl26-ps2,-0.0077,-2.0286,1.3716
Rpl26-ps4,Rpl26-ps4,0.0204,-1.0278,0.5171
Rpl26-ps5,Rpl26-ps5,0,,
Rpl27,Rpl27,0.0108,-0.7542,0.3461
Rpl27-ps1,Rpl27-ps1,0.0236,1.3956,0.7883
Rpl27-ps2,Rpl27-ps2,0.0153,0.9835,0.4876
Rpl27-ps3,Rpl27-ps3,0.0202,-0.5352,0.2273
Rpl27a,Rpl27a,0.19,-0.9241,0.4492
Rpl27a-ps1,Rpl27a-ps1,0.019,-0.2717,0.1046
Rpl27a-ps2,Rpl27a-ps2,-0.0049,-0.3519,0.1397
Rpl28,Rpl28,0.0398,0.5665,0.2433
Rpl28-ps1,Rpl28-ps1,0.0344,-2.2496,1.6113
Rpl28-ps3,Rpl28-ps3,0.1228,-1.6322,0.9887
Rpl28-ps4,Rpl28-ps4,0,,
Rpl29,Rpl29,0.4146,1.8637,1.205
Rpl29-ps1,Rpl29-ps1,0,,
Rpl29-ps2,Rpl29-ps2,-0.0013,-0.0264,0.0092
Rpl29-ps3,Rpl29-ps3,0,,
Rpl29-ps5,Rpl29-ps5,0.0052,-0.3408,0.1347
Rpl3,Rpl3,0.1333,-1.2395,0.6672
Rpl3-ps1,Rpl3-ps1,0.1682,-0.3637,0.145
Rpl3-ps2,Rpl3-ps2,0.0305,-0.5765,0.2485
Rpl30,Rpl30,0.2892,0.9318,0.4541
Rpl30-ps1,Rpl30-ps1,0.0166,0.9835,0.4876
Rpl30-ps10,Rpl30-ps10,0.0256,-3.0872,2.6945
Rpl30-ps11,Rpl30-ps11,0.0316,0.1404,0.0514
Rpl30-ps2,Rpl30-ps2,0.0059,-0.2245,0.0849
Rpl30-ps3,Rpl30-ps3,0.012,0.6126,0.2675
Rpl30-ps5,Rpl30-ps5,0.0034,-0.3408,0.1347
Rpl30-ps6,Rpl30-ps6,0.0024,-0.7301,0.3322
Rpl30-ps8,Rpl30-ps8,0.012,0.6927,0.3111
Rpl30-ps9,Rpl30-ps9,0.0081,-0.3408,0.1347
Rpl31,Rpl31,-0.0583,-4.9933,6.2266
Rpl31-ps1,Rpl31-ps1,0.0128,0.3286,0.1293
Rpl31-ps4,Rpl31-ps4,0,,
Rpl31-ps5,Rpl31-ps5,0,,
Rpl31-ps6,Rpl31-ps6,0,,
Rpl32,Rpl32,0.2637,2.5169,1.9267
Rpl32-ps,Rpl32-ps,0.0122,-0.8232,0.3868
Rpl34,Rpl34,0.4151,4.0416,4.275
Rpl34-ps1,Rpl34-ps1,0.154,-0.5932,0.2572
Rpl35,Rpl35,0.1284,-1.3915,0.785
Rpl35-ps1,Rpl35-ps1,0,,
Rpl35a,Rpl35a,0.1551,0.0662,0.0235
Rpl35a-ps2,Rpl35a-ps2,0.0064,-1.4188,0.807
Rpl35a-ps3,Rpl35a-ps3,0,,
Rpl35a-ps4,Rpl35a-ps4,0.0227,-1.7217,1.0699
Rpl35a-ps5,Rpl35a-ps5,-0.0027,-1.2979,0.7115
Rpl35a-ps6,Rpl35a-ps6,0,,
Rpl35a-ps7,Rpl35a-ps7,0.021,0.6814,0.3048
Rpl36,Rpl36,0.0849,-1.703,1.0527
Rpl36-ps1,Rpl36-ps1,0,,
Rpl36-ps10,Rpl36-ps10,0.0035,-0.5677,0.2439
Rpl36-ps2,Rpl36-ps2,0.1193,-0.2188,0.0826
Rpl36-ps3,Rpl36-ps3,0.0094,-2.0035,1.3456
Rpl36-ps7,Rpl36-ps7,0,,
Rpl36-ps8,Rpl36-ps8,-0.0157,-0.2953,0.1148
Rpl36a,Rpl36a,0.0177,-2.7649,2.2446
Rpl36a-ps1,Rpl36a-ps1,0.2558,0.2352,0.0894
Rpl36a-ps3,Rpl36a-ps3,-0.0071,-1.1712,0.6171
Rpl36al,Rpl36al,0.2019,-1.2406,0.668
Rpl37,Rpl37,0.2036,0.5747,0.2475
Rpl37-ps1,Rpl37-ps1,0.0431,-0.4921,0.2058
Rpl37a,Rpl37a,0.484,3.8475,3.9233
Rpl38,Rpl38,0.2819,0.3708,0.1483
Rpl38-ps1,Rpl38-ps1,0.0723,-0.6724,0.2999
Rpl38-ps2,Rpl38-ps2,0.2775,1.2456,0.6718
Rpl39,Rpl39,0.2235,2.0102,1.3525
Rpl39l,Rpl39l,-0.015,-2.2551,1.6175
Rpl3l,Rpl3l,0,,
Rpl4,Rpl4,0.2335,0.5529,0.2363
Rpl5,Rpl5,0.1385,-0.9929,0.4938
Rpl5-ps1,Rpl5-ps1,0.0324,-2.445,1.8391
Rpl6,Rpl6,0.2374,1.0356,0.5223
Rpl7,Rpl7,0.3318,1.731,1.0786
Rpl7a,Rpl7a,-0.0317,-3.3929,3.1601
Rpl7a-ps10,Rpl7a-ps10,0.0156,-0.0254,0.0089
Rpl7a-ps11,Rpl7a-ps11,0.0112,0.9835,0.4876
Rpl7a-ps12,Rpl7a-ps12,0.1542,-0.59,0.2556
Rpl7a-ps13,Rpl7a-ps13,0,,
Rpl7a-ps3,Rpl7a-ps3,-0.0023,-1.6883,1.0392
Rpl7a-ps5,Rpl7a-ps5,0.0093,-0.0168,0.0059
Rpl7a-ps8,Rpl7a-ps8,0.0046,0.9835,0.4876
Rpl7a-ps9,Rpl7a-ps9,-0.0043,-1.431,0.8169
Rpl7l1,Rpl7l1,-0.0191,-2.9277,2.4666
Rpl7l1-ps1,Rpl7l1-ps1,0,,
Rpl8,Rpl8,0.4231,2.9189,2.4543
Rpl9,Rpl9,0.0236,-2.9364,2.4789
Rpl9-ps1,Rpl9-ps1,0.0153,1.2069,0.6431
Rpl9-ps2,Rpl9-ps2,0.01,1.2069,0.6431
Rpl9-ps3,Rpl9-ps3,-0.0035,-0.5226,0.2209
Rpl9-ps4,Rpl9-ps4,0.015,-0.5298,0.2246
Rpl9-ps5,Rpl9-ps5,0,,
Rpl9-ps6,Rpl9-ps6,0.1774,0.1653,0.0611
Rpl9-ps7,Rpl9-ps7,0.0222,-1.0197,0.5116
Rplp0,Rplp0,0.34,3.0823,2.6874
Rplp0-ps1,Rplp0-ps1,-0.0017,-1.431,0.8169
Rplp1,Rplp1,0.7128,7.8407,14.3485
Rplp1-ps1,Rplp1-ps1,0.034,-0.7723,0.3566
Rplp2,Rplp2,0.4419,3.6176,3.5268
Rplp2-ps1,Rplp2-ps1,0.5391,5.4025,7.1822
Rpn1,Rpn1,-0.2081,-6.8809,11.2257
Rpn2,Rpn2,-0.2431,-7.374,12.7809
Rpp14,Rpp14,-0.0395,-3.3635,3.1137
Rpp21,Rpp21,0.0016,-1.4325,0.8182
Rpp25,Rpp25,0,,
Rpp30,Rpp30,0.0517,-0.787,0.3652
Rpp38,Rpp38,-0.0064,-1.8116,1.1546
Rpp40,Rpp40,0.0062,0.9835,0.4876
Rprd1a,Rprd1a,0.0067,0.9835,0.4876
Rprd1b,Rprd1b,0.0195,-2.8299,2.3319
Rprd2,Rprd2,0.0042,-0.5527,0.2362
Rprm,Rprm,0,,
Rprml,Rprml,0,,
Rps10,Rps10,0.5477,4.7883,5.7742
Rps10-ps1,Rps10-ps1,0.4526,3.1978,2.8586
Rps11,Rps11,0.3963,2.0966,1.4434
Rps12,Rps12,0.1194,-0.828,0.3897
Rps12-ps2,Rps12-ps2,0.0614,-0.3693,0.1476
Rps12-ps3,Rps12-ps3,0.0103,-0.0168,0.0059
Rps12-ps5,Rps12-ps5,0.0682,1.4085,0.7987
Rps12-ps6,Rps12-ps6,0,,
Rps12-ps7,Rps12-ps7,0,,
Rps13,Rps13,0.0613,-0.2234,0.0845
Rps13-ps1,Rps13-ps1,0.2449,0.2929,0.1137
Rps14,Rps14,0.4605,3.6107,3.5151
Rps15,Rps15,0.3116,1.9758,1.3171
Rps15-ps2,Rps15-ps2,-0.0194,-3.005,2.5758
Rps15a,Rps15a,0.3615,2.5606,1.981
Rps16,Rps16,0.2372,-0.6126,0.2675
Rps16-ps2,Rps16-ps2,0.0603,-2.6019,2.0329
Rps17,Rps17,0.0938,-0.6589,0.2925
Rps18,Rps18,0.4979,3.9225,4.0573
Rps18-ps1,Rps18-ps1,0.0464,-1.1619,0.6104
Rps18-ps2,Rps18-ps2,0,,
Rps19,Rps19,0.4404,3.844,3.917
Rps19-ps1,Rps19-ps1,0.0075,0.9835,0.4876
Rps19-ps10,Rps19-ps10,-0.0069,-0.5226,0.2209
Rps19-ps11,Rps19-ps11,0.1339,-0.2041,0.0766
Rps19-ps13,Rps19-ps13,0.0123,-0.0204,0.0071
Rps19-ps2,Rps19-ps2,0,,
Rps19-ps3,Rps19-ps3,0.1725,-0.6662,0.2964
Rps19-ps4,Rps19-ps4,-0.0004,-0.3464,0.1372
Rps19-ps7,Rps19-ps7,0.1668,-1.5342,0.9032
Rps19-ps9,Rps19-ps9,0.0126,-0.7781,0.36
Rps19bp1,Rps19bp1,-0.0005,-3.0095,2.5823
Rps2,Rps2,0.4819,3.8391,3.9084
Rps2-ps10,Rps2-ps10,0,,
Rps2-ps13,Rps2-ps13,-0.0229,-2.013,1.3554
Rps2-ps4,Rps2-ps4,0.0033,0.6927,0.3111
Rps2-ps5,Rps2-ps5,-0.0094,-1.2597,0.6824
Rps2-ps6,Rps2-ps6,0.0062,0.6927,0.3111
Rps2-ps9,Rps2-ps9,0,,
Rps20,Rps20,0.3082,1.9139,1.2546
Rps21,Rps21,0.4793,4.8975,6.013
Rps23,Rps23,0.1058,0.6347,0.2793
Rps24,Rps24,0.3134,3.3029,3.0191
Rps24-ps2,Rps24-ps2,0.0406,-0.9945,0.4949
Rps24-ps3,Rps24-ps3,0.1659,-1.3711,0.7686
Rps25,Rps25,0.2672,1.2925,0.7073
Rps25-ps1,Rps25-ps1,0.1495,-0.8918,0.4289
Rps26,Rps26,0.1519,0.3062,0.1195
Rps26-ps1,Rps26-ps1,0.0201,-2.8087,2.3033
Rps27,Rps27,0.0729,-1.2022,0.6396
Rps27a,Rps27a,0.3628,1.6401,0.9958
Rps27a-ps2,Rps27a-ps2,0.0259,-1.1204,0.5808
Rps27l,Rps27l,0.0209,-3.4062,3.1814
Rps28,Rps28,0.2535,2.0998,1.4468
Rps29,Rps29,0.1712,0.2161,0.0815
Rps3,Rps3,0.5811,4.2844,4.7369
Rps3a,Rps3a,0.2801,2.2612,1.6244
Rps4x,Rps4x,0.3144,2.1618,1.5138
Rps4y2,Rps4y2,-0.0237,-3.2013,2.8639
Rps5,Rps5,0.3281,2.9612,2.5137
Rps6,Rps6,0.0181,-0.6406,0.2825
Rps6-ps1,Rps6-ps1,0.0399,-1.3171,0.7263
Rps6-ps2,Rps6-ps2,0.0296,-0.3457,0.137
Rps6-ps3,Rps6-ps3,0.0329,0.8773,0.4198
Rps6ka1,Rps6ka1,0.2101,1.1314,0.5886
Rps6ka2,Rps6ka2,-0.004,-1.3016,0.7144
Rps6ka3,Rps6ka3,0.0427,-0.817,0.3831
Rps6ka4,Rps6ka4,0.0205,-1.6036,0.9633
Rps6ka5,Rps6ka5,-0.0037,-1.7713,1.1163
Rps6ka6,Rps6ka6,0,,
Rps6kb1,Rps6kb1,-0.0484,-4.2308,4.6329
Rps6kb2,Rps6kb2,-0.0115,-1.5457,0.913
Rps6kc1,Rps6kc1,0.0091,-0.5348,0.2271
Rps6kl1,Rps6kl1,0,,
Rps7,Rps7,0.0422,-2.6497,2.0939
Rps8,Rps8,0.2916,1.3992,0.7911
Rps8-ps1,Rps8-ps1,0.0247,0.4135,0.168
Rps8-ps2,Rps8-ps2,0.0026,-1.0306,0.5189
Rps9,Rps9,0.6043,6.3587,9.6916
Rpsa,Rpsa,0.2823,1.3471,0.7497
Rpsa-ps10,Rpsa-ps10,0.317,0.6978,0.314
Rpsa-ps11,Rpsa-ps11,0.0578,-0.3724,0.149
Rpsa-ps12,Rpsa-ps12,0.026,0.5906,0.2559
Rpsa-ps2,Rpsa-ps2,0,,
Rpsa-ps3,Rpsa-ps3,0,,
Rpsa-ps4,Rpsa-ps4,0.01,-0.5764,0.2484
Rpsa-ps5,Rpsa-ps5,-0.0039,-0.5226,0.2209
Rpsa-ps9,Rpsa-ps9,0.1068,-0.9615,0.4733
Rptn,Rptn,0,,
Rptor,Rptor,-0.0125,-3.4738,3.2898
Rpusd1,Rpusd1,0.0019,-2.5499,1.9676
Rpusd2,Rpusd2,0,,
Rpusd3,Rpusd3,0.0116,0.9835,0.4876
Rpusd4,Rpusd4,-0.0105,-2.186,1.5404
Rqcd1,Rqcd1,-0.0204,-1.4837,0.8605
Rrad,Rrad,0.0233,0.6883,0.3087
Rraga,Rraga,-0.0579,-4.0173,4.2301
Rragb,Rragb,0,,
Rragc,Rragc,-0.1844,-6.6759,10.6094
Rragd,Rragd,0.0098,-1.0173,0.51
Rras,Rras,0.0505,-0.9263,0.4506
Rras2,Rras2,0.0001,-1.5527,0.919
Rrbp1,Rrbp1,0.1998,-0.8348,0.3938
Rreb1,Rreb1,0.0106,-3.6314,3.5499
Rrh,Rrh,0,,
Rrm1,Rrm1,-0.0317,-2.8798,2.4002
Rrm2,Rrm2,-0.0065,-0.5226,0.2209
Rrm2b,Rrm2b,-0.0224,-2.5317,1.9449
Rrn3,Rrn3,-0.006,-1.2518,0.6764
Rrnad1,Rrnad1,-0.0008,-1.3719,0.7693
Rrp1,Rrp1,-0.0714,-4.7479,5.687
Rrp12,Rrp12,0.0034,-0.895,0.4309
Rrp15,Rrp15,0.0007,-1.4617,0.8422
Rrp1b,Rrp1b,-0.0737,-2.8427,2.3493
Rrp36,Rrp36,0.0187,-0.2488,0.095
Rrp7a,Rrp7a,-0.0107,-2.3511,1.7278
Rrp8,Rrp8,-0.0163,-2.3073,1.677
Rrp9,Rrp9,0.0072,-0.7301,0.3323
Rrs1,Rrs1,0.0141,-1.6086,0.9677
Rs1,Rs1,0,,
Rsad1,Rsad1,0.0013,0.6927,0.3111
Rsad2,Rsad2,0.0539,0.2334,0.0886
Rsbn1,Rsbn1,-0.0774,-3.6379,3.5609
Rsbn1l,Rsbn1l,-0.1005,-6.0586,8.8622
Rsc1a1,Rsc1a1,-0.0087,-1.2501,0.6751
Rsf1,Rsf1,0.0328,-1.7518,1.0979
Rsl1,Rsl1,-0.0205,-1.431,0.8169
Rsl1d1,Rsl1d1,0.0251,-0.8059,0.3764
Rsl24d1,Rsl24d1,0.0315,-0.6154,0.269
Rsph1,Rsph1,0,,
Rsph10b2,Rsph10b2,-0.0103,-2.0286,1.3716
Rsph3a,Rsph3a,-0.0196,-3.2197,2.8916
Rsph3b,Rsph3b,-0.0017,-0.5226,0.2209
Rsph4a,Rsph4a,0,,
Rsph6a,Rsph6a,0,,
Rsph9,Rsph9,-0.0086,-2.0286,1.3716
Rspo1,Rspo1,0.0035,-2.164,1.5162
Rspo2,Rspo2,0,,
Rspo3,Rspo3,0,,
Rspo4,Rspo4,0,,
Rspry1,Rspry1,0.0244,-0.7061,0.3186
Rsrc1,Rsrc1,-0.0208,-3.3493,3.0914
Rsrc2,Rsrc2,-0.0141,-4.5214,5.2116
Rsu1,Rsu1,0.0703,-3.2943,3.0059
Rtbdn,Rtbdn,0,,
Rtcd1,Rtcd1,-0.0205,-4.2675,4.704
Rtdr1,Rtdr1,0,,
Rtel1,Rtel1,0,,
Rtf1,Rtf1,-0.0396,-4.9308,6.0867
Rtkn,Rtkn,-0.0009,-1.431,0.8169
Rtkn2,Rtkn2,-0.0014,-0.5167,0.218
Rtl1,Rtl1,0,,
Rtn1,Rtn1,0.1855,2.236,1.596
Rtn2,Rtn2,0,,
Rtn3,Rtn3,-0.1258,-5.4015,7.1798
Rtn4,Rtn4,0.0451,-3.1563,2.7965
Rtn4ip1,Rtn4ip1,0.0316,-1.3672,0.7655
Rtn4r,Rtn4r,0,,
Rtn4rl1,Rtn4rl1,-0.1237,-3.9469,4.1014
Rtn4rl2,Rtn4rl2,0,,
Rtp1,Rtp1,0,,
Rtp2,Rtp2,0,,
Rtp3,Rtp3,0,,
Rtp4,Rtp4,-0.05,-4.0576,4.3046
Rttn,Rttn,-0.0176,-1.3091,0.7201
Rufy1,Rufy1,0.0212,-2.641,2.0827
Rufy2,Rufy2,-0.0223,-0.585,0.253
Rufy3,Rufy3,-0.018,-1.6688,1.0216
Rufy4,Rufy4,0,,
Rundc1,Rundc1,-0.0084,-1.5419,0.9098
Rundc3a,Rundc3a,0.0054,0.6927,0.3111
Rundc3b,Rundc3b,0,,
Runx1,Runx1,-0.114,-5.3623,7.0852
Runx1t1,Runx1t1,0,,
Runx2,Runx2,0,,
Runx3,Runx3,0,,
Rusc1,Rusc1,0.0279,-0.0187,0.0065
Rusc2,Rusc2,-0.0138,-2.1835,1.5376
Ruvbl1,Ruvbl1,-0.0361,-2.2756,1.6408
Ruvbl2,Ruvbl2,-0.0452,-3.1014,2.7153
Rwdd1,Rwdd1,-0.0346,-2.3592,1.7372
Rwdd2a,Rwdd2a,-0.0034,-2.0286,1.3716
Rwdd2b,Rwdd2b,0.0091,-0.7357,0.3355
Rwdd3,Rwdd3,-0.0047,-0.5226,0.2209
Rwdd4a,Rwdd4a,-0.0158,-0.7191,0.326
Rxfp1,Rxfp1,0,,
Rxfp2,Rxfp2,0,,
Rxfp3,Rxfp3,0,,
Rxfp4,Rxfp4,0,,
Rxra,Rxra,-0.0328,-3.5859,3.4737
Rxrb,Rxrb,-0.0109,-2.707,2.1682
Rxrg,Rxrg,-0.0032,-1.2979,0.7115
Rybp,Rybp,0.0241,0.246,0.0938
Ryk,Ryk,0.0037,-2.1605,1.5124
Ryr1,Ryr1,0,,
Ryr2,Ryr2,0,,
Ryr3,Ryr3,-0.0017,-1.431,0.8169
S100a1,S100a1,0.0316,-2.1613,1.5133
S100a10,S100a10,0.0335,-0.6439,0.2843
S100a11,S100a11,-0.0083,-1.8012,1.1447
S100a13,S100a13,-0.0423,-4.2036,4.5806
S100a14,S100a14,0,,
S100a16,S100a16,0,,
S100a3,S100a3,0,,
S100a4,S100a4,-0.0423,-3.1528,2.7912
S100a5,S100a5,0.0054,0.6927,0.3111
S100a6,S100a6,-0.0029,-1.2979,0.7115
S100a7a,S100a7a,0,,
S100a8,S100a8,0.0538,0.1519,0.0559
S100a9,S100a9,0.0404,-0.1346,0.0492
S100b,S100b,0.0097,-1.9569,1.2979
S100g,S100g,0,,
S100pbp,S100pbp,-0.0311,-2.1835,1.5376
S100z,S100z,0,,
S1pr1,S1pr1,-0.1255,-5.28,6.8887
S1pr2,S1pr2,-0.0001,-1.2501,0.6751
S1pr3,S1pr3,0,,
S1pr4,S1pr4,0,,
S1pr5,S1pr5,0,,
SCARNA1,SCARNA1,0,,
SCARNA11,SCARNA11,0,,
SCARNA13,SCARNA13,0,,
SCARNA14,SCARNA14,-0.0069,-1.431,0.8169
SCARNA15,SCARNA15,0,,
SCARNA16,SCARNA16,0.0115,-0.0168,0.0059
SCARNA17,SCARNA17,0,,
SCARNA18,SCARNA18,0,,
SCARNA20,SCARNA20,0,,
SCARNA21,SCARNA21,0,,
SCARNA23,SCARNA23,0.0008,0.6927,0.3111
SCARNA24,SCARNA24,0,,
SCARNA3,SCARNA3,0,,
SCARNA4,SCARNA4,0,,
SCARNA6,SCARNA6,0,,
SNORA1,SNORA1,0,,
SNORA11,SNORA11,0,,
SNORA12,SNORA12,0,,
SNORA13,SNORA13,0,,
SNORA14,SNORA14,0,,
SNORA16,SNORA16,0,,
SNORA17,SNORA17,-0.0034,-1.431,0.8169
SNORA18,SNORA18,0,,
SNORA19,SNORA19,0,,
SNORA2,SNORA2,0,,
SNORA20,SNORA20,0,,
SNORA21,SNORA21,0,,
SNORA22,SNORA22,0,,
SNORA24,SNORA24,0,,
SNORA25,SNORA25,-0.0017,-1.431,0.8169
SNORA26,SNORA26,-0.0051,-1.431,0.8169
SNORA27,SNORA27,0,,
SNORA28,SNORA28,0,,
SNORA29,SNORA29,0,,
SNORA3,SNORA3,0,,
SNORA30,SNORA30,0,,
SNORA31,SNORA31,-0.0051,-1.431,0.8169
SNORA32,SNORA32,0,,
SNORA33,SNORA33,0.0025,0.9835,0.4876
SNORA35,SNORA35,0,,
SNORA36,SNORA36,0.0091,0.6927,0.3111
SNORA38,SNORA38,0,,
SNORA4,SNORA4,0,,
SNORA40,SNORA40,0,,
SNORA41,SNORA41,0,,
SNORA42,SNORA42,-0.0009,-1.431,0.8169
SNORA43,SNORA43,-0.0009,-0.5167,0.218
SNORA44,SNORA44,0,,
SNORA46,SNORA46,0,,
SNORA48,SNORA48,0,,
SNORA49,SNORA49,0,,
SNORA5,SNORA5,-0.0034,-1.431,0.8169
SNORA50,SNORA50,0,,
SNORA51,SNORA51,0,,
SNORA52,SNORA52,0,,
SNORA53,SNORA53,0,,
SNORA54,SNORA54,0,,
SNORA55,SNORA55,0,,
SNORA57,SNORA57,0,,
SNORA58,SNORA58,0,,
SNORA61,SNORA61,0,,
SNORA62,SNORA62,0,,
SNORA63,SNORA63,-0.0026,-1.431,0.8169
SNORA64,SNORA64,0,,
SNORA65,SNORA65,0,,
SNORA66,SNORA66,0,,
SNORA67,SNORA67,0,,
SNORA68,SNORA68,0,,
SNORA69,SNORA69,0,,
SNORA7,SNORA7,0,,
SNORA70,SNORA70,0,,
SNORA71,SNORA71,-0.0026,-1.431,0.8169
SNORA72,SNORA72,0,,
SNORA73,SNORA73,0,,
SNORA74,SNORA74,0,,
SNORA75,SNORA75,0,,
SNORA76,SNORA76,0,,
SNORA77,SNORA77,-0.002,-0.8984,0.433
SNORA79,SNORA79,0,,
SNORA8,SNORA8,0,,
SNORA81,SNORA81,0,,
SNORA84,SNORA84,0,,
SNORA9,SNORA9,0,,
SNORD101,SNORD101,0,,
SNORD102,SNORD102,0,,
SNORD103,SNORD103,0,,
SNORD105,SNORD105,0,,
SNORD107,SNORD107,0,,
SNORD11,SNORD11,0,,
SNORD111,SNORD111,0,,
SNORD112,SNORD112,0,,
SNORD113,SNORD113,0,,
SNORD115,SNORD115,0,,
SNORD116,SNORD116,0,,
SNORD12,SNORD12,0,,
SNORD121A,SNORD121A,0,,
SNORD124,SNORD124,0,,
SNORD125,SNORD125,0,,
SNORD127,SNORD127,0,,
SNORD16,SNORD16,0,,
SNORD18,SNORD18,0,,
SNORD19,SNORD19,0,,
SNORD19B,SNORD19B,-0.0001,-0.0216,0.0075
SNORD20,SNORD20,0,,
SNORD22,SNORD22,0,,
SNORD23,SNORD23,0,,
SNORD24,SNORD24,-0.0319,-3.2255,2.9005
SNORD25,SNORD25,0,,
SNORD26,SNORD26,0,,
SNORD27,SNORD27,0,,
SNORD28,SNORD28,0,,
SNORD29,SNORD29,0,,
SNORD30,SNORD30,0,,
SNORD31,SNORD31,0.0021,0.6927,0.3111
SNORD33,SNORD33,0,,
SNORD36,SNORD36,0.0004,0.6927,0.3111
SNORD38,SNORD38,0,,
SNORD41,SNORD41,0,,
SNORD44,SNORD44,0,,
SNORD45,SNORD45,0,,
SNORD46,SNORD46,0,,
SNORD5,SNORD5,0,,
SNORD50,SNORD50,0,,
SNORD51,SNORD51,0,,
SNORD56,SNORD56,0.0013,0.6927,0.3111
SNORD58,SNORD58,-0.0026,-1.431,0.8169
SNORD59,SNORD59,0,,
SNORD60,SNORD60,0,,
SNORD62,SNORD62,0.0033,0.6927,0.3111
SNORD63,SNORD63,0,,
SNORD70,SNORD70,0,,
SNORD73,SNORD73,0,,
SNORD74,SNORD74,0,,
SNORD75,SNORD75,0.0097,-1.9133,1.254
SNORD77,SNORD77,0,,
SNORD78,SNORD78,0,,
SNORD79,SNORD79,-0.0412,-4.4336,5.0331
SNORD81,SNORD81,0.0191,-2.9531,2.5022
SNORD83,SNORD83,0,,
SNORD86,SNORD86,0,,
SNORD88,SNORD88,0,,
SNORD91,SNORD91,0,,
SNORD93,SNORD93,0,,
SNORD94,SNORD94,0,,
SNORD95,SNORD95,0,,
Saa1,Saa1,0,,
Saa2,Saa2,0,,
Saa3,Saa3,0,,
Saa4,Saa4,0,,
Saal1,Saal1,-0.0206,-2.5326,1.9461
Sac3d1,Sac3d1,-0.0042,-1.8485,1.1902
Sacm1l,Sacm1l,-0.0729,-4.2275,4.6265
Sacs,Sacs,0.0087,-0.5167,0.218
Sae1,Sae1,0.0299,-1.961,1.302
Safb,Safb,0.0635,0.532,0.2257
Safb2,Safb2,0.0495,-2.9017,2.4304
Sag,Sag,-0.0026,-1.431,0.8169
Sall1,Sall1,0.0261,-2.6506,2.0951
Sall2,Sall2,0.0303,0.4769,0.1983
Sall3,Sall3,-0.1044,-5.1483,6.5803
Sall4,Sall4,0,,
Samd1,Samd1,0.0356,-1.2651,0.6865
Samd10,Samd10,0,,
Samd12,Samd12,0,,
Samd13,Samd13,0,,
Samd14,Samd14,0.0037,0.6927,0.3111
Samd15,Samd15,0,,
Samd3,Samd3,0,,
Samd4,Samd4,0.0035,0.3245,0.1275
Samd4b,Samd4b,0.0143,-2.795,2.2849
Samd5,Samd5,0,,
Samd7,Samd7,0,,
Samd8,Samd8,-0.0377,-2.7786,2.2628
Samd9l,Samd9l,0.0341,-0.2805,0.1084
Samhd1,Samhd1,0.0322,-2.5336,1.9473
Samm50,Samm50,0.0334,-1.9541,1.2951
Samsn1,Samsn1,-0.3601,-9.6288,21.2186
Sap130,Sap130,-0.0192,-1.4648,0.8448
Sap18,Sap18,0.0091,-2.5004,1.9064
Sap25,Sap25,-0.0146,-2.8427,2.3494
Sap30,Sap30,-0.0297,-2.8342,2.3378
Sap30bp,Sap30bp,-0.0116,-1.6097,0.9688
Sap30l,Sap30l,0.0435,-1.4968,0.8715
Sar1a,Sar1a,-0.0647,-4.3465,4.859
Sar1b,Sar1b,0.0464,-1.4258,0.8127
Sardh,Sardh,-0.0247,-3.0103,2.5833
Sarm1,Sarm1,0.0042,0.6927,0.3111
Sarnp,Sarnp,0.0129,-1.0755,0.5495
Sars,Sars,-0.0224,-2.6298,2.0684
Sars2,Sars2,0.0063,-0.5645,0.2423
Sart1,Sart1,-0.0689,-4.6317,5.4405
Sart3,Sart3,-0.0329,-2.4638,1.8618
Sash1,Sash1,-0.0272,-4.0854,4.3566
Sash3,Sash3,0.0485,-1.784,1.1283
Sass6,Sass6,-0.0178,-1.552,0.9185
Sat1,Sat1,-0.0317,-2.9058,2.4361
Sat2,Sat2,0.0029,0.6927,0.3111
Satb1,Satb1,0.0284,1.0518,0.5333
Satb2,Satb2,0,,
Satl1,Satl1,0,,
Sav1,Sav1,0.0602,-1.5967,0.9573
Sbds,Sbds,0.0606,-3.1866,2.8418
Sbf1,Sbf1,0.0537,-1.0673,0.5439
Sbf2,Sbf2,0.075,1.3984,0.7905
Sbk1,Sbk1,0.0095,-0.0168,0.0059
Sbk2,Sbk2,0,,
Sbno1,Sbno1,-0.0419,-3.5879,3.4772
Sbno2,Sbno2,0.0075,1.2069,0.6431
Sbp,Sbp,0,,
Sbpl,Sbpl,0,,
Sbsn,Sbsn,0,,
Sc4mol,Sc4mol,-0.1744,-7.6539,13.7102
Sc5d,Sc5d,-0.0843,-5.9198,8.4917
Scaf1,Scaf1,0.0054,1.2069,0.6431
Scaf11,Scaf11,0.0931,-2.8586,2.371
Scaf4,Scaf4,-0.0231,-1.8604,1.2019
Scaf8,Scaf8,0.0136,-1.8721,1.2133
Scai,Scai,-0.0154,-1.431,0.8169
Scamp1,Scamp1,-0.0842,-4.403,4.9715
Scamp2,Scamp2,-0.0803,-4.2865,4.7411
Scamp3,Scamp3,-0.0159,-3.674,3.6219
Scamp4,Scamp4,-0.0493,-3.5807,3.4651
Scamp5,Scamp5,0.003,-1.5454,0.9128
Scand1,Scand1,0.0821,-1.6807,1.0324
Scap,Scap,0.0202,-2.0221,1.3648
Scaper,Scaper,0.0536,0.1599,0.059
Scara3,Scara3,0,,
Scara5,Scara5,0,,
Scarb1,Scarb1,-0.0982,-5.9092,8.4637
Scarb2,Scarb2,-0.1136,-5.493,7.4033
Scarf1,Scarf1,0,,
Scarf2,Scarf2,-0.0096,-3.1955,2.8552
Scarna10,Scarna10,-0.0043,-1.431,0.8169
Scarna13,Scarna13,0,,
Scarna17,Scarna17,-0.0017,-1.431,0.8169
Scarna2,Scarna2,-0.0086,-1.431,0.8169
Scarna3a,Scarna3a,0,,
Scarna3b,Scarna3b,0,,
Scarna6,Scarna6,0,,
Scarna8,Scarna8,0,,
Scarna9,Scarna9,0,,
Sccpdh,Sccpdh,0.0006,-0.0432,0.0152
Scd1,Scd1,-0.0196,-3.2197,2.8916
Scd2,Scd2,-0.6179,-10.8656,26.7744
Scd3,Scd3,0,,
Scd4,Scd4,0,,
Scel,Scel,0,,
Scfd1,Scfd1,-0.0617,-2.1638,1.516
Scfd2,Scfd2,0.0428,0.2413,0.0919
Scg2,Scg2,0,,
Scg3,Scg3,0.0027,-1.2501,0.6751
Scg5,Scg5,0,,
Scgb1a1,Scgb1a1,0,,
Scgb1c1,Scgb1c1,0,,
Scgb2b1-ps,Scgb2b1-ps,0,,
Scgb3a1,Scgb3a1,0,,
Scgb3a2,Scgb3a2,-0.0077,-1.431,0.8169
Scgn,Scgn,0,,
Schip1,Schip1,0.0036,-0.0168,0.0059
Scin,Scin,0,,
Sclt1,Sclt1,0.0093,-1.4533,0.8352
Scly,Scly,-0.0039,-1.8198,1.1624
Scmh1,Scmh1,0.0265,-1.0764,0.5501
Scml1,Scml1,0,,
Scml2,Scml2,0,,
Scml4,Scml4,-0.0077,-1.431,0.8169
Scn10a,Scn10a,0,,
Scn11a,Scn11a,0,,
Scn1a,Scn1a,0,,
Scn1b,Scn1b,0.005,-0.0616,0.0219
Scn2a1,Scn2a1,0,,
Scn2b,Scn2b,0,,
Scn3a,Scn3a,0,,
Scn3b,Scn3b,0,,
Scn4a,Scn4a,0,,
Scn4b,Scn4b,0,,
Scn5a,Scn5a,0,,
Scn7a,Scn7a,0,,
Scn8a,Scn8a,0,,
Scn9a,Scn9a,0,,
Scnm1,Scnm1,-0.0018,-3.8623,3.9495
Scnn1a,Scnn1a,-0.006,-1.431,0.8169
Scnn1b,Scnn1b,0,,
Scnn1g,Scnn1g,0,,
Sco1,Sco1,0.0104,-0.4711,0.1955
Sco2,Sco2,-0.0003,-1.4617,0.8422
Scoc,Scoc,0.1666,-1.4784,0.856
Scp2,Scp2,0.1185,-1.1418,0.596
Scp2-ps2,Scp2-ps2,0.0305,0.9835,0.4876
Scpep1,Scpep1,-0.3048,-8.5934,17.0734
Scrg1,Scrg1,-0.0017,-1.431,0.8169
Scrib,Scrib,-0.0137,-1.1606,0.6094
Scrn1,Scrn1,0,,
Scrn2,Scrn2,0.0003,-0.5167,0.218
Scrn3,Scrn3,0.0304,0.1526,0.0561
Scrt1,Scrt1,0.0079,0.6927,0.3111
Scrt2,Scrt2,0,,
Sct,Sct,0,,
Sctr,Sctr,0,,
Scube1,Scube1,0.0033,0.6927,0.3111
Scube2,Scube2,0,,
Scube3,Scube3,0,,
Scx,Scx,0,,
Scyl1,Scyl1,0.0784,-1.9005,1.2413
Scyl2,Scyl2,-0.0142,-2.2551,1.6175
Scyl3,Scyl3,-0.0252,-3.4918,3.3189
Sdad1,Sdad1,-0.0353,-3.7603,3.7703
Sdc1,Sdc1,0.0046,0.9835,0.4876
Sdc2,Sdc2,0,,
Sdc3,Sdc3,-0.1115,-5.9373,8.5379
Sdc4,Sdc4,-0.0158,-3.0024,2.5721
Sdcbp,Sdcbp,0.001,-2.1441,1.4945
Sdcbp2,Sdcbp2,-0.0031,-0.5226,0.2209
Sdccag3,Sdccag3,0.0347,0.161,0.0594
Sdccag8,Sdccag8,0.0352,-1.3074,0.7188
Sdf2,Sdf2,-0.0026,-3.4183,3.2006
Sdf2l1,Sdf2l1,-0.1525,-6.1771,9.1851
Sdf4,Sdf4,-0.0673,-4.0588,4.3069
Sdha,Sdha,0.0552,-2.2008,1.5567
Sdhaf1,Sdhaf1,-0.0211,-2.0045,1.3467
Sdhaf2,Sdhaf2,0.0316,-0.6159,0.2693
Sdhb,Sdhb,-0.0444,-4.0711,4.3299
Sdhc,Sdhc,0.0914,-1.9295,1.2703
Sdhd,Sdhd,-0.077,-3.3861,3.1495
Sdk1,Sdk1,0.0012,-2.294,1.6618
Sdk2,Sdk2,0,,
Sdpr,Sdpr,-0.0043,-1.431,0.8169
Sdr16c5,Sdr16c5,0,,
Sdr16c6,Sdr16c6,0,,
Sdr39u1,Sdr39u1,-0.0597,-4.8052,5.8107
Sdr42e1,Sdr42e1,0,,
Sdr9c7,Sdr9c7,0,,
Sds,Sds,0,,
Sdsl,Sdsl,0,,
Sebox,Sebox,0,,
Sec1,Sec1,0,,
Sec11a,Sec11a,-0.0107,-3.4329,3.2239
Sec11c,Sec11c,-0.0145,-4.4033,4.9722
Sec13,Sec13,0.0572,-2.8677,2.3835
Sec14l1,Sec14l1,-0.0427,-2.9434,2.4886
Sec14l2,Sec14l2,-0.03,-2.8156,2.3125
Sec14l3,Sec14l3,0,,
Sec14l4,Sec14l4,0,,
Sec14l5,Sec14l5,0,,
Sec16a,Sec16a,0.0349,-0.7997,0.3728
Sec16b,Sec16b,0,,
Sec22a,Sec22a,-0.0193,-2.651,2.0956
Sec22b,Sec22b,0.0444,-0.2695,0.1037
Sec22c,Sec22c,0.0087,0.9835,0.4876
Sec23a,Sec23a,0.0489,-1.1432,0.5969
Sec23b,Sec23b,0.0144,-1.62,0.9778
Sec23ip,Sec23ip,-0.0254,-3.1162,2.7371
Sec24a,Sec24a,-0.0146,-2.5647,1.986
Sec24b,Sec24b,-0.0463,-3.2398,2.9223
Sec24c,Sec24c,-0.0435,-4.0619,4.3126
Sec24d,Sec24d,-0.0332,-2.5954,2.0247
Sec31a,Sec31a,-0.0854,-5.8182,8.2257
Sec31b,Sec31b,0,,
Sec61a1,Sec61a1,-0.08,-4.8658,5.9432
Sec61a2,Sec61a2,-0.0083,-1.3054,0.7172
Sec61b,Sec61b,0.0608,-2.9612,2.5137
Sec61g,Sec61g,-0.0152,-1.9503,1.2912
Sec62,Sec62,-0.08,-4.0376,4.2676
Sec63,Sec63,0.0226,-2.5207,1.9314
Secisbp2,Secisbp2,-0.0099,-1.9813,1.3228
Secisbp2l,Secisbp2l,0.0895,-1.809,1.1521
Sectm1a,Sectm1a,0,,
Sectm1b,Sectm1b,0,,
Seh1l,Seh1l,0.0267,-1.0971,0.5645
Sel1l,Sel1l,-0.1654,-7.4191,12.9284
Sel1l2,Sel1l2,0,,
Sel1l3,Sel1l3,-0.0111,-1.431,0.8169
Sele,Sele,0,,
Selenbp1,Selenbp1,0.0161,0.8474,0.4014
Selenbp2,Selenbp2,0,,
Selk,Selk,-0.1391,-5.3935,7.1606
Sell,Sell,0,,
Selm,Selm,-0.0195,-2.5914,2.0196
Selp,Selp,-0.0128,-1.431,0.8169
Selplg,Selplg,-0.1432,-2.1943,1.5495
Sema3a,Sema3a,0,,
Sema3b,Sema3b,0.0008,0.6927,0.3111
Sema3c,Sema3c,0.0083,0.6927,0.3111
Sema3d,Sema3d,0,,
Sema3e,Sema3e,0.0083,0.6927,0.3111
Sema3f,Sema3f,0,,
Sema3g,Sema3g,0,,
Sema4a,Sema4a,0.005,0.9835,0.4876
Sema4b,Sema4b,0.0029,0.6927,0.3111
Sema4c,Sema4c,-0.0058,-1.3798,0.7756
Sema4d,Sema4d,-0.0163,-4.3313,4.8291
Sema4f,Sema4f,0,,
Sema4g,Sema4g,0.0042,-1.5217,0.8925
Sema5a,Sema5a,0,,
Sema5b,Sema5b,0,,
Sema6a,Sema6a,0,,
Sema6b,Sema6b,-0.0103,-2.0286,1.3716
Sema6c,Sema6c,0,,
Sema6d,Sema6d,0.0199,0.6927,0.3111
Sema7a,Sema7a,0,,
Senp1,Senp1,0.0016,-1.2501,0.6751
Senp2,Senp2,-0.0041,-2.9414,2.4859
Senp3,Senp3,-0.0053,-3.0199,2.5971
Senp5,Senp5,-0.0352,-2.5392,1.9543
Senp6,Senp6,0.0897,-1.369,0.767
Senp7,Senp7,0.0157,-1.1476,0.6001
Senp8,Senp8,0.0027,-1.0409,0.5259
Sep15,Sep15,0.1924,-1.4149,0.8038
Sephs1,Sephs1,0.0444,-0.4555,0.1879
Sephs2,Sephs2,0,,
Sepn1,Sepn1,-0.0236,-2.4523,1.8479
Sepp1,Sepp1,1.0865,10.0772,23.1567
Sepsecs,Sepsecs,-0.019,-2.1751,1.5284
Sept1,Sept1,-0.0086,-1.431,0.8169
Sept10,Sept10,-0.0373,-2.0286,1.3716
Sept11,Sept11,-0.0701,-5.6231,7.7268
Sept12,Sept12,0,,
Sept14,Sept14,0,,
Sept2,Sept2,-0.0487,-3.3829,3.1444
Sept3,Sept3,0.012,0.6927,0.3111
Sept4,Sept4,0.0158,0.6927,0.3111
Sept5,Sept5,0,,
Sept6,Sept6,0.0359,0.5352,0.2273
Sept7,Sept7,0.2553,0.5819,0.2513
Sept8,Sept8,0.0397,0.6198,0.2713
Sept9,Sept9,-0.0035,-0.0264,0.0092
Sepw1,Sepw1,0.0557,0.2247,0.085
Sepx1,Sepx1,-0.0183,-2.2025,1.5586
Serac1,Serac1,0.0046,0.6927,0.3111
Serbp1,Serbp1,0.2204,-0.7847,0.3639
Serf1,Serf1,0.0259,-0.2115,0.0796
Serf2,Serf2,0.1771,-0.5108,0.2151
Sergef,Sergef,-0.0148,-1.8538,1.1954
Serhl,Serhl,0.0128,-0.8764,0.4193
Serinc1,Serinc1,-0.2135,-7.3399,12.6701
Serinc2,Serinc2,0,,
Serinc3,Serinc3,0.2075,1.8417,1.1837
Serinc4,Serinc4,0,,
Serinc5,Serinc5,0.0198,0.3328,0.1312
Serp1,Serp1,-0.1609,-6.4836,10.0479
Serp2,Serp2,-0.0034,-1.431,0.8169
Serpina10,Serpina10,0,,
Serpina11,Serpina11,0,,
Serpina12,Serpina12,0,,
Serpina1a,Serpina1a,0,,
Serpina1b,Serpina1b,0,,
Serpina1c,Serpina1c,0,,
Serpina1d,Serpina1d,0,,
Serpina1e,Serpina1e,0,,
Serpina1f,Serpina1f,0,,
Serpina3a,Serpina3a,0,,
Serpina3b,Serpina3b,0,,
Serpina3c,Serpina3c,0,,
Serpina3d-ps,Serpina3d-ps,0,,
Serpina3e-ps,Serpina3e-ps,0,,
Serpina3f,Serpina3f,0.005,0.6927,0.3111
Serpina3g,Serpina3g,0,,
Serpina3h,Serpina3h,0,,
Serpina3i,Serpina3i,0,,
Serpina3j,Serpina3j,0,,
Serpina3k,Serpina3k,0,,
Serpina3l-ps,Serpina3l-ps,0,,
Serpina3m,Serpina3m,0,,
Serpina3n,Serpina3n,0,,
Serpina4-ps1,Serpina4-ps1,0,,
Serpina5,Serpina5,0,,
Serpina6,Serpina6,0,,
Serpina7,Serpina7,0,,
Serpina9,Serpina9,0,,
Serpinb1-ps1,Serpinb1-ps1,0,,
Serpinb10-ps,Serpinb10-ps,0,,
Serpinb11,Serpinb11,0,,
Serpinb12,Serpinb12,0.0091,0.6927,0.3111
Serpinb13,Serpinb13,0,,
Serpinb1a,Serpinb1a,0,,
Serpinb1b,Serpinb1b,0.0128,-0.5167,0.218
Serpinb1c,Serpinb1c,0,,
Serpinb2,Serpinb2,0,,
Serpinb3a,Serpinb3a,0,,
Serpinb3b,Serpinb3b,0,,
Serpinb3c,Serpinb3c,0,,
Serpinb3d,Serpinb3d,0,,
Serpinb5,Serpinb5,0,,
Serpinb6a,Serpinb6a,0.0071,-2.1156,1.4637
Serpinb6b,Serpinb6b,-0.012,-2.8765,2.3957
Serpinb6c,Serpinb6c,0,,
Serpinb6d,Serpinb6d,0,,
Serpinb6e,Serpinb6e,0,,
Serpinb7,Serpinb7,0,,
Serpinb8,Serpinb8,0,,
Serpinb9,Serpinb9,-0.0001,-1.4468,0.8299
Serpinb9b,Serpinb9b,0,,
Serpinb9c,Serpinb9c,0,,
Serpinb9d,Serpinb9d,0,,
Serpinb9e,Serpinb9e,0,,
Serpinb9f,Serpinb9f,0,,
Serpinb9g,Serpinb9g,0,,
Serpinc1,Serpinc1,0,,
Serpind1,Serpind1,0,,
Serpine1,Serpine1,-0.23,-6.9419,11.4124
Serpine2,Serpine2,-0.7892,-10.644,25.7307
Serpine3,Serpine3,0,,
Serpinf1,Serpinf1,0.1047,1.7575,1.1033
Serpinf2,Serpinf2,0,,
Serping1,Serping1,0.0008,-0.5167,0.218
Serpinh1,Serpinh1,0,,
Serpini1,Serpini1,0,,
Serpini2,Serpini2,0,,
Sertad1,Sertad1,-0.0209,-2.6557,2.1016
Sertad2,Sertad2,0.0021,-1.7525,1.0986
Sertad3,Sertad3,0.0053,-0.0272,0.0095
Sertad4,Sertad4,0,,
Sesn1,Sesn1,-0.0303,-1.8744,1.2155
Sesn2,Sesn2,0.0244,0.246,0.0938
Sesn3,Sesn3,0,,
Sestd1,Sestd1,-0.0017,-1.431,0.8169
Set,Set,0.1941,-0.9537,0.4682
Setbp1,Setbp1,0,,
Setd1a,Setd1a,-0.006,-1.6342,0.9904
Setd1b,Setd1b,0.0054,-1.7865,1.1307
Setd2,Setd2,-0.0209,-3.448,3.2481
Setd3,Setd3,0.0506,-1.5674,0.9317
Setd4,Setd4,0.0062,0.3286,0.1293
Setd5,Setd5,0.004,-0.5874,0.2542
Setd6,Setd6,0.0192,0.6052,0.2636
Setd7,Setd7,0.0813,-1.224,0.6557
Setd8,Setd8,-0.0543,-3.8381,3.9066
Setdb1,Setdb1,0.0212,-0.8561,0.4068
Setdb2,Setdb2,-0.0026,-2.0286,1.3716
Setmar,Setmar,-0.0009,-1.431,0.8169
Setx,Setx,0.0069,-0.1994,0.0747
Sez6,Sez6,0.0133,-0.8827,0.4232
Sez6l,Sez6l,0,,
Sez6l2,Sez6l2,0.0042,0.6927,0.3111
Sf1,Sf1,0.0512,-1.6436,0.9989
Sf3a1,Sf3a1,0.0374,-1.2799,0.6977
Sf3a2,Sf3a2,0.002,-1.3684,0.7666
Sf3a3,Sf3a3,0.0193,-2.6429,2.0851
Sf3b1,Sf3b1,0.0572,-3.2993,3.0135
Sf3b2,Sf3b2,0.1624,-1.0025,0.5002
Sf3b3,Sf3b3,0.0182,-2.1928,1.5479
Sf3b4,Sf3b4,-0.0395,-2.6086,2.0414
Sf3b5,Sf3b5,0.0753,-0.7632,0.3513
Sfi1,Sfi1,-0.0003,-0.912,0.4416
Sfmbt1,Sfmbt1,-0.0479,-3.1969,2.8572
Sfmbt2,Sfmbt2,0,,
Sfn,Sfn,-0.0034,-1.431,0.8169
Sfpi1,Sfpi1,0.0025,-3.3346,3.0685
Sfpq,Sfpq,0.2168,-1.352,0.7536
Sfr1,Sfr1,-0.0431,-3.2716,2.9708
Sfrp1,Sfrp1,0,,
Sfrp2,Sfrp2,0,,
Sfrp4,Sfrp4,0,,
Sfrp5,Sfrp5,0,,
Sfrs18,Sfrs18,0.0233,-1.8345,1.1766
Sfswap,Sfswap,-0.0074,-2.7576,2.2349
Sft2d1,Sft2d1,-0.0764,-5.0792,6.4214
Sft2d2,Sft2d2,0.1031,-1.3976,0.7898
Sft2d3,Sft2d3,-0.0192,-2.2588,1.6217
Sfta2,Sfta2,0,,
Sftpa1,Sftpa1,0,,
Sftpb,Sftpb,0,,
Sftpc,Sftpc,0,,
Sftpd,Sftpd,0,,
Sfxn1,Sfxn1,-0.019,-2.2935,1.6611
Sfxn2,Sfxn2,0.0368,0.8773,0.4198
Sfxn3,Sfxn3,-0.0407,-2.8392,2.3447
Sfxn4,Sfxn4,-0.0027,-1.8012,1.1447
Sfxn5,Sfxn5,0.0044,-1.2942,0.7086
Sgca,Sgca,0,,
Sgcb,Sgcb,-0.0608,-4.4388,5.0436
Sgcd,Sgcd,0,,
Sgce,Sgce,0.0424,-1.3824,0.7777
Sgcg,Sgcg,0,,
Sgcz,Sgcz,0,,
Sgip1,Sgip1,0,,
Sgk1,Sgk1,-0.9532,-12.563,35.472
Sgk2,Sgk2,0,,
Sgk3,Sgk3,0.0816,-1.4738,0.8522
Sgms1,Sgms1,-0.0505,-2.8458,2.3536
Sgms2,Sgms2,0,,
Sgol1,Sgol1,0.0091,0.9835,0.4876
Sgol2,Sgol2,0,,
Sgpl1,Sgpl1,-0.1611,-5.5199,7.4694
Sgpp1,Sgpp1,-0.0679,-3.5351,3.3898
Sgpp2,Sgpp2,0,,
Sgsh,Sgsh,0.0046,0.6927,0.3111
Sgsm1,Sgsm1,0,,
Sgsm2,Sgsm2,0.0134,-1.2942,0.7086
Sgsm3,Sgsm3,0.02,-0.9998,0.4984
Sgta,Sgta,0.0026,-3.0666,2.6645
Sgtb,Sgtb,0,,
Sh2b1,Sh2b1,-0.0833,-4.2397,4.6501
Sh2b2,Sh2b2,0.0008,-3.2135,2.8823
Sh2b3,Sh2b3,0.0359,-2.8072,2.3012
Sh2d1a,Sh2d1a,0,,
Sh2d1b1,Sh2d1b1,0,-0.5167,0.218
Sh2d1b2,Sh2d1b2,0,,
Sh2d2a,Sh2d2a,0,,
Sh2d3c,Sh2d3c,-0.0166,-1.0726,0.5475
Sh2d4a,Sh2d4a,0,,
Sh2d4b,Sh2d4b,-0.0086,-1.431,0.8169
Sh2d5,Sh2d5,0.0125,0.6927,0.3111
Sh2d6,Sh2d6,-0.0272,-2.2681,1.6322
Sh2d7,Sh2d7,0,,
Sh3bgr,Sh3bgr,-0.0034,-1.431,0.8169
Sh3bgrl,Sh3bgrl,0.0255,-2.4447,1.8387
Sh3bgrl2,Sh3bgrl2,0.0078,-0.0168,0.0059
Sh3bgrl3,Sh3bgrl3,0.4245,2.3882,1.7713
Sh3bp1,Sh3bp1,-0.0148,-1.2026,0.6399
Sh3bp2,Sh3bp2,-0.0947,-5.1434,6.569
Sh3bp4,Sh3bp4,-0.0128,-2.0286,1.3716
Sh3bp5,Sh3bp5,0.0189,0.1452,0.0533
Sh3bp5l,Sh3bp5l,0.0349,-0.8954,0.4311
Sh3d19,Sh3d19,0,,
Sh3d2c-ps1,Sh3d2c-ps1,0,,
Sh3gl1,Sh3gl1,-0.0484,-3.0126,2.5867
Sh3gl2,Sh3gl2,0.0163,-0.7301,0.3322
Sh3gl3,Sh3gl3,0.0141,0.9835,0.4876
Sh3glb1,Sh3glb1,0.2952,-0.0242,0.0085
Sh3glb2,Sh3glb2,0.0169,-1.3917,0.7851
Sh3kbp1,Sh3kbp1,0.1586,-1.0693,0.5452
Sh3pxd2a,Sh3pxd2a,0.105,0.5699,0.2451
Sh3pxd2b,Sh3pxd2b,-0.0737,-5.8242,8.2412
Sh3rf1,Sh3rf1,-0.0214,-0.5226,0.2209
Sh3rf2,Sh3rf2,0,,
Sh3rf3,Sh3rf3,0,,
Sh3tc1,Sh3tc1,0.001,-0.2864,0.111
Sh3tc2,Sh3tc2,0,,
Sh3yl1,Sh3yl1,-0.006,-1.431,0.8169
Shank1,Shank1,0,,
Shank2,Shank2,0,,
Shank3,Shank3,0,,
Sharpin,Sharpin,0.0537,-1.3506,0.7525
Shb,Shb,-0.0111,-1.6388,0.9946
Shbg,Shbg,-0.0034,-1.431,0.8169
Shc1,Shc1,-0.0281,-2.5564,1.9757
Shc2,Shc2,0,,
Shc3,Shc3,0,,
Shc4,Shc4,-0.0026,-1.431,0.8169
Shcbp1,Shcbp1,0.0004,0.6927,0.3111
Shd,Shd,0,,
She,She,0,,
Shf,Shf,-0.0026,-1.431,0.8169
Shfm1,Shfm1,0.0442,-3.7999,3.8393
Shh,Shh,0,,
Shisa2,Shisa2,0,,
Shisa3,Shisa3,0,,
Shisa4,Shisa4,0,,
Shisa5,Shisa5,-0.3354,-7.8757,14.47
Shisa6,Shisa6,0,,
Shisa7,Shisa7,-0.01,-2.2551,1.6175
Shisa9,Shisa9,0,,
Shkbp1,Shkbp1,0.0742,-0.3709,0.1483
Shmt1,Shmt1,0.017,0.4621,0.1911
Shmt2,Shmt2,0.0281,0.5211,0.2202
Shoc2,Shoc2,-0.0229,-3.1697,2.8165
Shox2,Shox2,0,,
Shpk,Shpk,0,,
Shprh,Shprh,0.0137,-0.0304,0.0107
Shq1,Shq1,-0.0026,-0.5226,0.2209
Shroom1,Shroom1,0,,
Shroom2,Shroom2,0,,
Shroom3,Shroom3,0,,
Shroom4,Shroom4,0,,
Siae,Siae,-0.0423,-4.406,4.9777
Siah1a,Siah1a,-0.0229,-2.8172,2.3148
Siah1b,Siah1b,0.0029,-0.5167,0.218
Siah2,Siah2,-0.0128,-1.0464,0.5296
Siah3,Siah3,0,,
Sidt1,Sidt1,0,,
Sidt2,Sidt2,-0.0399,-4.1973,4.5684
Sigirr,Sigirr,-0.0034,-1.431,0.8169
Siglec1,Siglec1,-0.0286,-1.8054,1.1486
Siglec15,Siglec15,0,,
Siglec5,Siglec5,-0.1586,-6.5418,10.2163
Siglece,Siglece,0.0276,1.2329,0.6623
Siglecg,Siglecg,-0.0026,-1.431,0.8169
Siglech,Siglech,0.2449,0.998,0.4972
Sigmar1,Sigmar1,-0.0627,-4.2509,4.6718
Sik1,Sik1,-0.0027,-0.024,0.0084
Sik2,Sik2,0,,
Sik3,Sik3,-0.01,-1.3845,0.7794
Sike1,Sike1,0.0029,-3.0725,2.6732
Sil1,Sil1,-0.1172,-6.342,9.6444
Sim1,Sim1,0,,
Sim2,Sim2,0,,
Sin3a,Sin3a,0.0363,-1.8367,1.1788
Sin3b,Sin3b,0.0924,-1.5095,0.8821
Sip1,Sip1,0.0008,-0.5167,0.218
Sipa1,Sipa1,0.1483,-1.103,0.5686
Sipa1l1,Sipa1l1,-0.0078,-1.8449,1.1868
Sipa1l2,Sipa1l2,-0.0632,-4.3029,4.7733
Sipa1l3,Sipa1l3,-0.005,-2.5661,1.9878
Sirpa,Sirpa,-0.6051,-7.7254,13.9526
Sirpb1a,Sirpb1a,0,,
Sirpb1b,Sirpb1b,0,,
Sirpb1c,Sirpb1c,0,,
Sirt1,Sirt1,-0.0022,-1.8868,1.2278
Sirt2,Sirt2,0.2429,-1.4309,0.8169
Sirt3,Sirt3,0.0194,0.6108,0.2665
Sirt4,Sirt4,0,,
Sirt5,Sirt5,-0.0017,-1.431,0.8169
Sirt6,Sirt6,-0.0078,-1.3072,0.7187
Sirt7,Sirt7,0.0394,-1.097,0.5644
Sis,Sis,0,,
Sit1,Sit1,-0.0174,-0.8941,0.4303
Siva1,Siva1,0.0174,-1.5306,0.9001
Six1,Six1,0,,
Six2,Six2,0,,
Six3,Six3,0,,
Six3os1,Six3os1,0,,
Six4,Six4,0,,
Six5,Six5,0,,
Six6,Six6,0,,
Ska1,Ska1,0.0116,0.9835,0.4876
Ska2l-ps,Ska2l-ps,0,,
Skap1,Skap1,0,,
Skap2,Skap2,0.1537,-1.4365,0.8214
Ski,Ski,0.0297,-1.7849,1.1291
Skil,Skil,-0.1525,-4.0256,4.2454
Skint1,Skint1,0,,
Skint10,Skint10,0,,
Skint11,Skint11,0,,
Skint2,Skint2,0,,
Skint3,Skint3,0.0066,-0.5167,0.218
Skint4,Skint4,0,,
Skint5,Skint5,0,,
Skint6,Skint6,0,,
Skint7,Skint7,0,,
Skint8,Skint8,0,,
Skint9,Skint9,0,,
Skiv2l,Skiv2l,-0.0201,-1.3868,0.7812
Skiv2l-ps1,Skiv2l-ps1,0,,
Skiv2l2,Skiv2l2,0.0047,-3.0795,2.6834
Skor1,Skor1,0,,
Skor2,Skor2,0,,
Skp1a,Skp1a,0.045,-2.4598,1.8569
Skp2,Skp2,-0.0142,-0.5226,0.2209
Sla,Sla,0.126,-0.4479,0.1843
Sla2,Sla2,0,,
Slain1,Slain1,0,,
Slain2,Slain2,-0.0389,-2.9707,2.527
Slamf1,Slamf1,0,,
Slamf6,Slamf6,-0.0391,-2.7713,2.2531
Slamf7,Slamf7,-0.0323,-3.4943,3.3231
Slamf8,Slamf8,-0.0092,-1.0394,0.5249
Slamf9,Slamf9,-0.0214,-5.2712,6.8678
Slbp,Slbp,0.0006,-1.2865,0.7028
Slc10a1,Slc10a1,0,,
Slc10a2,Slc10a2,0,,
Slc10a3,Slc10a3,-0.0328,-3.3755,3.1326
Slc10a4,Slc10a4,0,,
Slc10a5,Slc10a5,0,,
Slc10a6,Slc10a6,0,,
Slc10a7,Slc10a7,-0.0003,-0.3482,0.1381
Slc11a1,Slc11a1,-0.4091,-9.0933,19.0174
Slc11a2,Slc11a2,-0.0631,-4.0169,4.2294
Slc12a1,Slc12a1,0,,
Slc12a2,Slc12a2,0.0158,-5.0113,6.2671
Slc12a3,Slc12a3,0,,
Slc12a4,Slc12a4,-0.0063,-1.7815,1.126
Slc12a5,Slc12a5,0,,
Slc12a6,Slc12a6,0.0172,-1.9676,1.3088
Slc12a7,Slc12a7,0.0158,1.7135,1.0624
Slc12a8,Slc12a8,0,,
Slc12a9,Slc12a9,-0.0346,-2.8615,2.3751
Slc13a1,Slc13a1,0,,
Slc13a2,Slc13a2,0,,
Slc13a3,Slc13a3,0.0137,1.3956,0.7883
Slc13a4,Slc13a4,0,,
Slc13a5,Slc13a5,0,,
Slc14a1,Slc14a1,-0.0087,-1.2501,0.6751
Slc14a2,Slc14a2,0,,
Slc15a1,Slc15a1,0,,
Slc15a2,Slc15a2,0.0153,-0.0168,0.0059
Slc15a3,Slc15a3,-0.1258,-6.8816,11.2279
Slc15a4,Slc15a4,-0.0404,-4.3569,4.8797
Slc15a5,Slc15a5,0,,
Slc16a1,Slc16a1,-0.0423,-3.3896,3.1549
Slc16a10,Slc16a10,-0.0431,-3.3581,3.1053
Slc16a11,Slc16a11,0,,
Slc16a12,Slc16a12,0,,
Slc16a13,Slc16a13,-0.0113,-1.4659,0.8456
Slc16a14,Slc16a14,0,,
Slc16a2,Slc16a2,0,,
Slc16a3,Slc16a3,-0.1377,-6.065,8.8795
Slc16a4,Slc16a4,0,,
Slc16a5,Slc16a5,0,,
Slc16a6,Slc16a6,-0.0695,-2.3887,1.7719
Slc16a7,Slc16a7,-0.0077,-2.3776,1.7588
Slc16a8,Slc16a8,-0.0069,-2.0286,1.3716
Slc16a9,Slc16a9,0.0062,-0.0168,0.0059
Slc17a1,Slc17a1,0,,
Slc17a2,Slc17a2,0,,
Slc17a3,Slc17a3,0,,
Slc17a4,Slc17a4,0,,
Slc17a5,Slc17a5,-0.0254,-3.3487,3.0905
Slc17a6,Slc17a6,0,,
Slc17a7,Slc17a7,0.0008,0.6927,0.3111
Slc17a8,Slc17a8,0,,
Slc17a9,Slc17a9,0.004,-0.3371,0.1331
Slc18a1,Slc18a1,-0.0034,-1.431,0.8169
Slc18a2,Slc18a2,0,,
Slc19a1,Slc19a1,-0.0021,-0.7483,0.3427
Slc19a2,Slc19a2,-0.0044,-1.2501,0.6751
Slc19a3,Slc19a3,0,,
Slc1a1,Slc1a1,-0.0171,-1.431,0.8169
Slc1a2,Slc1a2,-0.0309,-3.5805,3.4648
Slc1a3,Slc1a3,0.0012,-0.7908,0.3675
Slc1a4,Slc1a4,0,,
Slc1a5,Slc1a5,-0.0077,-1.7866,1.1308
Slc1a6,Slc1a6,0,,
Slc1a7,Slc1a7,0,,
Slc20a1,Slc20a1,0.0031,-1.2501,0.6751
Slc20a2,Slc20a2,-0.0091,-2.2551,1.6175
Slc22a1,Slc22a1,0,,
Slc22a12,Slc22a12,0,,
Slc22a13,Slc22a13,0,,
Slc22a13b,Slc22a13b,0,,
Slc22a14,Slc22a14,0,,
Slc22a15,Slc22a15,0,,
Slc22a16,Slc22a16,0,,
Slc22a17,Slc22a17,-0.0146,-3.3591,3.1069
Slc22a18,Slc22a18,0,,
Slc22a19,Slc22a19,0,,
Slc22a2,Slc22a2,0,,
Slc22a20,Slc22a20,0,,
Slc22a21,Slc22a21,0,,
Slc22a22,Slc22a22,0,,
Slc22a23,Slc22a23,0,,
Slc22a26,Slc22a26,0,,
Slc22a27,Slc22a27,0,,
Slc22a28,Slc22a28,0,,
Slc22a29,Slc22a29,0,,
Slc22a3,Slc22a3,0,,
Slc22a30,Slc22a30,0,,
Slc22a4,Slc22a4,0,,
Slc22a5,Slc22a5,0.0036,-0.5167,0.218
Slc22a6,Slc22a6,0,,
Slc22a7,Slc22a7,0,,
Slc22a8,Slc22a8,0,,
Slc23a1,Slc23a1,0,,
Slc23a2,Slc23a2,-0.0094,-3.7453,3.7443
Slc23a3,Slc23a3,0,,
Slc24a1,Slc24a1,0,,
Slc24a2,Slc24a2,0,,
Slc24a3,Slc24a3,-0.0329,-2.8959,2.4225
Slc24a4,Slc24a4,0,,
Slc24a5,Slc24a5,0,,
Slc24a6,Slc24a6,-0.0233,-2.8438,2.3508
Slc25a1,Slc25a1,0.0082,-2.8282,2.3296
Slc25a10,Slc25a10,0.0241,-2.1061,1.4535
Slc25a11,Slc25a11,0.0013,-2.6061,2.0381
Slc25a12,Slc25a12,-0.0178,-2.6476,2.0912
Slc25a13,Slc25a13,-0.0236,-1.8591,1.2006
Slc25a14,Slc25a14,0.0029,0.6927,0.3111
Slc25a15,Slc25a15,0.0092,0.235,0.0892
Slc25a16,Slc25a16,0.0055,-0.7385,0.337
Slc25a17,Slc25a17,-0.0419,-2.5012,1.9074
Slc25a18,Slc25a18,0,,
Slc25a19,Slc25a19,-0.0023,-1.888,1.229
Slc25a2,Slc25a2,0,,
Slc25a20,Slc25a20,-0.002,-1.8326,1.1748
Slc25a21,Slc25a21,0,,
Slc25a22,Slc25a22,0.0072,-0.0348,0.0122
Slc25a23,Slc25a23,0.0015,-1.8366,1.1787
Slc25a24,Slc25a24,-0.0069,-2.4881,1.8914
Slc25a25,Slc25a25,-0.0439,-3.8452,3.9193
Slc25a26,Slc25a26,-0.0138,-2.1871,1.5416
Slc25a27,Slc25a27,0,,
Slc25a28,Slc25a28,-0.0139,-2.8358,2.34
Slc25a29,Slc25a29,-0.0111,-1.431,0.8169
Slc25a3,Slc25a3,0.0404,-3.7185,3.698
Slc25a30,Slc25a30,0,,
Slc25a31,Slc25a31,0,,
Slc25a32,Slc25a32,-0.012,-2.0286,1.3716
Slc25a33,Slc25a33,0.0258,0.6758,0.3018
Slc25a34,Slc25a34,0,,
Slc25a35,Slc25a35,0.0002,-0.5167,0.218
Slc25a36,Slc25a36,0.0168,-1.0248,0.5151
Slc25a37,Slc25a37,0.0382,0.5233,0.2213
Slc25a38,Slc25a38,-0.0095,-1.7013,1.0512
Slc25a39,Slc25a39,0.0654,-2.0377,1.3811
Slc25a4,Slc25a4,0.1152,-2.372,1.7522
Slc25a40,Slc25a40,0.0011,-0.7301,0.3322
Slc25a41,Slc25a41,-0.0171,-1.431,0.8169
Slc25a42,Slc25a42,0,,
Slc25a43,Slc25a43,0,,
Slc25a44,Slc25a44,-0.0216,-2.6957,2.1535
Slc25a45,Slc25a45,-0.0089,-1.4132,0.8024
Slc25a46,Slc25a46,0.0406,0.9055,0.4375
Slc25a47,Slc25a47,0,,
Slc25a48,Slc25a48,0,,
Slc25a5,Slc25a5,0.1407,-2.5134,1.9224
Slc26a1,Slc26a1,0,,
Slc26a10,Slc26a10,0,,
Slc26a11,Slc26a11,0.0017,0.9835,0.4876
Slc26a2,Slc26a2,-0.032,-2.0667,1.4115
Slc26a3,Slc26a3,0,,
Slc26a4,Slc26a4,0,,
Slc26a5,Slc26a5,0,,
Slc26a6,Slc26a6,0,,
Slc26a7,Slc26a7,0,,
Slc26a8,Slc26a8,0,,
Slc26a9,Slc26a9,0,,
Slc27a1,Slc27a1,-0.0069,-2.8765,2.3957
Slc27a2,Slc27a2,0,,
Slc27a3,Slc27a3,0,,
Slc27a4,Slc27a4,0.0252,-2.5461,1.9628
Slc27a5,Slc27a5,0,,
Slc27a6,Slc27a6,0,,
Slc28a1,Slc28a1,0,,
Slc28a2,Slc28a2,0,,
Slc28a3,Slc28a3,-0.0043,-1.431,0.8169
Slc29a1,Slc29a1,-0.034,-2.6837,2.1378
Slc29a2,Slc29a2,0,,
Slc29a3,Slc29a3,0.0302,-4.1237,4.4285
Slc29a4,Slc29a4,0,,
Slc2a1,Slc2a1,-0.2706,-9.5064,20.7048
Slc2a10,Slc2a10,0,,
Slc2a12,Slc2a12,0,,
Slc2a13,Slc2a13,0,,
Slc2a2,Slc2a2,0,,
Slc2a3,Slc2a3,-0.0232,-2.8307,2.333
Slc2a4,Slc2a4,0,,
Slc2a4rg-ps,Slc2a4rg-ps,0.0037,0.9835,0.4876
Slc2a5,Slc2a5,0.0983,-0.9977,0.497
Slc2a6,Slc2a6,-0.0061,-3.3731,3.1289
Slc2a7,Slc2a7,0,,
Slc2a8,Slc2a8,-0.0113,-2.8268,2.3277
Slc2a9,Slc2a9,-0.0026,-0.9069,0.4384
Slc30a1,Slc30a1,-0.0031,-1.1618,0.6102
Slc30a10,Slc30a10,0,,
Slc30a2,Slc30a2,0,,
Slc30a3,Slc30a3,0,,
Slc30a4,Slc30a4,-0.0583,-2.8515,2.3614
Slc30a5,Slc30a5,0.0027,-2.759,2.2367
Slc30a6,Slc30a6,0.0063,-0.4896,0.2045
Slc30a7,Slc30a7,-0.0423,-4.3114,4.7899
Slc30a8,Slc30a8,0.0021,0.6927,0.3111
Slc30a9,Slc30a9,0.0492,-1.5234,0.8939
Slc31a1,Slc31a1,0.0255,-2.266,1.6299
Slc31a2,Slc31a2,-0.0283,-3.5851,3.4724
Slc32a1,Slc32a1,0,,
Slc33a1,Slc33a1,-0.0484,-3.3652,3.1164
Slc34a1,Slc34a1,0,,
Slc34a2,Slc34a2,0,,
Slc34a3,Slc34a3,0,,
Slc35a1,Slc35a1,0.0182,-1.0056,0.5023
Slc35a2,Slc35a2,-0.048,-3.8183,3.8718
Slc35a3,Slc35a3,-0.0996,-2.53,1.9429
Slc35a4,Slc35a4,0.0484,-1.176,0.6205
Slc35a5,Slc35a5,-0.0726,-3.2879,2.9959
Slc35b1,Slc35b1,-0.1421,-6.2045,9.2607
Slc35b2,Slc35b2,-0.0053,-3.5819,3.467
Slc35b3,Slc35b3,-0.0064,-2.1918,1.5468
Slc35b4,Slc35b4,-0.0902,-3.7041,3.6734
Slc35c1,Slc35c1,-0.037,-2.0237,1.3665
Slc35c2,Slc35c2,0.0867,-1.871,1.2122
Slc35d1,Slc35d1,-0.0013,-0.751,0.3443
Slc35d2,Slc35d2,0.0089,-0.8916,0.4288
Slc35d3,Slc35d3,0,,
Slc35e1,Slc35e1,-0.036,-4.0956,4.3757
Slc35e2,Slc35e2,-0.0235,-1.7832,1.1276
Slc35e3,Slc35e3,-0.0138,-1.4931,0.8684
Slc35e4,Slc35e4,-0.002,-2.6476,2.0912
Slc35f1,Slc35f1,-0.0034,-1.431,0.8169
Slc35f2,Slc35f2,0,,
Slc35f3,Slc35f3,0,,
Slc35f4,Slc35f4,0,,
Slc35f5,Slc35f5,-0.0172,-2.5313,1.9444
Slc36a1,Slc36a1,-0.0781,-3.4304,3.2199
Slc36a2,Slc36a2,0.0149,0.6927,0.3111
Slc36a3,Slc36a3,0,,
Slc36a4,Slc36a4,-0.0774,-5.3319,7.0125
Slc37a1,Slc37a1,-0.0069,-2.0286,1.3716
Slc37a2,Slc37a2,-0.1479,-5.0873,6.4399
Slc37a3,Slc37a3,0.0207,-0.7288,0.3315
Slc37a4,Slc37a4,-0.0673,-3.7049,3.6747
Slc38a1,Slc38a1,-0.1729,-5.8816,8.3912
Slc38a10,Slc38a10,-0.1305,-5.9257,8.5073
Slc38a11,Slc38a11,0,,
Slc38a2,Slc38a2,-0.14,-4.6473,5.4733
Slc38a3,Slc38a3,0,,
Slc38a4,Slc38a4,0,,
Slc38a5,Slc38a5,0,,
Slc38a6,Slc38a6,-0.0065,-1.9038,1.2446
Slc38a7,Slc38a7,0.0531,0.4234,0.1726
Slc38a8,Slc38a8,0,,
Slc38a9,Slc38a9,-0.0198,-2.5283,1.9408
Slc39a1,Slc39a1,-0.0507,-4.0071,4.2114
Slc39a1-ps,Slc39a1-ps,0,,
Slc39a10,Slc39a10,-0.0077,-3.769,3.7855
Slc39a11,Slc39a11,-0.0209,-3.3376,3.0731
Slc39a12,Slc39a12,0,,
Slc39a13,Slc39a13,-0.0686,-2.9585,2.5099
Slc39a14,Slc39a14,0.0311,0.6856,0.3072
Slc39a2,Slc39a2,-0.0415,-3.2197,2.8916
Slc39a3,Slc39a3,0.0209,-0.4167,0.1695
Slc39a4,Slc39a4,-0.0126,-3.1982,2.8592
Slc39a5,Slc39a5,0,,
Slc39a6,Slc39a6,0.021,-1.7606,1.1062
Slc39a7,Slc39a7,-0.0074,-3.1532,2.7919
Slc39a8,Slc39a8,-0.0022,-2.0596,1.4041
Slc39a9,Slc39a9,-0.0008,-1.8299,1.1722
Slc3a1,Slc3a1,0,,
Slc3a2,Slc3a2,0.0144,-3.6075,3.5098
Slc40a1,Slc40a1,0.0629,-0.2682,0.1032
Slc41a1,Slc41a1,-0.0194,-3.3538,3.0985
Slc41a2,Slc41a2,-0.0103,-2.8765,2.3957
Slc41a3,Slc41a3,-0.0113,-2.1779,1.5314
Slc43a1,Slc43a1,-0.0017,-1.431,0.8169
Slc43a2,Slc43a2,0.0062,-1.5134,0.8855
Slc43a3,Slc43a3,-0.0004,-0.8984,0.433
Slc44a1,Slc44a1,-0.172,-6.9101,11.3148
Slc44a2,Slc44a2,-0.251,-8.3019,15.9896
Slc44a3,Slc44a3,0,,
Slc44a4,Slc44a4,0,,
Slc44a5,Slc44a5,0,,
Slc45a1,Slc45a1,0,,
Slc45a2,Slc45a2,0,,
Slc45a3,Slc45a3,-0.0264,-2.8765,2.3957
Slc45a4,Slc45a4,-0.0439,-4.2426,4.6556
Slc46a1,Slc46a1,0.0156,-1.2858,0.7022
Slc46a2,Slc46a2,0,,
Slc46a3,Slc46a3,-0.0522,-4.6453,5.469
Slc47a1,Slc47a1,0,,
Slc47a2,Slc47a2,0,,
Slc48a1,Slc48a1,0.0452,-1.5196,0.8907
Slc4a1,Slc4a1,0,,
Slc4a10,Slc4a10,0.0091,0.6927,0.3111
Slc4a11,Slc4a11,0,,
Slc4a1ap,Slc4a1ap,-0.0081,-1.6781,1.03
Slc4a2,Slc4a2,-0.0191,-0.9017,0.4351
Slc4a3,Slc4a3,-0.0026,-1.431,0.8169
Slc4a4,Slc4a4,0,,
Slc4a5,Slc4a5,0,,
Slc4a7,Slc4a7,-0.0311,-2.6102,2.0434
Slc4a8,Slc4a8,0,,
Slc4a9,Slc4a9,0,,
Slc50a1,Slc50a1,-0.0199,-2.3143,1.6851
Slc5a1,Slc5a1,0,,
Slc5a10,Slc5a10,0.0108,0.6927,0.3111
Slc5a11,Slc5a11,0,,
Slc5a12,Slc5a12,0,,
Slc5a2,Slc5a2,0,,
Slc5a3,Slc5a3,-0.0111,-2.0286,1.3716
Slc5a4a,Slc5a4a,0,,
Slc5a4b,Slc5a4b,0,,
Slc5a5,Slc5a5,0,,
Slc5a6,Slc5a6,-0.0018,-1.8012,1.1447
Slc5a7,Slc5a7,0,,
Slc5a8,Slc5a8,0,,
Slc5a9,Slc5a9,0,,
Slc6a1,Slc6a1,0,,
Slc6a11,Slc6a11,0.0058,0.6927,0.3111
Slc6a12,Slc6a12,0,,
Slc6a13,Slc6a13,-0.0009,-1.431,0.8169
Slc6a14,Slc6a14,0,,
Slc6a15,Slc6a15,0,,
Slc6a17,Slc6a17,0,,
Slc6a18,Slc6a18,0,,
Slc6a19,Slc6a19,0,,
Slc6a2,Slc6a2,0,,
Slc6a20a,Slc6a20a,0,,
Slc6a20b,Slc6a20b,0,,
Slc6a3,Slc6a3,0,,
Slc6a4,Slc6a4,0.0013,0.6927,0.3111
Slc6a5,Slc6a5,0,,
Slc6a6,Slc6a6,0.0416,-4.3565,4.8789
Slc6a7,Slc6a7,0,,
Slc6a8,Slc6a8,-0.018,-2.6527,2.0978
Slc6a9,Slc6a9,0.0013,0.6927,0.3111
Slc7a1,Slc7a1,-0.0005,-0.4251,0.1734
Slc7a10,Slc7a10,0,,
Slc7a11,Slc7a11,0.0086,-0.0168,0.0059
Slc7a12,Slc7a12,0,,
Slc7a13,Slc7a13,0,,
Slc7a14,Slc7a14,0,,
Slc7a15,Slc7a15,0,,
Slc7a2,Slc7a2,-0.0289,-2.8765,2.3957
Slc7a3,Slc7a3,0,,
Slc7a4,Slc7a4,-0.0128,-1.431,0.8169
Slc7a5,Slc7a5,-0.0017,-1.1591,0.6083
Slc7a6,Slc7a6,-0.0377,-3.7857,3.8146
Slc7a6os,Slc7a6os,-0.004,-1.0513,0.5329
Slc7a7,Slc7a7,-0.0088,-3.5007,3.3334
Slc7a8,Slc7a8,0.0046,-2.0576,1.402
Slc7a9,Slc7a9,0,,
Slc8a1,Slc8a1,0.0004,-0.2551,0.0976
Slc8a2,Slc8a2,-0.0034,-1.431,0.8169
Slc8a3,Slc8a3,0,,
Slc9a1,Slc9a1,-0.0362,-2.9741,2.5319
Slc9a10,Slc9a10,0,,
Slc9a2,Slc9a2,0,,
Slc9a3,Slc9a3,0,,
Slc9a3r1,Slc9a3r1,0.023,-1.5941,0.9551
Slc9a3r2,Slc9a3r2,0.0062,0.6927,0.3111
Slc9a4,Slc9a4,0,,
Slc9a5,Slc9a5,-0.0009,-1.431,0.8169
Slc9a6,Slc9a6,-0.0569,-3.599,3.4956
Slc9a7,Slc9a7,0.0015,-2.2551,1.6175
Slc9a8,Slc9a8,-0.0097,-1.6295,0.9863
Slc9a9,Slc9a9,-0.0695,-4.6044,5.3835
Slco1a1,Slco1a1,0,,
Slco1a4,Slco1a4,0,,
Slco1a5,Slco1a5,0,,
Slco1a6,Slco1a6,0,,
Slco1b2,Slco1b2,0,,
Slco1c1,Slco1c1,0,,
Slco2a1,Slco2a1,0,,
Slco2b1,Slco2b1,-0.2396,-5.1208,6.5169
Slco3a1,Slco3a1,0,,
Slco4a1,Slco4a1,0.0033,-0.5167,0.218
Slco4c1,Slco4c1,0,,
Slco5a1,Slco5a1,0,,
Slco6b1,Slco6b1,0,,
Slco6c1,Slco6c1,0,,
Slco6d1,Slco6d1,0,,
Slfn1,Slfn1,0,,
Slfn10-ps,Slfn10-ps,-0.0339,-1.431,0.8169
Slfn14-ps,Slfn14-ps,0,,
Slfn2,Slfn2,-0.0067,-1.4672,0.8467
Slfn3,Slfn3,0,,
Slfn4,Slfn4,0,,
Slfn5,Slfn5,-0.0205,-2.1982,1.5538
Slfn8,Slfn8,0.0126,-1.3431,0.7466
Slfn9,Slfn9,0.0315,0.8474,0.4014
Slfnl1,Slfnl1,0,,
Slit1,Slit1,0,,
Slit2,Slit2,-0.0043,-1.431,0.8169
Slit3,Slit3,0,,
Slitrk1,Slitrk1,0,,
Slitrk2,Slitrk2,0,,
Slitrk3,Slitrk3,0,,
Slitrk4,Slitrk4,-0.0034,-1.431,0.8169
Slitrk5,Slitrk5,0,,
Slitrk6,Slitrk6,0,,
Slk,Slk,0.023,-2.3708,1.7508
Slmap,Slmap,-0.0484,-2.7031,2.1631
Slmo1,Slmo1,-0.0034,-1.431,0.8169
Slmo2,Slmo2,0.0329,-2.6651,2.1138
Sln,Sln,0,,
Slpi,Slpi,0.0075,0.9835,0.4876
Sltm,Sltm,-0.0163,-2.814,2.3104
Slu7,Slu7,0.0073,-0.186,0.0693
Slurp1,Slurp1,0,,
Slx,Slx,0,,
Slx1b,Slx1b,0.0532,0.4952,0.2073
Slx4,Slx4,0.0137,-0.337,0.1331
Slxl1,Slxl1,0,,
Smad1,Smad1,-0.0039,-2.153,1.5042
Smad2,Smad2,0.003,-2.8318,2.3346
Smad3,Smad3,-0.0295,-2.6683,2.1178
Smad4,Smad4,-0.0072,-2.747,2.2208
Smad5,Smad5,-0.0455,-4.5825,5.3378
Smad6,Smad6,-0.013,-1.7781,1.1227
Smad7,Smad7,-0.111,-5.653,7.8022
Smad9,Smad9,0,,
Smagp,Smagp,-0.0012,-2.6232,2.0599
Smap1,Smap1,0.0122,-2.2349,1.5948
Smap2,Smap2,-0.0202,-3.6854,3.6414
Smarca1,Smarca1,0,,
Smarca2,Smarca2,0.2402,0.836,0.3945
Smarca4,Smarca4,0.0653,-1.2644,0.6859
Smarca5,Smarca5,0.0184,-2.5663,1.988
Smarca5-ps,Smarca5-ps,0.0083,-0.0168,0.0059
Smarcad1,Smarcad1,0.0068,-0.8619,0.4104
Smarcal1,Smarcal1,0.0288,-1.7035,1.0531
Smarcb1,Smarcb1,-0.0079,-2.4885,1.8918
Smarcc1,Smarcc1,0.12,-0.2706,0.1042
Smarcc2,Smarcc2,0.0474,-1.4596,0.8404
Smarcd1,Smarcd1,0.0078,-0.6378,0.281
Smarcd2,Smarcd2,-0.0111,-3.185,2.8394
Smarcd3,Smarcd3,-0.0177,-2.6476,2.0912
Smarce1,Smarce1,0.0166,-1.4922,0.8676
Smc1a,Smc1a,0.1599,-1.8726,1.2138
Smc1b,Smc1b,0,,
Smc2,Smc2,0.086,1.8251,1.1676
Smc3,Smc3,0.0018,-3.2107,2.8781
Smc4,Smc4,0.0196,-2.208,1.5647
Smc5,Smc5,-0.0114,-0.5028,0.2111
Smc6,Smc6,-0.1017,-3.4748,3.2914
Smchd1,Smchd1,0.0005,-0.3785,0.1518
Smcp,Smcp,0,,
Smcr7,Smcr7,0.0036,-1.0335,0.5209
Smcr7l,Smcr7l,-0.0169,-0.398,0.1608
Smcr8,Smcr8,-0.0435,-4.2431,4.6567
Smek1,Smek1,-0.0325,-3.081,2.6855
Smek2,Smek2,0.0656,-0.9719,0.48
Smek3-ps,Smek3-ps,0,,
Smg1,Smg1,-0.0338,-3.3813,3.1418
Smg5,Smg5,0.0138,-1.6176,0.9758
Smg6,Smg6,0.0259,0.1919,0.0717
Smg7,Smg7,0.0074,-1.4574,0.8386
Smgc,Smgc,0,,
Smn1,Smn1,0.0112,-2.6349,2.0749
Smndc1,Smndc1,0.0425,-0.9473,0.4641
Smo,Smo,-0.0056,-1.2731,0.6926
Smoc1,Smoc1,0,,
Smoc2,Smoc2,0,,
Smok2a,Smok2a,0,,
Smok2b,Smok2b,0,,
Smok3a,Smok3a,0,,
Smok3b,Smok3b,0,,
Smok3c,Smok3c,0,,
Smok4a,Smok4a,0,,
Smox,Smox,-0.0504,-2.2614,1.6246
Smpd1,Smpd1,0.0433,-3.4844,3.3069
Smpd2,Smpd2,-0.001,-1.8353,1.1774
Smpd3,Smpd3,0,,
Smpd4,Smpd4,-0.0026,-1.9602,1.3013
Smpdl3a,Smpdl3a,-0.0887,-5.6713,7.8485
Smpdl3b,Smpdl3b,-0.006,-2.4881,1.8914
Smpx,Smpx,0,,
Smr2,Smr2,0,,
Smr3a,Smr3a,0,,
Sms,Sms,0.0132,-0.0242,0.0085
Smt3h1-ps,Smt3h1-ps,0,,
Smt3h2-ps,Smt3h2-ps,0,,
Smt3h2-ps2,Smt3h2-ps2,0,,
Smt3h2-ps4,Smt3h2-ps4,0,,
Smtn,Smtn,0,,
Smtnl1,Smtnl1,0,,
Smtnl2,Smtnl2,0,,
Smu1,Smu1,-0.007,-3.0683,2.6669
Smug1,Smug1,-0.0023,-0.7363,0.3358
Smurf1,Smurf1,0.0119,-2.9662,2.5207
Smurf2,Smurf2,0.008,-0.737,0.3362
Smyd1,Smyd1,0,,
Smyd2,Smyd2,0.0287,-0.0192,0.0067
Smyd3,Smyd3,-0.0082,-2.2588,1.6217
Smyd4,Smyd4,-0.0087,-1.8012,1.1447
Smyd5,Smyd5,0.0497,-0.884,0.424
Snai1,Snai1,0,,
Snai2,Snai2,0,,
Snai3,Snai3,0,,
Snap23,Snap23,0.0431,-0.9458,0.4631
Snap25,Snap25,-0.0086,-1.0424,0.5269
Snap29,Snap29,-0.0439,-3.6374,3.56
Snap47,Snap47,-0.0182,-2.1872,1.5417
Snap91,Snap91,0,,
Snapc1,Snapc1,-0.069,-3.9106,4.0359
Snapc2,Snapc2,-0.0026,-0.8865,0.4256
Snapc3,Snapc3,-0.013,-0.7384,0.337
Snapc4,Snapc4,0.0188,-1.8432,1.1851
Snapc5,Snapc5,0.0329,-2.0433,1.387
Snapin,Snapin,0.0553,-2.6761,2.1279
Snca,Snca,0,,
Sncaip,Sncaip,-0.004,-1.2756,0.6945
Sncb,Sncb,0.02,0.3328,0.1312
Sncg,Sncg,0,,
Snd1,Snd1,-0.0683,-4.2892,4.7465
Sned1,Sned1,0,,
Snf8,Snf8,-0.0348,-4.107,4.397
Snhg1,Snhg1,0.0249,-0.1493,0.0549
Snhg11,Snhg11,0,,
Snhg12,Snhg12,-0.0322,-3.7069,3.6782
Snhg3,Snhg3,-0.0184,-2.1919,1.5469
Snhg4,Snhg4,0.0059,-0.758,0.3483
Snhg5,Snhg5,-0.0071,-1.9972,1.3391
Snhg7,Snhg7,-0.006,-1.431,0.8169
Snhg9,Snhg9,0.0028,0.6015,0.2616
Snip1,Snip1,-0.0201,-2.2625,1.6259
Snn,Snn,0.0466,-0.7434,0.3399
Snora16a,Snora16a,0,,
Snora17,Snora17,0,,
Snora20,Snora20,0,,
Snora21,Snora21,-0.0017,-1.431,0.8169
Snora23,Snora23,0.0017,0.6927,0.3111
Snora28,Snora28,0,,
Snora2b,Snora2b,0,,
Snora3,Snora3,0,,
Snora30,Snora30,-0.0043,-1.431,0.8169
Snora31,Snora31,0,,
Snora33,Snora33,0.0017,0.6927,0.3111
Snora34,Snora34,0,,
Snora35,Snora35,0,,
Snora36b,Snora36b,0,,
Snora41,Snora41,0,,
Snora43,Snora43,0,,
Snora44,Snora44,0.0076,-0.0192,0.0067
Snora47,Snora47,0,,
Snora52,Snora52,0,,
Snora5c,Snora5c,0,,
Snora61,Snora61,0.0121,-2.1734,1.5265
Snora62,Snora62,0,,
Snora64,Snora64,0,,
Snora65,Snora65,-0.0034,-2.0286,1.3716
Snora68,Snora68,0.0023,-1.7865,1.1307
Snora69,Snora69,0,,
Snora70,Snora70,0,,
Snora73a,Snora73a,0,,
Snora73b,Snora73b,0.0055,-0.3519,0.1397
Snora74a,Snora74a,0,,
Snora75,Snora75,0,,
Snora78,Snora78,0,,
Snora7a,Snora7a,0,,
Snora81,Snora81,0,,
Snord100,Snord100,-0.0026,-1.431,0.8169
Snord104,Snord104,-0.029,-2.2226,1.581
Snord11,Snord11,0,,
Snord110,Snord110,0,,
Snord111,Snord111,0,,
Snord118,Snord118,-0.0017,-1.431,0.8169
Snord12,Snord12,-0.0067,-1.0527,0.5339
Snord123,Snord123,0,,
Snord13,Snord13,-0.0086,-2.4881,1.8914
Snord14a,Snord14a,0,,
Snord14c,Snord14c,0,,
Snord14d,Snord14d,0,,
Snord14e,Snord14e,-0.0026,-1.431,0.8169
Snord15a,Snord15a,0.0025,0.6927,0.3111
Snord15b,Snord15b,0,,
Snord16a,Snord16a,0.016,0.3286,0.1293
Snord17,Snord17,0,,
Snord19,Snord19,0,,
Snord1a,Snord1a,0,,
Snord1b,Snord1b,0,,
Snord1c,Snord1c,0,,
Snord2,Snord2,0,,
Snord21,Snord21,0,,
Snord22,Snord22,-0.0053,-0.765,0.3523
Snord23,Snord23,-0.0121,-2.9097,2.4416
Snord32a,Snord32a,0.024,-1.1432,0.597
Snord33,Snord33,0.042,-1.1408,0.5952
Snord34,Snord34,0.0387,-1.5771,0.9402
Snord35a,Snord35a,0.2045,-0.3411,0.1349
Snord35b,Snord35b,0.084,-1.4906,0.8662
Snord37,Snord37,0.0004,0.6927,0.3111
Snord38a,Snord38a,0,,
Snord42a,Snord42a,0,,
Snord42b,Snord42b,0,,
Snord45b,Snord45b,0,,
Snord45c,Snord45c,0,,
Snord47,Snord47,0,,
Snord49a,Snord49a,0.0038,-0.9035,0.4362
Snord49b,Snord49b,-0.0165,-1.2974,0.7111
Snord4a,Snord4a,0,,
Snord57,Snord57,0.0004,0.6927,0.3111
Snord61,Snord61,0,,
Snord64,Snord64,0,,
Snord65,Snord65,-0.0026,-1.431,0.8169
Snord66,Snord66,0,,
Snord67,Snord67,0,,
Snord68,Snord68,0,,
Snord69,Snord69,0,,
Snord7,Snord7,0,,
Snord70,Snord70,0,,
Snord71,Snord71,0,,
Snord72,Snord72,0,,
Snord82,Snord82,0.0047,-0.3426,0.1356
Snord83b,Snord83b,0,,
Snord85,Snord85,0,,
Snord88a,Snord88a,0,,
Snord88c,Snord88c,0,,
Snord89,Snord89,0,,
Snord90,Snord90,0,,
Snord91a,Snord91a,0,,
Snord95,Snord95,0,,
Snord96a,Snord96a,0,,
Snord98,Snord98,0,,
Snord99,Snord99,0.0004,-0.5167,0.218
Snph,Snph,-0.0069,-2.0286,1.3716
Snrk,Snrk,-0.0102,-1.4617,0.8422
Snrnp200,Snrnp200,0.0408,-2.3787,1.7601
Snrnp25,Snrnp25,-0.0378,-3.12,2.7426
Snrnp27,Snrnp27,0.0164,-3.2075,2.8732
Snrnp35,Snrnp35,-0.0357,-3.6033,3.5029
Snrnp40,Snrnp40,0.0037,-2.2185,1.5764
Snrnp48,Snrnp48,-0.0612,-2.7893,2.2772
Snrnp70,Snrnp70,0.0169,-1.4966,0.8713
Snrp1c-ps2,Snrp1c-ps2,0,,
Snrpa,Snrpa,0.0358,-1.0903,0.5597
Snrpa1,Snrpa1,0.0143,-0.6478,0.2864
Snrpb,Snrpb,0.134,-2.0128,1.3552
Snrpb2,Snrpb2,0.0613,-1.53,0.8996
Snrpc,Snrpc,0.0051,-2.2491,1.6107
Snrpd1,Snrpd1,-0.0415,-3.8378,3.9061
Snrpd2,Snrpd2,0.0787,-1.58,0.9427
Snrpd3,Snrpd3,-0.0319,-2.887,2.4101
Snrpe,Snrpe,0.0454,-1.8701,1.2113
Snrpf,Snrpf,0.0314,-1.6599,1.0135
Snrpg,Snrpg,0.1375,-0.8936,0.43
Snrpn,Snrpn,0.0174,0.9835,0.4876
Snta1,Snta1,0.0169,-0.0288,0.0101
Sntb1,Sntb1,0,,
Sntb2,Sntb2,-0.0013,-2.5528,1.9712
Sntg1,Sntg1,0,,
Sntg2,Sntg2,-0.0017,-1.431,0.8169
Sntn,Sntn,0,,
Snupn,Snupn,0.0202,-0.0168,0.0059
Snw1,Snw1,-0.1061,-3.6348,3.5557
Snx1,Snx1,0.0361,-2.1115,1.4593
Snx10,Snx10,-0.0128,-2.1467,1.4973
Snx11,Snx11,0.0149,-0.2746,0.1059
Snx12,Snx12,-0.0006,-1.1814,0.6245
Snx13,Snx13,0.0029,-2.2399,1.6004
Snx14,Snx14,-0.021,-2.5975,2.0274
Snx15,Snx15,0.0379,-0.4074,0.1651
Snx16,Snx16,-0.0238,-2.8765,2.3957
Snx17,Snx17,-0.0349,-3.8317,3.8954
Snx18,Snx18,-0.0311,-4.4628,5.092
Snx19,Snx19,-0.0102,-1.7467,1.0932
Snx2,Snx2,0.0276,-2.0874,1.4335
Snx20,Snx20,0.0227,-3.8496,3.927
Snx21,Snx21,0.0088,-0.5645,0.2423
Snx22,Snx22,0.0016,-1.2501,0.6751
Snx24,Snx24,-0.0476,-5.1035,6.477
Snx25,Snx25,0.0361,-0.7315,0.3331
Snx27,Snx27,0.0215,-2.2576,1.6203
Snx29,Snx29,-0.0051,-1.431,0.8169
Snx3,Snx3,0.1724,-2.7682,2.249
Snx30,Snx30,-0.0321,-2.9751,2.5333
Snx31,Snx31,0,,
Snx32,Snx32,-0.0026,-1.431,0.8169
Snx33,Snx33,-0.0117,-0.7425,0.3394
Snx4,Snx4,-0.0259,-2.8281,2.3295
Snx5,Snx5,0.2862,0.28,0.1082
Snx6,Snx6,0.109,-1.6627,1.016
Snx7,Snx7,0.0054,0.6927,0.3111
Snx8,Snx8,-0.0496,-4.6397,5.4573
Snx9,Snx9,-0.0347,-2.781,2.266
Soat1,Soat1,-0.0596,-5.5157,7.4591
Soat2,Soat2,0.0046,0.6927,0.3111
Sobp,Sobp,0,,
Socs1,Socs1,0.002,-0.0192,0.0067
Socs2,Socs2,-0.0298,-3.004,2.5743
Socs3,Socs3,-0.0936,-3.979,4.1598
Socs4,Socs4,-0.0052,-2.0507,1.3947
Socs5,Socs5,-0.0073,-1.3809,0.7765
Socs6,Socs6,-0.1101,-5.4899,7.3956
Socs7,Socs7,0.005,-0.245,0.0934
Sod1,Sod1,0.2126,-1.2569,0.6803
Sod2,Sod2,-0.0249,-3.5325,3.3854
Sod3,Sod3,0,,
Sohlh1,Sohlh1,0,,
Sohlh2,Sohlh2,0,,
Solh,Solh,0.005,-1.0321,0.5199
Son,Son,-0.0526,-3.7492,3.751
Sorbs1,Sorbs1,0.0062,-0.5167,0.218
Sorbs2,Sorbs2,0,,
Sorbs3,Sorbs3,-0.0043,-2.0286,1.3716
Sorcs1,Sorcs1,0,,
Sorcs2,Sorcs2,0,,
Sorcs3,Sorcs3,0,,
Sord,Sord,0.0288,-4.4322,5.0303
Sorl1,Sorl1,-0.0356,-1.6738,1.0261
Sort1,Sort1,-0.0337,-3.5724,3.4514
Sos1,Sos1,-0.0316,-4.281,4.7303
Sos2,Sos2,-0.0522,-3.6283,3.5448
Sost,Sost,0,,
Sostdc1,Sostdc1,0,,
Sox10,Sox10,-0.0043,-1.431,0.8169
Sox11,Sox11,0,,
Sox12,Sox12,0,,
Sox13,Sox13,0.0013,0.6927,0.3111
Sox14,Sox14,0,,
Sox15,Sox15,-0.0069,-1.2501,0.6751
Sox17,Sox17,0,,
Sox18,Sox18,0,,
Sox2,Sox2,0,,
Sox21,Sox21,0,,
Sox2ot,Sox2ot,0,,
Sox3,Sox3,0,,
Sox30,Sox30,0,,
Sox4,Sox4,-0.0311,-3.157,2.7975
Sox5,Sox5,-0.0034,-1.431,0.8169
Sox6,Sox6,0,,
Sox7,Sox7,-0.0348,-3.8176,3.8705
Sox8,Sox8,0,,
Sox9,Sox9,-0.0128,-1.431,0.8169
Sp1,Sp1,-0.0179,-2.1259,1.4748
Sp100,Sp100,0.0089,-1.3487,0.751
Sp110,Sp110,0.0006,-3.0056,2.5766
Sp140,Sp140,-0.025,-2.5845,2.0109
Sp2,Sp2,-0.0279,-1.0845,0.5557
Sp3,Sp3,0.0195,0.5342,0.2268
Sp4,Sp4,-0.0095,-0.7384,0.337
Sp5,Sp5,0,,
Sp6,Sp6,0,,
Sp7,Sp7,0,,
Sp8,Sp8,0,,
Sp9,Sp9,0,,
Spa17,Spa17,-0.0017,-1.431,0.8169
Spaca1,Spaca1,0.0182,0.6927,0.3111
Spaca3,Spaca3,0,,
Spaca4,Spaca4,0,,
Spaca5,Spaca5,0,,
Spaca7,Spaca7,0,,
Spag1,Spag1,0.0083,0.9835,0.4876
Spag11a,Spag11a,0,,
Spag11b,Spag11b,0,,
Spag16,Spag16,0,,
Spag17,Spag17,0,,
Spag4,Spag4,0,,
Spag5,Spag5,0.0079,0.9835,0.4876
Spag6,Spag6,0,,
Spag7,Spag7,0.0229,-1.6539,1.0082
Spag8,Spag8,0,,
Spag9,Spag9,-0.0261,-2.4707,1.8701
Spam1,Spam1,0,,
Spanxn4,Spanxn4,0,,
Sparc,Sparc,0.6821,6.4294,9.8924
Sparcl1,Sparcl1,0.0703,-0.8726,0.417
Spast,Spast,-0.0068,-2.2674,1.6314
Spata1,Spata1,-0.0171,-1.8146,1.1575
Spata13,Spata13,0.0023,-4.064,4.3167
Spata16,Spata16,0,,
Spata17,Spata17,0,,
Spata18,Spata18,0,,
Spata19,Spata19,0,,
Spata2,Spata2,-0.0228,-2.8195,2.3179
Spata20,Spata20,0,,
Spata21,Spata21,0,,
Spata22,Spata22,0,,
Spata24,Spata24,-0.0044,-0.7405,0.3382
Spata2L,Spata2L,0.012,0.9835,0.4876
Spata3,Spata3,0,,
Spata4,Spata4,0,,
Spata5,Spata5,0.0071,-1.7679,1.1131
Spata5l1,Spata5l1,-0.0094,-1.2597,0.6824
Spata6,Spata6,0.0202,-0.0251,0.0088
Spata7,Spata7,0,,
Spata9,Spata9,0,,
Spatc1,Spatc1,0,,
Spats1,Spats1,0,,
Spats2,Spats2,-0.0386,-3.8677,3.9591
Spats2l,Spats2l,0,,
Spc24,Spc24,0.0058,0.9835,0.4876
Spc25,Spc25,0.0168,0.3286,0.1293
Spcs1,Spcs1,-0.031,-4.7549,5.7022
Spcs2,Spcs2,0.0235,-2.8935,2.419
Spcs3,Spcs3,0.0731,-2.5011,1.9073
Spdef,Spdef,0,,
Spdya,Spdya,0,,
Spdyb,Spdyb,0,,
Specc1,Specc1,0.1671,0.3268,0.1286
Specc1l,Specc1l,0.0695,0.7916,0.368
Speer1-ps1,Speer1-ps1,0,,
Speer2,Speer2,0,,
Speer3,Speer3,0,,
Speer4a,Speer4a,0,,
Speer4b,Speer4b,0,,
Speer4c,Speer4c,0,,
Speer4d,Speer4d,0,,
Speer4e,Speer4e,0,,
Speer4f,Speer4f,0,,
Speer5-ps1,Speer5-ps1,0,,
Speer6-ps1,Speer6-ps1,0,,
Speer7-ps1,Speer7-ps1,0,,
Spef1,Spef1,-0.0009,-1.431,0.8169
Spef2,Spef2,-0.0128,-2.0286,1.3716
Speg,Speg,-0.0274,-3.58,3.464
Spem1,Spem1,0,,
Spen,Spen,-0.0009,-2.5437,1.9599
Spert,Spert,0,,
Spesp1,Spesp1,0,,
Spg11,Spg11,-0.035,-2.1953,1.5507
Spg20,Spg20,0.1043,-0.3885,0.1564
Spg21,Spg21,0.0036,-2.1156,1.4638
Spg7,Spg7,-0.0451,-3.2706,2.9693
Sphk1,Sphk1,0,,
Sphk2,Sphk2,-0.0362,-3.583,3.4689
Sphkap,Sphkap,0,,
Spib,Spib,0,,
Spic,Spic,0,,
Spice1,Spice1,0.0041,-0.5598,0.2399
Spin1,Spin1,0.0156,-1.1449,0.5981
Spin2,Spin2,0,,
Spin4,Spin4,0,,
Spink10,Spink10,0,,
Spink11,Spink11,0,,
Spink12,Spink12,0,,
Spink13,Spink13,0,,
Spink14,Spink14,0,,
Spink2,Spink2,0,,
Spink3,Spink3,0,,
Spink4,Spink4,0,,
Spink5,Spink5,0,,
Spink6,Spink6,0,,
Spink7,Spink7,0,,
Spink8,Spink8,0,,
Spinkl,Spinkl,0,,
Spinlw1,Spinlw1,0,,
Spint1,Spint1,-0.2183,-6.5554,10.2558
Spint2,Spint2,-0.0017,-1.431,0.8169
Spint3,Spint3,0,,
Spint4,Spint4,0,,
Spire1,Spire1,0.0263,-1.4443,0.8278
Spire2,Spire2,0,,
Spn,Spn,0,,
Spna1,Spna1,0,,
Spna2,Spna2,0.1285,0.3288,0.1294
Spnb1,Spnb1,-0.0018,-1.2501,0.6751
Spnb2,Spnb2,-0.0087,-1.9551,1.2961
Spnb3,Spnb3,0,,
Spnb4,Spnb4,0,,
Spnb5,Spnb5,0,,
Spns1,Spns1,0.0002,-2.3737,1.7542
Spns2,Spns2,-0.0066,-2.6079,2.0404
Spns3,Spns3,0.0153,0.9835,0.4876
Spo11,Spo11,0,,
Spocd1,Spocd1,0,,
Spock1,Spock1,-0.0094,-1.431,0.8169
Spock2,Spock2,0,,
Spock3,Spock3,0,,
Spon1,Spon1,0,,
Spon2,Spon2,0,,
Spop,Spop,0.053,-1.4337,0.8191
Spopl,Spopl,0.0177,0.3286,0.1293
Spp1,Spp1,-2.4359,-15.5637,53.8913
Spp2,Spp2,0,,
Sppl3,Sppl3,-0.0392,-4.431,5.0278
Spr,Spr,0.0061,-2.5616,1.9822
Spr-ps1,Spr-ps1,0,,
Spred1,Spred1,-0.0427,-4.8106,5.8226
Spred2,Spred2,-0.0398,-3.1199,2.7426
Spred3,Spred3,0,,
Sprn,Sprn,0,,
Sprr1a,Sprr1a,0,,
Sprr1b,Sprr1b,0,,
Sprr2a1,Sprr2a1,0,,
Sprr2a2,Sprr2a2,0,,
Sprr2a3,Sprr2a3,0,,
Sprr2b,Sprr2b,0,,
Sprr2d,Sprr2d,0,,
Sprr2e,Sprr2e,0,,
Sprr2f,Sprr2f,0,,
Sprr2g,Sprr2g,0,,
Sprr2h,Sprr2h,0,,
Sprr2i,Sprr2i,0,,
Sprr2j-ps,Sprr2j-ps,0,,
Sprr2k,Sprr2k,0,,
Sprr3,Sprr3,0,,
Sprr4,Sprr4,0,,
Spry1,Spry1,-0.0306,-2.5419,1.9576
Spry2,Spry2,-0.0103,-1.431,0.8169
Spry4,Spry4,0,,
Spryd3,Spryd3,0.0068,1.036,0.5226
Spryd4,Spryd4,-0.0007,-0.8984,0.433
Spsb1,Spsb1,-0.0452,-3.2304,2.9079
Spsb2,Spsb2,-0.0009,-1.4659,0.8456
Spsb3,Spsb3,-0.019,-1.8013,1.1448
Spsb4,Spsb4,-0.0043,-1.431,0.8169
Sptlc1,Sptlc1,-0.0206,-2.4602,1.8574
Sptlc2,Sptlc2,-0.1002,-4.908,6.0362
Sptlc3,Sptlc3,0,,
Spty2d1,Spty2d1,-0.0717,-5.1332,6.5454
Spz1,Spz1,0,,
Sqle,Sqle,-0.0423,-4.8052,5.8107
Sqrdl,Sqrdl,0.1067,-1.1389,0.5939
Sqstm1,Sqstm1,-0.2537,-4.6514,5.4819
Sra1,Sra1,-0.0403,-4.7456,5.6822
Srbd1,Srbd1,0.038,-0.7,0.3152
Src,Src,-0.0093,-1.8485,1.1902
Srcap,Srcap,0.0263,-0.0206,0.0072
Srcin1,Srcin1,0,,
Srcrb4d,Srcrb4d,0,,
Srd5a1,Srd5a1,-0.0017,-1.431,0.8169
Srd5a2,Srd5a2,0,,
Srd5a3,Srd5a3,-0.0556,-3.9498,4.1067
Srebf1,Srebf1,-0.0613,-4.9639,6.1607
Srebf2,Srebf2,-0.1,-3.8558,3.938
Srek1,Srek1,0.051,-0.7092,0.3204
Srek1ip1,Srek1ip1,-0.0202,-2.3842,1.7666
Srf,Srf,0.0118,-1.8949,1.2358
Srfbp1,Srfbp1,-0.0294,-2.2588,1.6217
Srgap1,Srgap1,-0.0034,-1.431,0.8169
Srgap2,Srgap2,0.1286,-0.6973,0.3137
Srgap3,Srgap3,0,,
Srgn,Srgn,-0.1549,-5.6178,7.7135
Sri,Sri,0.1449,-1.0362,0.5227
Srl,Srl,0.016,0.3286,0.1293
Srm,Srm,0.0695,-1.0106,0.5055
Srms,Srms,0,,
Srp14,Srp14,-0.0553,-3.5988,3.4953
Srp19,Srp19,-0.1239,-3.264,2.9592
Srp54a,Srp54a,-0.0001,-0.3445,0.1364
Srp54b,Srp54b,-0.0009,-1.431,0.8169
Srp54c,Srp54c,-0.0111,-2.0286,1.3716
Srp68,Srp68,-0.0554,-3.1498,2.7868
Srp72,Srp72,0.0385,-2.9749,2.5331
Srp9,Srp9,-0.0275,-3.1215,2.7449
Srpk1,Srpk1,0.0153,-2.2617,1.6249
Srpk2,Srpk2,0.0265,-3.6811,3.634
Srpk3,Srpk3,-0.0187,-2.5162,1.9258
Srpr,Srpr,-0.059,-4.3129,4.7928
Srprb,Srprb,-0.0363,-2.0913,1.4376
Srpx,Srpx,0,,
Srpx2,Srpx2,0,,
Srr,Srr,0.0097,-1.4519,0.8341
Srrd,Srrd,-0.0378,-3.797,3.8342
Srrm1,Srrm1,-0.0616,-3.7185,3.698
Srrm2,Srrm2,-0.0552,-3.236,2.9164
Srrm3,Srrm3,0,,
Srrm4,Srrm4,-0.0017,-1.431,0.8169
Srrt,Srrt,0.0591,-1.6433,0.9986
Srsf1,Srsf1,0.0115,-2.1013,1.4483
Srsf10,Srsf10,-0.0294,-3.2802,2.984
Srsf11,Srsf11,0.0068,-2.6916,2.148
Srsf12,Srsf12,0,,
Srsf2,Srsf2,0.183,-0.3669,0.1465
Srsf3,Srsf3,0.0515,-2.1254,1.4743
Srsf4,Srsf4,-0.0513,-3.1162,2.7371
Srsf5,Srsf5,-0.0365,-3.3742,3.1305
Srsf6,Srsf6,0.0059,-2.0126,1.355
Srsf7,Srsf7,-0.0048,-2.0609,1.4054
Srsf9,Srsf9,-0.0399,-3.811,3.8589
Srxn1,Srxn1,-0.0431,-3.0118,2.5856
Sry,Sry,0,,
Ss18,Ss18,0.0076,-2.1654,1.5177
Ss18l1,Ss18l1,-0.0009,-1.431,0.8169
Ssb,Ssb,0.0685,-2.7935,2.2828
Ssbp1,Ssbp1,-0.0217,-4.1771,4.5299
Ssbp2,Ssbp2,0.0329,0.7635,0.3515
Ssbp3,Ssbp3,0.0396,0.646,0.2854
Ssbp4,Ssbp4,0.0135,-1.8307,1.173
Ssfa2,Ssfa2,0.0347,-1.7021,1.0519
Ssh1,Ssh1,-0.018,-2.6097,2.0428
Ssh2,Ssh2,-0.081,-4.637,5.4515
Ssh3,Ssh3,-0.0043,-1.907,1.2477
Ssna1,Ssna1,-0.0448,-4.7146,5.6159
Sspn,Sspn,0.0002,-1.8012,1.1447
Sspo,Sspo,0,,
Ssr1,Ssr1,-0.0094,-3.848,3.9242
Ssr2,Ssr2,0.0266,-4.1626,4.5022
Ssr3,Ssr3,-0.029,-3.9263,4.0642
Ssr4,Ssr4,-0.1091,-4.8764,5.9665
Ssrp1,Ssrp1,0.094,-0.0222,0.0078
Sssca1,Sssca1,-0.0038,-3.2704,2.9691
Sst,Sst,0,,
Sstr1,Sstr1,0,,
Sstr2,Sstr2,0,,
Sstr3,Sstr3,0,,
Sstr4,Sstr4,0,,
Sstr5,Sstr5,0,,
Ssu72,Ssu72,-0.0377,-3.5189,3.3631
Ssx2ip,Ssx2ip,-0.0164,-0.9533,0.468
Ssx9,Ssx9,0,,
Ssxa1,Ssxa1,0,,
Ssxb1,Ssxb1,0,,
Ssxb10,Ssxb10,0,,
Ssxb2,Ssxb2,0,,
Ssxb3,Ssxb3,0,,
Ssxb5,Ssxb5,0,,
Ssxb6,Ssxb6,0,,
Ssxb8,Ssxb8,0,,
Ssxb9,Ssxb9,0,,
St13,St13,0.0979,-2.5143,1.9235
St14,St14,-0.1799,-9.1641,19.3014
St18,St18,0,,
St3gal1,St3gal1,-0.0113,-1.7764,1.1211
St3gal2,St3gal2,0.0381,-3.8258,3.8849
St3gal3,St3gal3,-0.0713,-2.2952,1.6631
St3gal4,St3gal4,0.0368,-0.8992,0.4335
St3gal5,St3gal5,0.1034,-0.7654,0.3526
St3gal6,St3gal6,0.0647,-3.2771,2.9793
St5,St5,-0.0448,-3.3772,3.1353
St6gal1,St6gal1,-0.1314,-6.3403,9.6397
St6gal2,St6gal2,0,,
St6galnac1,St6galnac1,0,,
St6galnac2,St6galnac2,0,,
St6galnac3,St6galnac3,0,,
St6galnac4,St6galnac4,-0.0207,-2.2458,1.607
St6galnac5,St6galnac5,0,,
St6galnac6,St6galnac6,0.0238,0.6869,0.3079
St7,St7,0.0138,-0.8827,0.4232
St7l,St7l,0.0159,-0.7276,0.3308
St8sia1,St8sia1,0,,
St8sia2,St8sia2,0,,
St8sia3,St8sia3,0,,
St8sia4,St8sia4,-0.0853,-5.6915,7.8999
St8sia5,St8sia5,0,,
St8sia6,St8sia6,-0.3397,-11.1157,27.978
Stab1,Stab1,0.2803,4.6851,5.5531
Stab2,Stab2,0,,
Stac,Stac,0,,
Stac2,Stac2,-0.0043,-1.431,0.8169
Stac3,Stac3,0,,
Stag1,Stag1,-0.0467,-3.9096,4.0341
Stag2,Stag2,0.0363,-0.6542,0.2899
Stag3,Stag3,-0.0145,-2.0286,1.3716
Stam,Stam,-0.0118,-1.8057,1.149
Stam2,Stam2,-0.0016,-2.2229,1.5814
Stambp,Stambp,0.0843,-1.2662,0.6873
Stambpl1,Stambpl1,0.0147,-0.3967,0.1602
Stap1,Stap1,-0.0043,-2.0286,1.3716
Stap2,Stap2,0,,
Star,Star,0,,
Stard10,Stard10,0.0094,-0.5167,0.218
Stard13,Stard13,0,,
Stard3,Stard3,-0.0938,-5.114,6.5011
Stard3nl,Stard3nl,-0.0563,-4.6968,5.5779
Stard4,Stard4,0.0477,0.3307,0.1303
Stard5,Stard5,-0.0227,-0.5819,0.2513
Stard6,Stard6,0,,
Stard7,Stard7,0.0546,-0.6632,0.2948
Stard8,Stard8,-0.0001,-2.1023,1.4495
Stard9,Stard9,0.0407,0.6324,0.2781
Stat1,Stat1,-0.0263,-3.8647,3.9538
Stat2,Stat2,0.0581,0.152,0.0559
Stat3,Stat3,-0.0609,-3.2116,2.8795
Stat4,Stat4,0,,
Stat5a,Stat5a,-0.0053,-0.3519,0.1397
Stat5b,Stat5b,-0.0142,-2.0835,1.4294
Stat6,Stat6,0.0259,-2.528,1.9404
Stau1,Stau1,0.0609,-3.1403,2.7728
Stau2,Stau2,-0.0216,-1.4022,0.7936
Stbd1,Stbd1,0.0123,-0.0204,0.0071
Stc1,Stc1,0,,
Stc2,Stc2,0,,
Steap1,Steap1,0,,
Steap2,Steap2,0,,
Steap3,Steap3,0,,
Steap4,Steap4,0,,
Stfa1,Stfa1,0,,
Stfa2,Stfa2,0,,
Stfa2l1,Stfa2l1,0,,
Stfa3,Stfa3,0,,
Stil,Stil,0,,
Stim1,Stim1,0.0345,-0.0271,0.0095
Stim2,Stim2,-0.0399,-2.6532,2.0984
Stip1,Stip1,-0.0024,-2.3897,1.7731
Stk10,Stk10,0.0772,-0.4374,0.1792
Stk11,Stk11,-0.0186,-3.804,3.8466
Stk11ip,Stk11ip,-0.0097,-2.6154,2.05
Stk16,Stk16,-0.0081,-1.7766,1.1213
Stk17b,Stk17b,0.0007,-2.8355,2.3395
Stk19,Stk19,0.0269,-2.5899,2.0177
Stk19-ps1,Stk19-ps1,0,,
Stk24,Stk24,-0.0106,-1.8813,1.2224
Stk25,Stk25,0.0011,-0.7301,0.3322
Stk3,Stk3,-0.0116,-0.9318,0.4541
Stk30,Stk30,0,,
Stk31,Stk31,0,,
Stk32a,Stk32a,0,,
Stk32b,Stk32b,0,,
Stk32c,Stk32c,0,,
Stk33,Stk33,0,,
Stk35,Stk35,-0.0128,-1.431,0.8169
Stk36,Stk36,0,,
Stk38,Stk38,-0.0073,-3.2194,2.8913
Stk38l,Stk38l,0.0191,-0.0265,0.0093
Stk39,Stk39,0.0008,-0.5167,0.218
Stk4,Stk4,0.0418,-2.0886,1.4348
Stk40,Stk40,0.0075,-1.2864,0.7027
Stmn1,Stmn1,0.0553,0.3137,0.1228
Stmn2,Stmn2,-0.0026,-0.5226,0.2209
Stmn3,Stmn3,-0.0051,-1.431,0.8169
Stmn4,Stmn4,0,,
Stom,Stom,-0.0485,-3.3856,3.1486
Stoml1,Stoml1,-0.0025,-1.2979,0.7115
Stoml2,Stoml2,0.0252,-0.3163,0.1239
Stoml3,Stoml3,0,,
Ston1,Ston1,-0.0009,-1.431,0.8169
Ston2,Ston2,-0.0147,-0.0264,0.0092
Stox1,Stox1,0,,
Stox2,Stox2,-0.0077,-1.431,0.8169
Stra13,Stra13,0.0263,-2.2303,1.5896
Stra6,Stra6,0,,
Stra8,Stra8,0.0042,0.6927,0.3111
Strada,Strada,0.0257,-0.6306,0.2771
Stradb,Stradb,0.0606,-0.498,0.2087
Strap,Strap,0.0442,-2.317,1.6882
Strbp,Strbp,0.0329,-1.2979,0.7115
Strc,Strc,0,,
Strn,Strn,-0.1044,-2.6664,2.1154
Strn3,Strn3,-0.028,-2.4885,1.8918
Strn4,Strn4,-0.0399,-2.4851,1.8877
Stt3a,Stt3a,-0.0334,-3.3512,3.0944
Stt3b,Stt3b,-0.0864,-5.158,6.6027
Stub1,Stub1,0.0149,-1.4076,0.7979
Stx11,Stx11,0,,
Stx12,Stx12,-0.0007,-2.9665,2.5211
Stx16,Stx16,-0.0272,-3.3626,3.1122
Stx17,Stx17,0.0133,-0.787,0.3652
Stx18,Stx18,0.0051,-1.6179,0.976
Stx19,Stx19,0,,
Stx1a,Stx1a,-0.0034,-1.431,0.8169
Stx1b,Stx1b,-0.0051,-1.431,0.8169
Stx2,Stx2,-0.0153,-3.1565,2.7967
Stx3,Stx3,-0.0255,-3.5307,3.3826
Stx4a,Stx4a,-0.0013,-2.6634,2.1115
Stx5a,Stx5a,-0.0535,-3.6055,3.5064
Stx6,Stx6,-0.0403,-3.62,3.5307
Stx7,Stx7,0.0481,-2.8255,2.326
Stx8,Stx8,-0.0221,-2.2385,1.5988
Stxbp1,Stxbp1,-0.0365,-3.9411,4.0909
Stxbp2,Stxbp2,-0.017,-2.4499,1.845
Stxbp3a,Stxbp3a,0.0414,-0.1142,0.0414
Stxbp3b,Stxbp3b,0.0042,0.9835,0.4876
Stxbp4,Stxbp4,0.0038,-0.3445,0.1364
Stxbp5,Stxbp5,-0.0319,-3.0676,2.666
Stxbp5l,Stxbp5l,0.0033,0.6927,0.3111
Stxbp6,Stxbp6,-0.0051,-1.431,0.8169
Styk1,Styk1,0,,
Styx,Styx,0,,
Styxl1,Styxl1,0,,
Sub1,Sub1,0.0408,-4.4535,5.0733
Sucla2,Sucla2,-0.0062,-2.3271,1.6998
Suclg1,Suclg1,-0.0485,-4.6169,5.4094
Suclg2,Suclg2,0.0406,-0.7904,0.3672
Sucnr1,Sucnr1,0,,
Suds3,Suds3,-0.0321,-4.2906,4.7491
Sufu,Sufu,0.0144,1.0502,0.5322
Sugp1,Sugp1,-0.0073,-0.9105,0.4406
Sugp2,Sugp2,-0.0055,-2.1871,1.5416
Sugt1,Sugt1,0.0875,-1.541,0.9089
Sulf1,Sulf1,0,,
Sulf2,Sulf2,-0.1992,-7.5628,13.4038
Sult1a1,Sult1a1,0.0759,1.2805,0.6982
Sult1b1,Sult1b1,0,,
Sult1c1,Sult1c1,0,,
Sult1c2,Sult1c2,0,,
Sult1d1,Sult1d1,0,,
Sult1e1,Sult1e1,0,,
Sult2a1,Sult2a1,0,,
Sult2a2,Sult2a2,0,,
Sult2a3,Sult2a3,0,,
Sult2a4,Sult2a4,0,,
Sult2a5,Sult2a5,0,,
Sult2a6,Sult2a6,0,,
Sult2a7,Sult2a7,0,,
Sult2b1,Sult2b1,0,,
Sult3a1,Sult3a1,0,,
Sult4a1,Sult4a1,0,,
Sult5a1,Sult5a1,0,,
Sult6b1,Sult6b1,0,,
Sumf1,Sumf1,-0.0664,-4.1529,4.4837
Sumf2,Sumf2,-0.0312,-3.6124,3.518
Sumo1,Sumo1,0.0432,-1.9734,1.3147
Sumo2,Sumo2,0.0116,0.3307,0.1303
Sumo3,Sumo3,0.0414,-2.8106,2.3059
Sun1,Sun1,-0.0125,-2.5601,1.9803
Sun2,Sun2,-0.1384,-6.3317,9.6154
Sun3,Sun3,0,,
Sun5,Sun5,0,,
Suox,Suox,-0.0034,-1.431,0.8169
Supt16h,Supt16h,0.0982,-1.3406,0.7446
Supt3h,Supt3h,-0.0049,-1.552,0.9185
Supt4h1,Supt4h1,-0.0238,-2.393,1.777
Supt5h,Supt5h,0.082,-2.9513,2.4997
Supt6h,Supt6h,0.0395,-0.5759,0.2482
Supt7l,Supt7l,0.0019,-2.1695,1.5223
Supv3l1,Supv3l1,0.0239,1.0518,0.5333
Surf1,Surf1,-0.0297,-3.0225,2.6009
Surf2,Surf2,0.0002,-0.9407,0.4599
Surf4,Surf4,-0.1282,-5.8214,8.2338
Surf6,Surf6,-0.0126,-2.1793,1.533
Susd1,Susd1,-0.0077,-1.2549,0.6788
Susd2,Susd2,0,,
Susd3,Susd3,0.0615,-2.3803,1.7619
Susd4,Susd4,0.0054,0.6927,0.3111
Susd5,Susd5,0,,
Suv39h1,Suv39h1,0.0053,0.3328,0.1312
Suv39h2,Suv39h2,0,,
Suv420h1,Suv420h1,-0.0031,-3.3248,3.0531
Suv420h2,Suv420h2,-0.0265,-1.3924,0.7857
Suz12,Suz12,0.0246,-1.8523,1.194
Sv2a,Sv2a,-0.0328,-2.5319,1.9452
Sv2b,Sv2b,0,,
Sv2c,Sv2c,0,,
Sva,Sva,0,,
Sval1,Sval1,0,,
Sval2,Sval2,0,,
Sval3,Sval3,0,,
Svep1,Svep1,0,,
Svil,Svil,0.0375,0.3965,0.1601
Svip,Svip,0.0049,-0.479,0.1993
Svop,Svop,0,,
Svopl,Svopl,-0.0051,-1.431,0.8169
Svs1,Svs1,0,,
Svs2,Svs2,0,,
Svs3a,Svs3a,0,,
Svs3b,Svs3b,0,,
Svs4,Svs4,0,,
Svs5,Svs5,0,,
Svs6,Svs6,0,,
Swap70,Swap70,0.0229,-0.5179,0.2186
Swi5,Swi5,0.0518,-3.8656,3.9555
Syap1,Syap1,-0.0247,-2.1651,1.5174
Sybu,Sybu,0,,
Syce1,Syce1,0,,
Syce1l,Syce1l,0.0078,-0.0168,0.0059
Syce2,Syce2,0.0008,-1.5369,0.9055
Syce3,Syce3,0,,
Sycn,Sycn,0,,
Sycp1,Sycp1,0,,
Sycp2,Sycp2,0,,
Sycp2l,Sycp2l,-0.0017,-1.431,0.8169
Sycp3,Sycp3,0.0145,0.6927,0.3111
Syde1,Syde1,0,,
Syde2,Syde2,0,,
Syf2,Syf2,0.0709,-2.8089,2.3035
Sykb,Sykb,0.0518,-2.2584,1.6212
Sympk,Sympk,0.015,-0.8916,0.4288
Syn1,Syn1,0,,
Syn2,Syn2,0,,
Syn3,Syn3,0,,
Sync,Sync,0,,
Syncrip,Syncrip,-0.0446,-2.6468,2.0901
Syne1,Syne1,0.0129,0.9835,0.4876
Syne2,Syne2,-0.0108,-1.8012,1.1447
Syngap1,Syngap1,0,,
Syngr1,Syngr1,-0.4721,-7.5188,13.2574
Syngr2,Syngr2,-0.0348,-3.9161,4.0458
Syngr3,Syngr3,0,,
Syngr4,Syngr4,0,,
Synj1,Synj1,-0.0275,-2.6973,2.1555
Synj2,Synj2,-0.0151,-2.5716,1.9946
Synj2bp,Synj2bp,0.0636,-1.8265,1.1689
Synm,Synm,0,,
Synpo,Synpo,0,,
Synpo2,Synpo2,0,,
Synpo2l,Synpo2l,0,,
Synpr,Synpr,0,,
Synrg,Synrg,0.0381,-1.5929,0.9539
Syp,Syp,0,,
Sypl,Sypl,-0.1522,-5.1944,6.6874
Sypl2,Sypl2,0,,
Sys1,Sys1,0.0077,-3.1746,2.8238
Syt1,Syt1,-0.0017,-1.431,0.8169
Syt10,Syt10,0,,
Syt11,Syt11,0.0088,-2.6556,2.1014
Syt12,Syt12,0,,
Syt13,Syt13,0,,
Syt14,Syt14,0,,
Syt15,Syt15,0,,
Syt16,Syt16,0,,
Syt17,Syt17,0,,
Syt2,Syt2,0,,
Syt3,Syt3,0.0099,-0.0168,0.0059
Syt4,Syt4,0.0075,0.6927,0.3111
Syt5,Syt5,-0.0111,-1.431,0.8169
Syt6,Syt6,-0.0051,-1.431,0.8169
Syt7,Syt7,0,,
Syt8,Syt8,0,,
Syt9,Syt9,0,,
Sytl1,Sytl1,0,,
Sytl2,Sytl2,0,,
Sytl3,Sytl3,0,,
Sytl4,Sytl4,0,,
Sytl5,Sytl5,0,,
Syvn1,Syvn1,-0.0996,-4.551,5.2726
Szt2,Szt2,-0.0255,-2.8765,2.3957
T,T,0,,
T2,T2,-0.0051,-1.431,0.8169
Taar1,Taar1,0,,
Taar2,Taar2,0,,
Taar3,Taar3,0,,
Taar4,Taar4,0,,
Taar5,Taar5,0,,
Taar6,Taar6,0,,
Taar7a,Taar7a,0,,
Taar7b,Taar7b,0,,
Taar7c-ps,Taar7c-ps,0,,
Taar7d,Taar7d,0,,
Taar7e,Taar7e,0,,
Taar7f,Taar7f,0,,
Taar8a,Taar8a,0,,
Taar8b,Taar8b,0,,
Taar8c,Taar8c,0,,
Taar9,Taar9,0,,
Tab1,Tab1,0.0218,0.2476,0.0945
Tab2,Tab2,0.0495,-1.9209,1.2616
Tab3,Tab3,0.0029,-0.0357,0.0126
Tac1,Tac1,0,,
Tac2,Tac2,0,,
Tac4,Tac4,-0.0043,-1.431,0.8169
Tacc1,Tacc1,0.1275,-1.4433,0.827
Tacc2,Tacc2,0.0017,0.6927,0.3111
Tacc3,Tacc3,0.0023,-0.3445,0.1364
Taco1,Taco1,-0.0026,-0.7425,0.3394
Tacr1,Tacr1,0,,
Tacr2,Tacr2,0,,
Tacr3,Tacr3,0,,
Tacstd2,Tacstd2,0,,
Tada1,Tada1,0.0104,-0.4307,0.1761
Tada2a,Tada2a,-0.0032,-1.2501,0.6751
Tada2b,Tada2b,0.0398,-0.5661,0.2431
Tada3,Tada3,0.0005,-0.7427,0.3394
Taf1,Taf1,-0.0197,-2.0875,1.4336
Taf10,Taf10,-0.0419,-3.4844,3.3069
Taf11,Taf11,-0.0193,-2.0119,1.3543
Taf12,Taf12,0.0695,0.2899,0.1124
Taf13,Taf13,0.0099,-1.8448,1.1867
Taf15,Taf15,0.052,1.5534,0.9197
Taf1b,Taf1b,-0.0291,-3.4092,3.186
Taf1c,Taf1c,-0.027,-1.3861,0.7806
Taf1d,Taf1d,-0.019,-2.711,2.1734
Taf2,Taf2,-0.0263,-1.8353,1.1774
Taf3,Taf3,-0.0181,-1.5666,0.931
Taf4a,Taf4a,0.0146,-1.1491,0.6012
Taf4b,Taf4b,0.0004,-1.2501,0.6751
Taf5,Taf5,0.0228,0.9835,0.4876
Taf5l,Taf5l,-0.0134,-1.8591,1.2006
Taf6,Taf6,-0.0026,-1.3526,0.7541
Taf6l,Taf6l,-0.0089,-1.773,1.1179
Taf7,Taf7,-0.029,-2.8407,2.3467
Taf7l,Taf7l,0,,
Taf8,Taf8,-0.0105,-0.9103,0.4405
Taf9,Taf9,0.0051,-2.697,2.1551
Taf9b,Taf9b,0.0198,-0.0221,0.0077
Tagap,Tagap,-0.0371,-3.8554,3.9372
Tagap1,Tagap1,-0.0168,-1.3908,0.7844
Tagln,Tagln,0,,
Tagln2,Tagln2,0.045,-2.1837,1.5379
Tagln3,Tagln3,0.0052,-0.5167,0.218
Tal1,Tal1,-0.0402,-3.9454,4.0988
Tal2,Tal2,0,,
Taldo1,Taldo1,0.0773,-1.6171,0.9753
Tanc1,Tanc1,0,,
Tanc2,Tanc2,-0.001,-3.5061,3.3423
Tank,Tank,-0.0366,-3.126,2.7515
Taok1,Taok1,0.0635,-2.0917,1.4382
Taok2,Taok2,-0.0541,-4.0382,4.2688
Taok3,Taok3,0.0406,-1.5733,0.9369
Tap1,Tap1,-0.0392,-3.6727,3.6197
Tap2,Tap2,-0.0291,-3.2376,2.9189
Tapbp,Tapbp,-0.2687,-8.3783,16.2701
Tapbpl,Tapbpl,0.0202,-2.4282,1.8189
Tapt1,Tapt1,-0.062,-4.56,5.2911
Tarbp2,Tarbp2,0,,
Tardbp,Tardbp,0.0402,-0.7031,0.3169
Tarm1,Tarm1,0,,
Tars,Tars,-0.0258,-2.4712,1.8708
Tars2,Tars2,0.0186,0.2413,0.0919
Tarsl2,Tarsl2,-0.0281,-2.4881,1.8914
Tas1r1,Tas1r1,-0.0043,-2.0286,1.3716
Tas1r2,Tas1r2,0,,
Tas1r3,Tas1r3,0,,
Tas2r102,Tas2r102,0,,
Tas2r103,Tas2r103,0,,
Tas2r104,Tas2r104,0,,
Tas2r105,Tas2r105,0,,
Tas2r106,Tas2r106,0,,
Tas2r107,Tas2r107,0,,
Tas2r108,Tas2r108,0,,
Tas2r109,Tas2r109,0,,
Tas2r110,Tas2r110,0,,
Tas2r113,Tas2r113,0,,
Tas2r114,Tas2r114,0,,
Tas2r115,Tas2r115,0,,
Tas2r116,Tas2r116,0,,
Tas2r117,Tas2r117,0,,
Tas2r118,Tas2r118,0,,
Tas2r119,Tas2r119,0,,
Tas2r120,Tas2r120,0,,
Tas2r121,Tas2r121,0,,
Tas2r122,Tas2r122,0,,
Tas2r123,Tas2r123,0,,
Tas2r124,Tas2r124,0,,
Tas2r125,Tas2r125,0,,
Tas2r126,Tas2r126,0,,
Tas2r129,Tas2r129,0,,
Tas2r130,Tas2r130,0,,
Tas2r131,Tas2r131,0,,
Tas2r134,Tas2r134,0,,
Tas2r135,Tas2r135,0,,
Tas2r136,Tas2r136,0,,
Tas2r137,Tas2r137,0,,
Tas2r138,Tas2r138,0,,
Tas2r139,Tas2r139,0,,
Tas2r140,Tas2r140,0,,
Tas2r143,Tas2r143,0,,
Tas2r144,Tas2r144,0,,
Tasp1,Tasp1,-0.0004,-0.5196,0.2194
Tat,Tat,0,,
Tatdn1,Tatdn1,0.0309,-0.7399,0.3378
Tatdn2,Tatdn2,-0.039,-4.5609,5.2931
Tatdn3,Tatdn3,0.0199,0.9835,0.4876
Tax1bp1,Tax1bp1,0.017,-3.7572,3.7649
Tax1bp3,Tax1bp3,0.0186,0.6126,0.2675
Taz,Taz,-0.0083,-1.9519,1.2929
Tbata,Tbata,0,,
Tbc1d1,Tbc1d1,0.0155,-0.419,0.1706
Tbc1d10a,Tbc1d10a,-0.0145,-2.8641,2.3786
Tbc1d10b,Tbc1d10b,0.0307,-1.1765,0.6209
Tbc1d10c,Tbc1d10c,0,,
Tbc1d12,Tbc1d12,-0.0203,-3.4016,3.1739
Tbc1d13,Tbc1d13,0.0226,-1.5506,0.9173
Tbc1d14,Tbc1d14,-0.026,-3.7879,3.8184
Tbc1d15,Tbc1d15,-0.0096,-1.1073,0.5716
Tbc1d16,Tbc1d16,0.084,-2.2117,1.5688
Tbc1d17,Tbc1d17,-0.0067,-3.979,4.1598
Tbc1d19,Tbc1d19,-0.0198,-3.5006,3.3333
Tbc1d2,Tbc1d2,0,,
Tbc1d20,Tbc1d20,-0.0718,-4.2827,4.7338
Tbc1d21,Tbc1d21,0,,
Tbc1d22a,Tbc1d22a,-0.1514,-6.1136,9.0113
Tbc1d22b,Tbc1d22b,-0.0094,-2.0286,1.3716
Tbc1d23,Tbc1d23,-0.034,-3.0134,2.5878
Tbc1d24,Tbc1d24,-0.0005,-0.751,0.3443
Tbc1d25,Tbc1d25,-0.0034,-1.431,0.8169
Tbc1d2b,Tbc1d2b,0.0276,-1.0021,0.4999
Tbc1d30,Tbc1d30,0,,
Tbc1d4,Tbc1d4,-0.0353,-4.1764,4.5285
Tbc1d5,Tbc1d5,0.0247,-1.3822,0.7775
Tbc1d7,Tbc1d7,-0.0061,-0.7384,0.337
Tbc1d8,Tbc1d8,-0.0237,-3.8401,3.9101
Tbc1d8b,Tbc1d8b,-0.0031,-1.2501,0.6751
Tbc1d9,Tbc1d9,0.1266,-0.0393,0.0138
Tbc1d9b,Tbc1d9b,0.1902,-0.725,0.3293
Tbca,Tbca,-0.0276,-3.3526,3.0966
Tbcb,Tbcb,0.0309,-2.0712,1.4164
Tbcc,Tbcc,-0.0063,-1.1565,0.6064
Tbccd1,Tbccd1,0.0304,-0.4764,0.198
Tbcd,Tbcd,-0.0569,-2.9454,2.4914
Tbce,Tbce,-0.0452,-3.6256,3.5402
Tbcel,Tbcel,-0.0029,-1.2696,0.6899
Tbck,Tbck,-0.0035,0.3203,0.1257
Tbk1,Tbk1,0.0096,-2.1168,1.465
Tbkbp1,Tbkbp1,0.0405,0.1985,0.0743
Tbl1x,Tbl1x,0.0679,-2.0088,1.3511
Tbl1xr1,Tbl1xr1,0.0033,-2.6124,2.0463
Tbl2,Tbl2,-0.0169,-2.8144,2.311
Tbl3,Tbl3,-0.0184,-1.391,0.7846
Tbp,Tbp,-0.0256,-2.8983,2.4257
Tbpl1,Tbpl1,-0.0099,-3.3851,3.1478
Tbpl2,Tbpl2,0,,
Tbr1,Tbr1,0,,
Tbrg1,Tbrg1,0.0143,-2.5636,1.9847
Tbrg4,Tbrg4,0.0107,0.6126,0.2675
Tbx1,Tbx1,0,,
Tbx10,Tbx10,0,,
Tbx15,Tbx15,0,,
Tbx18,Tbx18,0,,
Tbx19,Tbx19,0.0067,0.6927,0.3111
Tbx2,Tbx2,0,,
Tbx20,Tbx20,0,,
Tbx21,Tbx21,0,,
Tbx22,Tbx22,0,,
Tbx3,Tbx3,0,,
Tbx4,Tbx4,0,,
Tbx5,Tbx5,0,,
Tbx6,Tbx6,0,,
Tbxa2r,Tbxa2r,0,,
Tbxas1,Tbxas1,-0.2868,-7.5326,13.3032
Tc2n,Tc2n,0,,
Tcam1,Tcam1,0,,
Tcap,Tcap,-0.0051,-1.431,0.8169
Tcea1,Tcea1,0.0648,-0.6941,0.3119
Tcea1-ps1,Tcea1-ps1,0.0607,0.3102,0.1212
Tcea2,Tcea2,-0.0013,-0.5226,0.2209
Tcea3,Tcea3,0,,
Tceal1,Tceal1,0.0011,-1.2942,0.7086
Tceal3,Tceal3,0,,
Tceal5,Tceal5,0,,
Tceal6,Tceal6,0,,
Tceal7,Tceal7,-0.0051,-1.431,0.8169
Tceal8,Tceal8,-0.0431,-4.9343,6.0944
Tceanc,Tceanc,-0.0031,-1.8012,1.1447
Tceb1,Tceb1,0.1383,-1.4706,0.8496
Tceb2,Tceb2,0.1421,-2.9795,2.5395
Tceb3,Tceb3,0.001,-2.3982,1.7832
Tcerg1,Tcerg1,0.0147,-1.3572,0.7576
Tcerg1l,Tcerg1l,0,,
Tcf12,Tcf12,0.0225,-1.9117,1.2524
Tcf15,Tcf15,0,,
Tcf19,Tcf19,-0.0481,-2.4881,1.8914
Tcf20,Tcf20,0.0517,0.366,0.1461
Tcf21,Tcf21,0,,
Tcf23,Tcf23,0,,
Tcf25,Tcf25,-0.039,-4.2965,4.7606
Tcf3,Tcf3,-0.0158,-2.356,1.7335
Tcf4,Tcf4,0.0012,-3.2593,2.952
Tcf7,Tcf7,-0.0034,-1.431,0.8169
Tcf7l1,Tcf7l1,0,,
Tcf7l2,Tcf7l2,0.0286,0.1723,0.0639
Tcfap2a,Tcfap2a,0,,
Tcfap2b,Tcfap2b,0,,
Tcfap2c,Tcfap2c,0,,
Tcfap2d,Tcfap2d,0,,
Tcfap2e,Tcfap2e,0,,
Tcfap4,Tcfap4,-0.0094,-2.2625,1.6259
Tcfcp2,Tcfcp2,0.0037,0.9835,0.4876
Tcfcp2l1,Tcfcp2l1,0,,
Tcfe3,Tcfe3,0.0343,-1.2362,0.6648
Tcfeb,Tcfeb,-0.0407,-2.4582,1.855
Tcfec,Tcfec,0.0004,0.6927,0.3111
Tcfl5,Tcfl5,0,,
Tchh,Tchh,0,,
Tchhl1,Tchhl1,0,,
Tchp,Tchp,-0.0173,-2.2062,1.5627
Tcirg1,Tcirg1,0.0962,-1.1355,0.5915
Tcl1,Tcl1,0,,
Tcl1b1,Tcl1b1,0,,
Tcl1b2,Tcl1b2,0,,
Tcl1b3,Tcl1b3,0,,
Tcl1b4,Tcl1b4,0.0017,0.6927,0.3111
Tcl1b5,Tcl1b5,0,,
Tcn2,Tcn2,-0.1752,-6.3942,9.792
Tcof1,Tcof1,0.0745,-0.4808,0.2002
Tcp1,Tcp1,0.0003,-2.3585,1.7364
Tcp1-ps1,Tcp1-ps1,0,,
Tcp10b,Tcp10b,0,,
Tcp11,Tcp11,0,,
Tcp11l1,Tcp11l1,0.014,0.3328,0.1312
Tcp11l2,Tcp11l2,0.0124,-0.9291,0.4525
Tcra-V2.6,Tcra-V2.6,0,,
Tcra-V22.1,Tcra-V22.1,0,,
Tcra-V8,Tcra-V8,0,,
Tcrg-C,Tcrg-C,0,,
Tcrg-V2,Tcrg-V2,0,,
Tcrg-V3,Tcrg-V3,0,,
Tcrg-V4,Tcrg-V4,0,,
Tcrg-V5,Tcrg-V5,0,,
Tcrg-V6,Tcrg-V6,0,,
Tcrg-V7,Tcrg-V7,0,,
Tcta,Tcta,0.0143,-0.0279,0.0098
Tcte1,Tcte1,0,,
Tcte2,Tcte2,0,,
Tcte3,Tcte3,0,,
Tctex1d1,Tctex1d1,0,,
Tctex1d2,Tctex1d2,0.0167,-3.0872,2.6945
Tctex1d4,Tctex1d4,-0.0069,-0.5226,0.2209
Tctn1,Tctn1,-0.0137,-2.8765,2.3957
Tctn2,Tctn2,0,,
Tctn3,Tctn3,-0.0124,-1.2597,0.6824
Tdg,Tdg,-0.0111,-2.0286,1.3716
Tdgf1,Tdgf1,0,,
Tdgf1-ps2,Tdgf1-ps2,0,,
Tdh,Tdh,0,,
Tdo2,Tdo2,0,,
Tdp1,Tdp1,0.0056,-1.5217,0.8925
Tdp2,Tdp2,-0.0165,-2.5089,1.9168
Tdpoz1,Tdpoz1,0,,
Tdpoz2,Tdpoz2,0,,
Tdpoz3,Tdpoz3,0,,
Tdpoz4,Tdpoz4,0,,
Tdpoz5,Tdpoz5,0,,
Tdrd1,Tdrd1,0,,
Tdrd12,Tdrd12,0,,
Tdrd3,Tdrd3,0.0146,-1.0091,0.5046
Tdrd5,Tdrd5,0,,
Tdrd6,Tdrd6,0,,
Tdrd7,Tdrd7,0.0401,-0.9227,0.4483
Tdrd9,Tdrd9,0,,
Tdrkh,Tdrkh,0.0013,0.6927,0.3111
Tead1,Tead1,0,,
Tead2,Tead2,0,,
Tead3,Tead3,0.0045,0.3286,0.1293
Tead4,Tead4,-0.0077,-1.431,0.8169
Tec,Tec,-0.0887,-4.4596,5.0855
Tecpr1,Tecpr1,-0.0829,-4.6606,5.5012
Tecpr2,Tecpr2,0.0155,0.6089,0.2655
Tecr,Tecr,-0.2718,-9.1575,19.2748
Tecrl,Tecrl,0,,
Tecta,Tecta,0,,
Tectb,Tectb,0,,
Teddm1,Teddm1,0,,
Tef,Tef,0.001,-2.8374,2.3421
Tek,Tek,0,,
Tekt1,Tekt1,0,,
Tekt2,Tekt2,0,,
Tekt3,Tekt3,0,,
Tekt4,Tekt4,0,,
Tekt5,Tekt5,0,,
Telo2,Telo2,0.0001,-2.5499,1.9676
Telomerase-vert,Telomerase-vert,0.0083,0.6927,0.3111
Tenc1,Tenc1,0,,
Tep1,Tep1,0.0384,-2.5703,1.9931
Tepp,Tepp,0,,
Terf1,Terf1,0.0047,-1.0306,0.5189
Terf2,Terf2,-0.0231,-3.6017,3.5002
Terf2ip,Terf2ip,-0.0052,-1.5419,0.9098
Tert,Tert,0,,
Tes,Tes,-0.0155,-1.8081,1.1513
Tes3-ps,Tes3-ps,-0.006,-2.0286,1.3716
Tesc,Tesc,0.0004,0.6927,0.3111
Tesk1,Tesk1,0.0681,-2.8183,2.3162
Tesk2,Tesk2,-0.0188,-2.4881,1.8914
Tet1,Tet1,0,,
Tet2,Tet2,0.0055,-1.5331,0.9022
Tet3,Tet3,0.0003,-1.8382,1.1802
Tex10,Tex10,-0.0596,-2.8578,2.37
Tex101,Tex101,0,,
Tex11,Tex11,0,,
Tex12,Tex12,-0.0069,-1.431,0.8169
Tex13,Tex13,0,,
Tex13a,Tex13a,0,,
Tex14,Tex14,-0.0017,-1.431,0.8169
Tex15,Tex15,0,,
Tex16,Tex16,0,,
Tex19.1,Tex19.1,0,,
Tex19.2,Tex19.2,0,,
Tex2,Tex2,0.0792,-0.0287,0.01
Tex21,Tex21,0,,
Tex22,Tex22,0,,
Tex24,Tex24,0,,
Tex261,Tex261,0.1219,-1.8976,1.2385
Tex264,Tex264,0.0335,-1.7209,1.0692
Tex28,Tex28,0,,
Tex9,Tex9,0,,
Tfam,Tfam,-0.0017,-2.1791,1.5327
Tfb1m,Tfb1m,0.0049,-0.3445,0.1364
Tfb2m,Tfb2m,-0.0069,-2.6545,2.1
Tfdp1,Tfdp1,0.012,-0.0499,0.0177
Tfdp2,Tfdp2,-0.0319,-2.2534,1.6156
Tff1,Tff1,0,,
Tff2,Tff2,0,,
Tff3,Tff3,0,,
Tfg,Tfg,-0.0396,-3.9186,4.0504
Tfip11,Tfip11,-0.0561,-2.9641,2.5177
Tfpi,Tfpi,-0.086,-2.6081,2.0408
Tfpi2,Tfpi2,0,,
Tfpt,Tfpt,-0.0252,-1.7849,1.1292
Tfrc,Tfrc,0.0217,-1.6741,1.0264
Tg,Tg,0,,
Tgds,Tgds,-0.0171,-3.3221,3.0489
Tgfa,Tgfa,0.0037,-1.8012,1.1447
Tgfb1,Tgfb1,-0.1529,-5.7302,7.9987
Tgfb1i1,Tgfb1i1,-0.0051,-1.431,0.8169
Tgfb2,Tgfb2,-0.0034,-1.431,0.8169
Tgfb3,Tgfb3,0.0033,0.6927,0.3111
Tgfbi,Tgfbi,-0.0966,-3.6595,3.5974
Tgfbr1,Tgfbr1,0.0541,-2.6584,2.105
Tgfbr2,Tgfbr2,-0.6449,-9.3854,20.2031
Tgfbr3,Tgfbr3,0,,
Tgfbrap1,Tgfbrap1,-0.0001,-2.7801,2.2649
Tgif1,Tgif1,-0.2218,-7.6192,13.5931
Tgif2,Tgif2,-0.0128,-2.4881,1.8914
Tgif2lx1,Tgif2lx1,0,,
Tgif2lx2,Tgif2lx2,0,,
Tgm1,Tgm1,0,,
Tgm2,Tgm2,0.2016,3.6851,3.6408
Tgm3,Tgm3,0,,
Tgm4,Tgm4,0,,
Tgm5,Tgm5,-0.0069,-1.431,0.8169
Tgm6,Tgm6,0,,
Tgm7,Tgm7,0,,
Tgoln1,Tgoln1,-0.0623,-4.5565,5.2839
Tgs1,Tgs1,0.1038,-0.75,0.3437
Tgtp1,Tgtp1,0.0008,0.6927,0.3111
Tgtp2,Tgtp2,0.0033,0.6927,0.3111
Th,Th,0,,
Th1l,Th1l,-0.0378,-1.7002,1.0502
Tha1,Tha1,0.0052,-1.2942,0.7086
Thada,Thada,0.0007,-0.5661,0.2431
Thap1,Thap1,-0.004,-1.2501,0.6751
Thap11,Thap11,-0.0342,-3.7862,3.8154
Thap2,Thap2,-0.0083,-1.7713,1.1163
Thap3,Thap3,0.0046,-0.2576,0.0987
Thap4,Thap4,-0.021,-1.8013,1.1448
Thap6,Thap6,-0.0222,-1.2597,0.6824
Thap7,Thap7,0.0146,-0.5582,0.2391
Thap8,Thap8,0,,
Thbd,Thbd,-0.0086,-2.0286,1.3716
Thbs1,Thbs1,-0.0369,-2.1918,1.5468
Thbs2,Thbs2,-0.0213,-2.4881,1.8914
Thbs3,Thbs3,0,,
Thbs4,Thbs4,0,,
Theg,Theg,0,,
Them4,Them4,0.0119,0.6126,0.2675
Them5,Them5,0,,
Themis,Themis,0,,
Thg1l,Thg1l,0,,
Thnsl1,Thnsl1,-0.005,0.3203,0.1257
Thnsl2,Thnsl2,0.0137,0.9835,0.4876
Thoc1,Thoc1,-0.0105,-2.1723,1.5253
Thoc2,Thoc2,-0.008,-2.0104,1.3527
Thoc3,Thoc3,0.0049,-1.0394,0.5249
Thoc4,Thoc4,0.0407,-1.2722,0.6919
Thoc5,Thoc5,-0.0411,-2.365,1.744
Thoc6,Thoc6,-0.0025,-2.5528,1.9712
Thoc7,Thoc7,0.0177,-2.6327,2.0721
Thop1,Thop1,0.0213,-0.5629,0.2415
Thpo,Thpo,0,,
Thra,Thra,0.0074,-0.3389,0.1339
Thrap3,Thrap3,0.0908,-1.3752,0.7719
Thrb,Thrb,-0.0009,-1.431,0.8169
Thrsp,Thrsp,0.0015,-3.23,2.9073
Thsd1,Thsd1,0,,
Thsd4,Thsd4,0,,
Thsd7a,Thsd7a,-0.0154,-1.431,0.8169
Thsd7b,Thsd7b,0,,
Thtpa,Thtpa,-0.0298,-2.8743,2.3926
Thumpd1,Thumpd1,-0.0312,-1.7821,1.1265
Thumpd2,Thumpd2,0.0036,-2.2551,1.6175
Thumpd3,Thumpd3,0.0451,-0.8508,0.4035
Thy1,Thy1,0.0037,-0.5167,0.218
Thyn1,Thyn1,-0.0012,-1.9479,1.2888
Tia1,Tia1,0.021,-0.0085,0.0029
Tial1,Tial1,0.021,-2.1765,1.5299
Tiam1,Tiam1,0.0054,0.9835,0.4876
Tiam2,Tiam2,0,,
Ticam1,Ticam1,-0.0005,-1.3578,0.7581
Ticam2,Ticam2,-0.026,-3.154,2.793
Tie1,Tie1,0,,
Tifa,Tifa,-0.1379,-6.1244,9.0408
Tifab,Tifab,0.0438,-1.6153,0.9737
Tigd2,Tigd2,-0.0628,-4.5893,5.3518
Tigd3,Tigd3,0,,
Tigd4,Tigd4,0,,
Tigd5,Tigd5,0,,
Tigit,Tigit,0,,
Timd2,Timd2,0,,
Timd4,Timd4,0,,
Timeless,Timeless,-0.0044,-1.8012,1.1447
Timm10,Timm10,-0.0226,-2.126,1.4749
Timm13,Timm13,-0.0347,-3.9966,4.192
Timm17a,Timm17a,0.0417,-0.4217,0.1718
Timm17b,Timm17b,0.0541,-2.1217,1.4703
Timm22,Timm22,-0.0431,-4.4936,5.1547
Timm23,Timm23,-0.0253,-2.5283,1.9407
Timm44,Timm44,0.0046,-1.5537,0.9199
Timm50,Timm50,0.0061,-2.559,1.9789
Timm8a1,Timm8a1,-0.0013,-0.5226,0.2209
Timm8a2,Timm8a2,0,,
Timm8b,Timm8b,0.1389,-0.4497,0.1851
Timm9,Timm9,-0.0199,-2.5194,1.9297
Timp1,Timp1,0,,
Timp2,Timp2,-0.2711,-5.1452,6.5732
Timp3,Timp3,0.0215,0.6927,0.3111
Timp4,Timp4,0,,
Tinag,Tinag,-0.0069,-1.431,0.8169
Tinagl1,Tinagl1,0.0004,0.6927,0.3111
Tinf2,Tinf2,0.012,0.4651,0.1926
Tiparp,Tiparp,-0.0505,-2.857,2.3689
Tipin,Tipin,-0.0096,-0.9103,0.4405
Tiprl,Tiprl,-0.0375,-2.9878,2.5514
Tirap,Tirap,-0.0315,-3.0008,2.5698
Tjap1,Tjap1,-0.0138,-3.4893,3.3149
Tjp1,Tjp1,0.1341,-0.1725,0.064
Tjp2,Tjp2,0.0064,-2.5956,2.0249
Tjp3,Tjp3,0.0033,0.6927,0.3111
Tk1,Tk1,0.0012,-0.5167,0.218
Tk2,Tk2,0.055,-0.1484,0.0545
Tkt,Tkt,-0.0795,-4.0615,4.312
Tktl1,Tktl1,0,,
Tktl2,Tktl2,0,,
Tlcd1,Tlcd1,0,,
Tlcd2,Tlcd2,0.0017,-0.285,0.1103
Tle1,Tle1,0.0307,-0.5819,0.2513
Tle2,Tle2,0.0033,-0.0168,0.0059
Tle3,Tle3,-0.0035,-2.6883,2.1438
Tle4,Tle4,0.0336,-1.9829,1.3245
Tle6,Tle6,0,,
Tlk1,Tlk1,-0.0098,-3.641,3.5661
Tlk2,Tlk2,-0.0468,-3.8233,3.8804
Tll1,Tll1,0,,
Tll2,Tll2,0.0112,0.6927,0.3111
Tln1,Tln1,0.3478,-0.1745,0.0648
Tln2,Tln2,0.0369,-2.1409,1.4911
Tlr1,Tlr1,0.0199,-3.3874,3.1515
Tlr11,Tlr11,0,,
Tlr12,Tlr12,-0.0501,-2.6282,2.0663
Tlr13,Tlr13,-0.0022,-3.762,3.7732
Tlr2,Tlr2,-0.4249,-9.5565,20.9142
Tlr3,Tlr3,0.0234,-1.9197,1.2605
Tlr4,Tlr4,-0.0092,-2.3758,1.7567
Tlr5,Tlr5,-0.0009,-1.431,0.8169
Tlr6,Tlr6,-0.0046,-2.1793,1.533
Tlr7,Tlr7,-0.0701,-5.2084,6.7202
Tlr8,Tlr8,0,,
Tlr9,Tlr9,0,,
Tlx1,Tlx1,0,,
Tlx2,Tlx2,0,,
Tlx3,Tlx3,0,,
Tm2d1,Tm2d1,0.0103,-2.7581,2.2356
Tm2d2,Tm2d2,-0.0888,-5.2111,6.7265
Tm2d3,Tm2d3,-0.0666,-4.0446,4.2807
Tm4sf1,Tm4sf1,0,,
Tm4sf19,Tm4sf19,0,,
Tm4sf20,Tm4sf20,-0.0103,-1.431,0.8169
Tm4sf4,Tm4sf4,0,,
Tm4sf5,Tm4sf5,0,,
Tm6sf1,Tm6sf1,0.0469,-0.086,0.0308
Tm6sf2,Tm6sf2,0,,
Tm7sf2,Tm7sf2,0.003,-1.7865,1.1307
Tm7sf3,Tm7sf3,0.0152,-2.6265,2.0642
Tm7sf4,Tm7sf4,-0.0431,-5.0239,6.2955
Tm9sf1,Tm9sf1,-0.0456,-3.1845,2.8386
Tm9sf2,Tm9sf2,-0.2233,-7.7832,14.1506
Tm9sf3,Tm9sf3,-0.0458,-4.3542,4.8743
Tm9sf4,Tm9sf4,-0.0691,-3.2762,2.9779
Tmbim1,Tmbim1,-0.0249,-3.1366,2.7672
Tmbim4,Tmbim4,0.0407,-3.7261,3.7112
Tmbim6,Tmbim6,-0.0295,-2.109,1.4566
Tmc1,Tmc1,0,,
Tmc2,Tmc2,0,,
Tmc3,Tmc3,0,,
Tmc4,Tmc4,0,,
Tmc5,Tmc5,0,,
Tmc6,Tmc6,-0.0014,-2.5385,1.9534
Tmc7,Tmc7,0.0044,-0.337,0.1331
Tmc8,Tmc8,-0.0034,-1.431,0.8169
Tmcc1,Tmcc1,0.0397,0.6276,0.2755
Tmcc2,Tmcc2,0.0036,-1.2501,0.6751
Tmcc3,Tmcc3,-0.0474,-3.836,3.903
Tmco1,Tmco1,0.0549,-2.3847,1.7672
Tmco2,Tmco2,0,,
Tmco3,Tmco3,-0.0337,-4.0441,4.2796
Tmco4,Tmco4,-0.0075,-2.184,1.5382
Tmco5,Tmco5,0,,
Tmco5b,Tmco5b,0,,
Tmco6,Tmco6,0.0099,-0.0168,0.0059
Tmco7,Tmco7,-0.0215,-1.3016,0.7144
Tmed1,Tmed1,-0.0046,-1.2793,0.6972
Tmed10,Tmed10,-0.1109,-4.471,5.1088
Tmed11,Tmed11,0,,
Tmed2,Tmed2,-0.0423,-5.0986,6.4658
Tmed3,Tmed3,-0.264,-8.8597,18.0958
Tmed4,Tmed4,0.0283,-3.1058,2.7218
Tmed5,Tmed5,-0.1619,-6.7148,10.7251
Tmed6,Tmed6,0,,
Tmed7,Tmed7,-0.1324,-5.795,8.1655
Tmed8,Tmed8,0.0018,-0.0306,0.0107
Tmed9,Tmed9,-0.0734,-4.723,5.6337
Tmeff1,Tmeff1,0,,
Tmeff2,Tmeff2,0,,
Tmem100,Tmem100,0.047,-1.4818,0.8589
Tmem101,Tmem101,-0.0349,-2.8365,2.3409
Tmem102,Tmem102,0,,
Tmem104,Tmem104,-0.1235,-6.7666,10.8798
Tmem106a,Tmem106a,-0.1296,-6.7995,10.979
Tmem106b,Tmem106b,-0.004,-4.0663,4.3209
Tmem106c,Tmem106c,-0.0212,-3.2217,2.8947
Tmem107,Tmem107,-0.0028,-0.3482,0.1381
Tmem108,Tmem108,0,,
Tmem109,Tmem109,0.0253,-3.1383,2.7697
Tmem11,Tmem11,0.0001,-2.1307,1.48
Tmem110,Tmem110,-0.0189,-3.2008,2.8631
Tmem111,Tmem111,0.0284,-2.7734,2.256
Tmem115,Tmem115,-0.0514,-5.2464,6.8094
Tmem116,Tmem116,0,,
Tmem117,Tmem117,0,,
Tmem119,Tmem119,0.1042,0.1721,0.0638
Tmem120a,Tmem120a,-0.0106,-1.2732,0.6926
Tmem120b,Tmem120b,-0.0054,-0.7538,0.3459
Tmem121,Tmem121,0,,
Tmem123,Tmem123,0.0431,-2.8293,2.3312
Tmem125,Tmem125,0,,
Tmem126a,Tmem126a,-0.0046,-0.6227,0.2729
Tmem126b,Tmem126b,-0.009,-2.1759,1.5293
Tmem127,Tmem127,-0.04,-1.6977,1.0478
Tmem128,Tmem128,0.0666,-0.3313,0.1305
Tmem129,Tmem129,-0.0048,-2.1911,1.5459
Tmem130,Tmem130,0,,
Tmem131,Tmem131,-0.0603,-4.1145,4.4112
Tmem132a,Tmem132a,0,,
Tmem132b,Tmem132b,0,,
Tmem132c,Tmem132c,0,,
Tmem132d,Tmem132d,0,,
Tmem132e,Tmem132e,-0.0077,-1.431,0.8169
Tmem134,Tmem134,0.0944,-1.9407,1.2815
Tmem135,Tmem135,-0.0224,-2.3309,1.7043
Tmem136,Tmem136,0,,
Tmem138,Tmem138,0.0062,1.2069,0.6431
Tmem139,Tmem139,0,,
Tmem140,Tmem140,-0.0517,-3.5943,3.4878
Tmem141,Tmem141,0.0465,-1.8166,1.1594
Tmem143,Tmem143,0.0433,-0.7371,0.3362
Tmem144,Tmem144,0.0138,-0.4737,0.1967
Tmem145,Tmem145,0,,
Tmem146,Tmem146,0,,
Tmem147,Tmem147,-0.0593,-3.7951,3.831
Tmem149,Tmem149,-0.0034,-2.0286,1.3716
Tmem14a,Tmem14a,0.0012,-0.5167,0.218
Tmem14c,Tmem14c,-0.0913,-4.957,6.1452
Tmem150a,Tmem150a,0.0416,0.246,0.0938
Tmem150b,Tmem150b,0,,
Tmem150c,Tmem150c,0,,
Tmem151a,Tmem151a,-0.0077,-2.4881,1.8914
Tmem151b,Tmem151b,0,,
Tmem154,Tmem154,-0.0143,-2.3002,1.6688
Tmem156,Tmem156,0,,
Tmem158,Tmem158,-0.0003,-0.5167,0.218
Tmem159,Tmem159,-0.0257,-3.6067,3.5085
Tmem160,Tmem160,0.0173,-3.4067,3.182
Tmem161a,Tmem161a,-0.001,-2.2045,1.5608
Tmem161b,Tmem161b,-0.0028,-2.5029,1.9094
Tmem163,Tmem163,-0.029,-3.488,3.3128
Tmem164,Tmem164,-0.0031,-2.853,2.3635
Tmem165,Tmem165,-0.0952,-4.8534,5.9159
Tmem167,Tmem167,-0.0677,-4.4438,5.0536
Tmem167b,Tmem167b,0.0064,-2.8687,2.385
Tmem168,Tmem168,-0.0362,-3.393,3.1603
Tmem169,Tmem169,0,,
Tmem17,Tmem17,0.0087,0.9835,0.4876
Tmem170,Tmem170,0,,
Tmem170b,Tmem170b,0.0595,-0.1317,0.0481
Tmem171,Tmem171,0,,
Tmem173,Tmem173,-0.0222,-2.7285,2.1964
Tmem174,Tmem174,0,,
Tmem175,Tmem175,0.005,-2.3805,1.7622
Tmem176a,Tmem176a,-0.3082,-8.3465,16.1528
Tmem176b,Tmem176b,-0.5212,-9.6117,21.1465
Tmem177,Tmem177,0.0033,0.6927,0.3111
Tmem178,Tmem178,-0.0247,-3.2197,2.8916
Tmem179,Tmem179,0,,
Tmem179b,Tmem179b,-0.0927,-5.9656,8.613
Tmem18,Tmem18,-0.0712,-2.852,2.362
Tmem180,Tmem180,-0.0257,-3.101,2.7147
Tmem181a,Tmem181a,-0.0099,-1.3054,0.7172
Tmem181b-ps,Tmem181b-ps,0.0019,-1.2501,0.6751
Tmem181c-ps,Tmem181c-ps,0,,
Tmem181d-ps,Tmem181d-ps,0,,
Tmem182,Tmem182,0,,
Tmem183a,Tmem183a,-0.0514,-4.2174,4.6072
Tmem184a,Tmem184a,0,,
Tmem184b,Tmem184b,-0.1506,-7.1227,11.9755
Tmem184c,Tmem184c,-0.0371,-2.6602,2.1074
Tmem185b,Tmem185b,-0.0735,-5.4685,7.343
Tmem186,Tmem186,-0.0015,-1.8012,1.1447
Tmem188,Tmem188,0.0104,-1.6666,1.0196
Tmem189,Tmem189,-0.1737,-7.4851,13.1456
Tmem19,Tmem19,-0.0606,-4.8694,5.951
Tmem190,Tmem190,0,,
Tmem191c,Tmem191c,0.0042,-0.3408,0.1347
Tmem192,Tmem192,-0.018,-2.7855,2.2721
Tmem194,Tmem194,0.0062,0.3328,0.1312
Tmem194b,Tmem194b,-0.0027,-1.8012,1.1447
Tmem196,Tmem196,0,,
Tmem198,Tmem198,0,,
Tmem199,Tmem199,-0.0267,-2.5225,1.9335
Tmem2,Tmem2,0.0027,0.3245,0.1275
Tmem20,Tmem20,-0.0043,-2.0286,1.3716
Tmem200a,Tmem200a,0,,
Tmem200b,Tmem200b,0,,
Tmem201,Tmem201,-0.0197,-3.3162,3.0397
Tmem202,Tmem202,-0.0086,-1.8137,1.1566
Tmem203,Tmem203,-0.0003,-2.5307,1.9437
Tmem204,Tmem204,0.0085,-0.3408,0.1347
Tmem205,Tmem205,-0.1349,-6.3231,9.5911
Tmem206,Tmem206,-0.124,-6.48,10.0374
Tmem207,Tmem207,0,,
Tmem208,Tmem208,-0.051,-3.4673,3.2792
Tmem209,Tmem209,-0.027,-3.3823,3.1434
Tmem210,Tmem210,0,,
Tmem211,Tmem211,0,,
Tmem212,Tmem212,0,,
Tmem213,Tmem213,0,,
Tmem214,Tmem214,-0.0686,-5.9093,8.4641
Tmem215,Tmem215,0,,
Tmem216,Tmem216,-0.0017,-1.431,0.8169
Tmem217,Tmem217,0,,
Tmem218,Tmem218,0.0267,0.1494,0.0549
Tmem219,Tmem219,-0.0364,-2.7822,2.2677
Tmem22,Tmem22,0,,
Tmem220,Tmem220,0,,
Tmem221,Tmem221,-0.0243,-3.3191,3.0443
Tmem222,Tmem222,-0.0443,-3.6125,3.5182
Tmem223,Tmem223,0.0263,-1.8691,1.2104
Tmem225,Tmem225,0,,
Tmem229a,Tmem229a,-0.0069,-0.0264,0.0092
Tmem229b,Tmem229b,-0.0163,-3.9937,4.1867
Tmem231,Tmem231,0.0096,0.9835,0.4876
Tmem232,Tmem232,0.0112,0.6927,0.3111
Tmem233,Tmem233,0,,
Tmem25,Tmem25,0,,
Tmem26,Tmem26,0,,
Tmem27,Tmem27,0,,
Tmem28,Tmem28,0,,
Tmem29,Tmem29,-0.0898,-1.7866,1.1308
Tmem30a,Tmem30a,-0.1048,-5.0075,6.2586
Tmem30b,Tmem30b,0,,
Tmem30c,Tmem30c,0,,
Tmem33,Tmem33,0.062,-3.4246,3.2106
Tmem35,Tmem35,0,,
Tmem37,Tmem37,-0.0816,-4.7568,5.7063
Tmem38a,Tmem38a,-0.0009,-1.431,0.8169
Tmem38b,Tmem38b,-0.0026,-2.1935,1.5487
Tmem39a,Tmem39a,-0.0158,-1.9972,1.3391
Tmem39b,Tmem39b,-0.0142,-2.1934,1.5486
Tmem40,Tmem40,0.0042,0.6927,0.3111
Tmem41a,Tmem41a,-0.0289,-4.577,5.3263
Tmem41b,Tmem41b,-0.0534,-4.5197,5.2082
Tmem42,Tmem42,-0.0094,-2.5286,1.9412
Tmem43,Tmem43,-0.0192,-2.9084,2.4397
Tmem44,Tmem44,-0.0044,-0.7384,0.337
Tmem45a,Tmem45a,0,,
Tmem45b,Tmem45b,0,,
Tmem47,Tmem47,0.0042,0.6927,0.3111
Tmem48,Tmem48,-0.0074,-0.9052,0.4373
Tmem5,Tmem5,-0.0427,-2.1045,1.4518
Tmem50a,Tmem50a,-0.1021,-3.8508,3.929
Tmem50b,Tmem50b,-0.0505,-5.2219,6.7518
Tmem51,Tmem51,-0.0867,-6.0094,8.7301
Tmem52,Tmem52,-0.0112,-1.2549,0.6788
Tmem53,Tmem53,-0.0043,-1.431,0.8169
Tmem54,Tmem54,0,,
Tmem55a,Tmem55a,0.0097,-1.6072,0.9665
Tmem55b,Tmem55b,-0.1447,-6.7295,10.769
Tmem56,Tmem56,0,,
Tmem57,Tmem57,-0.0166,-0.0815,0.0292
Tmem59,Tmem59,-0.1064,-5.3858,7.142
Tmem59l,Tmem59l,0,,
Tmem60,Tmem60,-0.069,-5.6514,7.7981
Tmem61,Tmem61,0,,
Tmem62,Tmem62,-0.0148,-2.5114,1.9199
Tmem63a,Tmem63a,0.0635,-1.5305,0.9
Tmem63b,Tmem63b,-0.0177,-1.7747,1.1195
Tmem63c,Tmem63c,0,,
Tmem64,Tmem64,0.0104,-2.6516,2.0964
Tmem65,Tmem65,-0.0372,-3.2811,2.9855
Tmem66,Tmem66,-0.1158,-5.5471,7.5369
Tmem67,Tmem67,0.0043,-0.337,0.1331
Tmem68,Tmem68,0.015,-2.28,1.6457
Tmem69,Tmem69,0.0015,-1.2501,0.6751
Tmem70,Tmem70,0.0281,-0.5258,0.2226
Tmem71,Tmem71,-0.0195,-1.2889,0.7046
Tmem72,Tmem72,0,,
Tmem74,Tmem74,0,,
Tmem79,Tmem79,0,,
Tmem8,Tmem8,-0.0046,-1.2501,0.6751
Tmem80,Tmem80,0.0243,-0.0265,0.0093
Tmem81,Tmem81,-0.0022,-1.2501,0.6751
Tmem82,Tmem82,0.0008,0.6927,0.3111
Tmem85,Tmem85,-0.0145,-3.2078,2.8737
Tmem86a,Tmem86a,-0.1888,-5.8988,8.4365
Tmem86b,Tmem86b,0,,
Tmem87a,Tmem87a,0.0037,-0.2835,0.1097
Tmem87b,Tmem87b,-0.0261,-3.687,3.6441
Tmem88,Tmem88,-0.0013,-1.2501,0.6751
Tmem88b,Tmem88b,0,,
Tmem89,Tmem89,0,,
Tmem8b,Tmem8b,0.0177,0.6126,0.2675
Tmem8c,Tmem8c,0.0624,2.2216,1.5799
Tmem9,Tmem9,-0.0112,-3.081,2.6855
Tmem90a,Tmem90a,0.0096,-4.171,4.5183
Tmem90b,Tmem90b,0,,
Tmem91,Tmem91,0.0092,-1.2477,0.6734
Tmem92-ps,Tmem92-ps,0,,
Tmem93,Tmem93,-0.0285,-3.9268,4.0651
Tmem97,Tmem97,0.0037,-1.8366,1.1787
Tmem98,Tmem98,0,,
Tmem9b,Tmem9b,0.0748,-2.7662,2.2463
Tmf1,Tmf1,0.0549,-2.0361,1.3795
Tmie,Tmie,0,,
Tmigd1,Tmigd1,0,,
Tmod1,Tmod1,-0.0014,-0.7301,0.3322
Tmod2,Tmod2,0.0112,0.6927,0.3111
Tmod3,Tmod3,0.1166,-0.7558,0.347
Tmod4,Tmod4,0,,
Tmpo,Tmpo,-0.0085,-2.2054,1.5619
Tmprss11a,Tmprss11a,0,,
Tmprss11bnl,Tmprss11bnl,0,,
Tmprss11c,Tmprss11c,0,,
Tmprss11d,Tmprss11d,0,,
Tmprss11e,Tmprss11e,0,,
Tmprss11f,Tmprss11f,0,,
Tmprss11g,Tmprss11g,0,,
Tmprss12,Tmprss12,0,,
Tmprss13,Tmprss13,0,,
Tmprss15,Tmprss15,0,,
Tmprss2,Tmprss2,0,,
Tmprss3,Tmprss3,0,,
Tmprss4,Tmprss4,0,,
Tmprss5,Tmprss5,0,,
Tmprss6,Tmprss6,0,,
Tmprss7,Tmprss7,0,,
Tmprss9,Tmprss9,0,,
Tmsb10,Tmsb10,-0.0711,-5.097,6.4622
Tmsb15a,Tmsb15a,0,,
Tmsb15b1,Tmsb15b1,0.0021,0.6927,0.3111
Tmsb15b2,Tmsb15b2,0.0253,-0.337,0.1331
Tmsb15l,Tmsb15l,0,,
Tmsb4x,Tmsb4x,0.6297,9.2268,19.5545
Tmtc1,Tmtc1,0,,
Tmtc2,Tmtc2,0,,
Tmtc3,Tmtc3,-0.0024,-2.5234,1.9347
Tmtc4,Tmtc4,0.0183,-1.8784,1.2194
Tmub1,Tmub1,-0.012,-1.552,0.9185
Tmub2,Tmub2,-0.0258,-4.2475,4.6651
Tmx1,Tmx1,-0.0234,-2.2587,1.6216
Tmx2,Tmx2,-0.0258,-2.3328,1.7065
Tmx3,Tmx3,-0.0083,-3.7359,3.7281
Tmx4,Tmx4,0.0132,-3.0819,2.6868
Tnc,Tnc,0,,
Tnf,Tnf,-0.2528,-4.4852,5.1376
Tnfaip1,Tnfaip1,-0.0574,-3.7163,3.6943
Tnfaip2,Tnfaip2,-0.0937,-4.5178,5.2043
Tnfaip3,Tnfaip3,-0.604,-7.7998,14.2076
Tnfaip6,Tnfaip6,0,,
Tnfaip8,Tnfaip8,0.0158,-1.8931,1.234
Tnfaip8l1,Tnfaip8l1,0,,
Tnfaip8l2,Tnfaip8l2,0.0503,-2.4687,1.8678
Tnfaip8l3,Tnfaip8l3,0,,
Tnfrsf10b,Tnfrsf10b,-0.0026,-1.431,0.8169
Tnfrsf11a,Tnfrsf11a,0.0374,-3.107,2.7236
Tnfrsf11b,Tnfrsf11b,0,,
Tnfrsf12a,Tnfrsf12a,0.0084,-1.1565,0.6064
Tnfrsf13b,Tnfrsf13b,0.0379,-0.5046,0.2119
Tnfrsf13c,Tnfrsf13c,0,,
Tnfrsf14,Tnfrsf14,0,,
Tnfrsf17,Tnfrsf17,-0.0299,-2.826,2.3267
Tnfrsf18,Tnfrsf18,-0.0051,-1.431,0.8169
Tnfrsf19,Tnfrsf19,0,,
Tnfrsf1a,Tnfrsf1a,-0.1348,-6.19,9.2205
Tnfrsf1b,Tnfrsf1b,-0.0638,-4.7376,5.6651
Tnfrsf21,Tnfrsf21,0.0142,-2.2139,1.5713
Tnfrsf22,Tnfrsf22,0.0035,-0.7301,0.3322
Tnfrsf23,Tnfrsf23,-0.0012,-1.4575,0.8387
Tnfrsf25,Tnfrsf25,0,,
Tnfrsf26,Tnfrsf26,-0.0017,-1.431,0.8169
Tnfrsf4,Tnfrsf4,0,,
Tnfrsf8,Tnfrsf8,0,,
Tnfrsf9,Tnfrsf9,0,,
Tnfsf10,Tnfsf10,-0.0052,-0.5226,0.2209
Tnfsf11,Tnfsf11,0,,
Tnfsf12,Tnfsf12,0.0452,-1.7578,1.1036
Tnfsf13,Tnfsf13,0.028,0.2051,0.077
Tnfsf13b,Tnfsf13b,-0.0302,-0.7425,0.3394
Tnfsf14,Tnfsf14,0,,
Tnfsf15,Tnfsf15,-0.0017,-1.431,0.8169
Tnfsf18,Tnfsf18,-0.0034,-1.431,0.8169
Tnfsf4,Tnfsf4,0,,
Tnfsf8,Tnfsf8,-0.0357,-2.8369,2.3415
Tnfsf9,Tnfsf9,-0.0826,-3.1729,2.8212
Tnik,Tnik,0.0145,-0.5167,0.218
Tnip1,Tnip1,-0.0655,-4.652,5.4831
Tnip2,Tnip2,-0.0218,-2.1988,1.5545
Tnip3,Tnip3,-0.0009,-1.431,0.8169
Tnk1,Tnk1,-0.0009,-1.431,0.8169
Tnk2,Tnk2,0,,
Tnks,Tnks,-0.0207,-2.2037,1.5599
Tnks1bp1,Tnks1bp1,-0.0026,-2.5114,1.9199
Tnks2,Tnks2,-0.0703,-4.6062,5.3872
Tnmd,Tnmd,0,,
Tnn,Tnn,0,,
Tnnc1,Tnnc1,0,,
Tnnc2,Tnnc2,0,,
Tnni1,Tnni1,0,,
Tnni2,Tnni2,-0.0041,-1.4355,0.8206
Tnni3,Tnni3,0.0013,0.6927,0.3111
Tnni3k,Tnni3k,0,,
Tnnt1,Tnnt1,-0.007,-0.5226,0.2209
Tnnt2,Tnnt2,0,,
Tnnt3,Tnnt3,0,,
Tnp1,Tnp1,0,,
Tnp2,Tnp2,0,,
Tnpo1,Tnpo1,0.0241,-2.7009,2.1602
Tnpo2,Tnpo2,0.0336,-0.6576,0.2918
Tnpo3,Tnpo3,-0.0322,-3.3963,3.1656
Tnr,Tnr,0,,
Tnrc18,Tnrc18,-0.0266,-3.9248,4.0615
Tnrc6a,Tnrc6a,-0.0284,-4.0339,4.2607
Tnrc6b,Tnrc6b,0.0185,-2.9272,2.466
Tnrc6c,Tnrc6c,-0.0407,-2.9616,2.5141
Tns1,Tns1,0.0888,-1.9241,1.2649
Tns3,Tns3,-0.1512,-5.1389,6.5586
Tns4,Tns4,-0.0196,-3.2197,2.8916
Tnxa,Tnxa,0,,
Tnxb,Tnxb,0,,
Tob1,Tob1,-0.0007,-1.7679,1.1131
Tob2,Tob2,0.0591,-0.9318,0.4542
Toe1,Toe1,-0.0299,-2.5549,1.9738
Tollip,Tollip,-0.0217,-1.7804,1.1249
Tom1,Tom1,-0.0051,-1.431,0.8169
Tom1l1,Tom1l1,0.0069,-1.1512,0.6027
Tom1l2,Tom1l2,-0.0061,-0.9086,0.4394
Tomm20,Tomm20,0.0006,-2.6464,2.0896
Tomm20l,Tomm20l,0,,
Tomm22,Tomm22,0.0755,-0.8509,0.4036
Tomm34,Tomm34,-0.0284,-2.1784,1.532
Tomm40,Tomm40,0.0426,-1.4264,0.8131
Tomm40l,Tomm40l,0.0113,0.2381,0.0906
Tomm5,Tomm5,0.0449,-1.5677,0.932
Tomm6,Tomm6,-0.0086,-2.0286,1.3716
Tomm7,Tomm7,0.0678,-3.5619,3.4339
Tomm70a,Tomm70a,-0.0281,-3.3292,3.06
Tomt,Tomt,0,,
Tonsl,Tonsl,0.017,0.9835,0.4876
Top1,Top1,0.1703,-1.0382,0.5241
Top1mt,Top1mt,0.0105,0.246,0.0938
Top2a,Top2a,0.0015,-0.0323,0.0113
Top2b,Top2b,0.036,-1.5922,0.9533
Top3a,Top3a,0.014,-1.1538,0.6045
Top3b,Top3b,0.0071,-1.1565,0.6064
Topbp1,Topbp1,0.0102,-0.4803,0.2
Topors,Topors,-0.033,-3.785,3.8132
Tor1a,Tor1a,0.0023,-1.3442,0.7475
Tor1aip1,Tor1aip1,-0.0585,-4.166,4.5086
Tor1aip2,Tor1aip2,0.0288,-2.7594,2.2373
Tor1b,Tor1b,-0.0533,-4.9674,6.1685
Tor2a,Tor2a,0.0004,-2.7229,2.189
Tor3a,Tor3a,-0.1522,-6.3243,9.5946
Tox,Tox,0,,
Tox2,Tox2,-0.0034,-2.0286,1.3716
Tox3,Tox3,0,,
Tox4,Tox4,0.0269,-2.3814,1.7633
Tpbg,Tpbg,0,,
Tpbpa,Tpbpa,0,,
Tpbpb,Tpbpb,0,,
Tpcn1,Tpcn1,-0.0987,-5.3821,7.133
Tpcn2,Tpcn2,0.0004,-0.5167,0.218
Tpd52,Tpd52,0.1255,-1.5242,0.8946
Tpd52l1,Tpd52l1,-0.0128,-1.431,0.8169
Tpd52l2,Tpd52l2,0.0539,-1.216,0.6498
Tph1,Tph1,0,,
Tph2,Tph2,0,,
Tpi-rs8,Tpi-rs8,0,,
Tpi1,Tpi1,-0.0757,-4.6187,5.4132
Tpk1,Tpk1,0.0099,-0.0168,0.0059
Tpm1,Tpm1,0.0267,-0.337,0.1331
Tpm2,Tpm2,-0.0017,-0.5226,0.2209
Tpm3,Tpm3,0.4345,2.7529,2.2287
Tpm3-rs2,Tpm3-rs2,0,,
Tpm3-rs7,Tpm3-rs7,0.2428,0.5674,0.2438
Tpm4,Tpm4,0.0754,-1.5743,0.9378
Tpmt,Tpmt,0.0021,0.6927,0.3111
Tpo,Tpo,0,,
Tpp1,Tpp1,-0.3763,-8.0507,15.0843
Tpp2,Tpp2,-0.0022,-1.2159,0.6497
Tppp,Tppp,0.0489,0.9891,0.4913
Tppp2,Tppp2,0,,
Tppp3,Tppp3,-0.0034,-1.431,0.8169
Tpr,Tpr,0.103,-2.3811,1.7629
Tpra1,Tpra1,-0.0249,-3.3567,3.1031
Tprg,Tprg,0,,
Tprgl,Tprgl,-0.0302,-4.8199,5.8428
Tprkb,Tprkb,-0.0484,-4.5449,5.2599
Tprn,Tprn,0.0026,0.2318,0.0879
Tpsab1,Tpsab1,0,,
Tpsb2,Tpsb2,0,,
Tpsg1,Tpsg1,0,,
Tpst1,Tpst1,-0.0171,-2.5691,1.9915
Tpst2,Tpst2,-0.026,-3.1174,2.7389
Tpt1,Tpt1,0.4574,3.2777,2.9803
Tpte,Tpte,0,,
Tpx2,Tpx2,0.0035,-0.0289,0.0101
Tra2a,Tra2a,-0.0175,-3.6044,3.5047
Tra2b,Tra2b,0.0131,-3.8858,3.9915
Trabd,Trabd,0.0297,-0.2324,0.0882
Trac,Trac,0,,
Tradd,Tradd,-0.0575,-2.8377,2.3425
Traf1,Traf1,0.0104,0.6927,0.3111
Traf2,Traf2,-0.0101,-2.1458,1.4964
Traf3,Traf3,0.0111,-0.3709,0.1483
Traf3ip1,Traf3ip1,0,,
Traf3ip2,Traf3ip2,0,,
Traf3ip3,Traf3ip3,0.0125,-1.0808,0.5532
Traf4,Traf4,0,,
Traf5,Traf5,-0.0095,-1.8012,1.1447
Traf6,Traf6,0.007,0.3286,0.1293
Traf7,Traf7,0.0112,-1.7622,1.1077
Trafd1,Trafd1,0.0404,-2.7789,2.2632
Traip,Traip,0,,
Traj1,Traj1,0,,
Traj2,Traj2,0,,
Traj5,Traj5,0,,
Traj58,Traj58,0,,
Traj59,Traj59,0,,
Trak1,Trak1,-0.0525,-2.7677,2.2483
Trak2,Trak2,0.0299,-0.9359,0.4568
Tram1,Tram1,-0.1128,-6.4764,10.0272
Tram1l1,Tram1l1,0,,
Tram2,Tram2,-0.0162,-3.2197,2.8916
Trank1,Trank1,0,,
Trap1,Trap1,-0.0319,-3.2308,2.9085
Trap1a,Trap1a,0,,
Trappc1,Trappc1,0.0229,-1.7977,1.1413
Trappc10,Trappc10,0.0455,-0.6568,0.2913
Trappc2,Trappc2,0.0093,-1.5338,0.9028
Trappc2l,Trappc2l,0.068,-2.2777,1.6431
Trappc3,Trappc3,-0.0356,-2.1432,1.4935
Trappc4,Trappc4,-0.0024,-2.4953,1.9001
Trappc5,Trappc5,-0.0083,-1.2599,0.6826
Trappc6a,Trappc6a,-0.012,-2.588,2.0153
Trappc6b,Trappc6b,0.0063,-2.82,2.3185
Trappc8,Trappc8,0,-2.0629,1.4076
Trappc9,Trappc9,0.0931,-0.2317,0.0879
Trat1,Trat1,0,,
Trav1,Trav1,0,,
Trav10,Trav10,0,,
Trav10n,Trav10n,0,,
Trav11d,Trav11d,0,,
Trav12d-1,Trav12d-1,0,,
Trav12d-3,Trav12d-3,0,,
Trav12n-3,Trav12n-3,0,,
Trav13-2,Trav13-2,0,,
Trav13d-1,Trav13d-1,0,,
Trav14-2,Trav14-2,0,,
Trav15-2-dv6-2,Trav15-2-dv6-2,0,,
Trav15d-1-dv6d-1,Trav15d-1-dv6d-1,0,,
Trav15d-2-dv6d-2,Trav15d-2-dv6d-2,0,,
Trav15n-2,Trav15n-2,0,,
Trav16d-dv11,Trav16d-dv11,0,,
Trav17,Trav17,0,,
Trav18,Trav18,0,,
Trav2,Trav2,0,,
Trav3-1,Trav3-1,0,,
Trav3-3,Trav3-3,0,,
Trav3-4,Trav3-4,0,,
Trav3d-3,Trav3d-3,0,,
Trav4d-3,Trav4d-3,0,,
Trav4n-3,Trav4n-3,0,,
Trav5-4,Trav5-4,0,,
Trav6-1,Trav6-1,0,,
Trav6-2,Trav6-2,0,,
Trav6-3,Trav6-3,0,,
Trav6-5,Trav6-5,0,,
Trav6d-3,Trav6d-3,0,,
Trav6d-4,Trav6d-4,0,,
Trav6d-5,Trav6d-5,0,,
Trav6d-6,Trav6d-6,0,,
Trav6d-7,Trav6d-7,0,,
Trav7-4,Trav7-4,0,,
Trav7-6,Trav7-6,0,,
Trav7d-3,Trav7d-3,0,,
Trav7d-4,Trav7d-4,0,,
Trav7d-5,Trav7d-5,0,,
Trav7n-4,Trav7n-4,0,,
Trav8d-1,Trav8d-1,0,,
Trav9-4,Trav9-4,0,,
Trav9d-1,Trav9d-1,0,,
Trav9d-4,Trav9d-4,0,,
Trav9n-4,Trav9n-4,0,,
Trbc1,Trbc1,0,,
Trbc2,Trbc2,0,,
Trbd1,Trbd1,0,,
Trbd2,Trbd2,0,,
Trbj1-1,Trbj1-1,0,,
Trbj1-2,Trbj1-2,0,,
Trbj1-3,Trbj1-3,0,,
Trbj1-4,Trbj1-4,0,,
Trbj1-5,Trbj1-5,0,,
Trbj1-6,Trbj1-6,0,,
Trbj1-7,Trbj1-7,0,,
Trbj2-1,Trbj2-1,0,,
Trbj2-2,Trbj2-2,0,,
Trbj2-3,Trbj2-3,0,,
Trbj2-4,Trbj2-4,0,,
Trbj2-5,Trbj2-5,0,,
Trbj2-7,Trbj2-7,0,,
Trbv1,Trbv1,0,,
Trbv12-1,Trbv12-1,0,,
Trbv12-2,Trbv12-2,0,,
Trbv13-1,Trbv13-1,0,,
Trbv13-2,Trbv13-2,0,,
Trbv13-3,Trbv13-3,0,,
Trbv14,Trbv14,0,,
Trbv15,Trbv15,0,,
Trbv16,Trbv16,0,,
Trbv17,Trbv17,0,,
Trbv19,Trbv19,0,,
Trbv2,Trbv2,0,,
Trbv20,Trbv20,0,,
Trbv21,Trbv21,0,,
Trbv23,Trbv23,0,,
Trbv26,Trbv26,0,,
Trbv29,Trbv29,0,,
Trbv3,Trbv3,0,,
Trbv30,Trbv30,0,,
Trbv31,Trbv31,0,,
Trbv4,Trbv4,0,,
Trbv5,Trbv5,0,,
Trcg1,Trcg1,0,,
Trdd1,Trdd1,0,,
Trdd2,Trdd2,0,,
Trdj1,Trdj1,0,,
Trdj2,Trdj2,0,,
Trdmt1,Trdmt1,0.0086,-0.0168,0.0059
Trdn,Trdn,-0.0039,-0.5226,0.2209
Trdv1,Trdv1,0,,
Trdv2-1,Trdv2-1,0,,
Trdv4,Trdv4,0,,
Trdv5,Trdv5,0,,
Treh,Treh,0,,
Trem1,Trem1,-0.0026,-1.431,0.8169
Trem2,Trem2,-3.1005,-20.9607,96.8246
Trem3,Trem3,0,,
Treml1,Treml1,0,,
Treml2,Treml2,-0.0198,-3.3007,3.0157
Treml4,Treml4,-0.0026,-1.431,0.8169
Trerf1,Trerf1,-0.0086,-2.4881,1.8914
Trex1,Trex1,0,,
Trex2,Trex2,0,,
Trf,Trf,0.0868,-1.6171,0.9753
Trfr2,Trfr2,0,,
Trh,Trh,0,,
Trhde,Trhde,0,,
Trhr,Trhr,0,,
Trhr2,Trhr2,0,,
Triap1,Triap1,-0.0499,-3.562,3.4341
Trib1,Trib1,-0.0411,-3.8401,3.9102
Trib2,Trib2,0,,
Trib3,Trib3,0.0116,-0.5167,0.218
Tril,Tril,0,,
Trim10,Trim10,0,,
Trim11,Trim11,0.014,0.6089,0.2655
Trim12a,Trim12a,0.0086,-1.9058,1.2466
Trim12c,Trim12c,0.0341,-0.3778,0.1514
Trim13,Trim13,-0.0171,-2.0286,1.3716
Trim14,Trim14,0.005,0.6927,0.3111
Trim15,Trim15,0,,
Trim16,Trim16,-0.0365,-2.0286,1.3716
Trim17,Trim17,0,,
Trim2,Trim2,0.0417,-0.3725,0.149
Trim21,Trim21,0.005,-1.0291,0.5179
Trim23,Trim23,0.0027,0.5978,0.2596
Trim24,Trim24,-0.0085,-2.1392,1.4892
Trim25,Trim25,-0.005,-2.3616,1.74
Trim26,Trim26,0.0008,-1.6121,0.9708
Trim27,Trim27,-0.0184,-3.8661,3.9562
Trim28,Trim28,-0.0053,-2.6467,2.09
Trim29,Trim29,0,,
Trim3,Trim3,-0.0019,-1.2979,0.7115
Trim30a,Trim30a,-0.0355,-4.4704,5.1076
Trim30b,Trim30b,0.0029,0.6927,0.3111
Trim30c,Trim30c,0,,
Trim30d,Trim30d,0.0416,-2.4829,1.885
Trim30e-ps1,Trim30e-ps1,0,,
Trim31,Trim31,0,,
Trim32,Trim32,0.0042,-1.8247,1.1672
Trim33,Trim33,-0.0036,-0.9456,0.463
Trim34a,Trim34a,-0.0131,-2.8376,2.3425
Trim34b,Trim34b,0.0017,0.6927,0.3111
Trim35,Trim35,-0.0488,-3.8262,3.8855
Trim36,Trim36,0.0088,0.471,0.1954
Trim37,Trim37,0.0095,-2.2033,1.5595
Trim38,Trim38,0,,
Trim39,Trim39,0.0039,-0.3426,0.1356
Trim40,Trim40,0,,
Trim41,Trim41,-0.0961,-3.369,3.1224
Trim42,Trim42,0,,
Trim43a,Trim43a,0,,
Trim43b,Trim43b,0,,
Trim43c,Trim43c,0,,
Trim44,Trim44,0.0933,-1.0036,0.5009
Trim45,Trim45,-0.0086,-2.0286,1.3716
Trim46,Trim46,0,,
Trim47,Trim47,-0.0147,-1.7974,1.141
Trim5,Trim5,-0.001,-1.8783,1.2194
Trim50,Trim50,0,,
Trim52,Trim52,0,,
Trim54,Trim54,0,,
Trim55,Trim55,0,,
Trim56,Trim56,-0.0098,-2.0833,1.4292
Trim58,Trim58,0,,
Trim59,Trim59,-0.0361,-1.8054,1.1486
Trim6,Trim6,0,,
Trim60,Trim60,0,,
Trim61,Trim61,0,,
Trim62,Trim62,-0.0128,-2.8765,2.3957
Trim63,Trim63,0,,
Trim65,Trim65,0.022,0.1932,0.0722
Trim66,Trim66,0,,
Trim67,Trim67,0,,
Trim68,Trim68,-0.0096,-1.7781,1.1227
Trim69,Trim69,0,,
Trim7,Trim7,0,,
Trim71,Trim71,0,,
Trim72,Trim72,0,,
Trim75,Trim75,0,,
Trim8,Trim8,0.0527,-2.7814,2.2665
Trim9,Trim9,0,,
Triml1,Triml1,0,,
Triml2,Triml2,0,,
Trio,Trio,-0.0351,-2.4876,1.8908
Triobp,Triobp,0.0026,-1.3639,0.763
Trip10,Trip10,0.0011,-0.0216,0.0075
Trip11,Trip11,-0.0546,-3.3081,3.0271
Trip12,Trip12,0.0463,-2.0615,1.4061
Trip13,Trip13,0,,
Trip4,Trip4,0.0267,-0.4109,0.1667
Trip6,Trip6,0.0013,0.6927,0.3111
Trit1,Trit1,0.012,-0.2374,0.0903
Trmt1,Trmt1,-0.0098,-2.9243,2.4619
Trmt11,Trmt11,-0.004,-0.7342,0.3346
Trmt112,Trmt112,0.0122,-0.5338,0.2266
Trmt12,Trmt12,-0.012,-3.2197,2.8916
Trmt2a,Trmt2a,0.0526,-1.0901,0.5596
Trmt2b,Trmt2b,0.0401,-0.7901,0.367
Trmt5,Trmt5,-0.0201,-1.3072,0.7187
Trmt6,Trmt6,-0.0286,-2.5029,1.9095
Trmt61a,Trmt61a,0.0179,-1.1485,0.6008
Trmt61b,Trmt61b,-0.0009,-1.2501,0.6751
Trmu,Trmu,-0.0026,-0.7384,0.337
Trnau1ap,Trnau1ap,-0.0112,-1.8856,1.2266
Trnp1,Trnp1,0,,
Trnt1,Trnt1,-0.0183,-2.2593,1.6223
Tro,Tro,0,,
Troap,Troap,0,,
Trove2,Trove2,0.0049,-3.0863,2.6932
Trp53,Trp53,-0.0348,-3.1431,2.7768
Trp53-ps,Trp53-ps,0,,
Trp53bp1,Trp53bp1,0.0161,-0.0388,0.0136
Trp53bp2,Trp53bp2,0.0087,-1.6327,0.9892
Trp53i11,Trp53i11,-0.0074,-0.7384,0.337
Trp53i13,Trp53i13,-0.0214,-2.2418,1.6025
Trp53inp1,Trp53inp1,-0.0141,-2.2049,1.5613
Trp53inp2,Trp53inp2,0.0047,-3.0007,2.5697
Trp53rk,Trp53rk,-0.0077,-2.4881,1.8914
Trp53tg5,Trp53tg5,0,,
Trp63,Trp63,0,,
Trp73,Trp73,0,,
Trpa1,Trpa1,0,,
Trpc1,Trpc1,0,,
Trpc2,Trpc2,0.0129,0.9835,0.4876
Trpc3,Trpc3,0,,
Trpc4,Trpc4,0.0073,-1.2501,0.6751
Trpc4ap,Trpc4ap,-0.0926,-4.5513,5.2731
Trpc5,Trpc5,0,,
Trpc6,Trpc6,0,,
Trpc7,Trpc7,0,,
Trpd52l3,Trpd52l3,0,,
Trpm1,Trpm1,-0.0783,-5.153,6.5913
Trpm2,Trpm2,0.0158,-0.6142,0.2683
Trpm3,Trpm3,0,,
Trpm4,Trpm4,-0.0045,-1.552,0.9185
Trpm5,Trpm5,0,,
Trpm6,Trpm6,-0.0043,-1.431,0.8169
Trpm7,Trpm7,0.0079,-4.5761,5.3246
Trpm8,Trpm8,0,,
Trps1,Trps1,-0.011,-3.3162,3.0397
Trpt1,Trpt1,-0.015,-1.8116,1.1546
Trpv1,Trpv1,0,,
Trpv2,Trpv2,0.0497,-2.5836,2.0098
Trpv3,Trpv3,0,,
Trpv4,Trpv4,0.0003,-0.0192,0.0067
Trpv5,Trpv5,0,,
Trpv6,Trpv6,0,,
Trrap,Trrap,0.004,-1.4355,0.8206
Trub1,Trub1,-0.0078,-1.2549,0.6788
Trub2,Trub2,-0.0269,-3.6103,3.5145
Try10,Try10,0,,
Try4,Try4,0,,
Try5,Try5,0,,
Tsc1,Tsc1,-0.0645,-3.6492,3.58
Tsc2,Tsc2,-0.0009,-0.8409,0.3975
Tsc22d1,Tsc22d1,-0.3103,-9.5668,20.9577
Tsc22d2,Tsc22d2,-0.0837,-4.8377,5.8815
Tsc22d3,Tsc22d3,0.1632,1.0172,0.51
Tsc22d4,Tsc22d4,0.0121,-2.8261,2.3268
Tsen15,Tsen15,-0.0013,-1.3735,0.7706
Tsen2,Tsen2,-0.0556,-4.1573,4.4921
Tsen34,Tsen34,-0.0144,-1.391,0.7846
Tsen54,Tsen54,-0.0171,-1.8137,1.1566
Tsfm,Tsfm,0.0186,1.2314,0.6612
Tsg101,Tsg101,-0.004,-3.6799,3.632
Tsga10,Tsga10,-0.013,-1.3861,0.7806
Tsga10ip,Tsga10ip,0,,
Tsga13,Tsga13,0,,
Tsga14,Tsga14,-0.0344,-1.3908,0.7844
Tsga8,Tsga8,0,,
Tshb,Tshb,0,,
Tshr,Tshr,0,,
Tshz1,Tshz1,0.0189,-0.4803,0.2
Tshz2,Tshz2,0,,
Tshz3,Tshz3,0,,
Tsix,Tsix,0,,
Tsks,Tsks,0,,
Tsku,Tsku,-0.006,-1.431,0.8169
Tslp,Tslp,0.0062,0.6927,0.3111
Tsn,Tsn,0.0407,-3.1179,2.7396
Tsnax,Tsnax,0.0786,-1.4828,0.8597
Tsnaxip1,Tsnaxip1,0,,
Tspan1,Tspan1,0,,
Tspan10,Tspan10,0,,
Tspan11,Tspan11,0,,
Tspan12,Tspan12,0.0153,0.6927,0.3111
Tspan13,Tspan13,0.0186,-3.1326,2.7613
Tspan14,Tspan14,-0.0534,-4.3159,4.7988
Tspan15,Tspan15,0,,
Tspan17,Tspan17,0.0025,-0.0168,0.0059
Tspan18,Tspan18,0.0158,1.5623,0.9274
Tspan2,Tspan2,0,,
Tspan3,Tspan3,-0.0496,-4.6623,5.5049
Tspan31,Tspan31,-0.0035,-2.7158,2.1796
Tspan32,Tspan32,0.0109,-0.2746,0.1059
Tspan33,Tspan33,-0.0308,-1.1697,0.616
Tspan4,Tspan4,-0.1068,-5.8334,8.265
Tspan5,Tspan5,-0.1157,-5.0941,6.4555
Tspan6,Tspan6,0,,
Tspan7,Tspan7,0.1647,-1.704,1.0537
Tspan8,Tspan8,0,,
Tspan9,Tspan9,-0.0206,-4.3349,4.8361
Tspo,Tspo,0.1153,-3.2719,2.9713
Tspo2,Tspo2,0,,
Tspy-ps,Tspy-ps,0,,
Tspyl1,Tspyl1,0.0067,-2.1302,1.4794
Tspyl2,Tspyl2,0.0198,-1.0537,0.5346
Tspyl3,Tspyl3,0.0072,-0.5756,0.248
Tspyl4,Tspyl4,0,,
Tspyl5,Tspyl5,0,,
Tsr1,Tsr1,0.0312,-0.7799,0.3611
Tsr2,Tsr2,0.0195,-0.2864,0.111
Tssc1,Tssc1,-0.0505,-2.5395,1.9547
Tssc4,Tssc4,-0.0465,-2.5513,1.9693
Tssk1,Tssk1,0,,
Tssk2,Tssk2,0,,
Tssk3,Tssk3,0,,
Tssk4,Tssk4,0,,
Tssk5,Tssk5,0,,
Tssk6,Tssk6,0,,
Tst,Tst,0,,
Tsta3,Tsta3,0.0032,-0.7915,0.3679
Tstd1,Tstd1,0.0087,0.6927,0.3111
Tstd2,Tstd2,-0.0555,-4.4297,5.0252
Tsx,Tsx,0,,
Ttbk1,Ttbk1,0,,
Ttbk2,Ttbk2,0.0088,-0.5598,0.2399
Ttc1,Ttc1,-0.01,-2.2428,1.6037
Ttc12,Ttc12,0.0096,1.2069,0.6431
Ttc13,Ttc13,-0.072,-3.6261,3.541
Ttc14,Ttc14,0.015,-1.0318,0.5198
Ttc15,Ttc15,0.0028,-0.6186,0.2707
Ttc16,Ttc16,0,,
Ttc17,Ttc17,-0.0518,-3.4231,3.2083
Ttc18,Ttc18,-0.0017,-1.431,0.8169
Ttc19,Ttc19,-0.0101,-1.477,0.8549
Ttc21a,Ttc21a,-0.0017,-1.431,0.8169
Ttc21b,Ttc21b,-0.0053,-1.3035,0.7158
Ttc22,Ttc22,0,,
Ttc23,Ttc23,0,,
Ttc23l,Ttc23l,0,,
Ttc24,Ttc24,0,,
Ttc25,Ttc25,0.0008,0.6927,0.3111
Ttc26,Ttc26,0,,
Ttc27,Ttc27,-0.0042,-1.8013,1.1448
Ttc28,Ttc28,-0.0412,-1.8246,1.1671
Ttc29,Ttc29,0,,
Ttc3,Ttc3,-0.0136,-3.0926,2.7024
Ttc30a1,Ttc30a1,-0.0051,-1.431,0.8169
Ttc30a2,Ttc30a2,0,,
Ttc30b,Ttc30b,-0.0034,-1.431,0.8169
Ttc32,Ttc32,-0.0204,-1.8432,1.1851
Ttc33,Ttc33,-0.0099,-1.8965,1.2374
Ttc34,Ttc34,0,,
Ttc35,Ttc35,0.0237,-2.3511,1.7278
Ttc36,Ttc36,0,,
Ttc37,Ttc37,-0.0007,-1.3742,0.7711
Ttc38,Ttc38,-0.0118,-1.9546,1.2956
Ttc39a,Ttc39a,0,,
Ttc39b,Ttc39b,0.0219,0.3127,0.1223
Ttc39c,Ttc39c,0,,
Ttc39d,Ttc39d,0,,
Ttc4,Ttc4,-0.0361,-2.2075,1.5641
Ttc5,Ttc5,-0.0035,-0.5226,0.2209
Ttc6,Ttc6,0,,
Ttc7,Ttc7,0.0677,-1.211,0.6461
Ttc7b,Ttc7b,-0.0101,-3.1163,2.7372
Ttc8,Ttc8,-0.0205,-2.6595,2.1065
Ttc9,Ttc9,-0.0272,-2.0286,1.3716
Ttc9b,Ttc9b,0.0067,0.6927,0.3111
Ttc9c,Ttc9c,-0.0057,-1.0429,0.5272
Ttf1,Ttf1,-0.0352,-3.1346,2.7642
Ttf2,Ttf2,0.0055,-1.0321,0.5199
Tti1,Tti1,-0.008,-1.6365,0.9925
Ttk,Ttk,0.0021,0.6927,0.3111
Ttl,Ttl,-0.0001,-1.4464,0.8295
Ttll1,Ttll1,0.0161,-0.2776,0.1072
Ttll10,Ttll10,0,,
Ttll11,Ttll11,-0.0026,-1.431,0.8169
Ttll12,Ttll12,0.0199,-0.7881,0.3659
Ttll13,Ttll13,0,,
Ttll2,Ttll2,0,,
Ttll3,Ttll3,0.1905,-2.1066,1.454
Ttll4,Ttll4,0.0003,-0.7384,0.337
Ttll5,Ttll5,-0.0041,-0.3464,0.1372
Ttll6,Ttll6,0,,
Ttll7,Ttll7,0.0033,0.3245,0.1275
Ttll8,Ttll8,0,,
Ttll9,Ttll9,0,,
Ttn,Ttn,0,,
Ttpa,Ttpa,0,,
Ttpal,Ttpal,-0.0055,-1.3798,0.7756
Ttr,Ttr,-0.0549,-3.4872,3.3115
Ttyh1,Ttyh1,-0.0272,-2.8765,2.3957
Ttyh2,Ttyh2,-0.0846,-5.9831,8.6597
Ttyh3,Ttyh3,0.0599,-1.8515,1.1932
Tub,Tub,0,,
Tuba1a,Tuba1a,-0.0082,-2.7916,2.2803
Tuba1b,Tuba1b,0.2476,-0.3258,0.1281
Tuba1c,Tuba1c,0.0672,-0.8191,0.3843
Tuba3a,Tuba3a,0,,
Tuba3b,Tuba3b,0,,
Tuba4a,Tuba4a,-0.0301,-2.8152,2.312
Tuba8,Tuba8,0,,
Tubal3,Tubal3,0,,
Tubb1,Tubb1,0,,
Tubb2a,Tubb2a,-0.0129,-3.476,3.2933
Tubb2b,Tubb2b,0.0376,1.6897,1.0405
Tubb2c,Tubb2c,-0.0074,-1.535,0.9039
Tubb3,Tubb3,0,,
Tubb4,Tubb4,-0.009,-0.5226,0.2209
Tubb5,Tubb5,0.118,-1.8131,1.1561
Tubb6,Tubb6,-0.0116,-1.4784,0.8561
Tubd1,Tubd1,0.0129,0.9835,0.4876
Tube1,Tube1,0,,
Tubg1,Tubg1,-0.008,-1.5445,0.912
Tubg2,Tubg2,0.0112,0.6927,0.3111
Tubgcp2,Tubgcp2,-0.02,-2.2313,1.5907
Tubgcp3,Tubgcp3,0.0041,-1.9993,1.3412
Tubgcp4,Tubgcp4,0.0442,-0.9987,0.4976
Tubgcp5,Tubgcp5,0.0029,-2.0064,1.3486
Tubgcp6,Tubgcp6,-0.0147,-0.433,0.1772
Tufm,Tufm,0.0183,-0.6257,0.2745
Tuft1,Tuft1,-0.0017,-1.431,0.8169
Tug1,Tug1,0.0143,-0.2234,0.0845
Tulp1,Tulp1,0,,
Tulp2,Tulp2,0,,
Tulp3,Tulp3,-0.0008,0.4562,0.1883
Tulp4,Tulp4,-0.0128,-2.4216,1.811
Tusc1,Tusc1,-0.0143,-0.9257,0.4502
Tusc2,Tusc2,0.0033,-2.6431,2.0853
Tusc3,Tusc3,-0.0215,-3.7533,3.7582
Tusc5,Tusc5,0,,
Tut1,Tut1,-0.0477,-2.2002,1.5561
Twf1,Twf1,-0.0346,-2.3871,1.7701
Twf2,Twf2,0.0554,-2.496,1.9011
Twist1,Twist1,0.0149,0.6927,0.3111
Twist2,Twist2,0,,
Twistnb,Twistnb,-0.0358,-3.5938,3.487
Twsg1,Twsg1,-0.0059,-0.0323,0.0113
Txk,Txk,0,,
Txlna,Txlna,-0.0491,-3.097,2.7089
Txlnb,Txlnb,-0.0137,-1.431,0.8169
Txlng,Txlng,0.005,-0.0168,0.0059
Txn1,Txn1,0.0692,-3.5168,3.3597
Txn2,Txn2,0.0432,-3.2209,2.8936
Txndc11,Txndc11,-0.0186,-1.6639,1.0172
Txndc12,Txndc12,-0.0438,-3.9321,4.0747
Txndc15,Txndc15,-0.1491,-5.2012,6.7033
Txndc16,Txndc16,-0.07,-4.8415,5.8899
Txndc17,Txndc17,0.0665,-2.1124,1.4603
Txndc2,Txndc2,0,,
Txndc3,Txndc3,0,,
Txndc5,Txndc5,-0.0114,-3.6004,3.4979
Txndc8,Txndc8,-0.0026,-1.431,0.8169
Txndc9,Txndc9,-0.0139,-1.196,0.6351
Txnip,Txnip,0.0084,-2.6675,2.1168
Txnl1,Txnl1,-0.0484,-5.5683,7.5896
Txnl4a,Txnl4a,0.0173,-1.2403,0.6678
Txnl4b,Txnl4b,-0.0088,-1.3798,0.7756
Txnrd1,Txnrd1,0.0593,-1.1751,0.6199
Txnrd2,Txnrd2,0.0124,-0.7306,0.3325
Txnrd3,Txnrd3,-0.0082,-1.8012,1.1447
Tyk2,Tyk2,-0.0098,-2.0815,1.4273
Tymp,Tymp,0,,
Tyms,Tyms,-0.091,-3.8593,3.9443
Tyr,Tyr,0,,
Tyro3,Tyro3,0,,
Tyrobp,Tyrobp,-0.4282,-7.3176,12.598
Tyrp1,Tyrp1,0,,
Tysnd1,Tysnd1,-0.0219,-2.8326,2.3356
Tyw1,Tyw1,-0.0341,-3.1423,2.7756
Tyw3,Tyw3,-0.0013,-0.5226,0.2209
U1,U1,-0.0302,-2.2061,1.5626
U11,U11,-0.0008,-2.6476,2.0912
U12,U12,0,,
U2,U2,0.0007,-1.0454,0.5289
U2af1,U2af1,-0.0115,-2.5089,1.9168
U2af1l4,U2af1l4,0.0201,-1.2744,0.6935
U2af2,U2af2,0.1041,-1.2166,0.6502
U3,U3,-0.0477,-4.3897,4.9449
U4,U4,-0.0013,-0.5196,0.2194
U4atac,U4atac,-0.1439,-6.4327,9.9019
U5,U5,-0.0051,-2.0286,1.3716
U6,U6,-0.0208,-2.1851,1.5393
U6atac,U6atac,0.0093,-1.7631,1.1085
U7,U7,0,,
U8,U8,0,,
U90926,U90926,0,,
Uaca,Uaca,0.0432,-0.0187,0.0065
Uap1,Uap1,-0.0113,-3.755,3.7612
Uap1l1,Uap1l1,0.0422,-1.6875,1.0386
Uba1,Uba1,-0.0186,-4.0447,4.2807
Uba2,Uba2,-0.0371,-2.7925,2.2815
Uba3,Uba3,0.0018,-1.1831,0.6257
Uba5,Uba5,0.0241,-1.5833,0.9456
Uba52,Uba52,-0.0017,-0.5226,0.2209
Uba6,Uba6,-0.0134,-0.7467,0.3418
Uba7,Uba7,-0.0506,-2.4286,1.8194
Ubac1,Ubac1,-0.0493,-2.2832,1.6494
Ubac2,Ubac2,-0.0325,-2.6039,2.0354
Ubap1,Ubap1,0.0059,-1.6329,0.9893
Ubap2,Ubap2,0.0133,-1.7275,1.0753
Ubap2l,Ubap2l,0.0817,-1.6865,1.0376
Ubash3a,Ubash3a,-0.0017,-1.431,0.8169
Ubash3b,Ubash3b,-0.0921,-3.8883,3.9958
Ubb,Ubb,0.0448,-1.0842,0.5555
Ubc,Ubc,-0.3729,-4.8723,5.9574
Ubd,Ubd,0,,
Ube1y1,Ube1y1,0,,
Ube2a,Ube2a,0.0349,-2.4257,1.8159
Ube2b,Ube2b,-0.0125,-3.8181,3.8713
Ube2c,Ube2c,-0.0103,-1.8137,1.1566
Ube2cbp,Ube2cbp,0,,
Ube2d1,Ube2d1,-0.0168,-1.7984,1.1419
Ube2d2,Ube2d2,-0.0146,-3.8473,3.9229
Ube2d3,Ube2d3,0.1069,-2.4509,1.8462
Ube2dnl,Ube2dnl,0,,
Ube2e1,Ube2e1,0.0522,-2.4052,1.7914
Ube2e2,Ube2e2,0.0028,-1.2501,0.6751
Ube2e3,Ube2e3,0.0652,0.3833,0.154
Ube2f,Ube2f,0.0282,-2.6237,2.0606
Ube2g1,Ube2g1,0.046,-1.1245,0.5837
Ube2g2,Ube2g2,0.0941,0.9816,0.4864
Ube2h,Ube2h,-0.0469,-3.2275,2.9035
Ube2i,Ube2i,-0.0121,-1.166,0.6133
Ube2j1,Ube2j1,0.073,-1.6264,0.9835
Ube2j2,Ube2j2,-0.0505,-3.8253,3.884
Ube2k,Ube2k,0.019,-2.4512,1.8465
Ube2l3,Ube2l3,0.1669,-0.7267,0.3303
Ube2l6,Ube2l6,0.0577,-0.3165,0.124
Ube2m,Ube2m,-0.0176,-2.2402,1.6007
Ube2n,Ube2n,-0.0078,-0.9018,0.4352
Ube2nl,Ube2nl,0,,
Ube2o,Ube2o,-0.0324,-2.5247,1.9362
Ube2q1,Ube2q1,-0.049,-5.0634,6.3854
Ube2q2,Ube2q2,-0.002,-1.0291,0.5179
Ube2ql1,Ube2ql1,0,,
Ube2r2,Ube2r2,0.0295,-1.7343,1.0816
Ube2s,Ube2s,0.0046,0.9835,0.4876
Ube2t,Ube2t,-0.0377,-1.8054,1.1486
Ube2u,Ube2u,0,,
Ube2v1,Ube2v1,0,,
Ube2v2,Ube2v2,-0.0177,-1.8012,1.1447
Ube2w,Ube2w,-0.0739,-3.4763,3.2938
Ube2z,Ube2z,-0.0049,-3.4508,3.2526
Ube3a,Ube3a,-0.0439,-3.9375,4.0844
Ube3b,Ube3b,-0.0165,-2.2558,1.6183
Ube3c,Ube3c,-0.035,-3.1762,2.8261
Ube4a,Ube4a,0.0128,-1.4574,0.8386
Ube4b,Ube4b,-0.0636,-1.9658,1.3069
Ubfd1,Ubfd1,-0.0325,-3.3625,3.1122
Ubiad1,Ubiad1,-0.0175,-2.6579,2.1044
Ubl3,Ubl3,-0.002,-5.0799,6.423
Ubl4,Ubl4,0.0341,-0.8755,0.4187
Ubl4b,Ubl4b,0,,
Ubl5,Ubl5,0.0541,-3.0928,2.7027
Ubl7,Ubl7,-0.0013,-1.0417,0.5265
Ublcp1,Ublcp1,-0.0029,-0.9052,0.4373
Ubn1,Ubn1,-0.0546,-3.2371,2.918
Ubn2,Ubn2,-0.1081,-3.7403,3.7356
Ubox5,Ubox5,-0.003,-1.2525,0.6769
Ubp1,Ubp1,-0.0333,-1.9457,1.2866
Ubqln1,Ubqln1,0.0013,-2.9194,2.4551
Ubqln2,Ubqln2,0.0399,-1.9276,1.2683
Ubqln3,Ubqln3,0,,
Ubqln4,Ubqln4,-0.0153,-2.1818,1.5357
Ubqlnl,Ubqlnl,0,,
Ubr1,Ubr1,0.0298,-0.3799,0.1524
Ubr2,Ubr2,-0.0237,-2.7555,2.2321
Ubr3,Ubr3,0.0244,-1.9116,1.2524
Ubr4,Ubr4,0.0535,-1.7922,1.1361
Ubr5,Ubr5,0.0448,-0.6531,0.2893
Ubr7,Ubr7,-0.0047,-1.5419,0.9098
Ubtd1,Ubtd1,0.0139,-1.2136,0.648
Ubtd2,Ubtd2,0,,
Ubtf,Ubtf,0.0594,-1.0681,0.5444
Ubtfl1,Ubtfl1,0,,
Ubxn1,Ubxn1,0.1194,-3.2979,3.0113
Ubxn10,Ubxn10,0,,
Ubxn11,Ubxn11,0.0199,1.2069,0.6431
Ubxn2a,Ubxn2a,-0.0156,-1.0557,0.5359
Ubxn2b,Ubxn2b,-0.0187,-0.9143,0.443
Ubxn4,Ubxn4,0.0474,-2.9887,2.5526
Ubxn6,Ubxn6,0.0403,-2.5862,2.0131
Ubxn7,Ubxn7,-0.0004,-1.1618,0.6102
Ubxn8,Ubxn8,-0.0207,-2.3915,1.7753
Uchl1,Uchl1,-0.0245,-0.9018,0.4352
Uchl3,Uchl3,0.0156,-0.6935,0.3116
Uchl4,Uchl4,0.0016,-0.7301,0.3322
Uchl5,Uchl5,-0.0116,-2.6395,2.0807
Uck1,Uck1,-0.0345,-1.8459,1.1877
Uck2,Uck2,0.0003,-0.5167,0.218
Uckl1,Uckl1,-0.0028,-1.2589,0.6818
Ucma,Ucma,0,,
Ucn,Ucn,0,,
Ucn2,Ucn2,0,,
Ucn3,Ucn3,0,,
Ucp1,Ucp1,0,,
Ucp2,Ucp2,-0.0173,-2.9034,2.4328
Ucp3,Ucp3,0,,
Uevld,Uevld,0.0151,0.6015,0.2616
Ufc1,Ufc1,0.0514,-1.7656,1.1109
Ufd1l,Ufd1l,0.0212,-1.3701,0.7678
Ufm1,Ufm1,-0.0056,-2.7933,2.2826
Ufsp1,Ufsp1,-0.0331,-3.3236,3.0512
Ufsp2,Ufsp2,0.0133,-2.5878,2.015
Ugcg,Ugcg,-0.0227,-4.3842,4.934
Ugdh,Ugdh,0.0719,-0.293,0.1138
Uggt1,Uggt1,-0.0658,-4.6328,5.4428
Uggt2,Uggt2,-0.0222,-3.2197,2.8916
Ugp2,Ugp2,0.0272,-1.6131,0.9717
Ugt1a1,Ugt1a1,-0.2044,-6.0951,8.9612
Ugt1a10,Ugt1a10,0,,
Ugt1a2,Ugt1a2,0,,
Ugt1a5,Ugt1a5,0,,
Ugt1a6a,Ugt1a6a,0,,
Ugt1a6b,Ugt1a6b,0,,
Ugt1a7c,Ugt1a7c,-0.0137,-2.0286,1.3716
Ugt1a8,Ugt1a8,0,,
Ugt1a9,Ugt1a9,0,,
Ugt2a1,Ugt2a1,0,,
Ugt2a3,Ugt2a3,0,,
Ugt2b1,Ugt2b1,0,,
Ugt2b34,Ugt2b34,0,,
Ugt2b35,Ugt2b35,0,,
Ugt2b36,Ugt2b36,0,,
Ugt2b37,Ugt2b37,0,,
Ugt2b38,Ugt2b38,0,,
Ugt2b5,Ugt2b5,0,,
Ugt3a1,Ugt3a1,0,,
Ugt3a2,Ugt3a2,0,,
Ugt8a,Ugt8a,0,,
Uhmk1,Uhmk1,0.0974,-2.0793,1.425
Uhrf1,Uhrf1,0,,
Uhrf1bp1,Uhrf1bp1,0.0933,1.2045,0.6413
Uhrf1bp1l,Uhrf1bp1l,0.0239,-1.6422,0.9976
Uhrf2,Uhrf2,-0.0471,-3.9899,4.1798
Uimc1,Uimc1,-0.0154,-2.4594,1.8564
Ulk1,Ulk1,-0.0118,-2.5596,1.9797
Ulk2,Ulk2,0.0334,-2.1823,1.5363
Ulk3,Ulk3,0.0061,-0.8916,0.4288
Ulk4,Ulk4,0.0548,0.9835,0.4876
Umod,Umod,0,,
Umodl1,Umodl1,0.0017,0.6927,0.3111
Umps,Umps,-0.0075,-2.536,1.9503
Unc119,Unc119,0,,
Unc119b,Unc119b,0.0123,-0.8561,0.4068
Unc13a,Unc13a,0.0049,-0.5167,0.218
Unc13b,Unc13b,-0.0034,-1.431,0.8169
Unc13c,Unc13c,0.0305,0.6927,0.3111
Unc13d,Unc13d,0.0511,0.1375,0.0503
Unc45a,Unc45a,-0.026,-2.2092,1.5661
Unc45b,Unc45b,-0.0077,-1.431,0.8169
Unc50,Unc50,-0.049,-4.0071,4.2113
Unc5a,Unc5a,0,,
Unc5b,Unc5b,0,,
Unc5c,Unc5c,0,,
Unc5cl,Unc5cl,0,,
Unc5d,Unc5d,-0.0017,-1.431,0.8169
Unc79,Unc79,0,,
Unc80,Unc80,0,,
Unc93a,Unc93a,0,,
Unc93b1,Unc93b1,-0.0347,-3.7149,3.692
Uncx,Uncx,0,,
Ung,Ung,0.0046,0.6927,0.3111
Unk,Unk,-0.0096,-2.8366,2.3411
Unkl,Unkl,-0.0045,-0.7342,0.3346
Uox,Uox,0,,
Upb1,Upb1,0.0033,0.6927,0.3111
Upf1,Upf1,0.0526,-0.5735,0.247
Upf2,Upf2,-0.0282,-0.4146,0.1685
Upf3a,Upf3a,0.0049,-1.4105,0.8003
Upf3b,Upf3b,-0.0076,-2.1948,1.5501
Upk1a,Upk1a,0,,
Upk1b,Upk1b,-0.0353,-1.6481,1.0029
Upk2,Upk2,0,,
Upk3a,Upk3a,0,,
Upk3b,Upk3b,0,,
Upp1,Upp1,0,,
Upp2,Upp2,-0.0332,-2.8272,2.3282
Uprt,Uprt,0,,
Uqcc,Uqcc,0.016,-1.3652,0.764
Uqcr10,Uqcr10,-0.044,-4.551,5.2725
Uqcr11,Uqcr11,0.024,-3.5667,3.4418
Uqcrb,Uqcrb,0.0294,-4.1884,4.5514
Uqcrc1,Uqcrc1,0.108,-0.6652,0.2959
Uqcrc2,Uqcrc2,0.102,-2.7242,2.1907
Uqcrfs1,Uqcrfs1,0.087,-4.0439,4.2793
Uqcrh,Uqcrh,0.0794,-3.8693,3.962
Uqcrq,Uqcrq,0.0187,-3.3728,3.1284
Urb1,Urb1,-0.026,-1.8137,1.1566
Urb2,Urb2,-0.006,-2.4881,1.8914
Urgcp,Urgcp,-0.068,-3.6513,3.5835
Urm1,Urm1,0.0136,-1.0045,0.5015
Uroc1,Uroc1,0,,
Urod,Urod,-0.0039,0.4742,0.197
Uros,Uros,0.0099,-0.0348,0.0122
Use1,Use1,0.0127,-3.2518,2.9406
Usf1,Usf1,-0.0116,-0.5756,0.248
Usf2,Usf2,0.1003,-2.0897,1.436
Ush1c,Ush1c,0,,
Ush1g,Ush1g,0,,
Ush2a,Ush2a,0,,
Ushbp1,Ushbp1,0,,
Usmg5,Usmg5,0.068,-1.1823,0.6251
Uso1,Uso1,0.0507,-2.7841,2.2702
Usp-ps,Usp-ps,0,,
Usp1,Usp1,-0.0098,-1.9866,1.3282
Usp10,Usp10,0.001,-1.2651,0.6865
Usp11,Usp11,-0.0184,-2.8913,2.4161
Usp12,Usp12,-0.1577,-5.8511,8.3113
Usp13,Usp13,0,,
Usp14,Usp14,-0.0348,-3.8865,3.9927
Usp15,Usp15,0.0096,-1.6144,0.9729
Usp16,Usp16,-0.0115,-2.9602,2.5122
Usp17l5,Usp17l5,0,,
Usp18,Usp18,-0.0826,-4.8144,5.8309
Usp19,Usp19,0.0181,-2.8385,2.3437
Usp2,Usp2,-0.0766,-3.9396,4.0883
Usp20,Usp20,0.0074,0.6071,0.2646
Usp21,Usp21,0.0072,-3.189,2.8454
Usp22,Usp22,-0.0383,-2.445,1.8391
Usp24,Usp24,0.0821,-0.4437,0.1823
Usp25,Usp25,0.0371,-1.8112,1.1542
Usp26,Usp26,0,,
Usp27x,Usp27x,0,,
Usp28,Usp28,0.0051,-0.5629,0.2415
Usp29,Usp29,0,,
Usp3,Usp3,-0.007,-1.451,0.8333
Usp30,Usp30,-0.1049,-6.1502,9.1113
Usp31,Usp31,-0.0293,-2.2662,1.6301
Usp32,Usp32,0.0242,-0.1363,0.0498
Usp33,Usp33,0.0127,-0.8451,0.4
Usp34,Usp34,0.1018,-0.6442,0.2845
Usp35,Usp35,-0.046,-3.6503,3.5818
Usp36,Usp36,-0.0239,-2.2024,1.5585
Usp37,Usp37,0.0003,-0.2864,0.111
Usp38,Usp38,-0.0249,-1.7449,1.0915
Usp39,Usp39,0.014,-1.0012,0.4993
Usp4,Usp4,0.0386,-1.007,0.5031
Usp40,Usp40,0.0096,-2.0576,1.402
Usp42,Usp42,0.0036,-1.4505,0.8329
Usp43,Usp43,0,,
Usp44,Usp44,0,,
Usp45,Usp45,-0.0354,-3.5539,3.4207
Usp46,Usp46,0.0135,-1.8287,1.171
Usp47,Usp47,-0.0723,-3.2491,2.9364
Usp48,Usp48,0.0593,-0.929,0.4524
Usp49,Usp49,0.0003,-0.5167,0.218
Usp5,Usp5,-0.0002,-2.4763,1.877
Usp50,Usp50,0.0323,0.1673,0.0619
Usp51,Usp51,0,,
Usp53,Usp53,-0.0205,-2.0286,1.3716
Usp54,Usp54,0.0155,-1.2942,0.7086
Usp6nl,Usp6nl,-0.0188,-2.2662,1.6301
Usp7,Usp7,0.105,-1.5849,0.947
Usp8,Usp8,0.1912,-0.4552,0.1878
Usp9x,Usp9x,0.0701,0.1578,0.0582
Usp9y,Usp9y,0.0008,0.6927,0.3111
Uspl1,Uspl1,-0.009,-2.8193,2.3175
Ust,Ust,0.0047,0.3286,0.1293
Utf1,Utf1,0,,
Utp11l,Utp11l,0.0129,-0.7051,0.3181
Utp14a,Utp14a,0.0628,-0.5921,0.2567
Utp14b,Utp14b,-0.006,-1.431,0.8169
Utp15,Utp15,-0.0047,-0.6047,0.2633
Utp18,Utp18,0.0079,-0.8954,0.4311
Utp20,Utp20,-0.0101,-1.612,0.9708
Utp23,Utp23,0.0123,-0.0221,0.0077
Utp3,Utp3,-0.1038,-4.4002,4.9659
Utp6,Utp6,0.0535,-1.025,0.5152
Utrn,Utrn,0.0099,-0.5614,0.2407
Uts2,Uts2,0,,
Uts2d,Uts2d,0,,
Uts2r,Uts2r,0,,
Uty,Uty,0.0345,-0.0238,0.0083
Uvrag,Uvrag,-0.0033,-2.9923,2.5576
Uxs1,Uxs1,0.031,-0.8503,0.4032
Uxt,Uxt,-0.0143,-2.5194,1.9297
V1ra8,V1ra8,0,,
V1rd19,V1rd19,0,,
V1rh19,V1rh19,0,,
Vac14,Vac14,-0.0207,-3.7879,3.8184
Vamp1,Vamp1,0,,
Vamp2,Vamp2,0.0261,-0.3757,0.1505
Vamp3,Vamp3,0.1774,-1.7665,1.1117
Vamp4,Vamp4,0.0633,-2.7287,2.1966
Vamp5,Vamp5,-0.0178,-0.398,0.1608
Vamp7-ps,Vamp7-ps,0.0248,1.2069,0.6431
Vamp8,Vamp8,0.0662,-3.0946,2.7054
Vangl1,Vangl1,0.0191,0.9835,0.4876
Vangl2,Vangl2,0.0053,-0.7301,0.3322
Vapa,Vapa,0.0087,-2.8693,2.3858
Vapb,Vapb,0.0186,-1.8101,1.1531
Vars,Vars,-0.031,-2.4995,1.9053
Vars2,Vars2,-0.024,-2.9053,2.4354
Vash1,Vash1,0.0845,2.6071,2.0395
Vash2,Vash2,0,,
Vasn,Vasn,0,,
Vasp,Vasp,0.0896,-0.3142,0.123
Vat1,Vat1,-0.0654,-4.8114,5.8243
Vat1l,Vat1l,-0.006,-1.431,0.8169
Vault,Vault,-0.0048,-1.2961,0.7101
Vav1,Vav1,-0.0103,-4.0013,4.2008
Vav2,Vav2,0.0685,-1.2276,0.6584
Vav3,Vav3,0,,
Vax1,Vax1,0,,
Vax2,Vax2,0,,
Vax2os1,Vax2os1,0,,
Vbp1,Vbp1,-0.0048,-2.392,1.7758
Vcam1,Vcam1,-0.002,-0.7301,0.3322
Vcan,Vcan,-0.012,-1.431,0.8169
Vcl,Vcl,0.0156,-2.1963,1.5518
Vcp,Vcp,0.1369,-1.1691,0.6155
Vcp-rs,Vcp-rs,-0.0137,-2.3049,1.6742
Vcpip1,Vcpip1,-0.0217,-3.56,3.4307
Vdac1,Vdac1,-0.0233,-3.8041,3.8467
Vdac2,Vdac2,-0.2105,-5.3405,7.033
Vdac3,Vdac3,-0.0011,-2.43,1.8211
Vdac3-ps1,Vdac3-ps1,-0.0009,-1.431,0.8169
Vdr,Vdr,0,,
Vegfa,Vegfa,-0.0584,-3.5082,3.3457
Vegfb,Vegfb,0.1011,-2.9612,2.5137
Vegfc,Vegfc,0,,
Veph1,Veph1,-0.006,-2.0286,1.3716
Vezf1,Vezf1,-0.0136,-2.8709,2.3879
Vezt,Vezt,-0.0051,-0.7622,0.3507
Vgf,Vgf,0,,
Vgll1,Vgll1,0,,
Vgll2,Vgll2,0,,
Vgll3,Vgll3,0,,
Vgll4,Vgll4,0.0088,-1.8723,1.2135
Vhl,Vhl,0.0142,-0.4708,0.1953
Vhl-ps1,Vhl-ps1,0,,
Vil1,Vil1,0,,
Vill,Vill,0.0042,0.6927,0.3111
Vim,Vim,-0.4428,-6.3919,9.7856
Vip,Vip,0,,
Vipar,Vipar,0.0235,0.1201,0.0436
Vipr1,Vipr1,0.0071,0.9835,0.4876
Vipr2,Vipr2,0,,
Vit,Vit,0,,
Vkorc1,Vkorc1,-0.2038,-6.1608,9.1403
Vkorc1l1,Vkorc1l1,0.0116,1.3956,0.7883
Vldlr,Vldlr,0,,
Vma21,Vma21,-0.0167,-2.4763,1.8769
Vma21-ps,Vma21-ps,-0.0094,-1.431,0.8169
Vmac,Vmac,0.0418,-0.2746,0.1059
Vmn1r-ps1,Vmn1r-ps1,0,,
Vmn1r-ps103,Vmn1r-ps103,0,,
Vmn1r-ps128,Vmn1r-ps128,0,,
Vmn1r-ps144,Vmn1r-ps144,0,,
Vmn1r-ps2,Vmn1r-ps2,0,,
Vmn1r-ps25,Vmn1r-ps25,0,,
Vmn1r-ps26,Vmn1r-ps26,0,,
Vmn1r-ps27,Vmn1r-ps27,0,,
Vmn1r-ps28,Vmn1r-ps28,0,,
Vmn1r-ps30,Vmn1r-ps30,0,,
Vmn1r-ps31,Vmn1r-ps31,0,,
Vmn1r-ps32,Vmn1r-ps32,0,,
Vmn1r-ps34,Vmn1r-ps34,0,,
Vmn1r-ps40,Vmn1r-ps40,0,,
Vmn1r-ps45,Vmn1r-ps45,0,,
Vmn1r-ps46,Vmn1r-ps46,0,,
Vmn1r-ps53,Vmn1r-ps53,0,,
Vmn1r-ps54,Vmn1r-ps54,0,,
Vmn1r-ps55,Vmn1r-ps55,0,,
Vmn1r-ps56,Vmn1r-ps56,0,,
Vmn1r-ps57,Vmn1r-ps57,0,,
Vmn1r-ps58,Vmn1r-ps58,0,,
Vmn1r-ps59,Vmn1r-ps59,0,,
Vmn1r-ps60,Vmn1r-ps60,0,,
Vmn1r-ps61,Vmn1r-ps61,0,,
Vmn1r-ps62,Vmn1r-ps62,0,,
Vmn1r-ps63,Vmn1r-ps63,0,,
Vmn1r-ps64,Vmn1r-ps64,0,,
Vmn1r-ps65,Vmn1r-ps65,0,,
Vmn1r-ps66,Vmn1r-ps66,0,,
Vmn1r-ps67,Vmn1r-ps67,0,,
Vmn1r-ps68,Vmn1r-ps68,0,,
Vmn1r-ps69,Vmn1r-ps69,0,,
Vmn1r-ps70,Vmn1r-ps70,0,,
Vmn1r-ps71,Vmn1r-ps71,0,,
Vmn1r-ps72,Vmn1r-ps72,0,,
Vmn1r-ps73,Vmn1r-ps73,0,,
Vmn1r-ps74,Vmn1r-ps74,0,,
Vmn1r-ps75,Vmn1r-ps75,0,,
Vmn1r-ps76,Vmn1r-ps76,0,,
Vmn1r-ps77,Vmn1r-ps77,0,,
Vmn1r-ps78,Vmn1r-ps78,0,,
Vmn1r-ps79,Vmn1r-ps79,0,,
Vmn1r-ps80,Vmn1r-ps80,0,,
Vmn1r-ps83,Vmn1r-ps83,0,,
Vmn1r-ps84,Vmn1r-ps84,0,,
Vmn1r-ps85,Vmn1r-ps85,0,,
Vmn1r-ps86,Vmn1r-ps86,0,,
Vmn1r1,Vmn1r1,0,,
Vmn1r10,Vmn1r10,0,,
Vmn1r100,Vmn1r100,0,,
Vmn1r101,Vmn1r101,0,,
Vmn1r103,Vmn1r103,0,,
Vmn1r104,Vmn1r104,0,,
Vmn1r107,Vmn1r107,0,,
Vmn1r109,Vmn1r109,0,,
Vmn1r11,Vmn1r11,0,,
Vmn1r110,Vmn1r110,0,,
Vmn1r111,Vmn1r111,0,,
Vmn1r112,Vmn1r112,0,,
Vmn1r113,Vmn1r113,0,,
Vmn1r114,Vmn1r114,0,,
Vmn1r115,Vmn1r115,0,,
Vmn1r116,Vmn1r116,0,,
Vmn1r117,Vmn1r117,0,,
Vmn1r118,Vmn1r118,0,,
Vmn1r119,Vmn1r119,0,,
Vmn1r12,Vmn1r12,0,,
Vmn1r120,Vmn1r120,0,,
Vmn1r121,Vmn1r121,0,,
Vmn1r122,Vmn1r122,0,,
Vmn1r123,Vmn1r123,0,,
Vmn1r124,Vmn1r124,0,,
Vmn1r125,Vmn1r125,0,,
Vmn1r126,Vmn1r126,0,,
Vmn1r127,Vmn1r127,0,,
Vmn1r128,Vmn1r128,0,,
Vmn1r129,Vmn1r129,0,,
Vmn1r13,Vmn1r13,0,,
Vmn1r130,Vmn1r130,0,,
Vmn1r132,Vmn1r132,0,,
Vmn1r135,Vmn1r135,0,,
Vmn1r137,Vmn1r137,0,,
Vmn1r139,Vmn1r139,0,,
Vmn1r14,Vmn1r14,0,,
Vmn1r142,Vmn1r142,0,,
Vmn1r143,Vmn1r143,0,,
Vmn1r148,Vmn1r148,0,,
Vmn1r149,Vmn1r149,0,,
Vmn1r15,Vmn1r15,0,,
Vmn1r151,Vmn1r151,0,,
Vmn1r152,Vmn1r152,0,,
Vmn1r155,Vmn1r155,0,,
Vmn1r157,Vmn1r157,0,,
Vmn1r158,Vmn1r158,0,,
Vmn1r159,Vmn1r159,0,,
Vmn1r16,Vmn1r16,0,,
Vmn1r160,Vmn1r160,0,,
Vmn1r163,Vmn1r163,0,,
Vmn1r165,Vmn1r165,0,,
Vmn1r167,Vmn1r167,0,,
Vmn1r168,Vmn1r168,0,,
Vmn1r169,Vmn1r169,0,,
Vmn1r17,Vmn1r17,0,,
Vmn1r170,Vmn1r170,0,,
Vmn1r171,Vmn1r171,0,,
Vmn1r172,Vmn1r172,0,,
Vmn1r173,Vmn1r173,0,,
Vmn1r174,Vmn1r174,0,,
Vmn1r175,Vmn1r175,0,,
Vmn1r176,Vmn1r176,0,,
Vmn1r177,Vmn1r177,0,,
Vmn1r178,Vmn1r178,0,,
Vmn1r179,Vmn1r179,0,,
Vmn1r18,Vmn1r18,0,,
Vmn1r180,Vmn1r180,0,,
Vmn1r181,Vmn1r181,0,,
Vmn1r183,Vmn1r183,0,,
Vmn1r184,Vmn1r184,0,,
Vmn1r185,Vmn1r185,0,,
Vmn1r188,Vmn1r188,0,,
Vmn1r189,Vmn1r189,0,,
Vmn1r19,Vmn1r19,0,,
Vmn1r190-ps,Vmn1r190-ps,0,,
Vmn1r191,Vmn1r191,0,,
Vmn1r192,Vmn1r192,0,,
Vmn1r193,Vmn1r193,0,,
Vmn1r194,Vmn1r194,0,,
Vmn1r195,Vmn1r195,0,,
Vmn1r197,Vmn1r197,0,,
Vmn1r198,Vmn1r198,0,,
Vmn1r199,Vmn1r199,0,,
Vmn1r2,Vmn1r2,0,,
Vmn1r20,Vmn1r20,0,,
Vmn1r200,Vmn1r200,0,,
Vmn1r201,Vmn1r201,0,,
Vmn1r202,Vmn1r202,0,,
Vmn1r203,Vmn1r203,0,,
Vmn1r204,Vmn1r204,0,,
Vmn1r205,Vmn1r205,0,,
Vmn1r206,Vmn1r206,0,,
Vmn1r207-ps,Vmn1r207-ps,0,,
Vmn1r208,Vmn1r208,0,,
Vmn1r209,Vmn1r209,0,,
Vmn1r21,Vmn1r21,0,,
Vmn1r210,Vmn1r210,0,,
Vmn1r211,Vmn1r211,0,,
Vmn1r212,Vmn1r212,0,,
Vmn1r213,Vmn1r213,0,,
Vmn1r214,Vmn1r214,0,,
Vmn1r215,Vmn1r215,0,,
Vmn1r216,Vmn1r216,0,,
Vmn1r217,Vmn1r217,0,,
Vmn1r218,Vmn1r218,0,,
Vmn1r219,Vmn1r219,0,,
Vmn1r22,Vmn1r22,0,,
Vmn1r220,Vmn1r220,0,,
Vmn1r222,Vmn1r222,0,,
Vmn1r223,Vmn1r223,0,,
Vmn1r224,Vmn1r224,0,,
Vmn1r225,Vmn1r225,0,,
Vmn1r226,Vmn1r226,0,,
Vmn1r227,Vmn1r227,0,,
Vmn1r228,Vmn1r228,0,,
Vmn1r229,Vmn1r229,0,,
Vmn1r23,Vmn1r23,0,,
Vmn1r230,Vmn1r230,0,,
Vmn1r231,Vmn1r231,0,,
Vmn1r232,Vmn1r232,0,,
Vmn1r233,Vmn1r233,0,,
Vmn1r234,Vmn1r234,0,,
Vmn1r235,Vmn1r235,0,,
Vmn1r236,Vmn1r236,0,,
Vmn1r237,Vmn1r237,0,,
Vmn1r238,Vmn1r238,0,,
Vmn1r239-ps,Vmn1r239-ps,0,,
Vmn1r24,Vmn1r24,0,,
Vmn1r25,Vmn1r25,0,,
Vmn1r26,Vmn1r26,0,,
Vmn1r27,Vmn1r27,0,,
Vmn1r28,Vmn1r28,0,,
Vmn1r29,Vmn1r29,0,,
Vmn1r3,Vmn1r3,0,,
Vmn1r30,Vmn1r30,0,,
Vmn1r31,Vmn1r31,0,,
Vmn1r32,Vmn1r32,0,,
Vmn1r33,Vmn1r33,0,,
Vmn1r34,Vmn1r34,0,,
Vmn1r35,Vmn1r35,0,,
Vmn1r36,Vmn1r36,0,,
Vmn1r37,Vmn1r37,0,,
Vmn1r38,Vmn1r38,0,,
Vmn1r39,Vmn1r39,0,,
Vmn1r4,Vmn1r4,0,,
Vmn1r40,Vmn1r40,0,,
Vmn1r41,Vmn1r41,0,,
Vmn1r42,Vmn1r42,0,,
Vmn1r43,Vmn1r43,0,,
Vmn1r44,Vmn1r44,0,,
Vmn1r45,Vmn1r45,0,,
Vmn1r46,Vmn1r46,0,,
Vmn1r47,Vmn1r47,0,,
Vmn1r48,Vmn1r48,0,,
Vmn1r49,Vmn1r49,0,,
Vmn1r5,Vmn1r5,0,,
Vmn1r50,Vmn1r50,0,,
Vmn1r51,Vmn1r51,0,,
Vmn1r52,Vmn1r52,0,,
Vmn1r53,Vmn1r53,0,,
Vmn1r54,Vmn1r54,0,,
Vmn1r55,Vmn1r55,0,,
Vmn1r56,Vmn1r56,0,,
Vmn1r57,Vmn1r57,0,,
Vmn1r58,Vmn1r58,0,,
Vmn1r59,Vmn1r59,0,,
Vmn1r6,Vmn1r6,0,,
Vmn1r60,Vmn1r60,0,,
Vmn1r61,Vmn1r61,0,,
Vmn1r62,Vmn1r62,0,,
Vmn1r63,Vmn1r63,0,,
Vmn1r64,Vmn1r64,0,,
Vmn1r65,Vmn1r65,0,,
Vmn1r66,Vmn1r66,0,,
Vmn1r67,Vmn1r67,0,,
Vmn1r68,Vmn1r68,0,,
Vmn1r69,Vmn1r69,0,,
Vmn1r7,Vmn1r7,0,,
Vmn1r70,Vmn1r70,0,,
Vmn1r71,Vmn1r71,0,,
Vmn1r72,Vmn1r72,0,,
Vmn1r73,Vmn1r73,0,,
Vmn1r74,Vmn1r74,0,,
Vmn1r75,Vmn1r75,0,,
Vmn1r76,Vmn1r76,0,,
Vmn1r77,Vmn1r77,0,,
Vmn1r78,Vmn1r78,0,,
Vmn1r79,Vmn1r79,0,,
Vmn1r8,Vmn1r8,0,,
Vmn1r80,Vmn1r80,0,,
Vmn1r81,Vmn1r81,0,,
Vmn1r82,Vmn1r82,0,,
Vmn1r83,Vmn1r83,0,,
Vmn1r84,Vmn1r84,0,,
Vmn1r85,Vmn1r85,0,,
Vmn1r86,Vmn1r86,0,,
Vmn1r87,Vmn1r87,0,,
Vmn1r88,Vmn1r88,0,,
Vmn1r89,Vmn1r89,0,,
Vmn1r9,Vmn1r9,0,,
Vmn1r90,Vmn1r90,0,,
Vmn1r91,Vmn1r91,0,,
Vmn1r93,Vmn1r93,0,,
Vmn1r94,Vmn1r94,0,,
Vmn1r95,Vmn1r95,0,,
Vmn2r-ps10,Vmn2r-ps10,0,,
Vmn2r-ps100,Vmn2r-ps100,0,,
Vmn2r-ps104,Vmn2r-ps104,0,,
Vmn2r-ps105,Vmn2r-ps105,0,,
Vmn2r-ps106,Vmn2r-ps106,0,,
Vmn2r-ps11,Vmn2r-ps11,0,,
Vmn2r-ps110,Vmn2r-ps110,0,,
Vmn2r-ps111,Vmn2r-ps111,0,,
Vmn2r-ps113,Vmn2r-ps113,0,,
Vmn2r-ps12,Vmn2r-ps12,0,,
Vmn2r-ps128,Vmn2r-ps128,0,,
Vmn2r-ps19,Vmn2r-ps19,0,,
Vmn2r-ps2,Vmn2r-ps2,0,,
Vmn2r-ps36,Vmn2r-ps36,0,,
Vmn2r-ps37,Vmn2r-ps37,0,,
Vmn2r-ps38,Vmn2r-ps38,0,,
Vmn2r-ps40,Vmn2r-ps40,0,,
Vmn2r-ps41,Vmn2r-ps41,0,,
Vmn2r-ps42,Vmn2r-ps42,0,,
Vmn2r-ps43,Vmn2r-ps43,0,,
Vmn2r-ps44,Vmn2r-ps44,0,,
Vmn2r-ps45,Vmn2r-ps45,0,,
Vmn2r-ps46,Vmn2r-ps46,0,,
Vmn2r-ps47,Vmn2r-ps47,0,,
Vmn2r-ps49,Vmn2r-ps49,0,,
Vmn2r-ps5,Vmn2r-ps5,0,,
Vmn2r-ps53,Vmn2r-ps53,0,,
Vmn2r-ps54,Vmn2r-ps54,0,,
Vmn2r-ps55,Vmn2r-ps55,0,,
Vmn2r-ps56,Vmn2r-ps56,0,,
Vmn2r-ps57,Vmn2r-ps57,0,,
Vmn2r-ps58,Vmn2r-ps58,0,,
Vmn2r-ps59,Vmn2r-ps59,0,,
Vmn2r-ps60,Vmn2r-ps60,0,,
Vmn2r-ps62,Vmn2r-ps62,0,,
Vmn2r-ps64,Vmn2r-ps64,0,,
Vmn2r-ps65,Vmn2r-ps65,0,,
Vmn2r-ps66,Vmn2r-ps66,0,,
Vmn2r-ps67,Vmn2r-ps67,0,,
Vmn2r-ps68,Vmn2r-ps68,0,,
Vmn2r-ps69,Vmn2r-ps69,0,,
Vmn2r-ps70,Vmn2r-ps70,0,,
Vmn2r-ps71,Vmn2r-ps71,0,,
Vmn2r-ps72,Vmn2r-ps72,0,,
Vmn2r-ps73,Vmn2r-ps73,0,,
Vmn2r-ps74,Vmn2r-ps74,0,,
Vmn2r-ps75,Vmn2r-ps75,0,,
Vmn2r-ps76,Vmn2r-ps76,0,,
Vmn2r-ps77,Vmn2r-ps77,0,,
Vmn2r-ps78,Vmn2r-ps78,0,,
Vmn2r-ps79,Vmn2r-ps79,0,,
Vmn2r-ps80,Vmn2r-ps80,0,,
Vmn2r-ps81,Vmn2r-ps81,0,,
Vmn2r-ps82,Vmn2r-ps82,0,,
Vmn2r-ps83,Vmn2r-ps83,0,,
Vmn2r-ps84,Vmn2r-ps84,0,,
Vmn2r-ps85,Vmn2r-ps85,0,,
Vmn2r-ps86,Vmn2r-ps86,0,,
Vmn2r-ps87,Vmn2r-ps87,0,,
Vmn2r-ps94,Vmn2r-ps94,0,,
Vmn2r1,Vmn2r1,0,,
Vmn2r10,Vmn2r10,0,,
Vmn2r100,Vmn2r100,0,,
Vmn2r101,Vmn2r101,0,,
Vmn2r102,Vmn2r102,0,,
Vmn2r103,Vmn2r103,0,,
Vmn2r104,Vmn2r104,0,,
Vmn2r105,Vmn2r105,0,,
Vmn2r106,Vmn2r106,0,,
Vmn2r107,Vmn2r107,0,,
Vmn2r108,Vmn2r108,0,,
Vmn2r109,Vmn2r109,0,,
Vmn2r11,Vmn2r11,0,,
Vmn2r110,Vmn2r110,0,,
Vmn2r111,Vmn2r111,0,,
Vmn2r112,Vmn2r112,0,,
Vmn2r113,Vmn2r113,0,,
Vmn2r114,Vmn2r114,0,,
Vmn2r115,Vmn2r115,0,,
Vmn2r116,Vmn2r116,0,,
Vmn2r117,Vmn2r117,0,,
Vmn2r118,Vmn2r118,0,,
Vmn2r12,Vmn2r12,0,,
Vmn2r120,Vmn2r120,0,,
Vmn2r121,Vmn2r121,0,,
Vmn2r13,Vmn2r13,0,,
Vmn2r14,Vmn2r14,0,,
Vmn2r15,Vmn2r15,0,,
Vmn2r16,Vmn2r16,0,,
Vmn2r17,Vmn2r17,0,,
Vmn2r18,Vmn2r18,0,,
Vmn2r19,Vmn2r19,0,,
Vmn2r2,Vmn2r2,0,,
Vmn2r20,Vmn2r20,0,,
Vmn2r21,Vmn2r21,0,,
Vmn2r22,Vmn2r22,0,,
Vmn2r23,Vmn2r23,0,,
Vmn2r24,Vmn2r24,0,,
Vmn2r25,Vmn2r25,0,,
Vmn2r26,Vmn2r26,0,,
Vmn2r27,Vmn2r27,0,,
Vmn2r28,Vmn2r28,0,,
Vmn2r29,Vmn2r29,-0.0026,-1.431,0.8169
Vmn2r3,Vmn2r3,0,,
Vmn2r30,Vmn2r30,0,,
Vmn2r31,Vmn2r31,0,,
Vmn2r32,Vmn2r32,0,,
Vmn2r33,Vmn2r33,0,,
Vmn2r34,Vmn2r34,0,,
Vmn2r35,Vmn2r35,0,,
Vmn2r36,Vmn2r36,0,,
Vmn2r37,Vmn2r37,0,,
Vmn2r38,Vmn2r38,0,,
Vmn2r39,Vmn2r39,0,,
Vmn2r4,Vmn2r4,0,,
Vmn2r40,Vmn2r40,0,,
Vmn2r41,Vmn2r41,0,,
Vmn2r42,Vmn2r42,0,,
Vmn2r43,Vmn2r43,0,,
Vmn2r44,Vmn2r44,0,,
Vmn2r45,Vmn2r45,0,,
Vmn2r46,Vmn2r46,0,,
Vmn2r47,Vmn2r47,0,,
Vmn2r48,Vmn2r48,0,,
Vmn2r49,Vmn2r49,0,,
Vmn2r5,Vmn2r5,0,,
Vmn2r50,Vmn2r50,0,,
Vmn2r51,Vmn2r51,0,,
Vmn2r52,Vmn2r52,0,,
Vmn2r53,Vmn2r53,0,,
Vmn2r54,Vmn2r54,0,,
Vmn2r55,Vmn2r55,0,,
Vmn2r56,Vmn2r56,0,,
Vmn2r57,Vmn2r57,0,,
Vmn2r58,Vmn2r58,0,,
Vmn2r59,Vmn2r59,0,,
Vmn2r6,Vmn2r6,0,,
Vmn2r60,Vmn2r60,0,,
Vmn2r61,Vmn2r61,0,,
Vmn2r62,Vmn2r62,0,,
Vmn2r63,Vmn2r63,0,,
Vmn2r65,Vmn2r65,0,,
Vmn2r66,Vmn2r66,0,,
Vmn2r67,Vmn2r67,0,,
Vmn2r68-ps,Vmn2r68-ps,0,,
Vmn2r69,Vmn2r69,0,,
Vmn2r7,Vmn2r7,0,,
Vmn2r70,Vmn2r70,0,,
Vmn2r71,Vmn2r71,0,,
Vmn2r72-ps,Vmn2r72-ps,0,,
Vmn2r73,Vmn2r73,0,,
Vmn2r74,Vmn2r74,0,,
Vmn2r75,Vmn2r75,0,,
Vmn2r76,Vmn2r76,0,,
Vmn2r77,Vmn2r77,0,,
Vmn2r78,Vmn2r78,0,,
Vmn2r79,Vmn2r79,0,,
Vmn2r8,Vmn2r8,0,,
Vmn2r80,Vmn2r80,0,,
Vmn2r81,Vmn2r81,0,,
Vmn2r82,Vmn2r82,0,,
Vmn2r83,Vmn2r83,0,,
Vmn2r84,Vmn2r84,0,,
Vmn2r85,Vmn2r85,0,,
Vmn2r86,Vmn2r86,0,,
Vmn2r87,Vmn2r87,0,,
Vmn2r88,Vmn2r88,0,,
Vmn2r89,Vmn2r89,0,,
Vmn2r9,Vmn2r9,0,,
Vmn2r90,Vmn2r90,0,,
Vmn2r91,Vmn2r91,0,,
Vmn2r92,Vmn2r92,0,,
Vmn2r93,Vmn2r93,0,,
Vmn2r94,Vmn2r94,0,,
Vmn2r95,Vmn2r95,0,,
Vmn2r96,Vmn2r96,0,,
Vmn2r97,Vmn2r97,0,,
Vmn2r98,Vmn2r98,0,,
Vmn2r99,Vmn2r99,0,,
Vmo1,Vmo1,0,,
Vmp1,Vmp1,-0.0245,-3.1397,2.7717
Vnn1,Vnn1,0,,
Vnn3,Vnn3,0.0017,0.6927,0.3111
Vopp1,Vopp1,-0.0473,-3.2197,2.8916
Vprbp,Vprbp,0.0009,-0.9029,0.4359
Vpreb1,Vpreb1,0,,
Vpreb2,Vpreb2,0,,
Vpreb3,Vpreb3,0.005,0.6927,0.3111
Vps11,Vps11,0.0208,-1.3549,0.7558
Vps13a,Vps13a,0.036,-0.2805,0.1084
Vps13b,Vps13b,0.0321,-2.084,1.4299
Vps13c,Vps13c,0.0251,-2.7019,2.1615
Vps13d,Vps13d,-0.0297,-2.5933,2.0221
Vps16,Vps16,-0.0155,-2.4187,1.8076
Vps18,Vps18,-0.0387,-4.469,5.1047
Vps25,Vps25,0.0736,-1.8905,1.2314
Vps26a,Vps26a,-0.0232,-2.6336,2.0732
Vps26b,Vps26b,0.0013,-3.7779,3.8009
Vps28,Vps28,0.1056,-1.1351,0.5912
Vps29,Vps29,-0.0666,-4.3294,4.8253
Vps33a,Vps33a,-0.0212,-4.1907,4.5559
Vps33b,Vps33b,0.0073,-1.3719,0.7693
Vps35,Vps35,0.1144,-1.8362,1.1783
Vps36,Vps36,0.0425,-1.6885,1.0395
Vps37a,Vps37a,0.0292,-1.5898,0.9513
Vps37b,Vps37b,0.0142,-1.4618,0.8423
Vps37c,Vps37c,-0.0146,-2.1998,1.5556
Vps37d,Vps37d,0,,
Vps39,Vps39,0.0214,-1.5172,0.8887
Vps41,Vps41,0.1838,0.5281,0.2237
Vps45,Vps45,-0.0074,-2.1808,1.5347
Vps4a,Vps4a,-0.055,-3.1041,2.7194
Vps4b,Vps4b,-0.0202,-3.5656,3.4401
Vps52,Vps52,0.0353,-1.4984,0.8728
Vps53,Vps53,0.0321,-1.8353,1.1775
Vps54,Vps54,-0.0248,-2.7769,2.2606
Vps72,Vps72,0.0016,-2.6836,2.1377
Vps8,Vps8,0.0035,-1.6074,0.9667
Vrk1,Vrk1,0.0473,0.2934,0.1139
Vrk2,Vrk2,0.0777,0.5809,0.2508
Vrk3,Vrk3,-0.0435,-3.8259,3.8851
Vrtn,Vrtn,0,,
Vsig1,Vsig1,0,,
Vsig10,Vsig10,-0.0065,-2.2551,1.6175
Vsig10l,Vsig10l,0.0108,0.9835,0.4876
Vsig2,Vsig2,-0.006,-1.431,0.8169
Vsig4,Vsig4,0,,
Vsig8,Vsig8,0,,
Vsnl1,Vsnl1,0.0062,0.6927,0.3111
Vstm2a,Vstm2a,0,,
Vstm2b,Vstm2b,0,,
Vstm2l,Vstm2l,0,,
Vsx1,Vsx1,0,,
Vsx2,Vsx2,0,,
Vta1,Vta1,0.0188,-1.7338,1.0812
Vtcn1,Vtcn1,0,,
Vti1a,Vti1a,0.0246,-1.1215,0.5816
Vti1b,Vti1b,0.1612,-1.8428,1.1847
Vtn,Vtn,0,,
Vwa1,Vwa1,0,,
Vwa2,Vwa2,0,,
Vwa3a,Vwa3a,0,,
Vwa3b,Vwa3b,0,,
Vwa5a,Vwa5a,0.094,-1.705,1.0545
Vwa5b1,Vwa5b1,0,,
Vwa5b2,Vwa5b2,0,,
Vwc2,Vwc2,0,,
Vwc2l,Vwc2l,0,,
Vwce,Vwce,0,,
Vwde,Vwde,0,,
Vwf,Vwf,-0.0065,-1.2549,0.6788
WI1-1377A22.2,WI1-1377A22.2,0,,
Wac,Wac,0.0075,-2.9204,2.4565
Wap,Wap,0,,
Wapal,Wapal,0.018,-2.9633,2.5166
Wars,Wars,0.0295,-1.7401,1.0871
Wars2,Wars2,-0.008,-2.5499,1.9675
Was,Was,0.0478,-0.6968,0.3134
Wasf1,Wasf1,0,,
Wasf2,Wasf2,0.0908,-1.6059,0.9654
Wasf3,Wasf3,0,,
Wasl,Wasl,-0.0183,-3.1094,2.7271
Wbp1,Wbp1,-0.0083,-0.8274,0.3893
Wbp11,Wbp11,0.0112,-2.0721,1.4173
Wbp2,Wbp2,0.0046,-2.9671,2.5219
Wbp2nl,Wbp2nl,0,,
Wbp4,Wbp4,0.0012,-0.7344,0.3347
Wbp5,Wbp5,-0.0741,-5.0744,6.4104
Wbp7,Wbp7,0.0041,-0.7399,0.3378
Wbscr16,Wbscr16,0.0006,-1.8783,1.2194
Wbscr17,Wbscr17,0,,
Wbscr22,Wbscr22,-0.0083,-2.0818,1.4276
Wbscr25,Wbscr25,-0.0061,-1.1618,0.6102
Wbscr27,Wbscr27,0,,
Wbscr28,Wbscr28,0,,
Wdfy1,Wdfy1,0.0327,-1.715,1.0638
Wdfy2,Wdfy2,-0.0051,-1.431,0.8169
Wdfy3,Wdfy3,-0.062,-2.7732,2.2556
Wdfy4,Wdfy4,0.0348,-2.4797,1.8811
Wdhd1,Wdhd1,0,,
Wdpcp,Wdpcp,-0.0061,-1.8012,1.1447
Wdr1,Wdr1,0.0909,-1.304,0.7161
Wdr11,Wdr11,-0.017,-2.3083,1.6782
Wdr12,Wdr12,0.0215,-1.7811,1.1255
Wdr13,Wdr13,0.0076,-1.0161,0.5092
Wdr16,Wdr16,0,,
Wdr17,Wdr17,0,,
Wdr18,Wdr18,0.027,-1.2349,0.6638
Wdr19,Wdr19,-0.0128,-2.4881,1.8914
Wdr20a,Wdr20a,0.0207,0.6744,0.301
Wdr20b,Wdr20b,0,,
Wdr24,Wdr24,0.0068,-0.8979,0.4327
Wdr25,Wdr25,0.0066,-0.5167,0.218
Wdr26,Wdr26,0.0634,-2.375,1.7557
Wdr27,Wdr27,0,,
Wdr3,Wdr3,0.0128,-0.4724,0.1961
Wdr31,Wdr31,0,,
Wdr33,Wdr33,0.0028,-1.5547,0.9207
Wdr34,Wdr34,-0.0048,-1.2525,0.6769
Wdr35,Wdr35,0.0358,1.7135,1.0624
Wdr36,Wdr36,0.0159,-1.6731,1.0254
Wdr37,Wdr37,-0.066,-4.0928,4.3703
Wdr38,Wdr38,0.0108,0.6927,0.3111
Wdr4,Wdr4,-0.0108,-2.195,1.5503
Wdr41,Wdr41,-0.0309,-2.8337,2.3372
Wdr43,Wdr43,0.023,-2.587,2.0141
Wdr44,Wdr44,0.0474,-0.1909,0.0713
Wdr45,Wdr45,0.0083,-1.3585,0.7587
Wdr45l,Wdr45l,-0.0525,-2.9551,2.505
Wdr46,Wdr46,-0.0222,-1.1465,0.5993
Wdr47,Wdr47,-0.0154,-2.8765,2.3957
Wdr48,Wdr48,-0.0095,-2.3906,1.7742
Wdr5,Wdr5,-0.0226,-2.2016,1.5576
Wdr52,Wdr52,0,,
Wdr53,Wdr53,-0.0092,-1.8013,1.1448
Wdr54,Wdr54,0,,
Wdr55,Wdr55,-0.0128,-2.1822,1.5362
Wdr59,Wdr59,0.0107,-0.0168,0.0059
Wdr5b,Wdr5b,0,,
Wdr6,Wdr6,-0.0048,-0.2639,0.1014
Wdr60,Wdr60,0.0219,-0.0168,0.0059
Wdr61,Wdr61,0.0326,-1.7622,1.1077
Wdr62,Wdr62,-0.0103,-2.8765,2.3957
Wdr63,Wdr63,0,,
Wdr64,Wdr64,0,,
Wdr65,Wdr65,0,,
Wdr66,Wdr66,0,,
Wdr67,Wdr67,0.0197,-1.1669,0.614
Wdr69,Wdr69,0,,
Wdr7,Wdr7,-0.0272,-2.5785,2.0034
Wdr70,Wdr70,0.0293,-0.2687,0.1034
Wdr72,Wdr72,0,,
Wdr73,Wdr73,0.0108,-1.0439,0.5279
Wdr74,Wdr74,-0.0256,-2.5591,1.979
Wdr75,Wdr75,-0.0378,-2.0845,1.4304
Wdr76,Wdr76,0.0061,-0.0238,0.0083
Wdr77,Wdr77,-0.0225,-0.9533,0.468
Wdr78,Wdr78,0.0144,-0.0168,0.0059
Wdr8,Wdr8,0.0005,-1.7764,1.1211
Wdr81,Wdr81,-0.0344,-2.4995,1.9053
Wdr82,Wdr82,-0.0451,-3.1144,2.7344
Wdr83,Wdr83,0.0003,-1.4868,0.8631
Wdr85,Wdr85,-0.0091,-1.2549,0.6788
Wdr86,Wdr86,0,,
Wdr89,Wdr89,-0.0201,-0.5226,0.2209
Wdr90,Wdr90,0.005,0.6927,0.3111
Wdr91,Wdr91,-0.005,-2.184,1.5382
Wdr92,Wdr92,0.003,-1.2942,0.7086
Wdr93,Wdr93,0,,
Wdr95,Wdr95,0,,
Wdr96,Wdr96,0,,
Wdsub1,Wdsub1,-0.0247,-3.5674,3.4431
Wdtc1,Wdtc1,0.0324,0.2702,0.104
Wdyhv1,Wdyhv1,-0.0199,-3.669,3.6135
Wee1,Wee1,0,,
Wee2,Wee2,0,,
Wfdc1,Wfdc1,0,,
Wfdc10,Wfdc10,0,,
Wfdc11,Wfdc11,0,,
Wfdc12,Wfdc12,0,,
Wfdc13,Wfdc13,0,,
Wfdc15a,Wfdc15a,0,,
Wfdc15b,Wfdc15b,0,,
Wfdc16,Wfdc16,0,,
Wfdc2,Wfdc2,0,,
Wfdc3,Wfdc3,0,,
Wfdc5,Wfdc5,0,,
Wfdc6a,Wfdc6a,0,,
Wfdc6b,Wfdc6b,0,,
Wfdc8,Wfdc8,0,,
Wfdc9,Wfdc9,0,,
Wfikkn1,Wfikkn1,0,,
Wfikkn2,Wfikkn2,0,,
Wfs1,Wfs1,-0.0128,-2.0286,1.3716
Whamm,Whamm,0.0229,-2.2561,1.6186
Whrn,Whrn,-0.0391,-2.2618,1.625
Whsc1,Whsc1,0.0163,-1.7606,1.1062
Whsc1l1,Whsc1l1,0.0271,-1.9226,1.2633
Whsc2,Whsc2,0.0025,-2.5202,1.9307
Wibg,Wibg,0,,
Wif1,Wif1,-0.0026,-2.0286,1.3716
Wipf1,Wipf1,0.0682,-3.2644,2.9598
Wipf2,Wipf2,-0.024,-2.4876,1.8908
Wipf3,Wipf3,-0.049,-5.2342,6.7808
Wipi1,Wipi1,0.0058,-1.2623,0.6844
Wipi2,Wipi2,-0.017,-2.4338,1.8256
Wisp1,Wisp1,0,,
Wisp2,Wisp2,0,,
Wisp3,Wisp3,0,,
Wiz,Wiz,-0.0075,-0.2665,0.1024
Wls,Wls,-0.1572,-6.4641,9.9918
Wnk1,Wnk1,0.7324,3.8399,3.9097
Wnk2,Wnk2,0,,
Wnk3-ps,Wnk3-ps,0,,
Wnk4,Wnk4,0,,
Wnt1,Wnt1,0,,
Wnt10a,Wnt10a,0.0058,0.6927,0.3111
Wnt10b,Wnt10b,0,,
Wnt11,Wnt11,0,,
Wnt16,Wnt16,0,,
Wnt2,Wnt2,0,,
Wnt2b,Wnt2b,0,,
Wnt3,Wnt3,0,,
Wnt3a,Wnt3a,0,,
Wnt4,Wnt4,0,,
Wnt5a,Wnt5a,0,,
Wnt5b,Wnt5b,0,,
Wnt6,Wnt6,0,,
Wnt7a,Wnt7a,0,,
Wnt7b,Wnt7b,-0.0043,-1.431,0.8169
Wnt8a,Wnt8a,0,,
Wnt8b,Wnt8b,0,,
Wnt9a,Wnt9a,0,,
Wnt9b,Wnt9b,0,,
Wrap53,Wrap53,-0.0091,-2.2588,1.6217
Wrb,Wrb,-0.0194,-1.967,1.3082
Wrn,Wrn,0.04,1.0507,0.5325
Wrnip1,Wrnip1,-0.0184,-2.3466,1.7225
Wsb1,Wsb1,-0.098,-6.0469,8.8308
Wsb2,Wsb2,-0.1056,-6.1192,9.0268
Wscd1,Wscd1,0.0003,-2.2838,1.6501
Wscd2,Wscd2,0,,
Wt1,Wt1,0,,
Wtap,Wtap,-0.0064,-2.1581,1.5098
Wtip,Wtip,0.0113,-1.0262,0.516
Wwc1,Wwc1,-0.0056,-1.2501,0.6751
Wwc2,Wwc2,0.0188,-0.5689,0.2446
Wwox,Wwox,-0.0278,-2.5167,1.9265
Wwp1,Wwp1,-0.0471,-1.4037,0.7948
Wwp2,Wwp2,0.0343,-0.8095,0.3786
Wwtr1,Wwtr1,-0.0154,-1.431,0.8169
X76971,X76971,0,,
X99384,X99384,-0.0535,-4.1629,4.5027
Xab2,Xab2,0.0013,-0.5677,0.2439
Xaf1,Xaf1,0.0133,-2.3721,1.7523
Xbp1,Xbp1,-0.0695,-4.8153,5.8328
Xcl1,Xcl1,0,,
Xcr1,Xcr1,0,,
Xdh,Xdh,-0.0047,-0.5226,0.2209
Xiap,Xiap,-0.0186,-3.2121,2.8802
Xirp1,Xirp1,0,,
Xirp2,Xirp2,0,,
Xist,Xist,0.0062,0.6927,0.3111
Xk,Xk,0.0033,0.6927,0.3111
Xkr4,Xkr4,0,,
Xkr5,Xkr5,0,,
Xkr6,Xkr6,0,,
Xkr7,Xkr7,0,,
Xkr8,Xkr8,-0.0194,-2.8439,2.3511
Xkr9,Xkr9,0,,
Xkrx,Xkrx,0,,
Xlr,Xlr,-0.0225,-2.2691,1.6334
Xlr3a,Xlr3a,0,,
Xlr3b,Xlr3b,0,,
Xlr3c,Xlr3c,0,,
Xlr3d-ps,Xlr3d-ps,0,,
Xlr3e-ps,Xlr3e-ps,0,,
Xlr4a,Xlr4a,0.0099,0.3307,0.1303
Xlr4b,Xlr4b,0.0024,-0.0192,0.0067
Xlr4c,Xlr4c,0.0041,-0.0168,0.0059
Xlr4d-ps,Xlr4d-ps,0,,
Xlr4e-ps,Xlr4e-ps,0,,
Xlr5a,Xlr5a,0,,
Xlr5b,Xlr5b,0,,
Xlr5c,Xlr5c,0,,
Xlr5d-ps,Xlr5d-ps,0,,
Xlr5e-ps,Xlr5e-ps,0,,
Xpa,Xpa,0.0437,-0.8435,0.3991
Xpc,Xpc,-0.019,-3.3162,3.0397
Xpnpep1,Xpnpep1,-0.0403,-4.464,5.0946
Xpnpep2,Xpnpep2,-0.0017,-1.431,0.8169
Xpnpep3,Xpnpep3,-0.0009,-0.024,0.0084
Xpo1,Xpo1,-0.1061,-4.836,5.8778
Xpo4,Xpo4,-0.0006,-1.8012,1.1447
Xpo5,Xpo5,0.0075,1.2069,0.6431
Xpo6,Xpo6,0.0437,-0.846,0.4006
Xpo7,Xpo7,0.0176,-2.1566,1.5081
Xpot,Xpot,0.0841,-0.9002,0.4341
Xpr1,Xpr1,-0.0465,-4.4063,4.9781
Xrcc1,Xrcc1,0.0438,-0.3024,0.1178
Xrcc2,Xrcc2,-0.006,-1.431,0.8169
Xrcc3,Xrcc3,0,,
Xrcc4,Xrcc4,0.0233,-0.7329,0.3339
Xrcc5,Xrcc5,0.0653,1.5508,0.9174
Xrcc6,Xrcc6,0.0687,-0.6306,0.2771
Xrcc6bp1,Xrcc6bp1,-0.0069,-1.431,0.8169
Xrn1,Xrn1,0.0193,-0.5776,0.2491
Xrn2,Xrn2,0.1183,0.3479,0.1379
Xrra1,Xrra1,0,,
Xylb,Xylb,0.0073,-0.3426,0.1356
Xylt1,Xylt1,-0.0017,-1.431,0.8169
Xylt2,Xylt2,-0.0493,-4.0214,4.2377
Y_RNA,Y_RNA,0,,
Yaf2,Yaf2,0.0123,-2.1758,1.5291
Yap1,Yap1,-0.0069,-1.431,0.8169
Yars,Yars,0.0174,-1.4301,0.8162
Yars2,Yars2,-0.0091,-1.2829,0.7
Ybey,Ybey,-0.0026,-1.431,0.8169
Ybx1,Ybx1,0.1905,-1.9834,1.3249
Ybx2,Ybx2,0,,
Ydjc,Ydjc,0.008,-0.895,0.4309
Yeats2,Yeats2,-0.0033,-0.5756,0.248
Yeats4,Yeats4,-0.0212,-3.8562,3.9386
Yes1,Yes1,-0.0077,-2.1737,1.5269
Yif1a,Yif1a,0.0148,-3.6638,3.6047
Yif1b,Yif1b,-0.0162,-3.7638,3.7764
Yipf1,Yipf1,-0.0501,-4.8409,5.8886
Yipf2,Yipf2,-0.0431,-3.4918,3.3189
Yipf3,Yipf3,-0.0135,-3.6157,3.5235
Yipf4,Yipf4,-0.0113,-2.7147,2.1782
Yipf5,Yipf5,-0.0592,-3.8773,3.9763
Yipf6,Yipf6,-0.0244,-2.749,2.2235
Yipf7,Yipf7,-0.0069,-2.0286,1.3716
Yjefn3,Yjefn3,-0.0009,-1.431,0.8169
Ykt6,Ykt6,-0.0041,-3.7185,3.698
Ylpm1,Ylpm1,0.0683,0.2525,0.0965
Yme1l1,Yme1l1,0.006,-1.7204,1.0688
Yod1,Yod1,-0.0022,-0.5196,0.2194
Ypel1,Ypel1,-0.0026,-1.431,0.8169
Ypel2,Ypel2,-0.0031,-0.5167,0.218
Ypel3,Ypel3,0.1587,-0.8076,0.3775
Ypel4,Ypel4,0,,
Ypel5,Ypel5,0.032,-1.9763,1.3176
Yrdc,Yrdc,-0.0125,-1.5795,0.9423
Ysk4,Ysk4,0,,
Ythdc1,Ythdc1,-0.018,-3.5483,3.4114
Ythdc2,Ythdc2,-0.0109,-0.3538,0.1406
Ythdf1,Ythdf1,0.0122,-2.8725,2.3902
Ythdf2,Ythdf2,-0.0965,-3.6359,3.5576
Ythdf3,Ythdf3,0.0146,-2.6877,2.1429
Ywhab,Ywhab,0.1784,-1.1046,0.5697
Ywhae,Ywhae,0.3221,0.4942,0.2068
Ywhag,Ywhag,-0.0438,-4.2792,4.7268
Ywhah,Ywhah,-0.2424,-6.9155,11.3313
Ywhaq,Ywhaq,-0.0137,-2.6342,2.074
Ywhaz,Ywhaz,0.0963,-1.6783,1.0302
Yy1,Yy1,-0.0109,-3.9985,4.1955
Yy2,Yy2,-0.0018,-0.5196,0.2194
Zadh2,Zadh2,-0.0134,-1.9062,1.247
Zan,Zan,0,,
Zap70,Zap70,0,,
Zar1,Zar1,0,,
Zar1l,Zar1l,0,,
Zbbx,Zbbx,0,,
Zbed3,Zbed3,-0.0336,-2.2348,1.5946
Zbed4,Zbed4,-0.0137,-2.8765,2.3957
Zbp1,Zbp1,0.0008,-2.243,1.6039
Zbtb1,Zbtb1,0.007,-1.6298,0.9866
Zbtb10,Zbtb10,-0.0144,-2.1871,1.5416
Zbtb12,Zbtb12,-0.0009,-1.431,0.8169
Zbtb16,Zbtb16,-0.0015,-0.5167,0.218
Zbtb17,Zbtb17,-0.0037,-1.2942,0.7086
Zbtb2,Zbtb2,-0.0435,-3.1076,2.7245
Zbtb20,Zbtb20,0.0555,-0.3888,0.1565
Zbtb22,Zbtb22,0.0303,-1.1321,0.5891
Zbtb24,Zbtb24,-0.0285,-2.651,2.0956
Zbtb25,Zbtb25,-0.0327,-2.651,2.0956
Zbtb26,Zbtb26,-0.0002,-1.2501,0.6751
Zbtb3,Zbtb3,0,,
Zbtb32,Zbtb32,-0.0026,-1.431,0.8169
Zbtb33,Zbtb33,-0.0226,-1.8054,1.1486
Zbtb34,Zbtb34,-0.001,-0.8984,0.433
Zbtb37,Zbtb37,-0.012,-1.431,0.8169
Zbtb38,Zbtb38,0.051,-1.2313,0.6611
Zbtb39,Zbtb39,0.0068,-1.7679,1.1131
Zbtb4,Zbtb4,-0.0206,-3.1595,2.8013
Zbtb40,Zbtb40,0.0116,1.5623,0.9274
Zbtb41,Zbtb41,-0.0137,-1.8137,1.1566
Zbtb42,Zbtb42,0.0056,-1.2501,0.6751
Zbtb43,Zbtb43,-0.0133,-2.1934,1.5486
Zbtb44,Zbtb44,0.0078,-1.6252,0.9825
Zbtb45,Zbtb45,0.0126,-0.0279,0.0098
Zbtb46,Zbtb46,-0.0034,-1.431,0.8169
Zbtb48,Zbtb48,-0.0099,-1.8012,1.1447
Zbtb49,Zbtb49,-0.003,-1.2549,0.6788
Zbtb5,Zbtb5,-0.0142,-1.3016,0.7144
Zbtb6,Zbtb6,-0.0024,-0.7363,0.3358
Zbtb7a,Zbtb7a,-0.0279,-2.6304,2.0691
Zbtb7b,Zbtb7b,0.0049,-2.8972,2.4242
Zbtb7c,Zbtb7c,0,,
Zbtb8a,Zbtb8a,-0.006,-1.431,0.8169
Zbtb8b,Zbtb8b,0,,
Zbtb8os,Zbtb8os,0.0434,0.1264,0.046
Zbtb9,Zbtb9,0,,
Zc3h10,Zc3h10,0.0163,-1.9406,1.2815
Zc3h11a,Zc3h11a,-0.0759,-3.8805,3.982
Zc3h12a,Zc3h12a,-0.09,-5.3536,7.0645
Zc3h12b,Zc3h12b,-0.0056,-1.7815,1.126
Zc3h12c,Zc3h12c,-0.023,-3.5308,3.3826
Zc3h12d,Zc3h12d,0,,
Zc3h13,Zc3h13,0.1305,0.1374,0.0503
Zc3h14,Zc3h14,0.0389,-2.081,1.4267
Zc3h15,Zc3h15,0.0086,-2.3085,1.6784
Zc3h18,Zc3h18,0.0154,-1.4478,0.8307
Zc3h3,Zc3h3,0.0035,-0.8916,0.4287
Zc3h4,Zc3h4,-0.0515,-2.2136,1.5709
Zc3h6,Zc3h6,-0.0365,-2.2588,1.6217
Zc3h7a,Zc3h7a,0.0044,-2.8415,2.3478
Zc3h7b,Zc3h7b,-0.0143,-2.5404,1.9557
Zc3h8,Zc3h8,-0.0213,-1.8075,1.1506
Zc3hav1,Zc3hav1,0.0617,-2.8391,2.3445
Zc3hav1l,Zc3hav1l,-0.0034,-2.0286,1.3716
Zc3hc1,Zc3hc1,-0.0542,-3.1163,2.7372
Zc4h2,Zc4h2,0.0006,-0.3482,0.1381
Zcchc10,Zcchc10,-0.0017,-1.8459,1.1877
Zcchc11,Zcchc11,0.0156,-2.1407,1.4908
Zcchc12,Zcchc12,0,,
Zcchc13,Zcchc13,0,,
Zcchc14,Zcchc14,0.0162,0.6786,0.3033
Zcchc16,Zcchc16,0,,
Zcchc17,Zcchc17,0.018,-1.2805,0.6982
Zcchc18,Zcchc18,0,,
Zcchc2,Zcchc2,-0.029,-4.2576,4.6848
Zcchc24,Zcchc24,0.0485,-1.1724,0.6179
Zcchc3,Zcchc3,-0.0281,-1.431,0.8169
Zcchc4,Zcchc4,0.004,-1.2942,0.7086
Zcchc5,Zcchc5,0,,
Zcchc6,Zcchc6,0.1107,0.187,0.0697
Zcchc7,Zcchc7,-0.0007,-1.3413,0.7452
Zcchc8,Zcchc8,-0.0089,-2.668,2.1175
Zcchc9,Zcchc9,-0.0214,-3.1553,2.795
Zcrb1,Zcrb1,-0.0279,-3.2737,2.974
Zcwpw1,Zcwpw1,0.0287,0.9172,0.4449
Zcwpw2,Zcwpw2,0,,
Zdbf2,Zdbf2,0,,
Zdhhc1,Zdhhc1,0.0025,0.6927,0.3111
Zdhhc11,Zdhhc11,0,,
Zdhhc12,Zdhhc12,-0.0007,-2.2551,1.6175
Zdhhc13,Zdhhc13,-0.0197,-3.1077,2.7246
Zdhhc14,Zdhhc14,0.0249,0.1547,0.057
Zdhhc15,Zdhhc15,0,,
Zdhhc16,Zdhhc16,-0.0071,-1.3845,0.7794
Zdhhc17,Zdhhc17,0.0196,-1.6828,1.0343
Zdhhc18,Zdhhc18,0.0266,-1.2211,0.6536
Zdhhc19,Zdhhc19,0,,
Zdhhc2,Zdhhc2,0,,
Zdhhc20,Zdhhc20,-0.0797,-3.2622,2.9564
Zdhhc21,Zdhhc21,-0.0323,-3.0904,2.6993
Zdhhc22,Zdhhc22,0,,
Zdhhc23,Zdhhc23,0,,
Zdhhc24,Zdhhc24,-0.0211,-3.1467,2.7822
Zdhhc25,Zdhhc25,0,,
Zdhhc3,Zdhhc3,0.0114,-2.0251,1.368
Zdhhc4,Zdhhc4,-0.034,-3.3742,3.1305
Zdhhc5,Zdhhc5,-0.027,-3.4037,3.1772
Zdhhc6,Zdhhc6,-0.0132,-2.2654,1.6291
Zdhhc7,Zdhhc7,-0.0106,-1.9208,1.2616
Zdhhc8,Zdhhc8,-0.0221,-3.8117,3.8601
Zdhhc9,Zdhhc9,-0.0097,-2.651,2.0955
Zeb1,Zeb1,0.0697,0.1526,0.0561
Zeb2,Zeb2,0.1776,-1.9578,1.2989
Zer1,Zer1,-0.0038,-1.6167,0.9749
Zfa,Zfa,0,,
Zfand1,Zfand1,-0.0006,-0.895,0.4309
Zfand2a,Zfand2a,-0.2048,-7.0963,11.8923
Zfand2b,Zfand2b,-0.0506,-2.5405,1.9559
Zfand3,Zfand3,0.0507,-0.6671,0.297
Zfand5,Zfand5,-0.0837,-4.2827,4.7337
Zfand6,Zfand6,0.0015,-3.0732,2.6742
Zfat,Zfat,-0.0017,-2.0286,1.3716
Zfc3h1,Zfc3h1,-0.0135,-1.1776,0.6217
Zfhx2,Zfhx2,-0.0121,-0.9069,0.4384
Zfhx3,Zfhx3,0.0801,-2.9142,2.4478
Zfhx4,Zfhx4,-0.0017,-1.431,0.8169
Zfml,Zfml,-0.0193,-2.1206,1.4691
Zfp1,Zfp1,-0.0255,-3.5308,3.3826
Zfp101,Zfp101,0.0062,0.6927,0.3111
Zfp105,Zfp105,0.0128,-0.0187,0.0065
Zfp106,Zfp106,0.1614,-0.0782,0.0279
Zfp108,Zfp108,-0.006,-1.431,0.8169
Zfp109,Zfp109,0,,
Zfp11,Zfp11,0.004,-0.3408,0.1347
Zfp110,Zfp110,-0.0423,-3.1199,2.7426
Zfp111,Zfp111,-0.0099,-2.9977,2.5653
Zfp112,Zfp112,0.0058,0.6927,0.3111
Zfp113,Zfp113,-0.0165,-1.8419,1.1838
Zfp114,Zfp114,-0.0051,-1.431,0.8169
Zfp119a,Zfp119a,0,,
Zfp119b,Zfp119b,0.0014,-0.7301,0.3322
Zfp12,Zfp12,-0.0026,-1.4645,0.8445
Zfp120,Zfp120,-0.0239,-3.2148,2.8843
Zfp125,Zfp125,-0.0043,-2.4881,1.8914
Zfp128,Zfp128,0.0024,-1.2501,0.6751
Zfp13,Zfp13,-0.006,-1.431,0.8169
Zfp133-ps,Zfp133-ps,-0.0034,-1.431,0.8169
Zfp14,Zfp14,0.0075,0.6927,0.3111
Zfp141,Zfp141,-0.003,-1.4561,0.8375
Zfp142,Zfp142,0.0073,0.468,0.194
Zfp143,Zfp143,-0.0315,-2.1932,1.5483
Zfp146,Zfp146,0,,
Zfp148,Zfp148,-0.1079,-4.1963,4.5665
Zfp157,Zfp157,-0.0189,-2.1871,1.5416
Zfp160,Zfp160,0.0091,1.2069,0.6431
Zfp161,Zfp161,0.0153,-0.0272,0.0095
Zfp167,Zfp167,-0.0051,-1.431,0.8169
Zfp169,Zfp169,-0.0043,-1.431,0.8169
Zfp174,Zfp174,0,,
Zfp180,Zfp180,-0.0402,-3.3765,3.1342
Zfp182,Zfp182,-0.0031,-0.5167,0.218
Zfp184,Zfp184,0,,
Zfp185,Zfp185,0,,
Zfp187,Zfp187,-0.0655,-4.0585,4.3063
Zfp189,Zfp189,-0.0264,-1.3128,0.723
Zfp191,Zfp191,-0.0891,-4.4544,5.0751
Zfp192,Zfp192,-0.0054,-1.7954,1.1391
Zfp2,Zfp2,-0.0026,-2.0286,1.3716
Zfp202,Zfp202,0.0076,-0.0168,0.0059
Zfp207,Zfp207,-0.0116,-3.3148,3.0376
Zfp212,Zfp212,-0.0228,-1.1776,0.6217
Zfp213,Zfp213,-0.0111,-2.4881,1.8914
Zfp217,Zfp217,-0.0157,-2.1175,1.4657
Zfp219,Zfp219,0.0108,-0.2791,0.1078
Zfp229,Zfp229,0.0158,0.9835,0.4876
Zfp235,Zfp235,0,,
Zfp236,Zfp236,0.0234,-0.5447,0.2321
Zfp238,Zfp238,0.0713,0.2336,0.0887
Zfp239,Zfp239,0.0104,0.6927,0.3111
Zfp248,Zfp248,0.0054,0.6927,0.3111
Zfp251,Zfp251,-0.0017,-1.431,0.8169
Zfp259,Zfp259,-0.0476,-1.7923,1.1362
Zfp26,Zfp26,0.0067,-1.0335,0.5209
Zfp260,Zfp260,-0.0349,-1.5634,0.9283
Zfp263,Zfp263,0.0198,-1.7698,1.1149
Zfp266,Zfp266,-0.0533,-2.5238,1.9352
Zfp27,Zfp27,-0.0179,-2.4881,1.8914
Zfp273,Zfp273,-0.0222,-1.431,0.8169
Zfp275,Zfp275,0.0224,0.5233,0.2213
Zfp276,Zfp276,-0.0064,-0.9069,0.4384
Zfp277,Zfp277,0.0102,-2.3827,1.7648
Zfp28,Zfp28,-0.0009,-1.431,0.8169
Zfp280b,Zfp280b,0.0352,0.6108,0.2665
Zfp280c,Zfp280c,-0.0052,-0.5226,0.2209
Zfp280d,Zfp280d,0.0265,-0.2336,0.0887
Zfp281,Zfp281,-0.018,-2.5617,1.9823
Zfp282,Zfp282,-0.0061,-2.2551,1.6175
Zfp286,Zfp286,0,,
Zfp287,Zfp287,-0.0034,-1.431,0.8169
Zfp292,Zfp292,-0.0252,-3.5117,3.3513
Zfp295,Zfp295,-0.0065,-2.6476,2.0912
Zfp296,Zfp296,0.0053,-0.0168,0.0059
Zfp3,Zfp3,-0.0094,-1.431,0.8169
Zfp30,Zfp30,0.0176,0.3286,0.1293
Zfp300,Zfp300,0,,
Zfp316,Zfp316,-0.011,-1.8578,1.1993
Zfp317,Zfp317,0,,
Zfp318,Zfp318,0.021,-1.8894,1.2304
Zfp319,Zfp319,0,-0.5167,0.218
Zfp322a,Zfp322a,-0.0222,-1.8102,1.1532
Zfp324,Zfp324,-0.0268,-2.2662,1.6301
Zfp326,Zfp326,0.0114,-2.4247,1.8147
Zfp329,Zfp329,-0.0056,-1.8054,1.1486
Zfp330,Zfp330,0.0369,-1.0173,0.51
Zfp334,Zfp334,0,,
Zfp335,Zfp335,-0.0029,-0.8992,0.4335
Zfp341,Zfp341,-0.0145,-2.4881,1.8914
Zfp345,Zfp345,0,,
Zfp346,Zfp346,-0.0011,-1.4575,0.8387
Zfp35,Zfp35,-0.0144,-2.1885,1.5432
Zfp352,Zfp352,-0.0017,-1.431,0.8169
Zfp353,Zfp353,0,,
Zfp354a,Zfp354a,0,,
Zfp354b,Zfp354b,0,,
Zfp354c,Zfp354c,-0.0035,-0.5167,0.218
Zfp358,Zfp358,0.0163,-0.0209,0.0073
Zfp36,Zfp36,-0.6133,-6.9259,11.3632
Zfp362,Zfp362,-0.0311,-2.189,1.5437
Zfp365,Zfp365,-0.0034,-1.431,0.8169
Zfp366,Zfp366,0,,
Zfp367,Zfp367,-0.0053,-1.8856,1.2266
Zfp369,Zfp369,0.0019,-0.3408,0.1347
Zfp36l1,Zfp36l1,-0.3067,-6.1199,9.0284
Zfp36l2,Zfp36l2,-0.0673,-3.0843,2.6904
Zfp36l3,Zfp36l3,-0.0034,-1.431,0.8169
Zfp37,Zfp37,-0.0094,-2.4881,1.8914
Zfp382,Zfp382,0,,
Zfp384,Zfp384,0.0008,-2.9451,2.491
Zfp385a,Zfp385a,0.0419,-0.7835,0.3632
Zfp385b,Zfp385b,0,,
Zfp385c,Zfp385c,0.0115,-0.0192,0.0067
Zfp386,Zfp386,-0.01,-1.5445,0.912
Zfp389,Zfp389,0,,
Zfp39,Zfp39,0.0024,-0.5167,0.218
Zfp395,Zfp395,-0.0098,-1.8485,1.1902
Zfp397,Zfp397,-0.0161,-1.3766,0.7731
Zfp398,Zfp398,0.0083,0.6927,0.3111
Zfp40,Zfp40,0.0108,-0.0168,0.0059
Zfp407,Zfp407,-0.0028,-2.2551,1.6175
Zfp408,Zfp408,0.001,-0.0216,0.0075
Zfp41,Zfp41,0.0162,0.9835,0.4876
Zfp410,Zfp410,-0.0083,-2.1779,1.5315
Zfp414,Zfp414,0.0358,-1.218,0.6513
Zfp418,Zfp418,0,,
Zfp419,Zfp419,0,,
Zfp42,Zfp42,0,,
Zfp420,Zfp420,0.0029,-0.5167,0.218
Zfp422,Zfp422,-0.0514,-3.218,2.8891
Zfp422-rs1,Zfp422-rs1,0,,
Zfp423,Zfp423,0,,
Zfp426,Zfp426,-0.0093,-0.0488,0.0172
Zfp428,Zfp428,0,,
Zfp429,Zfp429,0.0061,-0.5167,0.218
Zfp438,Zfp438,-0.0074,-1.2549,0.6788
Zfp442,Zfp442,0,,
Zfp444,Zfp444,-0.001,-1.5331,0.9022
Zfp445,Zfp445,0.0273,0.6927,0.3111
Zfp446,Zfp446,-0.0137,-2.4881,1.8914
Zfp449,Zfp449,-0.0043,-1.431,0.8169
Zfp451,Zfp451,-0.0366,-1.8601,1.2015
Zfp454,Zfp454,0,,
Zfp455,Zfp455,-0.0173,-1.2549,0.6788
Zfp456,Zfp456,-0.0087,-1.3091,0.7201
Zfp457,Zfp457,0,,
Zfp458,Zfp458,-0.0077,-2.0286,1.3716
Zfp459,Zfp459,0,,
Zfp46,Zfp46,0.013,-0.5566,0.2382
Zfp462,Zfp462,0,,
Zfp467,Zfp467,-0.0243,-2.8171,2.3146
Zfp472,Zfp472,-0.0281,-2.8765,2.3957
Zfp473,Zfp473,0,,
Zfp474,Zfp474,0,,
Zfp488,Zfp488,0,,
Zfp493,Zfp493,0.0079,0.6927,0.3111
Zfp498,Zfp498,0,,
Zfp503,Zfp503,-0.0051,-1.431,0.8169
Zfp507,Zfp507,0,,
Zfp51,Zfp51,-0.0086,-2.0286,1.3716
Zfp511,Zfp511,-0.0026,-2.808,2.3024
Zfp512,Zfp512,-0.0192,-2.2243,1.5829
Zfp513,Zfp513,0.0121,-2.6151,2.0496
Zfp516,Zfp516,0.0146,-1.5328,0.902
Zfp518a,Zfp518a,-0.002,-1.2518,0.6764
Zfp518b,Zfp518b,0.0092,-1.2501,0.6751
Zfp52,Zfp52,-0.0132,-0.4988,0.2091
Zfp521,Zfp521,0,,
Zfp523,Zfp523,0.0158,-0.7343,0.3347
Zfp524,Zfp524,-0.0105,-1.3861,0.7806
Zfp526,Zfp526,0,,
Zfp53,Zfp53,0.0007,-1.2942,0.7086
Zfp532,Zfp532,-0.0138,-2.2789,1.6445
Zfp534,Zfp534,0,,
Zfp536,Zfp536,-0.0077,-1.431,0.8169
Zfp54,Zfp54,0,,
Zfp541,Zfp541,0,,
Zfp551,Zfp551,-0.0009,-1.431,0.8169
Zfp553,Zfp553,-0.0226,-2.2681,1.6322
Zfp558,Zfp558,0.0017,0.9835,0.4876
Zfp560,Zfp560,-0.0613,-4.6313,5.4396
Zfp563,Zfp563,0,,
Zfp566,Zfp566,0,,
Zfp568,Zfp568,0.0025,0.6927,0.3111
Zfp57,Zfp57,0,,
Zfp574,Zfp574,-0.0069,-2.8765,2.3957
Zfp575,Zfp575,0,,
Zfp579,Zfp579,-0.0073,-3.4842,3.3066
Zfp58,Zfp58,0.0076,-0.5167,0.218
Zfp580,Zfp580,-0.0174,-2.2231,1.5816
Zfp583,Zfp583,0,,
Zfp59,Zfp59,0.0029,-0.0168,0.0059
Zfp592,Zfp592,-0.0182,-2.0596,1.4041
Zfp593,Zfp593,-0.0041,-0.8928,0.4295
Zfp595,Zfp595,0.0132,-0.0221,0.0077
Zfp597,Zfp597,0.0089,-1.3672,0.7655
Zfp598,Zfp598,-0.0037,-2.5216,1.9324
Zfp599,Zfp599,0,,
Zfp60,Zfp60,0.0085,0.8338,0.3932
Zfp600,Zfp600,0,,
Zfp605,Zfp605,-0.0086,-1.431,0.8169
Zfp606,Zfp606,-0.0042,-0.8984,0.433
Zfp607,Zfp607,0,,
Zfp608,Zfp608,0.0251,-1.45,0.8325
Zfp609,Zfp609,-0.0151,-2.1919,1.5469
Zfp61,Zfp61,-0.0331,-2.4881,1.8914
Zfp612,Zfp612,0,,
Zfp616,Zfp616,0,,
Zfp617,Zfp617,0.0078,-0.0168,0.0059
Zfp618,Zfp618,-0.0009,-1.431,0.8169
Zfp619,Zfp619,0.0042,0.6927,0.3111
Zfp62,Zfp62,-0.048,-3.6292,3.5463
Zfp622,Zfp622,-0.0169,-3.1654,2.81
Zfp623,Zfp623,0.0019,-0.7301,0.3322
Zfp626,Zfp626,0,,
Zfp628,Zfp628,-0.0016,-1.7925,1.1363
Zfp629,Zfp629,-0.0125,-1.3814,0.7768
Zfp637,Zfp637,0.0064,-1.2575,0.6807
Zfp639,Zfp639,0.0037,-1.1657,0.6131
Zfp64,Zfp64,0.0054,-0.5167,0.218
Zfp640,Zfp640,0,,
Zfp641,Zfp641,-0.0026,-1.431,0.8169
Zfp644,Zfp644,-0.0562,-4.7452,5.6814
Zfp646,Zfp646,-0.0116,-2.2551,1.6175
Zfp647,Zfp647,0,,
Zfp648,Zfp648,0,,
Zfp651,Zfp651,0.0119,0.3245,0.1275
Zfp652,Zfp652,0.1016,-0.9086,0.4394
Zfp653,Zfp653,-0.0048,-1.7815,1.126
Zfp654,Zfp654,-0.0514,-4.2809,4.7301
Zfp655,Zfp655,-0.0741,-2.8705,2.3875
Zfp658,Zfp658,-0.0209,-2.2644,1.628
Zfp661,Zfp661,-0.0017,-1.431,0.8169
Zfp663,Zfp663,0,,
Zfp664,Zfp664,-0.0403,-3.3649,3.116
Zfp667,Zfp667,-0.0051,-1.431,0.8169
Zfp668,Zfp668,0.0025,-1.7679,1.1131
Zfp672,Zfp672,-0.0077,-1.8525,1.1941
Zfp677,Zfp677,-0.0061,-0.7425,0.3394
Zfp68,Zfp68,-0.0214,-2.8521,2.3623
Zfp687,Zfp687,0.0084,-1.0321,0.5199
Zfp688,Zfp688,0.0043,-1.4575,0.8387
Zfp689,Zfp689,-0.0086,-2.0286,1.3716
Zfp69,Zfp69,-0.0297,-2.3781,1.7594
Zfp691,Zfp691,-0.0325,-3.3798,3.1394
Zfp692,Zfp692,0.0036,-0.7301,0.3322
Zfp697,Zfp697,-0.034,-3.2233,2.8972
Zfp7,Zfp7,0.0075,0.6927,0.3111
Zfp703,Zfp703,0.0051,-3.2449,2.93
Zfp704,Zfp704,-0.068,-3.6441,3.5713
Zfp706,Zfp706,0.1995,-1.424,0.8112
Zfp707,Zfp707,0.0025,0.6927,0.3111
Zfp708,Zfp708,-0.0069,-2.0286,1.3716
Zfp709,Zfp709,0,,
Zfp71-rs1,Zfp71-rs1,0.0151,-0.2731,0.1053
Zfp710,Zfp710,0.0339,-2.6412,2.0829
Zfp711,Zfp711,0,,
Zfp712,Zfp712,-0.0111,-2.0286,1.3716
Zfp715,Zfp715,-0.0439,-1.9226,1.2634
Zfp719,Zfp719,-0.0158,-0.9188,0.4459
Zfp72,Zfp72,0,,
Zfp735,Zfp735,0,,
Zfp738,Zfp738,-0.0105,-2.1871,1.5416
Zfp74,Zfp74,0.0007,-1.2942,0.7086
Zfp740,Zfp740,0.0037,-1.6852,1.0365
Zfp746,Zfp746,-0.0377,-2.8541,2.3649
Zfp747,Zfp747,-0.012,-2.4881,1.8914
Zfp748,Zfp748,0.0041,-1.2501,0.6751
Zfp750,Zfp750,0,,
Zfp758,Zfp758,0.0014,-0.5693,0.2447
Zfp759,Zfp759,-0.0162,-2.0286,1.3716
Zfp760,Zfp760,-0.0133,-1.2549,0.6788
Zfp763,Zfp763,0.0073,-0.5167,0.218
Zfp764,Zfp764,0.0267,0.844,0.3994
Zfp768,Zfp768,-0.018,-3.0008,2.5698
Zfp770,Zfp770,-0.0155,-2.6476,2.0912
Zfp771,Zfp771,0.0212,-0.8726,0.417
Zfp772,Zfp772,-0.0103,-2.4881,1.8914
Zfp773,Zfp773,-0.0009,-1.431,0.8169
Zfp775,Zfp775,0.0232,0.9835,0.4876
Zfp777,Zfp777,-0.0036,-1.7764,1.1211
Zfp78,Zfp78,0,,
Zfp780b,Zfp780b,0,,
Zfp781,Zfp781,0,,
Zfp783,Zfp783,0,,
Zfp784,Zfp784,0,,
Zfp786,Zfp786,0,,
Zfp787,Zfp787,0.0048,-1.0243,0.5147
Zfp788,Zfp788,0.0033,0.9835,0.4876
Zfp790,Zfp790,0.0043,-1.7679,1.1131
Zfp791,Zfp791,0,,
Zfp799,Zfp799,0.0125,0.9835,0.4876
Zfp800,Zfp800,-0.0037,-2.515,1.9243
Zfp804a,Zfp804a,0,,
Zfp804b,Zfp804b,0,,
Zfp808,Zfp808,-0.0086,-1.431,0.8169
Zfp809,Zfp809,-0.0001,-0.3445,0.1364
Zfp81,Zfp81,0.0049,0.3286,0.1293
Zfp810,Zfp810,-0.0095,-1.8054,1.1486
Zfp811,Zfp811,0,,
Zfp819,Zfp819,0,,
Zfp82,Zfp82,0,,
Zfp820,Zfp820,0,,
Zfp821,Zfp821,-0.001,-0.0216,0.0075
Zfp825,Zfp825,0.0037,0.6927,0.3111
Zfp827,Zfp827,0.006,-0.7301,0.3322
Zfp828,Zfp828,0.0024,-1.2487,0.6741
Zfp830,Zfp830,-0.0315,-2.5617,1.9823
Zfp831,Zfp831,0,,
Zfp839,Zfp839,0,,
Zfp84,Zfp84,0.0085,-0.2805,0.1084
Zfp846,Zfp846,-0.0009,-1.431,0.8169
Zfp85-rs1,Zfp85-rs1,-0.0051,-2.4881,1.8914
Zfp850,Zfp850,0,,
Zfp865,Zfp865,0.0157,-1.3719,0.7693
Zfp866,Zfp866,-0.0157,-1.0453,0.5289
Zfp867,Zfp867,0,,
Zfp868,Zfp868,-0.0025,-2.1695,1.5223
Zfp869,Zfp869,-0.0043,-1.431,0.8169
Zfp87,Zfp87,-0.0281,-2.0286,1.3716
Zfp870,Zfp870,0,,
Zfp871,Zfp871,-0.0185,-1.5815,0.944
Zfp872,Zfp872,0,,
Zfp873,Zfp873,-0.0043,-1.431,0.8169
Zfp874a,Zfp874a,-0.0238,-2.4881,1.8914
Zfp874b,Zfp874b,-0.0255,-2.8765,2.3957
Zfp879,Zfp879,0,,
Zfp882,Zfp882,-0.0026,-1.431,0.8169
Zfp9,Zfp9,0,,
Zfp90,Zfp90,0.036,-0.7279,0.331
Zfp91,Zfp91,0.0102,-2.9589,2.5103
Zfp92,Zfp92,0,,
Zfp93,Zfp93,-0.0034,-1.431,0.8169
Zfp930,Zfp930,-0.0103,-2.0286,1.3716
Zfp931,Zfp931,0.0178,0.2381,0.0906
Zfp932,Zfp932,0.0114,-0.3408,0.1347
Zfp933,Zfp933,-0.006,-0.5226,0.2209
Zfp934,Zfp934,0.0025,0.6927,0.3111
Zfp935,Zfp935,0,,
Zfp936,Zfp936,0,,
Zfp937,Zfp937,0.0111,-0.0168,0.0059
Zfp938,Zfp938,-0.0205,-2.8765,2.3957
Zfp939,Zfp939,-0.006,-1.431,0.8169
Zfp94,Zfp94,0.0083,0.6927,0.3111
Zfp940,Zfp940,-0.0017,-1.431,0.8169
Zfp941,Zfp941,0,,
Zfp942,Zfp942,0.0167,-0.7455,0.341
Zfp943,Zfp943,0.0247,1.0407,0.5258
Zfp944,Zfp944,0.0071,-0.2761,0.1065
Zfp945,Zfp945,-0.018,-2.5706,1.9934
Zfp946,Zfp946,0.0133,0.6927,0.3111
Zfp947,Zfp947,-0.0128,-1.431,0.8169
Zfp948,Zfp948,0,,
Zfp949,Zfp949,-0.0051,-1.431,0.8169
Zfp950,Zfp950,-0.0036,-1.8012,1.1447
Zfp951,Zfp951,0.0003,-1.2501,0.6751
Zfp952,Zfp952,-0.0188,-2.8765,2.3957
Zfp953,Zfp953,-0.0077,-1.431,0.8169
Zfp954,Zfp954,-0.0045,-1.8012,1.1447
Zfp955a,Zfp955a,0.012,0.6927,0.3111
Zfp955b,Zfp955b,0.0078,-0.5167,0.218
Zfp956,Zfp956,-0.0005,-0.5167,0.218
Zfp957,Zfp957,0,,
Zfp958,Zfp958,-0.0026,-1.2501,0.6751
Zfp959,Zfp959,-0.0137,-1.2597,0.6824
Zfp960,Zfp960,0.0012,-0.5167,0.218
Zfp961,Zfp961,-0.0014,-0.8984,0.433
Zfp963,Zfp963,0,,
Zfp964,Zfp964,0,,
Zfp97,Zfp97,0.0054,0.6927,0.3111
Zfpl1,Zfpl1,-0.0435,-1.2094,0.6449
Zfpm1,Zfpm1,-0.0968,-3.8286,3.8898
Zfpm2,Zfpm2,0,,
Zfr,Zfr,-0.0336,-3.3278,3.0578
Zfr2,Zfr2,0,,
Zfx,Zfx,0.0024,-0.0527,0.0186
Zfy1,Zfy1,-0.0069,-1.431,0.8169
Zfy2,Zfy2,0,,
Zfyve1,Zfyve1,-0.0048,-2.5328,1.9463
Zfyve16,Zfyve16,0.0238,-0.7122,0.3221
Zfyve19,Zfyve19,-0.0546,-2.8683,2.3844
Zfyve20,Zfyve20,0.0377,0.6382,0.2812
Zfyve21,Zfyve21,-0.0636,-4.0179,4.2313
Zfyve26,Zfyve26,-0.0812,-4.0875,4.3605
Zfyve27,Zfyve27,-0.0237,-2.2208,1.579
Zfyve28,Zfyve28,-0.0027,-0.5167,0.218
Zfyve9,Zfyve9,0.0042,-1.0453,0.5289
Zg16,Zg16,0,,
Zglp1,Zglp1,0,,
Zgpat,Zgpat,-0.0096,-1.3766,0.7731
Zhx1,Zhx1,0.0786,-0.2713,0.1045
Zhx2,Zhx2,0.0153,0.6108,0.2665
Zhx3,Zhx3,0.0071,-0.7399,0.3378
Zic1,Zic1,0,,
Zic2,Zic2,0,,
Zic3,Zic3,0,,
Zic4,Zic4,0,,
Zic5,Zic5,0,,
Zik1,Zik1,-0.0264,-1.431,0.8169
Zim1,Zim1,0,,
Zkscan1,Zkscan1,-0.0431,-3.6858,3.6421
Zkscan14,Zkscan14,0.0018,-0.7301,0.3322
Zkscan16,Zkscan16,0,,
Zkscan17,Zkscan17,-0.0111,-3.9798,4.1613
Zkscan2,Zkscan2,0,,
Zkscan3,Zkscan3,-0.0287,-2.4523,1.8479
Zkscan4,Zkscan4,0.0042,0.9835,0.4876
Zkscan5,Zkscan5,-0.0188,-2.2625,1.6259
Zkscan6,Zkscan6,-0.0193,-2.9977,2.5653
Zmat1,Zmat1,-0.0105,-1.4631,0.8433
Zmat2,Zmat2,-0.0067,-1.8695,1.2107
Zmat3,Zmat3,-0.0255,-4.0854,4.3566
Zmat4,Zmat4,0,,
Zmat5,Zmat5,-0.0522,-2.5564,1.9757
Zmiz1,Zmiz1,-0.0485,-3.154,2.793
Zmiz2,Zmiz2,-0.0527,-4.5942,5.3621
Zmpste24,Zmpste24,0.0095,-3.3229,3.0502
Zmym1,Zmym1,0.0006,-0.7301,0.3322
Zmym2,Zmym2,0.0073,-1.1644,0.6122
Zmym3,Zmym3,0.0237,-0.9176,0.4451
Zmym4,Zmym4,-0.0304,-1.3791,0.775
Zmym5,Zmym5,-0.0139,-2.386,1.7687
Zmym6,Zmym6,-0.0026,-1.431,0.8169
Zmynd10,Zmynd10,0,,
Zmynd11,Zmynd11,0.087,-0.4519,0.1862
Zmynd12,Zmynd12,0,,
Zmynd15,Zmynd15,0.0067,0.6927,0.3111
Zmynd17,Zmynd17,-0.0034,-1.431,0.8169
Zmynd19,Zmynd19,0.0231,-0.8916,0.4288
Zmynd8,Zmynd8,-0.0678,-3.7909,3.8236
Znf512b,Znf512b,-0.0074,-1.2549,0.6788
Znfx1,Znfx1,-0.0086,-2.2697,1.6341
Znhit1,Znhit1,0.0085,-2.104,1.4513
Znhit2-ps,Znhit2-ps,0.0376,-0.0109,0.0038
Znhit3,Znhit3,0.0189,-0.8916,0.4288
Znhit6,Znhit6,0.0303,-0.778,0.36
Znrd1,Znrd1,-0.0731,-3.7797,3.804
Znrd1as,Znrd1as,-0.0017,-0.5226,0.2209
Znrf1,Znrf1,0.0002,-2.7143,2.1778
Znrf2,Znrf2,-0.0298,-4.4494,5.065
Znrf3,Znrf3,-0.015,-2.2681,1.6322
Znrf4,Znrf4,0,,
Zp1,Zp1,0,,
Zp2,Zp2,0,,
Zp3,Zp3,0,,
Zp3r,Zp3r,0,,
Zpbp,Zpbp,-0.0077,-2.0286,1.3716
Zpbp2,Zpbp2,0,,
Zpld1,Zpld1,0,,
Zranb1,Zranb1,-0.016,-2.5825,2.0084
Zranb2,Zranb2,0.0712,-1.0826,0.5544
Zranb3,Zranb3,-0.0001,-0.5167,0.218
Zrsr1,Zrsr1,-0.0071,-1.888,1.229
Zrsr2,Zrsr2,-0.0206,-2.8933,2.4188
Zscan10,Zscan10,0,,
Zscan12,Zscan12,-0.0096,-0.9086,0.4394
Zscan18,Zscan18,-0.0103,-2.0286,1.3716
Zscan2,Zscan2,0,,
Zscan20,Zscan20,-0.0069,-1.431,0.8169
Zscan21,Zscan21,0.0011,-0.751,0.3443
Zscan22,Zscan22,-0.0011,-0.3464,0.1372
Zscan29,Zscan29,0.0178,-0.0351,0.0123
Zscan30,Zscan30,0,,
Zscan4-ps2,Zscan4-ps2,0,,
Zscan4b,Zscan4b,0,,
Zscan4c,Zscan4c,0,,
Zscan4d,Zscan4d,0,,
Zscan4e,Zscan4e,0,,
Zscan4f,Zscan4f,0,,
Zscan5b,Zscan5b,0,,
Zswim1,Zswim1,-0.0154,-1.2597,0.6824
Zswim2,Zswim2,0,,
Zswim3,Zswim3,0,,
Zswim4,Zswim4,-0.0053,-1.7764,1.1211
Zswim5,Zswim5,-0.0007,-2.2551,1.6175
Zswim6,Zswim6,-0.0276,-3.3827,3.1441
Zswim7,Zswim7,0.0248,1.2069,0.6431
Zufsp,Zufsp,-0.0303,-3.0957,2.707
Zw10,Zw10,-0.0358,-0.2582,0.099
Zwilch,Zwilch,0,,
Zwint,Zwint,-0.0145,-1.8337,1.1759
Zxda,Zxda,0,,
Zxdb,Zxdb,0.0081,-0.3445,0.1364
Zxdc,Zxdc,-0.0394,-3.3654,3.1168
Zyg11a,Zyg11a,0,,
Zyg11b,Zyg11b,0.048,-2.2495,1.6112
Zyx,Zyx,0.0501,0.0232,0.0081
Zzef1,Zzef1,0.0207,-0.7429,0.3396
Zzz3,Zzz3,-0.1006,-2.8188,2.3169
a,a,0,,
l7Rn6,l7Rn6,0.0499,-0.3322,0.1309
mmu-mir-1194,mmu-mir-1194,0,,
mmu-mir-1902,mmu-mir-1902,0,,
mmu-mir-1907,mmu-mir-1907,0,,
mmu-mir-2134-1,mmu-mir-2134-1,0,,
mmu-mir-2134-2,mmu-mir-2134-2,0.0037,0.6927,0.3111
mmu-mir-2134-4,mmu-mir-2134-4,0.0004,-0.0357,0.0126
mmu-mir-466b-1,mmu-mir-466b-1,0,,
mmu-mir-466c,mmu-mir-466c,0,,
mmu-mir-467a,mmu-mir-467a,0,,
mmu-mir-669a-1,mmu-mir-669a-1,0,,
mmu-mir-669k,mmu-mir-669k,0,,
mmu-mir-689-2,mmu-mir-689-2,-0.0061,-1.1783,0.6222
mmu-mir-703,mmu-mir-703,0.4722,6.1098,9.001
mt-Atp6,mt-Atp6,0,,
mt-Atp8,mt-Atp8,0,,
mt-Co1,mt-Co1,0,,
mt-Co2,mt-Co2,0,,
mt-Co3,mt-Co3,0,,
mt-Cytb,mt-Cytb,0,,
mt-Nd1,mt-Nd1,0,,
mt-Nd2,mt-Nd2,0,,
mt-Nd3,mt-Nd3,0,,
mt-Nd4,mt-Nd4,0,,
mt-Nd4l,mt-Nd4l,0,,
mt-Nd5,mt-Nd5,0,,
mt-Nd6,mt-Nd6,0,,
mt-Rnr1,mt-Rnr1,0,,
mt-Rnr2,mt-Rnr2,0,,
mt-Ta,mt-Ta,0,,
mt-Tc,mt-Tc,0,,
mt-Td,mt-Td,0,,
mt-Te,mt-Te,0,,
mt-Tf,mt-Tf,0,,
mt-Tg,mt-Tg,0,,
mt-Th,mt-Th,0,,
mt-Ti,mt-Ti,0,,
mt-Tk,mt-Tk,0,,
mt-Tl1,mt-Tl1,0,,
mt-Tl2,mt-Tl2,0,,
mt-Tm,mt-Tm,0,,
mt-Tn,mt-Tn,0,,
mt-Tp,mt-Tp,0,,
mt-Tq,mt-Tq,0,,
mt-Tr,mt-Tr,0,,
mt-Ts1,mt-Ts1,0,,
mt-Ts2,mt-Ts2,0,,
mt-Tt,mt-Tt,0,,
mt-Tv,mt-Tv,0,,
mt-Tw,mt-Tw,0,,
mt-Ty,mt-Ty,0,,
n-R5-8s1,n-R5-8s1,0,,
n-R5s1,n-R5s1,0,,
n-R5s10,n-R5s10,0,,
n-R5s100,n-R5s100,0,,
n-R5s101,n-R5s101,0,,
n-R5s102,n-R5s102,0,,
n-R5s103,n-R5s103,0,,
n-R5s104,n-R5s104,0,,
n-R5s105,n-R5s105,0,,
n-R5s106,n-R5s106,0,,
n-R5s107,n-R5s107,0,,
n-R5s108,n-R5s108,0,,
n-R5s109,n-R5s109,0,,
n-R5s110,n-R5s110,0,,
n-R5s111,n-R5s111,0,,
n-R5s112,n-R5s112,0,,
n-R5s113,n-R5s113,0,,
n-R5s114,n-R5s114,0,,
n-R5s115,n-R5s115,0,,
n-R5s117,n-R5s117,0,,
n-R5s118,n-R5s118,0,,
n-R5s119,n-R5s119,0,,
n-R5s12,n-R5s12,0,,
n-R5s120,n-R5s120,0,,
n-R5s121,n-R5s121,0,,
n-R5s122,n-R5s122,0,,
n-R5s123,n-R5s123,0,,
n-R5s124,n-R5s124,0,,
n-R5s125,n-R5s125,0,,
n-R5s127,n-R5s127,0,,
n-R5s128,n-R5s128,0,,
n-R5s129,n-R5s129,0,,
n-R5s13,n-R5s13,0,,
n-R5s130,n-R5s130,0,,
n-R5s131,n-R5s131,0,,
n-R5s133,n-R5s133,0,,
n-R5s134,n-R5s134,0,,
n-R5s136,n-R5s136,0,,
n-R5s138,n-R5s138,0,,
n-R5s139,n-R5s139,0,,
n-R5s14,n-R5s14,0,,
n-R5s141,n-R5s141,0,,
n-R5s142,n-R5s142,0,,
n-R5s143,n-R5s143,0,,
n-R5s144,n-R5s144,0,,
n-R5s146,n-R5s146,0,,
n-R5s149,n-R5s149,0,,
n-R5s15,n-R5s15,0,,
n-R5s150,n-R5s150,0,,
n-R5s151,n-R5s151,0,,
n-R5s152,n-R5s152,0,,
n-R5s153,n-R5s153,0,,
n-R5s154,n-R5s154,0,,
n-R5s155,n-R5s155,0,,
n-R5s156,n-R5s156,0,,
n-R5s157,n-R5s157,0,,
n-R5s158,n-R5s158,0,,
n-R5s159,n-R5s159,0,,
n-R5s16,n-R5s16,0,,
n-R5s160,n-R5s160,0,,
n-R5s161,n-R5s161,0,,
n-R5s162,n-R5s162,0,,
n-R5s164,n-R5s164,0,,
n-R5s165,n-R5s165,0,,
n-R5s166,n-R5s166,0,,
n-R5s167,n-R5s167,0,,
n-R5s168,n-R5s168,0,,
n-R5s169,n-R5s169,0,,
n-R5s170,n-R5s170,0,,
n-R5s171,n-R5s171,0,,
n-R5s172,n-R5s172,0,,
n-R5s173,n-R5s173,0,,
n-R5s174,n-R5s174,0,,
n-R5s175,n-R5s175,0,,
n-R5s176,n-R5s176,0,,
n-R5s178,n-R5s178,0,,
n-R5s179,n-R5s179,0,,
n-R5s18,n-R5s18,0,,
n-R5s180,n-R5s180,0,,
n-R5s182,n-R5s182,0,,
n-R5s183,n-R5s183,0,,
n-R5s185,n-R5s185,0,,
n-R5s187,n-R5s187,0,,
n-R5s188,n-R5s188,0,,
n-R5s189,n-R5s189,0,,
n-R5s19,n-R5s19,0,,
n-R5s191,n-R5s191,0,,
n-R5s192,n-R5s192,0,,
n-R5s193,n-R5s193,-0.0043,-2.0286,1.3716
n-R5s194,n-R5s194,0,,
n-R5s195,n-R5s195,0,,
n-R5s196,n-R5s196,0,,
n-R5s197,n-R5s197,0,,
n-R5s198,n-R5s198,0,,
n-R5s2,n-R5s2,0,,
n-R5s200,n-R5s200,0,,
n-R5s201,n-R5s201,0,,
n-R5s202,n-R5s202,0,,
n-R5s204,n-R5s204,0,,
n-R5s205,n-R5s205,0,,
n-R5s207,n-R5s207,0,,
n-R5s209,n-R5s209,0,,
n-R5s21,n-R5s21,0,,
n-R5s210,n-R5s210,0,,
n-R5s211,n-R5s211,0,,
n-R5s213,n-R5s213,0.0195,0.6927,0.3111
n-R5s214,n-R5s214,0,,
n-R5s215,n-R5s215,0,,
n-R5s216,n-R5s216,0,,
n-R5s217,n-R5s217,0,,
n-R5s218,n-R5s218,0,,
n-R5s219,n-R5s219,0,,
n-R5s220,n-R5s220,0,,
n-R5s23,n-R5s23,0,,
n-R5s24,n-R5s24,0,,
n-R5s25,n-R5s25,0,,
n-R5s26,n-R5s26,0,,
n-R5s27,n-R5s27,0,,
n-R5s28,n-R5s28,0,,
n-R5s29,n-R5s29,0,,
n-R5s3,n-R5s3,0,,
n-R5s30,n-R5s30,0,,
n-R5s31,n-R5s31,0,,
n-R5s32,n-R5s32,0,,
n-R5s33,n-R5s33,0,,
n-R5s34,n-R5s34,0,,
n-R5s36,n-R5s36,0,,
n-R5s37,n-R5s37,0,,
n-R5s39,n-R5s39,0,,
n-R5s40,n-R5s40,0,,
n-R5s41,n-R5s41,0,,
n-R5s42,n-R5s42,0,,
n-R5s43,n-R5s43,0,,
n-R5s45,n-R5s45,0,,
n-R5s46,n-R5s46,0,,
n-R5s47,n-R5s47,0,,
n-R5s48,n-R5s48,0,,
n-R5s5,n-R5s5,0,,
n-R5s50,n-R5s50,0,,
n-R5s51,n-R5s51,0,,
n-R5s52,n-R5s52,0,,
n-R5s54,n-R5s54,0,,
n-R5s56,n-R5s56,0,,
n-R5s58,n-R5s58,0,,
n-R5s6,n-R5s6,0,,
n-R5s60,n-R5s60,0,,
n-R5s61,n-R5s61,0,,
n-R5s62,n-R5s62,0,,
n-R5s63,n-R5s63,0,,
n-R5s64,n-R5s64,0,,
n-R5s65,n-R5s65,0,,
n-R5s67,n-R5s67,0,,
n-R5s68,n-R5s68,0,,
n-R5s69,n-R5s69,0,,
n-R5s7,n-R5s7,0,,
n-R5s70,n-R5s70,0,,
n-R5s71,n-R5s71,0,,
n-R5s72,n-R5s72,0,,
n-R5s73,n-R5s73,0,,
n-R5s74,n-R5s74,0,,
n-R5s76,n-R5s76,0,,
n-R5s77,n-R5s77,0,,
n-R5s79,n-R5s79,0,,
n-R5s8,n-R5s8,0,,
n-R5s80,n-R5s80,0,,
n-R5s82,n-R5s82,0,,
n-R5s84,n-R5s84,0,,
n-R5s85,n-R5s85,0,,
n-R5s86,n-R5s86,0,,
n-R5s87,n-R5s87,0,,
n-R5s88,n-R5s88,0,,
n-R5s89,n-R5s89,0,,
n-R5s9,n-R5s9,0,,
n-R5s90,n-R5s90,0,,
n-R5s92,n-R5s92,0,,
n-R5s93,n-R5s93,0,,
n-R5s94,n-R5s94,0,,
n-R5s95,n-R5s95,0,,
n-R5s96,n-R5s96,0,,
n-R5s97,n-R5s97,0,,
n-R5s98,n-R5s98,0,,
snR78,snR78,0,,
snoCD11,snoCD11,0,,
snoMe18S-Um1356,snoMe18S-Um1356,0,,
snoMe28S-Cm3227,snoMe28S-Cm3227,0,,
snoR38,snoR38,0,,
snoR9_plant,snoR9_plant,0,,
snoU105B,snoU105B,0,,
snoU109,snoU109,0,,
snoU13,snoU13,0,,
snoU2-30,snoU2-30,0,,
snoU2_19,snoU2_19,0,,
snoU54,snoU54,0,,
snoU6-53,snoU6-53,0,,
snoU6-77,snoU6-77,0,,
snoU83B,snoU83B,0,,
snoU85,snoU85,0,,
snoU89,snoU89,0,,
snoU90,snoU90,-0.0103,-1.431,0.8169
snoU97,snoU97,0,,
snoZ159,snoZ159,0,,
snoZ178,snoZ178,0,,
snoZ39,snoZ39,0,,
snoZ40,snoZ40,0,,
snosnR60_Z15,snosnR60_Z15,0,,